집단,기준,t,위험집합,S,naive_승차,F_1,F_2,F_4,F_3
전체 시간대,기본,0,1528047,1.0,0.0,0.0,0.0,0.0,0.0
전체 시간대,기본,1,1489465,0.974766,6.7e-05,6.7e-05,0.013113,0.012053,0.0
전체 시간대,기본,2,1475043,0.965328,0.00033,0.000323,0.017593,0.016755,1e-06
전체 시간대,기본,3,1467665,0.9605,0.000539,0.000525,0.019789,0.019183,3e-06
전체 시간대,기본,4,1460130,0.955568,0.000855,0.000829,0.021742,0.021857,3e-06
전체 시간대,기본,5,1452629,0.95066,0.001521,0.001466,0.02355,0.024319,6e-06
전체 시간대,기본,6,1444856,0.945573,0.002791,0.002675,0.025264,0.02648,8e-06
전체 시간대,기본,7,1436564,0.940146,0.004986,0.004756,0.026897,0.02819,1e-05
전체 시간대,기본,8,1426675,0.933674,0.008487,0.008065,0.028554,0.029696,1e-05
전체 시간대,기본,9,1414922,0.925983,0.013515,0.012799,0.030202,0.031006,1.1e-05
전체 시간대,기본,10,1400834,0.916763,0.020424,0.019284,0.031758,0.032181,1.3e-05
전체 시간대,기본,11,1384396,0.906005,0.029177,0.027476,0.033268,0.033238,1.4e-05
전체 시간대,기본,12,1364977,0.893296,0.04012,0.037688,0.034777,0.034224,1.4e-05
전체 시간대,기본,13,1342828,0.878801,0.053241,0.049899,0.036184,0.035101,1.4e-05
전체 시간대,기본,14,1317783,0.862411,0.068583,0.06414,0.037559,0.035874,1.6e-05
전체 시간대,기본,15,1289541,0.843928,0.08624,0.080489,0.038931,0.036634,1.8e-05
전체 시간대,기본,16,1258661,0.823719,0.105988,0.098728,0.04024,0.037294,1.9e-05
전체 시간대,기본,17,1225401,0.801952,0.127585,0.118627,0.041523,0.037879,1.9e-05
전체 시간대,기본,18,1190132,0.778871,0.150737,0.139909,0.042792,0.03841,1.9e-05
전체 시간대,기본,19,1153218,0.754713,0.175202,0.162346,0.04402,0.0389,2.1e-05
전체 시간대,기본,20,1114718,0.729517,0.200861,0.185825,0.045259,0.039378,2.2e-05
전체 시간대,기본,21,1075188,0.703647,0.227423,0.210072,0.046466,0.039793,2.2e-05
전체 시간대,기본,22,1035559,0.677712,0.254208,0.234467,0.0476,0.040198,2.3e-05
전체 시간대,기본,23,995290,0.651358,0.281489,0.259259,0.04876,0.040599,2.4e-05
전체 시간대,기본,24,955734,0.625471,0.308356,0.283614,0.049907,0.040982,2.5e-05
전체 시간대,기본,25,916789,0.599984,0.33498,0.307691,0.050962,0.041336,2.7e-05
전체 시간대,기본,26,878854,0.575158,0.360939,0.331111,0.052054,0.041646,3.1e-05
전체 시간대,기본,27,842140,0.551131,0.386162,0.353812,0.053109,0.041915,3.3e-05
전체 시간대,기본,28,806641,0.527899,0.410597,0.375751,0.054152,0.042165,3.3e-05
전체 시간대,기본,29,772274,0.505408,0.434351,0.397026,0.055138,0.042393,3.5e-05
전체 시간대,기본,30,739682,0.484078,0.456853,0.417132,0.056128,0.042626,3.6e-05
전체 시간대,기본,31,708367,0.463584,0.47828,0.436229,0.057279,0.042872,3.7e-05
전체 시간대,기본,32,678843,0.444262,0.498529,0.454221,0.058373,0.043105,3.9e-05
전체 시간대,기본,33,650964,0.426017,0.517739,0.47124,0.05938,0.043322,4.1e-05
전체 시간대,기본,34,624471,0.408679,0.536117,0.487475,0.060291,0.043512,4.3e-05
전체 시간대,기본,35,599641,0.392429,0.553345,0.502652,0.061204,0.043669,4.5e-05
전체 시간대,기본,36,576152,0.377057,0.569691,0.517014,0.062049,0.04383,5e-05
전체 시간대,기본,37,554073,0.362608,0.58505,0.530472,0.062871,0.043995,5.5e-05
전체 시간대,기본,38,533195,0.348944,0.599585,0.543173,0.063689,0.044136,5.8e-05
전체 시간대,기본,39,513511,0.336062,0.613277,0.555106,0.064493,0.044273,6.5e-05
전체 시간대,기본,40,495009,0.323954,0.626154,0.566295,0.065276,0.044405,7e-05
전체 시간대,기본,41,477463,0.312471,0.638446,0.576947,0.065987,0.044522,7.3e-05
전체 시간대,기본,42,460719,0.301513,0.650163,0.587073,0.066711,0.044627,7.6e-05
전체 시간대,기본,43,444596,0.290962,0.661496,0.596841,0.067372,0.044746,7.9e-05
전체 시간대,기본,44,429319,0.280964,0.672233,0.60607,0.068041,0.044842,8.4e-05
전체 시간대,기본,45,414903,0.271529,0.682377,0.614765,0.068683,0.044932,9e-05
전체 시간대,기본,46,401146,0.262526,0.692053,0.623037,0.069327,0.045015,9.5e-05
전체 시간대,기본,47,387776,0.253776,0.701468,0.631063,0.069964,0.045097,9.9e-05
전체 시간대,기본,48,374999,0.245415,0.710506,0.638747,0.070565,0.045171,0.000103
전체 시간대,기본,49,362900,0.237497,0.719127,0.646055,0.071103,0.045239,0.000107
전체 시간대,기본,50,351223,0.229855,0.727434,0.653079,0.071649,0.045309,0.000109
전체 시간대,기본,51,339818,0.222391,0.735593,0.65996,0.072168,0.045368,0.000114
전체 시간대,기본,52,328894,0.215242,0.743353,0.666486,0.072721,0.045431,0.00012
전체 시간대,기본,53,318422,0.208388,0.750838,0.672764,0.073243,0.04548,0.000125
전체 시간대,기본,54,308252,0.201733,0.758102,0.678839,0.073765,0.045535,0.000128
전체 시간대,기본,55,298318,0.195231,0.765226,0.684781,0.074258,0.045597,0.000134
전체 시간대,기본,56,288965,0.18911,0.771957,0.690377,0.074732,0.045642,0.000138
전체 시간대,기본,57,279615,0.182991,0.778681,0.695954,0.075207,0.045705,0.000142
전체 시간대,기본,58,270670,0.177137,0.785208,0.70135,0.075626,0.045739,0.000148
전체 시간대,기본,59,261938,0.171423,0.791542,0.706574,0.076065,0.045786,0.000152
전체 시간대,기본,60,253389,0.165828,0.797809,0.711727,0.076464,0.045822,0.000158
전체 시간대,기본,61,245055,0.160374,0.803804,0.716644,0.076953,0.045866,0.000164
전체 시간대,기본,62,237000,0.155102,0.809615,0.721395,0.077432,0.045905,0.000166
전체 시간대,기본,63,229161,0.149972,0.81534,0.726058,0.077857,0.045944,0.000169
전체 시간대,기본,64,221514,0.144968,0.820997,0.730653,0.078236,0.04597,0.000174
전체 시간대,기본,65,214146,0.140146,0.826468,0.735083,0.078597,0.045995,0.000179
전체 시간대,기본,66,207015,0.135479,0.831739,0.739341,0.078969,0.046027,0.000184
전체 시간대,기본,67,200053,0.130923,0.836964,0.743547,0.079288,0.046056,0.000186
전체 시간대,기본,68,193314,0.126513,0.84204,0.747623,0.079596,0.046078,0.00019
전체 시간대,기본,69,186803,0.122251,0.846953,0.751558,0.0799,0.046099,0.000192
전체 시간대,기본,70,180344,0.118024,0.851842,0.755464,0.080194,0.046121,0.000197
전체 시간대,기본,71,174170,0.113984,0.856533,0.7592,0.08047,0.046147,0.000199
전체 시간대,기본,72,168144,0.11004,0.861122,0.762847,0.08074,0.046171,0.000202
전체 시간대,기본,73,162409,0.106287,0.865539,0.766346,0.080967,0.046195,0.000205
전체 시간대,기본,74,156768,0.102595,0.86989,0.769786,0.081196,0.046214,0.000209
전체 시간대,기본,75,151412,0.09909,0.874032,0.773052,0.081414,0.04623,0.000213
전체 시간대,기본,76,146039,0.095574,0.878207,0.776336,0.081623,0.046248,0.000219
전체 시간대,기본,77,140910,0.092217,0.882174,0.779449,0.081843,0.046268,0.000223
전체 시간대,기본,78,135898,0.088937,0.886093,0.782516,0.08204,0.046282,0.000225
전체 시간대,기본,79,130900,0.085666,0.889993,0.785561,0.082238,0.046303,0.000231
전체 시간대,기본,80,126208,0.082596,0.893665,0.788421,0.082424,0.046322,0.000237
전체 시간대,기본,81,121574,0.079563,0.897324,0.791263,0.0826,0.046334,0.00024
전체 시간대,기본,82,117128,0.076653,0.900823,0.793975,0.082775,0.046352,0.000245
전체 시간대,기본,83,112726,0.073772,0.90432,0.796677,0.082941,0.046364,0.000245
전체 시간대,기본,84,108389,0.070934,0.907761,0.799331,0.083112,0.046375,0.000248
전체 시간대,기본,85,104374,0.068307,0.910951,0.801783,0.08327,0.04639,0.00025
전체 시간대,기본,86,100627,0.065854,0.913965,0.804096,0.083392,0.046401,0.000257
전체 시간대,기본,87,96822,0.063364,0.917021,0.806435,0.083536,0.046408,0.000258
전체 시간대,기본,88,93328,0.061078,0.919851,0.808595,0.083652,0.046414,0.000261
전체 시간대,기본,89,90038,0.058925,0.922523,0.810631,0.083758,0.046424,0.000262
전체 시간대,기본,90,86486,0.0566,0.92541,0.812827,0.083874,0.046435,0.000264
전체 시간대,기본,91,82067,0.053708,0.929051,0.81559,0.083994,0.046443,0.000265
전체 시간대,기본,92,77564,0.050761,0.932786,0.818417,0.084104,0.046449,0.000269
전체 시간대,기본,93,73305,0.047974,0.936326,0.821091,0.08421,0.046456,0.000269
전체 시간대,기본,94,69438,0.045443,0.939531,0.823506,0.084318,0.046464,0.00027
전체 시간대,기본,95,65944,0.043156,0.942443,0.825694,0.084409,0.04647,0.00027
전체 시간대,기본,96,62565,0.040945,0.945266,0.827811,0.084497,0.046476,0.000272
전체 시간대,기본,97,59358,0.038846,0.947946,0.829816,0.084582,0.046482,0.000274
전체 시간대,기본,98,56323,0.03686,0.95049,0.831714,0.084659,0.046492,0.000275
전체 시간대,기본,99,53312,0.03489,0.953025,0.833602,0.084735,0.046497,0.000276
전체 시간대,기본,100,50451,0.033017,0.955438,0.835394,0.084809,0.046503,0.000277
전체 시간대,기본,101,47838,0.031307,0.957654,0.837036,0.084868,0.04651,0.000279
전체 시간대,기본,102,45403,0.029714,0.959718,0.838562,0.08493,0.046514,0.000281
전체 시간대,기본,103,43134,0.028229,0.961642,0.83998,0.084989,0.046518,0.000283
전체 시간대,기본,104,40954,0.026802,0.963507,0.841354,0.085038,0.046521,0.000285
전체 시간대,기본,105,38936,0.025481,0.965229,0.842618,0.085087,0.046526,0.000288
전체 시간대,기본,106,37026,0.024231,0.966837,0.843797,0.085153,0.046531,0.000289
전체 시간대,기본,107,35166,0.023014,0.968416,0.84495,0.085209,0.046536,0.000291
전체 시간대,기본,108,33348,0.021824,0.969988,0.846096,0.085251,0.046536,0.000293
전체 시간대,기본,109,31705,0.020749,0.971404,0.847125,0.085292,0.046539,0.000294
전체 시간대,기본,110,30134,0.019721,0.972767,0.848115,0.085328,0.04654,0.000296
전체 시간대,기본,111,28703,0.018784,0.973996,0.849005,0.08537,0.046542,0.000298
전체 시간대,기본,112,27371,0.017913,0.975145,0.849834,0.085408,0.046544,0.0003
전체 시간대,기본,113,26009,0.017021,0.976337,0.850693,0.085436,0.046547,0.000303
전체 시간대,기본,114,24719,0.016177,0.977448,0.851493,0.085477,0.04655,0.000304
전체 시간대,기본,115,23510,0.015386,0.978494,0.852243,0.085516,0.046551,0.000304
전체 시간대,기본,116,22404,0.014662,0.979464,0.852936,0.085544,0.046552,0.000306
전체 시간대,기본,117,21285,0.01393,0.980439,0.853633,0.085577,0.046553,0.000308
전체 시간대,기본,118,20285,0.013275,0.981317,0.854258,0.085603,0.046555,0.000309
전체 시간대,기본,119,19323,0.012646,0.982155,0.854853,0.085636,0.046555,0.00031
전체 시간대,기본,120,18420,0.012055,0.982944,0.855413,0.085663,0.046558,0.000311
전체 시간대,기본,121,17516,0.011463,0.983737,0.855973,0.085694,0.046559,0.000312
전체 시간대,기본,122,16663,0.010905,0.984491,0.856504,0.085718,0.046559,0.000313
전체 시간대,기본,123,15873,0.010388,0.98519,0.856996,0.085742,0.046561,0.000313
전체 시간대,기본,124,15137,0.009906,0.98584,0.857452,0.085764,0.046563,0.000315
전체 시간대,기본,125,14444,0.009453,0.986461,0.857887,0.085782,0.046564,0.000315
전체 시간대,기본,126,13804,0.009034,0.98702,0.858277,0.085807,0.046566,0.000316
전체 시간대,기본,127,13145,0.008603,0.987612,0.858689,0.085826,0.046567,0.000316
전체 시간대,기본,128,12526,0.008198,0.988163,0.859071,0.085846,0.046568,0.000317
전체 시간대,기본,129,11962,0.007828,0.98867,0.859423,0.085861,0.046569,0.000319
전체 시간대,기본,130,11396,0.007458,0.989174,0.859771,0.085881,0.046569,0.000321
전체 시간대,기본,131,10906,0.007137,0.989608,0.86007,0.085902,0.046569,0.000322
전체 시간대,기본,132,10445,0.006836,0.990026,0.860357,0.085913,0.04657,0.000324
전체 시간대,기본,133,9952,0.006513,0.990471,0.860662,0.085929,0.04657,0.000325
전체 시간대,기본,134,9503,0.006219,0.990875,0.860938,0.085943,0.046572,0.000328
전체 시간대,기본,135,9072,0.005937,0.991264,0.861203,0.085959,0.046572,0.000329
전체 시간대,기본,136,8661,0.005668,0.991638,0.861457,0.085972,0.046574,0.000329
전체 시간대,기본,137,8264,0.005408,0.991998,0.861701,0.085986,0.046575,0.000329
전체 시간대,기본,138,7904,0.005173,0.992326,0.861923,0.085998,0.046576,0.00033
전체 시간대,기본,139,7542,0.004936,0.992655,0.862145,0.086012,0.046577,0.00033
전체 시간대,기본,140,7254,0.004747,0.992926,0.862327,0.086016,0.046578,0.000331
전체 시간대,기본,141,6934,0.004538,0.993219,0.862523,0.086025,0.046581,0.000333
전체 시간대,기본,142,6638,0.004344,0.993491,0.862705,0.086035,0.046582,0.000334
전체 시간대,기본,143,6351,0.004156,0.993753,0.862881,0.086046,0.046583,0.000334
전체 시간대,기본,144,6066,0.00397,0.994016,0.863055,0.086056,0.046583,0.000336
전체 시간대,기본,145,5801,0.003796,0.994268,0.863222,0.086063,0.046583,0.000336
전체 시간대,기본,146,5556,0.003636,0.994493,0.863372,0.086071,0.046584,0.000338
전체 시간대,기본,147,5326,0.003486,0.994706,0.863512,0.08608,0.046584,0.000338
전체 시간대,기본,148,5094,0.003334,0.994925,0.863656,0.086088,0.046584,0.000339
전체 시간대,기본,149,4872,0.003188,0.995136,0.863795,0.086093,0.046584,0.00034
전체 시간대,기본,150,4639,0.003036,0.99535,0.863935,0.086103,0.046584,0.000342
전체 시간대,기본,151,4446,0.00291,0.995525,0.86405,0.086113,0.046584,0.000344
전체 시간대,기본,152,4240,0.002775,0.995719,0.864176,0.086122,0.046584,0.000344
전체 시간대,기본,153,4056,0.002654,0.995892,0.864288,0.08613,0.046584,0.000344
전체 시간대,기본,154,3897,0.00255,0.996042,0.864385,0.086137,0.046584,0.000344
전체 시간대,기본,155,3741,0.002448,0.996192,0.864481,0.086141,0.046585,0.000344
전체 시간대,기본,156,3594,0.002352,0.996335,0.864573,0.086145,0.046585,0.000345
전체 시간대,기본,157,3448,0.002257,0.996474,0.864663,0.086151,0.046585,0.000345
전체 시간대,기본,158,3300,0.00216,0.996617,0.864754,0.086156,0.046585,0.000345
전체 시간대,기본,159,3155,0.002065,0.99676,0.864845,0.08616,0.046585,0.000345
전체 시간대,기본,160,3030,0.001983,0.996882,0.864923,0.086163,0.046585,0.000346
전체 시간대,기본,161,2886,0.001889,0.99702,0.865011,0.08617,0.046585,0.000346
전체 시간대,기본,162,2758,0.001805,0.997142,0.865088,0.086175,0.046586,0.000346
전체 시간대,기본,163,2627,0.001719,0.997267,0.865167,0.08618,0.046586,0.000348
전체 시간대,기본,164,2509,0.001642,0.997377,0.865236,0.086188,0.046586,0.000348
전체 시간대,기본,165,2402,0.001572,0.997482,0.865302,0.086192,0.046586,0.000348
전체 시간대,기본,166,2299,0.001505,0.997581,0.865364,0.086197,0.046586,0.000348
전체 시간대,기본,167,2217,0.001451,0.997662,0.865414,0.086199,0.046586,0.000349
전체 시간대,기본,168,2142,0.001402,0.997736,0.86546,0.086202,0.046587,0.000349
전체 시간대,기본,169,2072,0.001356,0.997806,0.865504,0.086204,0.046587,0.000349
전체 시간대,기본,170,1992,0.001304,0.997888,0.865554,0.086206,0.046587,0.000349
전체 시간대,기본,171,1913,0.001252,0.997959,0.865598,0.086212,0.046587,0.000351
전체 시간대,기본,172,1850,0.001211,0.998021,0.865636,0.086214,0.046587,0.000351
전체 시간대,기본,173,1786,0.001169,0.998081,0.865673,0.086219,0.046588,0.000351
전체 시간대,기본,174,1727,0.00113,0.998139,0.865708,0.086222,0.046588,0.000351
전체 시간대,기본,175,1658,0.001085,0.998208,0.86575,0.086226,0.046588,0.000351
전체 시간대,기본,176,1586,0.001038,0.998279,0.865793,0.086229,0.046588,0.000352
전체 시간대,기본,177,1521,0.000995,0.998343,0.865832,0.086232,0.046588,0.000353
전체 시간대,기본,178,1469,0.000961,0.998399,0.865865,0.086233,0.046588,0.000353
전체 시간대,기본,179,1419,0.000929,0.99845,0.865896,0.086234,0.046588,0.000353
전체 시간대,기본,180,1369,0.000896,0.998501,0.865926,0.086235,0.046588,0.000355
전체 시간대,민감도: 취소를 한 사건으로,0,1528047,1.0,0.0,0.0,0.0,,0.0
전체 시간대,민감도: 취소를 한 사건으로,1,1489465,0.974766,6.7e-05,6.7e-05,0.025167,,0.0
전체 시간대,민감도: 취소를 한 사건으로,2,1475043,0.965328,0.00033,0.000323,0.034348,,1e-06
전체 시간대,민감도: 취소를 한 사건으로,3,1467665,0.9605,0.000539,0.000525,0.038972,,3e-06
전체 시간대,민감도: 취소를 한 사건으로,4,1460130,0.955568,0.000855,0.000829,0.043599,,3e-06
전체 시간대,민감도: 취소를 한 사건으로,5,1452629,0.95066,0.001521,0.001466,0.047869,,6e-06
전체 시간대,민감도: 취소를 한 사건으로,6,1444856,0.945573,0.002791,0.002675,0.051745,,8e-06
전체 시간대,민감도: 취소를 한 사건으로,7,1436564,0.940146,0.004986,0.004756,0.055088,,1e-05
전체 시간대,민감도: 취소를 한 사건으로,8,1426675,0.933674,0.008487,0.008065,0.058251,,1e-05
전체 시간대,민감도: 취소를 한 사건으로,9,1414922,0.925983,0.013515,0.012799,0.061207,,1.1e-05
전체 시간대,민감도: 취소를 한 사건으로,10,1400834,0.916763,0.020424,0.019284,0.06394,,1.3e-05
전체 시간대,민감도: 취소를 한 사건으로,11,1384396,0.906005,0.029177,0.027476,0.066505,,1.4e-05
전체 시간대,민감도: 취소를 한 사건으로,12,1364977,0.893296,0.04012,0.037688,0.069001,,1.4e-05
전체 시간대,민감도: 취소를 한 사건으로,13,1342828,0.878801,0.053241,0.049899,0.071285,,1.4e-05
전체 시간대,민감도: 취소를 한 사건으로,14,1317783,0.862411,0.068583,0.06414,0.073432,,1.6e-05
전체 시간대,민감도: 취소를 한 사건으로,15,1289541,0.843928,0.08624,0.080489,0.075565,,1.8e-05
전체 시간대,민감도: 취소를 한 사건으로,16,1258661,0.823719,0.105988,0.098728,0.077534,,1.9e-05
전체 시간대,민감도: 취소를 한 사건으로,17,1225401,0.801952,0.127585,0.118627,0.079402,,1.9e-05
전체 시간대,민감도: 취소를 한 사건으로,18,1190132,0.778871,0.150737,0.139909,0.081201,,1.9e-05
전체 시간대,민감도: 취소를 한 사건으로,19,1153218,0.754713,0.175202,0.162346,0.082921,,2.1e-05
전체 시간대,민감도: 취소를 한 사건으로,20,1114718,0.729517,0.200861,0.185825,0.084637,,2.2e-05
전체 시간대,민감도: 취소를 한 사건으로,21,1075188,0.703647,0.227423,0.210072,0.086259,,2.2e-05
전체 시간대,민감도: 취소를 한 사건으로,22,1035559,0.677712,0.254208,0.234467,0.087798,,2.3e-05
전체 시간대,민감도: 취소를 한 사건으로,23,995290,0.651358,0.281489,0.259259,0.089359,,2.4e-05
전체 시간대,민감도: 취소를 한 사건으로,24,955734,0.625471,0.308356,0.283614,0.09089,,2.5e-05
전체 시간대,민감도: 취소를 한 사건으로,25,916789,0.599984,0.33498,0.307691,0.092298,,2.7e-05
전체 시간대,민감도: 취소를 한 사건으로,26,878854,0.575158,0.360939,0.331111,0.0937,,3.1e-05
전체 시간대,민감도: 취소를 한 사건으로,27,842140,0.551131,0.386162,0.353812,0.095024,,3.3e-05
전체 시간대,민감도: 취소를 한 사건으로,28,806641,0.527899,0.410597,0.375751,0.096317,,3.3e-05
전체 시간대,민감도: 취소를 한 사건으로,29,772274,0.505408,0.434351,0.397026,0.097532,,3.5e-05
전체 시간대,민감도: 취소를 한 사건으로,30,739682,0.484078,0.456853,0.417132,0.098754,,3.6e-05
전체 시간대,민감도: 취소를 한 사건으로,31,708367,0.463584,0.47828,0.436229,0.100151,,3.7e-05
전체 시간대,민감도: 취소를 한 사건으로,32,678843,0.444262,0.498529,0.454221,0.101478,,3.9e-05
전체 시간대,민감도: 취소를 한 사건으로,33,650964,0.426017,0.517739,0.47124,0.102702,,4.1e-05
전체 시간대,민감도: 취소를 한 사건으로,34,624471,0.408679,0.536117,0.487475,0.103803,,4.3e-05
전체 시간대,민감도: 취소를 한 사건으로,35,599641,0.392429,0.553345,0.502652,0.104874,,4.5e-05
전체 시간대,민감도: 취소를 한 사건으로,36,576152,0.377057,0.569691,0.517014,0.105879,,5e-05
전체 시간대,민감도: 취소를 한 사건으로,37,554073,0.362608,0.58505,0.530472,0.106865,,5.5e-05
전체 시간대,민감도: 취소를 한 사건으로,38,533195,0.348944,0.599585,0.543173,0.107825,,5.8e-05
전체 시간대,민감도: 취소를 한 사건으로,39,513511,0.336062,0.613277,0.555106,0.108766,,6.5e-05
전체 시간대,민감도: 취소를 한 사건으로,40,495009,0.323954,0.626154,0.566295,0.109681,,7e-05
전체 시간대,민감도: 취소를 한 사건으로,41,477463,0.312471,0.638446,0.576947,0.110509,,7.3e-05
전체 시간대,민감도: 취소를 한 사건으로,42,460719,0.301513,0.650163,0.587073,0.111338,,7.6e-05
전체 시간대,민감도: 취소를 한 사건으로,43,444596,0.290962,0.661496,0.596841,0.112118,,7.9e-05
전체 시간대,민감도: 취소를 한 사건으로,44,429319,0.280964,0.672233,0.60607,0.112883,,8.4e-05
전체 시간대,민감도: 취소를 한 사건으로,45,414903,0.271529,0.682377,0.614765,0.113616,,9e-05
전체 시간대,민감도: 취소를 한 사건으로,46,401146,0.262526,0.692053,0.623037,0.114342,,9.5e-05
전체 시간대,민감도: 취소를 한 사건으로,47,387776,0.253776,0.701468,0.631063,0.115061,,9.9e-05
전체 시간대,민감도: 취소를 한 사건으로,48,374999,0.245415,0.710506,0.638747,0.115735,,0.000103
전체 시간대,민감도: 취소를 한 사건으로,49,362900,0.237497,0.719127,0.646055,0.116342,,0.000107
전체 시간대,민감도: 취소를 한 사건으로,50,351223,0.229855,0.727434,0.653079,0.116958,,0.000109
전체 시간대,민감도: 취소를 한 사건으로,51,339818,0.222391,0.735593,0.65996,0.117536,,0.000114
전체 시간대,민감도: 취소를 한 사건으로,52,328894,0.215242,0.743353,0.666486,0.118152,,0.00012
전체 시간대,민감도: 취소를 한 사건으로,53,318422,0.208388,0.750838,0.672764,0.118723,,0.000125
전체 시간대,민감도: 취소를 한 사건으로,54,308252,0.201733,0.758102,0.678839,0.1193,,0.000128
전체 시간대,민감도: 취소를 한 사건으로,55,298318,0.195231,0.765226,0.684781,0.119855,,0.000134
전체 시간대,민감도: 취소를 한 사건으로,56,288965,0.18911,0.771957,0.690377,0.120374,,0.000138
전체 시간대,민감도: 취소를 한 사건으로,57,279615,0.182991,0.778681,0.695954,0.120913,,0.000142
전체 시간대,민감도: 취소를 한 사건으로,58,270670,0.177137,0.785208,0.70135,0.121364,,0.000148
전체 시간대,민감도: 취소를 한 사건으로,59,261938,0.171423,0.791542,0.706574,0.121851,,0.000152
전체 시간대,민감도: 취소를 한 사건으로,60,253389,0.165828,0.797809,0.711727,0.122286,,0.000158
전체 시간대,민감도: 취소를 한 사건으로,61,245055,0.160374,0.803804,0.716644,0.122818,,0.000164
전체 시간대,민감도: 취소를 한 사건으로,62,237000,0.155102,0.809615,0.721395,0.123337,,0.000166
전체 시간대,민감도: 취소를 한 사건으로,63,229161,0.149972,0.81534,0.726058,0.123801,,0.000169
전체 시간대,민감도: 취소를 한 사건으로,64,221514,0.144968,0.820997,0.730653,0.124205,,0.000174
전체 시간대,민감도: 취소를 한 사건으로,65,214146,0.140146,0.826468,0.735083,0.124592,,0.000179
전체 시간대,민감도: 취소를 한 사건으로,66,207015,0.135479,0.831739,0.739341,0.124996,,0.000184
전체 시간대,민감도: 취소를 한 사건으로,67,200053,0.130923,0.836964,0.743547,0.125344,,0.000186
전체 시간대,민감도: 취소를 한 사건으로,68,193314,0.126513,0.84204,0.747623,0.125674,,0.00019
전체 시간대,민감도: 취소를 한 사건으로,69,186803,0.122251,0.846953,0.751558,0.125998,,0.000192
전체 시간대,민감도: 취소를 한 사건으로,70,180344,0.118024,0.851842,0.755464,0.126314,,0.000197
전체 시간대,민감도: 취소를 한 사건으로,71,174170,0.113984,0.856533,0.7592,0.126617,,0.000199
전체 시간대,민감도: 취소를 한 사건으로,72,168144,0.11004,0.861122,0.762847,0.126911,,0.000202
전체 시간대,민감도: 취소를 한 사건으로,73,162409,0.106287,0.865539,0.766346,0.127162,,0.000205
전체 시간대,민감도: 취소를 한 사건으로,74,156768,0.102595,0.86989,0.769786,0.127409,,0.000209
전체 시간대,민감도: 취소를 한 사건으로,75,151412,0.09909,0.874032,0.773052,0.127644,,0.000213
전체 시간대,민감도: 취소를 한 사건으로,76,146039,0.095574,0.878207,0.776336,0.127871,,0.000219
전체 시간대,민감도: 취소를 한 사건으로,77,140910,0.092217,0.882174,0.779449,0.128112,,0.000223
전체 시간대,민감도: 취소를 한 사건으로,78,135898,0.088937,0.886093,0.782516,0.128322,,0.000225
전체 시간대,민감도: 취소를 한 사건으로,79,130900,0.085666,0.889993,0.785561,0.128542,,0.000231
전체 시간대,민감도: 취소를 한 사건으로,80,126208,0.082596,0.893665,0.788421,0.128746,,0.000237
전체 시간대,민감도: 취소를 한 사건으로,81,121574,0.079563,0.897324,0.791263,0.128934,,0.00024
전체 시간대,민감도: 취소를 한 사건으로,82,117128,0.076653,0.900823,0.793975,0.129127,,0.000245
전체 시간대,민감도: 취소를 한 사건으로,83,112726,0.073772,0.90432,0.796677,0.129305,,0.000245
전체 시간대,민감도: 취소를 한 사건으로,84,108389,0.070934,0.907761,0.799331,0.129487,,0.000248
전체 시간대,민감도: 취소를 한 사건으로,85,104374,0.068307,0.910951,0.801783,0.12966,,0.00025
전체 시간대,민감도: 취소를 한 사건으로,86,100627,0.065854,0.913965,0.804096,0.129793,,0.000257
전체 시간대,민감도: 취소를 한 사건으로,87,96822,0.063364,0.917021,0.806435,0.129943,,0.000258
전체 시간대,민감도: 취소를 한 사건으로,88,93328,0.061078,0.919851,0.808595,0.130066,,0.000261
전체 시간대,민감도: 취소를 한 사건으로,89,90038,0.058925,0.922523,0.810631,0.130182,,0.000262
전체 시간대,민감도: 취소를 한 사건으로,90,86486,0.0566,0.92541,0.812827,0.130309,,0.000264
전체 시간대,민감도: 취소를 한 사건으로,91,82067,0.053708,0.929051,0.81559,0.130437,,0.000265
전체 시간대,민감도: 취소를 한 사건으로,92,77564,0.050761,0.932786,0.818417,0.130553,,0.000269
전체 시간대,민감도: 취소를 한 사건으로,93,73305,0.047974,0.936326,0.821091,0.130666,,0.000269
전체 시간대,민감도: 취소를 한 사건으로,94,69438,0.045443,0.939531,0.823506,0.130782,,0.00027
전체 시간대,민감도: 취소를 한 사건으로,95,65944,0.043156,0.942443,0.825694,0.130879,,0.00027
전체 시간대,민감도: 취소를 한 사건으로,96,62565,0.040945,0.945266,0.827811,0.130972,,0.000272
전체 시간대,민감도: 취소를 한 사건으로,97,59358,0.038846,0.947946,0.829816,0.131064,,0.000274
전체 시간대,민감도: 취소를 한 사건으로,98,56323,0.03686,0.95049,0.831714,0.131151,,0.000275
전체 시간대,민감도: 취소를 한 사건으로,99,53312,0.03489,0.953025,0.833602,0.131233,,0.000276
전체 시간대,민감도: 취소를 한 사건으로,100,50451,0.033017,0.955438,0.835394,0.131312,,0.000277
전체 시간대,민감도: 취소를 한 사건으로,101,47838,0.031307,0.957654,0.837036,0.131378,,0.000279
전체 시간대,민감도: 취소를 한 사건으로,102,45403,0.029714,0.959718,0.838562,0.131444,,0.000281
전체 시간대,민감도: 취소를 한 사건으로,103,43134,0.028229,0.961642,0.83998,0.131507,,0.000283
전체 시간대,민감도: 취소를 한 사건으로,104,40954,0.026802,0.963507,0.841354,0.131559,,0.000285
전체 시간대,민감도: 취소를 한 사건으로,105,38936,0.025481,0.965229,0.842618,0.131613,,0.000288
전체 시간대,민감도: 취소를 한 사건으로,106,37026,0.024231,0.966837,0.843797,0.131684,,0.000289
전체 시간대,민감도: 취소를 한 사건으로,107,35166,0.023014,0.968416,0.84495,0.131745,,0.000291
전체 시간대,민감도: 취소를 한 사건으로,108,33348,0.021824,0.969988,0.846096,0.131787,,0.000293
전체 시간대,민감도: 취소를 한 사건으로,109,31705,0.020749,0.971404,0.847125,0.131831,,0.000294
전체 시간대,민감도: 취소를 한 사건으로,110,30134,0.019721,0.972767,0.848115,0.131868,,0.000296
전체 시간대,민감도: 취소를 한 사건으로,111,28703,0.018784,0.973996,0.849005,0.131913,,0.000298
전체 시간대,민감도: 취소를 한 사건으로,112,27371,0.017913,0.975145,0.849834,0.131953,,0.0003
전체 시간대,민감도: 취소를 한 사건으로,113,26009,0.017021,0.976337,0.850693,0.131983,,0.000303
전체 시간대,민감도: 취소를 한 사건으로,114,24719,0.016177,0.977448,0.851493,0.132026,,0.000304
전체 시간대,민감도: 취소를 한 사건으로,115,23510,0.015386,0.978494,0.852243,0.132067,,0.000304
전체 시간대,민감도: 취소를 한 사건으로,116,22404,0.014662,0.979464,0.852936,0.132096,,0.000306
전체 시간대,민감도: 취소를 한 사건으로,117,21285,0.01393,0.980439,0.853633,0.13213,,0.000308
전체 시간대,민감도: 취소를 한 사건으로,118,20285,0.013275,0.981317,0.854258,0.132157,,0.000309
전체 시간대,민감도: 취소를 한 사건으로,119,19323,0.012646,0.982155,0.854853,0.132191,,0.00031
전체 시간대,민감도: 취소를 한 사건으로,120,18420,0.012055,0.982944,0.855413,0.132221,,0.000311
전체 시간대,민감도: 취소를 한 사건으로,121,17516,0.011463,0.983737,0.855973,0.132252,,0.000312
전체 시간대,민감도: 취소를 한 사건으로,122,16663,0.010905,0.984491,0.856504,0.132278,,0.000313
전체 시간대,민감도: 취소를 한 사건으로,123,15873,0.010388,0.98519,0.856996,0.132303,,0.000313
전체 시간대,민감도: 취소를 한 사건으로,124,15137,0.009906,0.98584,0.857452,0.132327,,0.000315
전체 시간대,민감도: 취소를 한 사건으로,125,14444,0.009453,0.986461,0.857887,0.132346,,0.000315
전체 시간대,민감도: 취소를 한 사건으로,126,13804,0.009034,0.98702,0.858277,0.132373,,0.000316
전체 시간대,민감도: 취소를 한 사건으로,127,13145,0.008603,0.987612,0.858689,0.132392,,0.000316
전체 시간대,민감도: 취소를 한 사건으로,128,12526,0.008198,0.988163,0.859071,0.132415,,0.000317
전체 시간대,민감도: 취소를 한 사건으로,129,11962,0.007828,0.98867,0.859423,0.13243,,0.000319
전체 시간대,민감도: 취소를 한 사건으로,130,11396,0.007458,0.989174,0.859771,0.132451,,0.000321
전체 시간대,민감도: 취소를 한 사건으로,131,10906,0.007137,0.989608,0.86007,0.132471,,0.000322
전체 시간대,민감도: 취소를 한 사건으로,132,10445,0.006836,0.990026,0.860357,0.132483,,0.000324
전체 시간대,민감도: 취소를 한 사건으로,133,9952,0.006513,0.990471,0.860662,0.1325,,0.000325
전체 시간대,민감도: 취소를 한 사건으로,134,9503,0.006219,0.990875,0.860938,0.132515,,0.000328
전체 시간대,민감도: 취소를 한 사건으로,135,9072,0.005937,0.991264,0.861203,0.132531,,0.000329
전체 시간대,민감도: 취소를 한 사건으로,136,8661,0.005668,0.991638,0.861457,0.132545,,0.000329
전체 시간대,민감도: 취소를 한 사건으로,137,8264,0.005408,0.991998,0.861701,0.132561,,0.000329
전체 시간대,민감도: 취소를 한 사건으로,138,7904,0.005173,0.992326,0.861923,0.132574,,0.00033
전체 시간대,민감도: 취소를 한 사건으로,139,7542,0.004936,0.992655,0.862145,0.132589,,0.00033
전체 시간대,민감도: 취소를 한 사건으로,140,7254,0.004747,0.992926,0.862327,0.132595,,0.000331
전체 시간대,민감도: 취소를 한 사건으로,141,6934,0.004538,0.993219,0.862523,0.132606,,0.000333
전체 시간대,민감도: 취소를 한 사건으로,142,6638,0.004344,0.993491,0.862705,0.132617,,0.000334
전체 시간대,민감도: 취소를 한 사건으로,143,6351,0.004156,0.993753,0.862881,0.132629,,0.000334
전체 시간대,민감도: 취소를 한 사건으로,144,6066,0.00397,0.994016,0.863055,0.132639,,0.000336
전체 시간대,민감도: 취소를 한 사건으로,145,5801,0.003796,0.994268,0.863222,0.132646,,0.000336
전체 시간대,민감도: 취소를 한 사건으로,146,5556,0.003636,0.994493,0.863372,0.132655,,0.000338
전체 시간대,민감도: 취소를 한 사건으로,147,5326,0.003486,0.994706,0.863512,0.132664,,0.000338
전체 시간대,민감도: 취소를 한 사건으로,148,5094,0.003334,0.994925,0.863656,0.132671,,0.000339
전체 시간대,민감도: 취소를 한 사건으로,149,4872,0.003188,0.995136,0.863795,0.132677,,0.00034
전체 시간대,민감도: 취소를 한 사건으로,150,4639,0.003036,0.99535,0.863935,0.132687,,0.000342
전체 시간대,민감도: 취소를 한 사건으로,151,4446,0.00291,0.995525,0.86405,0.132697,,0.000344
전체 시간대,민감도: 취소를 한 사건으로,152,4240,0.002775,0.995719,0.864176,0.132706,,0.000344
전체 시간대,민감도: 취소를 한 사건으로,153,4056,0.002654,0.995892,0.864288,0.132714,,0.000344
전체 시간대,민감도: 취소를 한 사건으로,154,3897,0.00255,0.996042,0.864385,0.132721,,0.000344
전체 시간대,민감도: 취소를 한 사건으로,155,3741,0.002448,0.996192,0.864481,0.132726,,0.000344
전체 시간대,민감도: 취소를 한 사건으로,156,3594,0.002352,0.996335,0.864573,0.13273,,0.000345
전체 시간대,민감도: 취소를 한 사건으로,157,3448,0.002257,0.996474,0.864663,0.132736,,0.000345
전체 시간대,민감도: 취소를 한 사건으로,158,3300,0.00216,0.996617,0.864754,0.132741,,0.000345
전체 시간대,민감도: 취소를 한 사건으로,159,3155,0.002065,0.99676,0.864845,0.132745,,0.000345
전체 시간대,민감도: 취소를 한 사건으로,160,3030,0.001983,0.996882,0.864923,0.132748,,0.000346
전체 시간대,민감도: 취소를 한 사건으로,161,2886,0.001889,0.99702,0.865011,0.132755,,0.000346
전체 시간대,민감도: 취소를 한 사건으로,162,2758,0.001805,0.997142,0.865088,0.132761,,0.000346
전체 시간대,민감도: 취소를 한 사건으로,163,2627,0.001719,0.997267,0.865167,0.132766,,0.000348
전체 시간대,민감도: 취소를 한 사건으로,164,2509,0.001642,0.997377,0.865236,0.132774,,0.000348
전체 시간대,민감도: 취소를 한 사건으로,165,2402,0.001572,0.997482,0.865302,0.132778,,0.000348
전체 시간대,민감도: 취소를 한 사건으로,166,2299,0.001505,0.997581,0.865364,0.132784,,0.000348
전체 시간대,민감도: 취소를 한 사건으로,167,2217,0.001451,0.997662,0.865414,0.132786,,0.000349
전체 시간대,민감도: 취소를 한 사건으로,168,2142,0.001402,0.997736,0.86546,0.132789,,0.000349
전체 시간대,민감도: 취소를 한 사건으로,169,2072,0.001356,0.997806,0.865504,0.132791,,0.000349
전체 시간대,민감도: 취소를 한 사건으로,170,1992,0.001304,0.997888,0.865554,0.132793,,0.000349
전체 시간대,민감도: 취소를 한 사건으로,171,1913,0.001252,0.997959,0.865598,0.132799,,0.000351
전체 시간대,민감도: 취소를 한 사건으로,172,1850,0.001211,0.998021,0.865636,0.132802,,0.000351
전체 시간대,민감도: 취소를 한 사건으로,173,1786,0.001169,0.998081,0.865673,0.132807,,0.000351
전체 시간대,민감도: 취소를 한 사건으로,174,1727,0.00113,0.998139,0.865708,0.13281,,0.000351
전체 시간대,민감도: 취소를 한 사건으로,175,1658,0.001085,0.998208,0.86575,0.132814,,0.000351
전체 시간대,민감도: 취소를 한 사건으로,176,1586,0.001038,0.998279,0.865793,0.132817,,0.000352
전체 시간대,민감도: 취소를 한 사건으로,177,1521,0.000995,0.998343,0.865832,0.13282,,0.000353
전체 시간대,민감도: 취소를 한 사건으로,178,1469,0.000961,0.998399,0.865865,0.132821,,0.000353
전체 시간대,민감도: 취소를 한 사건으로,179,1419,0.000929,0.99845,0.865896,0.132822,,0.000353
전체 시간대,민감도: 취소를 한 사건으로,180,1369,0.000896,0.998501,0.865926,0.132823,,0.000355
전체 시간대,민감도: 기타 실패 제외,0,1527448,1.0,0.0,0.0,0.0,0.0,
전체 시간대,민감도: 기타 실패 제외,1,1488866,0.974757,6.7e-05,6.7e-05,0.013119,0.012058,
전체 시간대,민감도: 기타 실패 제외,2,1474445,0.965315,0.00033,0.000323,0.0176,0.016761,
전체 시간대,민감도: 기타 실패 제외,3,1467071,0.960487,0.000539,0.000525,0.019797,0.019191,
전체 시간대,민감도: 기타 실패 제외,4,1459536,0.955554,0.000856,0.00083,0.02175,0.021866,
전체 시간대,민감도: 기타 실패 제외,5,1452039,0.950646,0.001522,0.001467,0.023559,0.024328,
전체 시간대,민감도: 기타 실패 제외,6,1444269,0.945559,0.002792,0.002676,0.025274,0.026491,
전체 시간대,민감도: 기타 실패 제외,7,1435980,0.940132,0.004988,0.004758,0.026908,0.028202,
전체 시간대,민감도: 기타 실패 제외,8,1426092,0.933659,0.008491,0.008068,0.028566,0.029708,
전체 시간대,민감도: 기타 실패 제외,9,1414340,0.925965,0.01352,0.012804,0.030213,0.031018,
전체 시간대,민감도: 기타 실패 제외,10,1400255,0.916743,0.020432,0.019292,0.031771,0.032194,
전체 시간대,민감도: 기타 실패 제외,11,1383818,0.905982,0.029189,0.027487,0.033281,0.033251,
전체 시간대,민감도: 기타 실패 제외,12,1364400,0.893269,0.040136,0.037703,0.034791,0.034237,
전체 시간대,민감도: 기타 실패 제외,13,1342251,0.878768,0.053263,0.049919,0.036199,0.035114,
전체 시간대,민감도: 기타 실패 제외,14,1317209,0.862373,0.068611,0.064166,0.037574,0.035888,
전체 시간대,민감도: 기타 실패 제외,15,1288969,0.843885,0.086275,0.080521,0.038946,0.036648,
전체 시간대,민감도: 기타 실패 제외,16,1258091,0.823669,0.106031,0.098766,0.040256,0.037309,
전체 시간대,민감도: 기타 실패 제외,17,1224831,0.801894,0.127637,0.118673,0.041539,0.037894,
전체 시간대,민감도: 기타 실패 제외,18,1189562,0.778803,0.150799,0.139964,0.042808,0.038425,
전체 시간대,민감도: 기타 실패 제외,19,1152651,0.754638,0.175273,0.162409,0.044037,0.038916,
전체 시간대,민감도: 기타 실패 제외,20,1114152,0.729432,0.200943,0.185897,0.045277,0.039394,
전체 시간대,민감도: 기타 실패 제외,21,1074623,0.703553,0.227515,0.210155,0.046484,0.039809,
전체 시간대,민감도: 기타 실패 제외,22,1034995,0.677608,0.254311,0.234559,0.047619,0.040214,
전체 시간대,민감도: 기타 실패 제외,23,994728,0.651246,0.281604,0.25936,0.048779,0.040615,
전체 시간대,민감도: 기타 실패 제외,24,955173,0.625349,0.308481,0.283726,0.049927,0.040998,
전체 시간대,민감도: 기타 실패 제외,25,916231,0.599854,0.335116,0.307812,0.050982,0.041352,
전체 시간대,민감도: 기타 실패 제외,26,878302,0.575022,0.361085,0.331241,0.052074,0.041663,
전체 시간대,민감도: 기타 실패 제외,27,841591,0.550987,0.386319,0.353951,0.05313,0.041932,
전체 시간대,민감도: 기타 실패 제외,28,806093,0.527747,0.410763,0.375898,0.054173,0.042181,
전체 시간대,민감도: 기타 실패 제외,29,771728,0.505248,0.434527,0.397182,0.05516,0.04241,
전체 시간대,민감도: 기타 실패 제외,30,739138,0.483912,0.457038,0.417296,0.05615,0.042643,
전체 시간대,민감도: 기타 실패 제외,31,707824,0.46341,0.478473,0.4364,0.057302,0.042888,
전체 시간대,민감도: 기타 실패 제외,32,678303,0.444083,0.49873,0.454399,0.058396,0.043121,
전체 시간대,민감도: 기타 실패 제외,33,650428,0.425833,0.517948,0.471425,0.059403,0.043339,
전체 시간대,민감도: 기타 실패 제외,34,623938,0.408491,0.536333,0.487666,0.060315,0.043529,
전체 시간대,민감도: 기타 실패 제외,35,599111,0.392236,0.553567,0.502849,0.061228,0.043686,
전체 시간대,민감도: 기타 실패 제외,36,575629,0.376863,0.56992,0.517217,0.062074,0.043847,
전체 시간대,민감도: 기타 실패 제외,37,553558,0.362413,0.585285,0.53068,0.062895,0.044012,
전체 시간대,민감도: 기타 실패 제외,38,532684,0.348747,0.599825,0.543386,0.063714,0.044153,
전체 시간대,민감도: 기타 실패 제외,39,513012,0.335868,0.613522,0.555323,0.064518,0.044291,
전체 시간대,민감도: 기타 실패 제외,40,494517,0.323759,0.626403,0.566517,0.065301,0.044422,
전체 시간대,민감도: 기타 실패 제외,41,476975,0.312274,0.638699,0.577173,0.066013,0.04454,
전체 시간대,민감도: 기타 실패 제외,42,460236,0.301315,0.65042,0.587303,0.066737,0.044644,
전체 시간대,민감도: 기타 실패 제외,43,444118,0.290763,0.661756,0.597075,0.067399,0.044763,
전체 시간대,민감도: 기타 실패 제외,44,428848,0.280766,0.672496,0.606307,0.068067,0.04486,
전체 시간대,민감도: 기타 실패 제외,45,414441,0.271333,0.682644,0.615006,0.06871,0.04495,
전체 시간대,민감도: 기타 실패 제외,46,400692,0.262332,0.692323,0.623282,0.069354,0.045033,
전체 시간대,민감도: 기타 실패 제외,47,387329,0.253583,0.70174,0.631311,0.069992,0.045114,
전체 시간대,민감도: 기타 실패 제외,48,374558,0.245222,0.71078,0.638997,0.070593,0.045188,
전체 시간대,민감도: 기타 실패 제외,49,362464,0.237304,0.719403,0.646308,0.071131,0.045256,
전체 시간대,민감도: 기타 실패 제외,50,350790,0.229661,0.727712,0.653335,0.071677,0.045326,
전체 시간대,민감도: 기타 실패 제외,51,339393,0.2222,0.735873,0.660218,0.072197,0.045385,
전체 시간대,민감도: 기타 실패 제외,52,328478,0.215054,0.743634,0.666748,0.07275,0.045449,
전체 시간대,민감도: 기타 실패 제외,53,318014,0.208203,0.75112,0.673028,0.073272,0.045498,
전체 시간대,민감도: 기타 실패 제외,54,307849,0.201548,0.758385,0.679105,0.073794,0.045553,
전체 시간대,민감도: 기타 실패 제외,55,297923,0.195049,0.765511,0.685049,0.074287,0.045615,
전체 시간대,민감도: 기타 실패 제외,56,288577,0.188931,0.772242,0.690648,0.074761,0.04566,
전체 시간대,민감도: 기타 실패 제외,57,279233,0.182813,0.778967,0.696227,0.075237,0.045723,
전체 시간대,민감도: 기타 실패 제외,58,270297,0.176963,0.785494,0.701625,0.075655,0.045757,
전체 시간대,민감도: 기타 실패 제외,59,261571,0.17125,0.791829,0.706851,0.076095,0.045804,
전체 시간대,민감도: 기타 실패 제외,60,253032,0.165659,0.798095,0.712006,0.076494,0.04584,
전체 시간대,민감도: 기타 실패 제외,61,244706,0.160208,0.80409,0.716925,0.076983,0.045884,
전체 시간대,민감도: 기타 실패 제외,62,236655,0.154937,0.809902,0.721677,0.077462,0.045923,
전체 시간대,민감도: 기타 실패 제외,63,228820,0.149808,0.815626,0.726343,0.077888,0.045962,
전체 시간대,민감도: 기타 실패 제외,64,221181,0.144807,0.821283,0.730939,0.078266,0.045988,
전체 시간대,민감도: 기타 실패 제외,65,213820,0.139987,0.826753,0.735372,0.078628,0.046013,
전체 시간대,민감도: 기타 실패 제외,66,206697,0.135324,0.832024,0.739631,0.079,0.046045,
전체 시간대,민감도: 기타 실패 제외,67,199738,0.130768,0.837248,0.743839,0.079319,0.046074,
전체 시간대,민감도: 기타 실패 제외,68,193005,0.12636,0.842323,0.747916,0.079627,0.046096,
전체 시간대,민감도: 기타 실패 제외,69,186497,0.122099,0.847235,0.751853,0.079931,0.046117,
전체 시간대,민감도: 기타 실패 제외,70,180046,0.117876,0.852124,0.75576,0.080225,0.046139,
전체 시간대,민감도: 기타 실패 제외,71,173875,0.113835,0.856812,0.759498,0.080501,0.046165,
전체 시간대,민감도: 기타 실패 제외,72,167854,0.109894,0.861401,0.763146,0.080772,0.046189,
전체 시간대,민감도: 기타 실패 제외,73,162123,0.106141,0.865816,0.766647,0.080999,0.046213,
전체 시간대,민감도: 기타 실패 제외,74,156489,0.102453,0.870166,0.770088,0.081227,0.046232,
전체 시간대,민감도: 기타 실패 제외,75,151139,0.09895,0.874307,0.773355,0.081446,0.046248,
전체 시간대,민감도: 기타 실패 제외,76,145775,0.095439,0.87848,0.776641,0.081655,0.046266,
전체 시간대,민감도: 기타 실패 제외,77,140651,0.092084,0.882445,0.779754,0.081876,0.046286,
전체 시간대,민감도: 기타 실패 제외,78,135643,0.088805,0.886362,0.782823,0.082072,0.0463,
전체 시간대,민감도: 기타 실패 제외,79,130654,0.085539,0.890261,0.785869,0.08227,0.046322,
전체 시간대,민감도: 기타 실패 제외,80,125971,0.082473,0.893931,0.78873,0.082456,0.046341,
전체 시간대,민감도: 기타 실패 제외,81,121341,0.079442,0.897588,0.791574,0.082632,0.046352,
전체 시간대,민감도: 기타 실패 제외,82,116903,0.076536,0.901085,0.794286,0.082808,0.04637,
전체 시간대,민감도: 기타 실패 제외,83,112502,0.073655,0.904579,0.79699,0.082974,0.046382,
전체 시간대,민감도: 기타 실패 제외,84,108169,0.070818,0.908018,0.799644,0.083144,0.046394,
전체 시간대,민감도: 기타 실패 제외,85,104157,0.068191,0.911205,0.802098,0.083303,0.046408,
전체 시간대,민감도: 기타 실패 제외,86,100421,0.065745,0.914217,0.804411,0.083425,0.046419,
전체 시간대,민감도: 기타 실패 제외,87,96617,0.063255,0.91727,0.806751,0.083569,0.046426,
전체 시간대,민감도: 기타 실패 제외,88,93128,0.060971,0.920097,0.808913,0.083685,0.046432,
전체 시간대,민감도: 기타 실패 제외,89,89840,0.058818,0.922766,0.810949,0.083791,0.046442,
전체 시간대,민감도: 기타 실패 제외,90,86290,0.056494,0.925651,0.813146,0.083907,0.046453,
전체 시간대,민감도: 기타 실패 제외,91,81873,0.053602,0.929288,0.81591,0.084027,0.046461,
전체 시간대,민감도: 기타 실패 제외,92,77376,0.050658,0.933019,0.818738,0.084137,0.046467,
전체 시간대,민감도: 기타 실패 제외,93,73117,0.04787,0.936556,0.821413,0.084243,0.046474,
전체 시간대,민감도: 기타 실패 제외,94,69251,0.045338,0.939757,0.823829,0.084351,0.046482,
전체 시간대,민감도: 기타 실패 제외,95,65758,0.043052,0.942666,0.826018,0.084442,0.046489,
전체 시간대,민감도: 기타 실패 제외,96,62381,0.040841,0.945487,0.828136,0.08453,0.046494,
전체 시간대,민감도: 기타 실패 제외,97,59177,0.038743,0.948164,0.830141,0.084615,0.0465,
전체 시간대,민감도: 기타 실패 제외,98,56144,0.036757,0.950705,0.83204,0.084692,0.04651,
전체 시간대,민감도: 기타 실패 제외,99,53135,0.034787,0.953237,0.833929,0.084769,0.046515,
전체 시간대,민감도: 기타 실패 제외,100,50275,0.032915,0.955647,0.835721,0.084843,0.046521,
전체 시간대,민감도: 기타 실패 제외,101,47666,0.031207,0.95786,0.837364,0.084902,0.046528,
전체 시간대,민감도: 기타 실패 제외,102,45233,0.029614,0.959922,0.838891,0.084964,0.046532,
전체 시간대,민감도: 기타 실패 제외,103,42968,0.028131,0.961843,0.84031,0.085023,0.046536,
전체 시간대,민감도: 기타 실패 제외,104,40791,0.026706,0.963706,0.841683,0.085071,0.04654,
전체 시간대,민감도: 기타 실패 제외,105,38777,0.025387,0.965425,0.842948,0.08512,0.046544,
전체 시간대,민감도: 기타 실패 제외,106,36868,0.024137,0.967031,0.844127,0.085186,0.046549,
전체 시간대,민감도: 기타 실패 제외,107,35011,0.022922,0.968607,0.845282,0.085243,0.046554,
전체 시간대,민감도: 기타 실패 제외,108,33197,0.021734,0.970176,0.846427,0.085284,0.046555,
전체 시간대,민감도: 기타 실패 제외,109,31556,0.02066,0.97159,0.847457,0.085326,0.046557,
전체 시간대,민감도: 기타 실패 제외,110,29988,0.019633,0.972951,0.848447,0.085362,0.046558,
전체 시간대,민감도: 기타 실패 제외,111,28560,0.018698,0.974178,0.849338,0.085404,0.046561,
전체 시간대,민감도: 기타 실패 제외,112,27231,0.017828,0.975324,0.850168,0.085442,0.046563,
전체 시간대,민감도: 기타 실패 제외,113,25873,0.016939,0.976513,0.851027,0.085469,0.046565,
전체 시간대,민감도: 기타 실패 제외,114,24584,0.016095,0.977622,0.851827,0.08551,0.046568,
전체 시간대,민감도: 기타 실패 제외,115,23376,0.015304,0.978665,0.852577,0.085549,0.04657,
전체 시간대,민감도: 기타 실패 제외,116,22272,0.014581,0.979633,0.853271,0.085577,0.04657,
전체 시간대,민감도: 기타 실패 제외,117,21156,0.013851,0.980606,0.853968,0.085611,0.046571,
전체 시간대,민감도: 기타 실패 제외,118,20158,0.013197,0.981482,0.854593,0.085636,0.046573,
전체 시간대,민감도: 기타 실패 제외,119,19197,0.012568,0.982317,0.855189,0.08567,0.046574,
전체 시간대,민감도: 기타 실패 제외,120,18296,0.011978,0.983105,0.855748,0.085697,0.046576,
전체 시간대,민감도: 기타 실패 제외,121,17393,0.011387,0.983895,0.856309,0.085727,0.046577,
전체 시간대,민감도: 기타 실패 제외,122,16542,0.01083,0.984647,0.85684,0.085752,0.046578,
전체 시간대,민감도: 기타 실패 제외,123,15753,0.010313,0.985344,0.857332,0.085776,0.046579,
전체 시간대,민감도: 기타 실패 제외,124,15019,0.009833,0.985993,0.857788,0.085798,0.046581,
전체 시간대,민감도: 기타 실패 제외,125,14326,0.009379,0.986612,0.858223,0.085816,0.046582,
전체 시간대,민감도: 기타 실패 제외,126,13688,0.008961,0.987169,0.858613,0.085841,0.046584,
전체 시간대,민감도: 기타 실패 제외,127,13029,0.00853,0.987759,0.859026,0.085859,0.046585,
전체 시간대,민감도: 기타 실패 제외,128,12411,0.008125,0.988308,0.859408,0.08588,0.046587,
전체 시간대,민감도: 기타 실패 제외,129,11850,0.007758,0.988814,0.85976,0.085895,0.046587,
전체 시간대,민감도: 기타 실패 제외,130,11287,0.00739,0.989316,0.860108,0.085915,0.046587,
전체 시간대,민감도: 기타 실패 제외,131,10799,0.00707,0.989749,0.860407,0.085935,0.046587,
전체 시간대,민감도: 기타 실패 제외,132,10341,0.00677,0.990165,0.860695,0.085946,0.046589,
전체 시간대,민감도: 기타 실패 제외,133,9850,0.006449,0.990609,0.861,0.085963,0.046589,
전체 시간대,민감도: 기타 실패 제외,134,9405,0.006157,0.991011,0.861276,0.085977,0.04659,
전체 시간대,민감도: 기타 실패 제외,135,8975,0.005876,0.991398,0.861541,0.085993,0.04659,
전체 시간대,민감도: 기타 실패 제외,136,8565,0.005607,0.99177,0.861795,0.086005,0.046592,
전체 시간대,민감도: 기타 실패 제외,137,8168,0.005348,0.992128,0.862039,0.08602,0.046593,
전체 시간대,민감도: 기타 실패 제외,138,7809,0.005113,0.992455,0.862261,0.086032,0.046595,
전체 시간대,민감도: 기타 실패 제외,139,7448,0.004876,0.992783,0.862483,0.086045,0.046595,
전체 시간대,민감도: 기타 실패 제외,140,7161,0.004688,0.993052,0.862665,0.08605,0.046597,
전체 시간대,민감도: 기타 실패 제외,141,6844,0.004481,0.993343,0.862862,0.086058,0.046599,
전체 시간대,민감도: 기타 실패 제외,142,6549,0.004288,0.993613,0.863044,0.086068,0.046601,
전체 시간대,민감도: 기타 실패 제외,143,6262,0.0041,0.993875,0.863219,0.08608,0.046601,
전체 시간대,민감도: 기타 실패 제외,144,5980,0.003915,0.994136,0.863394,0.08609,0.046601,
전체 시간대,민감도: 기타 실패 제외,145,5715,0.003742,0.994386,0.863561,0.086096,0.046601,
전체 시간대,민감도: 기타 실패 제외,146,5473,0.003583,0.99461,0.86371,0.086105,0.046602,
전체 시간대,민감도: 기타 실패 제외,147,5244,0.003433,0.994822,0.863851,0.086114,0.046602,
전체 시간대,민감도: 기타 실패 제외,148,5013,0.003282,0.995039,0.863995,0.086121,0.046602,
전체 시간대,민감도: 기타 실패 제외,149,4792,0.003137,0.995249,0.864134,0.086127,0.046602,
전체 시간대,민감도: 기타 실패 제외,150,4563,0.002987,0.995461,0.864274,0.086136,0.046602,
전체 시간대,민감도: 기타 실패 제외,151,4372,0.002862,0.995635,0.864388,0.086147,0.046602,
전체 시간대,민감도: 기타 실패 제외,152,4166,0.002727,0.995828,0.864515,0.086155,0.046602,
전체 시간대,민감도: 기타 실패 제외,153,3982,0.002607,0.995999,0.864627,0.086164,0.046602,
전체 시간대,민감도: 기타 실패 제외,154,3823,0.002503,0.996148,0.864724,0.086171,0.046602,
전체 시간대,민감도: 기타 실패 제외,155,3668,0.002401,0.996297,0.86482,0.086175,0.046603,
전체 시간대,민감도: 기타 실패 제외,156,3522,0.002306,0.996438,0.864912,0.086179,0.046603,
전체 시간대,민감도: 기타 실패 제외,157,3376,0.00221,0.996577,0.865002,0.086185,0.046603,
전체 시간대,민감도: 기타 실패 제외,158,3228,0.002113,0.996719,0.865093,0.08619,0.046603,
전체 시간대,민감도: 기타 실패 제외,159,3083,0.002018,0.99686,0.865184,0.086194,0.046603,
전체 시간대,민감도: 기타 실패 제외,160,2959,0.001937,0.996981,0.865262,0.086197,0.046603,
전체 시간대,민감도: 기타 실패 제외,161,2815,0.001843,0.997118,0.86535,0.086204,0.046603,
전체 시간대,민감도: 기타 실패 제외,162,2688,0.00176,0.997239,0.865427,0.086209,0.046604,
전체 시간대,민감도: 기타 실패 제외,163,2559,0.001675,0.997363,0.865507,0.086214,0.046604,
전체 시간대,민감도: 기타 실패 제외,164,2442,0.001599,0.997471,0.865575,0.086222,0.046604,
전체 시간대,민감도: 기타 실패 제외,165,2335,0.001529,0.997576,0.865641,0.086225,0.046604,
전체 시간대,민감도: 기타 실패 제외,166,2232,0.001461,0.997673,0.865703,0.086231,0.046604,
전체 시간대,민감도: 기타 실패 제외,167,2152,0.001409,0.997754,0.865753,0.086233,0.046604,
전체 시간대,민감도: 기타 실패 제외,168,2077,0.00136,0.997827,0.865799,0.086236,0.046605,
전체 시간대,민감도: 기타 실패 제외,169,2007,0.001314,0.997897,0.865843,0.086238,0.046605,
전체 시간대,민감도: 기타 실패 제외,170,1927,0.001262,0.997978,0.865894,0.08624,0.046605,
전체 시간대,민감도: 기타 실패 제외,171,1851,0.001212,0.998048,0.865937,0.086246,0.046605,
전체 시간대,민감도: 기타 실패 제외,172,1788,0.001171,0.998109,0.865975,0.086248,0.046606,
전체 시간대,민감도: 기타 실패 제외,173,1724,0.001129,0.998168,0.866012,0.086253,0.046606,
전체 시간대,민감도: 기타 실패 제외,174,1665,0.00109,0.998226,0.866047,0.086256,0.046606,
전체 시간대,민감도: 기타 실패 제외,175,1596,0.001045,0.998294,0.866089,0.086259,0.046606,
전체 시간대,민감도: 기타 실패 제외,176,1525,0.000998,0.998364,0.866132,0.086263,0.046606,
전체 시간대,민감도: 기타 실패 제외,177,1461,0.000957,0.998428,0.866171,0.086266,0.046606,
전체 시간대,민감도: 기타 실패 제외,178,1409,0.000922,0.998483,0.866204,0.086267,0.046606,
전체 시간대,민감도: 기타 실패 제외,179,1360,0.00089,0.998533,0.866235,0.086268,0.046606,
전체 시간대,민감도: 기타 실패 제외,180,1312,0.000859,0.998584,0.866266,0.086269,0.046606,
전체 시간대,민감도: 재접수 취소 콜 제외(에피소드),0,1456858,1.0,0.0,0.0,0.0,,0.0
전체 시간대,민감도: 재접수 취소 콜 제외(에피소드),1,1436694,0.986176,7e-05,7e-05,0.013754,,0.0
전체 시간대,민감도: 재접수 취소 콜 제외(에피소드),2,1429456,0.981207,0.000343,0.000339,0.018453,,1e-06
전체 시간대,민감도: 재접수 취소 콜 제외(에피소드),3,1425789,0.97869,0.000558,0.000551,0.020756,,3e-06
전체 시간대,민감도: 재접수 취소 콜 제외(에피소드),4,1422340,0.976323,0.000884,0.00087,0.022804,,3e-06
전체 시간대,민감도: 재접수 취소 콜 제외(에피소드),5,1418600,0.973756,0.001568,0.001538,0.024701,,6e-06
전체 시간대,민감도: 재접수 취소 콜 제외(에피소드),6,1414130,0.970687,0.002868,0.002805,0.026499,,8e-06
전체 시간대,민감도: 재접수 취소 콜 제외(에피소드),7,1408451,0.966789,0.005111,0.004989,0.028212,,1e-05
전체 시간대,민감도: 재접수 취소 콜 제외(에피소드),8,1400863,0.961581,0.008681,0.008459,0.02995,,1.1e-05
전체 시간대,민감도: 재접수 취소 콜 제외(에피소드),9,1391111,0.954887,0.0138,0.013424,0.031677,,1.2e-05
전체 시간대,민감도: 재접수 취소 콜 제외(에피소드),10,1378819,0.946449,0.020826,0.020227,0.03331,,1.4e-05
전체 시간대,민감도: 재접수 취소 콜 제외(에피소드),11,1363995,0.936274,0.029715,0.028819,0.034893,,1.4e-05
전체 시간대,민감도: 재접수 취소 콜 제외(에피소드),12,1346083,0.923979,0.040815,0.03953,0.036477,,1.5e-05
전체 시간대,민감도: 재접수 취소 콜 제외(에피소드),13,1325274,0.909695,0.054111,0.052337,0.037953,,1.5e-05
전체 시간대,민감도: 재접수 취소 콜 제외(에피소드),14,1301410,0.893314,0.069642,0.067275,0.039394,,1.7e-05
전체 시간대,민감도: 재접수 취소 콜 제외(에피소드),15,1274330,0.874726,0.087501,0.084422,0.040834,,1.9e-05
전체 시간대,민감도: 재접수 취소 콜 제외(에피소드),16,1244459,0.854222,0.107457,0.103552,0.042206,,2e-05
전체 시간대,민감도: 재접수 취소 콜 제외(에피소드),17,1212093,0.832005,0.129264,0.124423,0.043552,,2e-05
전체 시간대,민감도: 재접수 취소 콜 제외(에피소드),18,1177634,0.808352,0.152626,0.146746,0.044883,,2e-05
전체 시간대,민감도: 재접수 취소 콜 제외(에피소드),19,1141470,0.783528,0.177295,0.170279,0.046171,,2.2e-05
전체 시간대,민감도: 재접수 취소 콜 제외(에피소드),20,1103700,0.757602,0.203153,0.194905,0.047471,,2.3e-05
전체 시간대,민감도: 재접수 취소 콜 제외(에피소드),21,1064804,0.730903,0.229903,0.220337,0.048736,,2.3e-05
전체 시간대,민감도: 재접수 취소 콜 제외(에피소드),22,1025794,0.704126,0.256862,0.245924,0.049926,,2.4e-05
전체 시간대,민감도: 재접수 취소 콜 제외(에피소드),23,986137,0.676904,0.284305,0.271927,0.051143,,2.5e-05
전체 시간대,민감도: 재접수 취소 콜 제외(에피소드),24,947167,0.650155,0.311315,0.297473,0.052346,,2.6e-05
전체 시간대,민감도: 재접수 취소 콜 제외(에피소드),25,908762,0.623793,0.338065,0.322727,0.053453,,2.8e-05
전체 시간대,민감도: 재접수 취소 콜 제외(에피소드),26,871302,0.598079,0.364131,0.347291,0.054598,,3.2e-05
전체 시간대,민감도: 재접수 취소 콜 제외(에피소드),27,834999,0.57316,0.389446,0.371101,0.055704,,3.4e-05
전체 시간대,민감도: 재접수 취소 콜 제외(에피소드),28,799881,0.549054,0.413958,0.394112,0.056798,,3.5e-05
전체 시간대,민감도: 재접수 취소 콜 제외(에피소드),29,765863,0.525704,0.437776,0.416427,0.057833,,3.6e-05
전체 시간대,민감도: 재접수 취소 콜 제외(에피소드),30,733627,0.503576,0.46033,0.437515,0.058871,,3.8e-05
전체 시간대,민감도: 재접수 취소 콜 제외(에피소드),31,702687,0.482339,0.481795,0.457545,0.060078,,3.8e-05
전체 시간대,민감도: 재접수 취소 콜 제외(에피소드),32,673519,0.462317,0.50207,0.476417,0.061226,,4e-05
전체 시간대,민감도: 재접수 취소 콜 제외(에피소드),33,645972,0.443408,0.521295,0.494267,0.062281,,4.3e-05
전체 시간대,민감도: 재접수 취소 콜 제외(에피소드),34,619769,0.425422,0.539679,0.511295,0.063238,,4.5e-05
전체 시간대,민감도: 재접수 취소 콜 제외(에피소드),35,595180,0.408544,0.556904,0.527214,0.064195,,4.7e-05
전체 시간대,민감도: 재접수 취소 콜 제외(에피소드),36,571936,0.392588,0.573242,0.542278,0.065081,,5.2e-05
전체 시간대,민감도: 재접수 취소 콜 제외(에피소드),37,550109,0.377606,0.588586,0.556394,0.065943,,5.8e-05
전체 시간대,민감도: 재접수 취소 콜 제외(에피소드),38,529447,0.363423,0.603101,0.569716,0.066801,,6e-05
전체 시간대,민감도: 재접수 취소 콜 제외(에피소드),39,509973,0.350056,0.616769,0.582231,0.067644,,6.9e-05
전체 시간대,민감도: 재접수 취소 콜 제외(에피소드),40,491672,0.337494,0.629618,0.593968,0.068465,,7.3e-05
전체 시간대,민감도: 재접수 취소 콜 제외(에피소드),41,474305,0.325573,0.641879,0.60514,0.069212,,7.6e-05
전체 시간대,민감도: 재접수 취소 콜 제외(에피소드),42,457721,0.314189,0.653561,0.615761,0.069971,,8e-05
전체 시간대,민감도: 재접수 취소 콜 제외(에피소드),43,441780,0.303247,0.664858,0.626006,0.070665,,8.3e-05
전체 시간대,민감도: 재접수 취소 콜 제외(에피소드),44,426650,0.292861,0.675556,0.635685,0.071366,,8.8e-05
전체 시간대,민감도: 재접수 취소 콜 제외(에피소드),45,412372,0.28306,0.68566,0.644806,0.07204,,9.4e-05
전체 시간대,민감도: 재접수 취소 콜 제외(에피소드),46,398741,0.273704,0.695295,0.653482,0.072714,,0.0001
전체 시간대,민감도: 재접수 취소 콜 제외(에피소드),47,385496,0.264612,0.704667,0.661901,0.073383,,0.000104
전체 시간대,민감도: 재접수 취소 콜 제외(에피소드),48,372832,0.255919,0.713661,0.669959,0.074013,,0.000108
전체 시간대,민감도: 재접수 취소 콜 제외(에피소드),49,360837,0.247686,0.722237,0.677624,0.074578,,0.000112
전체 시간대,민감도: 재접수 취소 콜 제외(에피소드),50,349267,0.239744,0.730499,0.684992,0.07515,,0.000114
전체 시간대,민감도: 재접수 취소 콜 제외(에피소드),51,337952,0.231977,0.738612,0.692209,0.075695,,0.000119
전체 시간대,민감도: 재접수 취소 콜 제외(에피소드),52,327125,0.224545,0.746326,0.699054,0.076275,,0.000126
전체 시간대,민감도: 재접수 취소 콜 제외(에피소드),53,316728,0.217408,0.753764,0.705639,0.076822,,0.000131
전체 시간대,민감도: 재접수 취소 콜 제외(에피소드),54,306642,0.210485,0.760981,0.712011,0.07737,,0.000135
전체 시간대,민감도: 재접수 취소 콜 제외(에피소드),55,296802,0.203731,0.768058,0.718243,0.077886,,0.00014
전체 시간대,민감도: 재접수 취소 콜 제외(에피소드),56,287519,0.197359,0.774741,0.724113,0.078383,,0.000145
전체 시간대,민감도: 재접수 취소 콜 제외(에피소드),57,278265,0.191007,0.781417,0.729962,0.078882,,0.000149
전체 시간대,민감도: 재접수 취소 콜 제외(에피소드),58,269371,0.184902,0.787894,0.735622,0.079321,,0.000155
전체 시간대,민감도: 재접수 취소 콜 제외(에피소드),59,260711,0.178957,0.794179,0.741101,0.079782,,0.000159
전체 시간대,민감도: 재접수 취소 콜 제외(에피소드),60,252218,0.173128,0.800395,0.746506,0.0802,,0.000166
전체 시간대,민감도: 재접수 취소 콜 제외(에피소드),61,243950,0.167452,0.806341,0.751663,0.080713,,0.000172
전체 시간대,민감도: 재접수 취소 콜 제외(에피소드),62,235955,0.161964,0.812104,0.756646,0.081216,,0.000174
전체 시간대,민감도: 재접수 취소 콜 제외(에피소드),63,228175,0.156624,0.817778,0.761537,0.081662,,0.000177
전체 시간대,민감도: 재접수 취소 콜 제외(에피소드),64,220568,0.151402,0.823385,0.766357,0.082059,,0.000183
전체 시간대,민감도: 재접수 취소 콜 제외(에피소드),65,213238,0.146371,0.828806,0.771004,0.082438,,0.000187
전체 시간대,민감도: 재접수 취소 콜 제외(에피소드),66,206157,0.14151,0.834029,0.775469,0.082828,,0.000193
전체 시간대,민감도: 재접수 취소 콜 제외(에피소드),67,199239,0.136762,0.839204,0.779881,0.083162,,0.000195
전체 시간대,민감도: 재접수 취소 콜 제외(에피소드),68,192534,0.132159,0.84423,0.784156,0.083486,,0.000199
전체 시간대,민감도: 재접수 취소 콜 제외(에피소드),69,186054,0.127711,0.849095,0.788284,0.083804,,0.000201
전체 시간대,민감도: 재접수 취소 콜 제외(에피소드),70,179629,0.123301,0.853935,0.79238,0.084112,,0.000207
전체 시간대,민감도: 재접수 취소 콜 제외(에피소드),71,173495,0.11909,0.858578,0.796299,0.084402,,0.000209
전체 시간대,민감도: 재접수 취소 콜 제외(에피소드),72,167505,0.114979,0.86312,0.800124,0.084685,,0.000212
전체 시간대,민감도: 재접수 취소 콜 제외(에피소드),73,161807,0.111068,0.867489,0.803794,0.084924,,0.000215
전체 시간대,민감도: 재접수 취소 콜 제외(에피소드),74,156195,0.107215,0.871793,0.807402,0.085163,,0.00022
전체 시간대,민감도: 재접수 취소 콜 제외(에피소드),75,150864,0.103556,0.87589,0.810828,0.085392,,0.000224
전체 시간대,민감도: 재접수 취소 콜 제외(에피소드),76,145518,0.099886,0.880018,0.814272,0.085611,,0.00023
전체 시간대,민감도: 재접수 취소 콜 제외(에피소드),77,140420,0.096387,0.88394,0.817537,0.085843,,0.000233
전체 시간대,민감도: 재접수 취소 콜 제외(에피소드),78,135429,0.092961,0.887813,0.820754,0.086049,,0.000236
전체 시간대,민감도: 재접수 취소 콜 제외(에피소드),79,130464,0.089553,0.891668,0.823948,0.086257,,0.000242
전체 시간대,민감도: 재접수 취소 콜 제외(에피소드),80,125801,0.086352,0.895297,0.826948,0.086452,,0.000248
전체 시간대,민감도: 재접수 취소 콜 제외(에피소드),81,121185,0.083184,0.898911,0.829929,0.086636,,0.000251
전체 시간대,민감도: 재접수 취소 콜 제외(에피소드),82,116766,0.080151,0.902367,0.832772,0.08682,,0.000257
전체 시간대,민감도: 재접수 취소 콜 제외(에피소드),83,112382,0.077141,0.90582,0.835607,0.086994,,0.000257
전체 시간대,민감도: 재접수 취소 콜 제외(에피소드),84,108063,0.074177,0.909218,0.83839,0.087173,,0.00026
전체 시간대,민감도: 재접수 취소 콜 제외(에피소드),85,104070,0.071436,0.912366,0.840963,0.087339,,0.000262
전체 시간대,민감도: 재접수 취소 콜 제외(에피소드),86,100340,0.068875,0.915341,0.843388,0.087467,,0.00027
전체 시간대,민감도: 재접수 취소 콜 제외(에피소드),87,96545,0.06627,0.918357,0.845841,0.087618,,0.00027
전체 시간대,민감도: 재접수 취소 콜 제외(에피소드),88,93061,0.063879,0.921149,0.848108,0.087739,,0.000274
전체 시간대,민감도: 재접수 취소 콜 제외(에피소드),89,89786,0.061631,0.923785,0.850243,0.087851,,0.000275
전체 시간대,민감도: 재접수 취소 콜 제외(에피소드),90,86251,0.059204,0.926633,0.852546,0.087973,,0.000277
전체 시간대,민감도: 재접수 취소 콜 제외(에피소드),91,81844,0.056179,0.930224,0.855444,0.088098,,0.000278
전체 시간대,민감도: 재접수 취소 콜 제외(에피소드),92,77350,0.053095,0.933907,0.85841,0.088214,,0.000282
전체 시간대,민감도: 재접수 취소 콜 제외(에피소드),93,73102,0.050179,0.937399,0.861214,0.088325,,0.000282
전체 시간대,민감도: 재접수 취소 콜 제외(에피소드),94,69247,0.047533,0.940558,0.863747,0.088438,,0.000283
전체 시간대,민감도: 재접수 취소 콜 제외(에피소드),95,65763,0.045141,0.943428,0.866042,0.088534,,0.000283
전체 시간대,민감도: 재접수 취소 콜 제외(에피소드),96,62392,0.042827,0.946211,0.868262,0.088626,,0.000285
전체 시간대,민감도: 재접수 취소 콜 제외(에피소드),97,59195,0.040633,0.948852,0.870365,0.088715,,0.000287
전체 시간대,민감도: 재접수 취소 콜 제외(에피소드),98,56175,0.03856,0.951359,0.872356,0.088796,,0.000288
전체 시간대,민감도: 재접수 취소 콜 제외(에피소드),99,53172,0.036498,0.953856,0.874336,0.088876,,0.00029
전체 시간대,민감도: 재접수 취소 콜 제외(에피소드),100,50320,0.034541,0.956232,0.876215,0.088954,,0.00029
전체 시간대,민감도: 재접수 취소 콜 제외(에피소드),101,47717,0.032754,0.958414,0.877938,0.089015,,0.000293
전체 시간대,민감도: 재접수 취소 콜 제외(에피소드),102,45288,0.031087,0.960447,0.879538,0.089081,,0.000294
전체 시간대,민감도: 재접수 취소 콜 제외(에피소드),103,43026,0.029534,0.96234,0.881026,0.089142,,0.000297
전체 시간대,민감도: 재접수 취소 콜 제외(에피소드),104,40851,0.028041,0.964176,0.882467,0.089193,,0.000299
전체 시간대,민감도: 재접수 취소 콜 제외(에피소드),105,38840,0.026661,0.965871,0.883793,0.089245,,0.000302
전체 시간대,민감도: 재접수 취소 콜 제외(에피소드),106,36937,0.025354,0.967453,0.885029,0.089314,,0.000303
전체 시간대,민감도: 재접수 취소 콜 제외(에피소드),107,35085,0.024083,0.969007,0.886239,0.089373,,0.000305
전체 시간대,민감도: 재접수 취소 콜 제외(에피소드),108,33268,0.022836,0.970553,0.88744,0.089416,,0.000308
전체 시간대,민감도: 재접수 취소 콜 제외(에피소드),109,31629,0.021711,0.971945,0.88852,0.08946,,0.000309
전체 시간대,민감도: 재접수 취소 콜 제외(에피소드),110,30059,0.020633,0.973286,0.889558,0.089498,,0.000311
전체 시간대,민감도: 재접수 취소 콜 제외(에피소드),111,28632,0.019654,0.974495,0.890492,0.089542,,0.000313
전체 시간대,민감도: 재접수 취소 콜 제외(에피소드),112,27303,0.018741,0.975624,0.891362,0.089582,,0.000315
전체 시간대,민감도: 재접수 취소 콜 제외(에피소드),113,25945,0.017809,0.976796,0.892262,0.089611,,0.000318
전체 시간대,민감도: 재접수 취소 콜 제외(에피소드),114,24659,0.016926,0.977888,0.893101,0.089654,,0.000318
전체 시간대,민감도: 재접수 취소 콜 제외(에피소드),115,23453,0.016099,0.978916,0.893888,0.089694,,0.000319
전체 시간대,민감도: 재접수 취소 콜 제외(에피소드),116,22348,0.01534,0.979869,0.894616,0.089724,,0.000321
전체 시간대,민감도: 재접수 취소 콜 제외(에피소드),117,21230,0.014573,0.980827,0.895346,0.089759,,0.000323
전체 시간대,민감도: 재접수 취소 콜 제외(에피소드),118,20233,0.013888,0.981691,0.896002,0.089786,,0.000324
전체 시간대,민감도: 재접수 취소 콜 제외(에피소드),119,19272,0.013229,0.982513,0.896626,0.089821,,0.000325
전체 시간대,민감도: 재접수 취소 콜 제외(에피소드),120,18373,0.012612,0.983289,0.897213,0.089849,,0.000326
전체 시간대,민감도: 재접수 취소 콜 제외(에피소드),121,17470,0.011992,0.984068,0.897801,0.089881,,0.000327
전체 시간대,민감도: 재접수 취소 콜 제외(에피소드),122,16618,0.011407,0.984808,0.898358,0.089907,,0.000328
전체 시간대,민감도: 재접수 취소 콜 제외(에피소드),123,15830,0.010866,0.985495,0.898873,0.089932,,0.000329
전체 시간대,민감도: 재접수 취소 콜 제외(에피소드),124,15097,0.010363,0.986133,0.899352,0.089955,,0.00033
전체 시간대,민감도: 재접수 취소 콜 제외(에피소드),125,14406,0.009889,0.986743,0.899808,0.089974,,0.00033
전체 시간대,민감도: 재접수 취소 콜 제외(에피소드),126,13769,0.009451,0.987292,0.900217,0.09,,0.000332
전체 시간대,민감도: 재접수 취소 콜 제외(에피소드),127,13111,0.009,0.987873,0.900649,0.09002,,0.000332
전체 시간대,민감도: 재접수 취소 콜 제외(에피소드),128,12495,0.008577,0.988413,0.90105,0.090041,,0.000332
전체 시간대,민감도: 재접수 취소 콜 제외(에피소드),129,11932,0.00819,0.988911,0.901419,0.090057,,0.000334
전체 시간대,민감도: 재접수 취소 콜 제외(에피소드),130,11366,0.007802,0.989406,0.901784,0.090078,,0.000336
전체 시간대,민감도: 재접수 취소 콜 제외(에피소드),131,10876,0.007466,0.989832,0.902097,0.090099,,0.000338
전체 시간대,민감도: 재접수 취소 콜 제외(에피소드),132,10417,0.00715,0.990242,0.902399,0.090111,,0.00034
전체 시간대,민감도: 재접수 취소 콜 제외(에피소드),133,9924,0.006812,0.990679,0.902719,0.090128,,0.000341
전체 시간대,민감도: 재접수 취소 콜 제외(에피소드),134,9477,0.006505,0.991075,0.903008,0.090143,,0.000344
전체 시간대,민감도: 재접수 취소 콜 제외(에피소드),135,9046,0.006209,0.991456,0.903286,0.09016,,0.000345
전체 시간대,민감도: 재접수 취소 콜 제외(에피소드),136,8638,0.005929,0.991823,0.903553,0.090173,,0.000345
전체 시간대,민감도: 재접수 취소 콜 제외(에피소드),137,8243,0.005658,0.992176,0.903809,0.090188,,0.000345
전체 시간대,민감도: 재접수 취소 콜 제외(에피소드),138,7885,0.005412,0.992498,0.904041,0.0902,,0.000346
전체 시간대,민감도: 재접수 취소 콜 제외(에피소드),139,7524,0.005165,0.99282,0.904274,0.090215,,0.000347
전체 시간대,민감도: 재접수 취소 콜 제외(에피소드),140,7238,0.004968,0.993086,0.904465,0.090219,,0.000347
전체 시간대,민감도: 재접수 취소 콜 제외(에피소드),141,6922,0.004751,0.993372,0.904671,0.090228,,0.000349
전체 시간대,민감도: 재접수 취소 콜 제외(에피소드),142,6628,0.00455,0.993638,0.904862,0.090239,,0.00035
전체 시간대,민감도: 재접수 취소 콜 제외(에피소드),143,6342,0.004353,0.993896,0.905046,0.090251,,0.00035
전체 시간대,민감도: 재접수 취소 콜 제외(에피소드),144,6057,0.004158,0.994153,0.905229,0.090261,,0.000352
전체 시간대,민감도: 재접수 취소 콜 제외(에피소드),145,5792,0.003976,0.994399,0.905404,0.090268,,0.000352
전체 시간대,민감도: 재접수 취소 콜 제외(에피소드),146,5548,0.003808,0.994619,0.90556,0.090277,,0.000354
전체 시간대,민감도: 재접수 취소 콜 제외(에피소드),147,5318,0.00365,0.994828,0.905708,0.090287,,0.000355
전체 시간대,민감도: 재접수 취소 콜 제외(에피소드),148,5086,0.003491,0.995042,0.905859,0.090294,,0.000356
전체 시간대,민감도: 재접수 취소 콜 제외(에피소드),149,4864,0.003339,0.995248,0.906005,0.0903,,0.000356
전체 시간대,민감도: 재접수 취소 콜 제외(에피소드),150,4632,0.003179,0.995457,0.906151,0.09031,,0.000359
전체 시간대,민감도: 재접수 취소 콜 제외(에피소드),151,4439,0.003047,0.995629,0.906272,0.090321,,0.00036
전체 시간대,민감도: 재접수 취소 콜 제외(에피소드),152,4233,0.002906,0.995819,0.906404,0.09033,,0.00036
전체 시간대,민감도: 재접수 취소 콜 제외(에피소드),153,4049,0.002779,0.995988,0.906521,0.090339,,0.00036
전체 시간대,민감도: 재접수 취소 콜 제외(에피소드),154,3890,0.00267,0.996135,0.906623,0.090346,,0.00036
전체 시간대,민감도: 재접수 취소 콜 제외(에피소드),155,3735,0.002564,0.996282,0.906725,0.090351,,0.000361
전체 시간대,민감도: 재접수 취소 콜 제외(에피소드),156,3588,0.002463,0.996421,0.906821,0.090355,,0.000362
전체 시간대,민감도: 재접수 취소 콜 제외(에피소드),157,3442,0.002363,0.996558,0.906915,0.090361,,0.000362
전체 시간대,민감도: 재접수 취소 콜 제외(에피소드),158,3294,0.002261,0.996698,0.907011,0.090366,,0.000362
전체 시간대,민감도: 재접수 취소 콜 제외(에피소드),159,3149,0.002162,0.996837,0.907106,0.09037,,0.000362
전체 시간대,민감도: 재접수 취소 콜 제외(에피소드),160,3024,0.002076,0.996957,0.907188,0.090374,,0.000362
전체 시간대,민감도: 재접수 취소 콜 제외(에피소드),161,2880,0.001977,0.997092,0.90728,0.090381,,0.000362
전체 시간대,민감도: 재접수 취소 콜 제외(에피소드),162,2753,0.00189,0.997211,0.907361,0.090386,,0.000363
전체 시간대,민감도: 재접수 취소 콜 제외(에피소드),163,2622,0.0018,0.997333,0.907444,0.090392,,0.000364
전체 시간대,민감도: 재접수 취소 콜 제외(에피소드),164,2504,0.001719,0.99744,0.907516,0.0904,,0.000365
전체 시간대,민감도: 재접수 취소 콜 제외(에피소드),165,2398,0.001646,0.997543,0.907585,0.090403,,0.000365
전체 시간대,민감도: 재접수 취소 콜 제외(에피소드),166,2295,0.001575,0.99764,0.90765,0.09041,,0.000365
전체 시간대,민감도: 재접수 취소 콜 제외(에피소드),167,2213,0.001519,0.997719,0.907703,0.090412,,0.000367
전체 시간대,민감도: 재접수 취소 콜 제외(에피소드),168,2139,0.001468,0.997791,0.907751,0.090414,,0.000367
전체 시간대,민감도: 재접수 취소 콜 제외(에피소드),169,2069,0.00142,0.99786,0.907797,0.090416,,0.000367
전체 시간대,민감도: 재접수 취소 콜 제외(에피소드),170,1989,0.001365,0.99794,0.90785,0.090418,,0.000367
전체 시간대,민감도: 재접수 취소 콜 제외(에피소드),171,1910,0.001311,0.998009,0.907896,0.090425,,0.000369
전체 시간대,민감도: 재접수 취소 콜 제외(에피소드),172,1848,0.001269,0.99807,0.907935,0.090427,,0.000369
전체 시간대,민감도: 재접수 취소 콜 제외(에피소드),173,1785,0.001225,0.998128,0.907974,0.090432,,0.000369
전체 시간대,민감도: 재접수 취소 콜 제외(에피소드),174,1726,0.001185,0.998185,0.908011,0.090436,,0.000369
전체 시간대,민감도: 재접수 취소 콜 제외(에피소드),175,1657,0.001137,0.998252,0.908055,0.090439,,0.000369
전체 시간대,민감도: 재접수 취소 콜 제외(에피소드),176,1585,0.001088,0.998322,0.9081,0.090442,,0.000369
전체 시간대,민감도: 재접수 취소 콜 제외(에피소드),177,1520,0.001043,0.998384,0.908141,0.090446,,0.00037
전체 시간대,민감도: 재접수 취소 콜 제외(에피소드),178,1468,0.001008,0.998438,0.908176,0.090447,,0.00037
전체 시간대,민감도: 재접수 취소 콜 제외(에피소드),179,1418,0.000973,0.998488,0.908208,0.090448,,0.000371
전체 시간대,민감도: 재접수 취소 콜 제외(에피소드),180,1368,0.000939,0.998538,0.90824,0.090449,,0.000372
야간(20~01시),기본,0,42984,1.0,0.0,0.0,0.0,0.0,0.0
야간(20~01시),기본,1,41560,0.966871,0.000163,0.000163,0.026126,0.00684,0.0
야간(20~01시),기본,2,40812,0.94947,0.000861,0.000838,0.038061,0.011632,0.0
야간(20~01시),기본,3,40428,0.940536,0.001252,0.00121,0.043691,0.01454,2.3e-05
야간(20~01시),기본,4,40054,0.931835,0.001524,0.001466,0.049181,0.017495,2.3e-05
야간(20~01시),기본,5,39755,0.924879,0.001998,0.001908,0.053532,0.019658,2.3e-05
야간(20~01시),기본,6,39457,0.917946,0.002475,0.00235,0.057929,0.021752,2.3e-05
야간(20~01시),기본,7,39160,0.911037,0.003031,0.002862,0.062442,0.02359,7e-05
야간(20~01시),기본,8,38872,0.904336,0.003922,0.003676,0.066606,0.025312,7e-05
야간(20~01시),기본,9,38590,0.897776,0.005254,0.004886,0.070631,0.026638,7e-05
야간(20~01시),기본,10,38303,0.891099,0.007007,0.006468,0.074586,0.027778,7e-05
야간(20~01시),기본,11,37996,0.883957,0.009833,0.009003,0.078238,0.028732,7e-05
야간(20~01시),기본,12,37673,0.876442,0.01309,0.011911,0.082031,0.029546,7e-05
야간(20~01시),기본,13,37281,0.867323,0.018068,0.016332,0.085823,0.030453,7e-05
야간(20~01시),기본,14,36881,0.858017,0.023783,0.02138,0.089056,0.031477,7e-05
야간(20~01시),기본,15,36453,0.84806,0.030295,0.027103,0.092476,0.032291,7e-05
야간(20~01시),기본,16,35950,0.836358,0.039047,0.034757,0.09578,0.033036,7e-05
야간(20~01시),기본,17,35457,0.824888,0.047547,0.042155,0.099153,0.033733,7e-05
야간(20~01시),기본,18,34937,0.812791,0.057164,0.050484,0.102457,0.034199,7e-05
야간(20~01시),기본,19,34400,0.800298,0.067877,0.05972,0.105202,0.034711,7e-05
야간(20~01시),기본,20,33750,0.785176,0.081371,0.071306,0.10811,0.035339,7e-05
야간(20~01시),기본,21,33086,0.769728,0.09558,0.08345,0.111041,0.035711,7e-05
야간(20~01시),기본,22,32361,0.752862,0.111188,0.096734,0.114159,0.036176,7e-05
야간(20~01시),기본,23,31688,0.737205,0.126459,0.109669,0.116532,0.036525,7e-05
야간(20~01시),기본,24,30939,0.719779,0.143275,0.12386,0.1193,0.036991,7e-05
야간(20~01시),기본,25,30153,0.701494,0.161385,0.139075,0.12179,0.037549,9.3e-05
야간(20~01시),기본,26,29375,0.683394,0.1786,0.153476,0.124907,0.038107,0.000116
야간(20~01시),기본,27,28566,0.664573,0.197447,0.169156,0.127722,0.038433,0.000116
야간(20~01시),기본,28,27776,0.646194,0.216186,0.184673,0.130304,0.038712,0.000116
야간(20~01시),기본,29,26947,0.626908,0.235601,0.200679,0.133189,0.039108,0.000116
야간(20~01시),기본,30,26134,0.607994,0.255089,0.216662,0.135911,0.039317,0.000116
야간(20~01시),기본,31,25270,0.587893,0.275611,0.233412,0.139122,0.039457,0.000116
야간(20~01시),기본,32,24435,0.568467,0.295534,0.249581,0.14203,0.039806,0.000116
야간(20~01시),기본,33,23639,0.549949,0.314966,0.265261,0.144519,0.040154,0.000116
야간(20~01시),기본,34,22879,0.532268,0.334266,0.280756,0.146543,0.040294,0.00014
야간(20~01시),기본,35,22160,0.515541,0.35219,0.295087,0.148846,0.040387,0.00014
야간(20~01시),기본,36,21438,0.498744,0.370812,0.309906,0.150521,0.040643,0.000186
야간(20~01시),기본,37,20714,0.4819,0.389537,0.324749,0.152312,0.040829,0.000209
야간(20~01시),기본,38,20054,0.466546,0.406512,0.338149,0.154011,0.041085,0.000209
야간(20~01시),기본,39,19384,0.450958,0.423529,0.351526,0.155872,0.041387,0.000256
야간(20~01시),기본,40,18736,0.435883,0.44054,0.364833,0.1575,0.041527,0.000256
야간(20~01시),기본,41,18115,0.421436,0.456784,0.377489,0.159129,0.04169,0.000256
야간(20~01시),기본,42,17481,0.406686,0.473426,0.390401,0.160688,0.041946,0.000279
야간(20~01시),기본,43,16886,0.392844,0.489482,0.402801,0.161804,0.042272,0.000279
야간(20~01시),기본,44,16329,0.379886,0.504296,0.414201,0.163177,0.042458,0.000279
야간(20~01시),기본,45,15765,0.366764,0.519232,0.425647,0.164782,0.042504,0.000302
야간(20~01시),기본,46,15272,0.355295,0.532528,0.43579,0.166039,0.042574,0.000302
야간(20~01시),기본,47,14736,0.342825,0.546915,0.446724,0.167504,0.042644,0.000302
야간(20~01시),기본,48,14258,0.331705,0.560074,0.456682,0.168505,0.042807,0.000302
야간(20~01시),기본,49,13774,0.320445,0.573373,0.466709,0.169621,0.042876,0.000349
야간(20~01시),기본,50,13312,0.309697,0.585979,0.476177,0.170831,0.042946,0.000349
야간(20~01시),기본,51,12909,0.300321,0.596802,0.484273,0.171971,0.043086,0.000349
야간(20~01시),기본,52,12495,0.29069,0.608171,0.492741,0.172995,0.043225,0.000349
야간(20~01시),기본,53,12115,0.281849,0.618582,0.500465,0.174042,0.043295,0.000349
야간(20~01시),기본,54,11750,0.273358,0.628814,0.508026,0.174902,0.043365,0.000349
야간(20~01시),기본,55,11376,0.264657,0.639176,0.515657,0.175856,0.043435,0.000395
야간(20~01시),기본,56,11038,0.256793,0.648342,0.52238,0.17688,0.043528,0.000419
야간(20~01시),기본,57,10657,0.247929,0.658856,0.530058,0.17802,0.043574,0.000419
야간(20~01시),기본,58,10333,0.240392,0.668139,0.536804,0.178811,0.043574,0.000419
야간(20~01시),기본,59,10027,0.233273,0.676907,0.543156,0.179509,0.043644,0.000419
야간(20~01시),기본,60,9713,0.225968,0.685865,0.549623,0.180323,0.043667,0.000419
야간(20~01시),기본,61,9417,0.219082,0.694047,0.555509,0.18116,0.043807,0.000442
야간(20~01시),기본,62,9140,0.212637,0.701812,0.561069,0.182044,0.043807,0.000442
야간(20~01시),기본,63,8845,0.205774,0.710099,0.566978,0.182975,0.04383,0.000442
야간(20~01시),기본,64,8600,0.200074,0.717277,0.572073,0.18351,0.0439,0.000442
야간(20~01시),기본,65,8324,0.193653,0.725364,0.577796,0.184162,0.043947,0.000442
야간(20~01시),기본,66,8074,0.187837,0.732589,0.582891,0.184859,0.043947,0.000465
야간(20~01시),기본,67,7818,0.181882,0.739975,0.588079,0.185557,0.044016,0.000465
야간(20~01시),기본,68,7544,0.175507,0.748157,0.593802,0.186186,0.04404,0.000465
야간(20~01시),기본,69,7330,0.170529,0.7545,0.598223,0.186744,0.04404,0.000465
야간(20~01시),기본,70,7083,0.164782,0.761634,0.603178,0.187465,0.044063,0.000512
야간(20~01시),기본,71,6839,0.159106,0.768735,0.608087,0.18814,0.044133,0.000535
야간(20~01시),기본,72,6631,0.154267,0.774889,0.612321,0.188698,0.044179,0.000535
야간(20~01시),기본,73,6436,0.14973,0.780898,0.616439,0.189094,0.044179,0.000558
야간(20~01시),기본,74,6247,0.145333,0.786515,0.620277,0.189652,0.044179,0.000558
야간(20~01시),기본,75,6046,0.140657,0.792359,0.624256,0.190327,0.044202,0.000558
야간(20~01시),기본,76,5878,0.136749,0.797373,0.627652,0.190792,0.044226,0.000582
야간(20~01시),기본,77,5705,0.132724,0.802509,0.631119,0.19135,0.044226,0.000582
야간(20~01시),기본,78,5555,0.129234,0.807044,0.634166,0.191792,0.044226,0.000582
야간(20~01시),기본,79,5402,0.125675,0.811699,0.637284,0.192188,0.044249,0.000605
야간(20~01시),기본,80,5251,0.122162,0.8163,0.640355,0.192607,0.044272,0.000605
야간(20~01시),기본,81,5101,0.118672,0.820498,0.643146,0.193258,0.044272,0.000651
야간(20~01시),기본,82,4965,0.115508,0.824615,0.645868,0.193653,0.044319,0.000651
야간(20~01시),기본,83,4807,0.111832,0.829596,0.649149,0.194049,0.044319,0.000651
야간(20~01시),기본,84,4662,0.108459,0.833992,0.652033,0.194538,0.044319,0.000651
야간(20~01시),기본,85,4531,0.105411,0.838051,0.654685,0.194886,0.044365,0.000651
야간(20~01시),기본,86,4443,0.103364,0.840839,0.6565,0.195073,0.044389,0.000675
야간(20~01시),기본,87,4338,0.100921,0.843991,0.658547,0.195445,0.044412,0.000675
야간(20~01시),기본,88,4233,0.098479,0.847048,0.660525,0.195887,0.044435,0.000675
야간(20~01시),기본,89,4151,0.096571,0.849505,0.662107,0.196189,0.044435,0.000698
야간(20~01시),기본,90,4043,0.094058,0.852986,0.66434,0.196445,0.044458,0.000698
야간(20~01시),기본,91,3874,0.090127,0.858586,0.667923,0.196794,0.044458,0.000698
야간(20~01시),기본,92,3693,0.085916,0.864682,0.671808,0.19712,0.044458,0.000698
야간(20~01시),기본,93,3530,0.082124,0.870325,0.675391,0.197329,0.044458,0.000698
야간(20~01시),기본,94,3374,0.078494,0.875761,0.678834,0.197515,0.044458,0.000698
야간(20~01시),기본,95,3234,0.075237,0.880769,0.681998,0.197608,0.044458,0.000698
야간(20~01시),기본,96,3108,0.072306,0.885009,0.684673,0.197841,0.044482,0.000698
야간(20~01시),기본,97,2978,0.069282,0.889338,0.687395,0.198143,0.044482,0.000698
야간(20~01시),기본,98,2858,0.06649,0.893574,0.690047,0.198283,0.044482,0.000698
야간(20~01시),기본,99,2727,0.063442,0.897968,0.692793,0.198586,0.044482,0.000698
야간(20~01시),기본,100,2618,0.060906,0.901784,0.695166,0.198725,0.044505,0.000698
야간(20~01시),기본,101,2514,0.058487,0.905236,0.697306,0.198981,0.044528,0.000698
야간(20~01시),기본,102,2414,0.05616,0.908591,0.699377,0.199214,0.044551,0.000698
야간(20~01시),기본,103,2307,0.053671,0.912529,0.701796,0.19926,0.044551,0.000721
야간(20~01시),기본,104,2214,0.051508,0.915903,0.703867,0.19933,0.044575,0.000721
야간(20~01시),기본,105,2134,0.049646,0.918752,0.705611,0.199446,0.044575,0.000721
야간(20~01시),기본,106,2054,0.047785,0.921531,0.70731,0.199609,0.044575,0.000721
야간(20~01시),기본,107,1958,0.045552,0.924702,0.709241,0.199912,0.044575,0.000721
야간(20~01시),기본,108,1892,0.044016,0.92701,0.710637,0.200051,0.044575,0.000721
야간(20~01시),기본,109,1817,0.042272,0.929826,0.712335,0.200098,0.044575,0.000721
야간(20~01시),기본,110,1748,0.040666,0.932375,0.71387,0.200168,0.044575,0.000721
야간(20~01시),기본,111,1695,0.039433,0.934309,0.715034,0.200237,0.044575,0.000721
야간(20~01시),기본,112,1623,0.037758,0.93679,0.716522,0.2004,0.044598,0.000721
야간(20~01시),기본,113,1544,0.03592,0.939594,0.718197,0.20054,0.044621,0.000721
야간(20~01시),기본,114,1482,0.034478,0.941863,0.719547,0.200633,0.044621,0.000721
야간(20~01시),기본,115,1419,0.033012,0.944177,0.720919,0.200726,0.044621,0.000721
야간(20~01시),기본,116,1365,0.031756,0.946026,0.722013,0.200865,0.044645,0.000721
야간(20~01시),기본,117,1308,0.03043,0.948201,0.723292,0.200912,0.044645,0.000721
야간(20~01시),기본,118,1264,0.029406,0.949864,0.724269,0.200958,0.044645,0.000721
야간(20~01시),기본,119,1210,0.02815,0.951808,0.725409,0.201075,0.044645,0.000721
야간(20~01시),기본,120,1171,0.027243,0.953282,0.72627,0.201098,0.044668,0.000721
야간(20~01시),기본,121,1119,0.026033,0.955157,0.727364,0.201214,0.044668,0.000721
야간(20~01시),기본,122,1066,0.0248,0.9572,0.72855,0.201238,0.044668,0.000744
야간(20~01시),기본,123,1011,0.02352,0.959288,0.72976,0.201307,0.044668,0.000744
야간(20~01시),기본,124,965,0.02245,0.96098,0.730737,0.201401,0.044668,0.000744
야간(20~01시),기본,125,931,0.021659,0.962314,0.731505,0.201424,0.044668,0.000744
야간(20~01시),기본,126,909,0.021147,0.963043,0.731924,0.201517,0.044668,0.000744
야간(20~01시),기본,127,874,0.020333,0.964466,0.732738,0.201517,0.044668,0.000744
야간(20~01시),기본,128,847,0.019705,0.965523,0.733343,0.20154,0.044668,0.000744
야간(20~01시),기본,129,811,0.018867,0.966825,0.734087,0.201633,0.044668,0.000744
야간(20~01시),기본,130,772,0.01796,0.968298,0.734925,0.20168,0.044668,0.000768
야간(20~01시),기본,131,726,0.01689,0.969981,0.735878,0.201796,0.044668,0.000768
야간(20~01시),기본,132,698,0.016239,0.971098,0.736507,0.201819,0.044668,0.000768
야간(20~01시),기본,133,672,0.015634,0.971967,0.736995,0.201936,0.044668,0.000768
야간(20~01시),기본,134,650,0.015122,0.972802,0.73746,0.201982,0.044668,0.000768
야간(20~01시),기본,135,616,0.014331,0.974224,0.738251,0.201982,0.044668,0.000768
야간(20~01시),기본,136,590,0.013726,0.975271,0.738833,0.201982,0.044691,0.000768
야간(20~01시),기본,137,566,0.013168,0.976193,0.739345,0.202029,0.044691,0.000768
야간(20~01시),기본,138,538,0.012516,0.977286,0.73995,0.202075,0.044691,0.000768
야간(20~01시),기본,139,518,0.012051,0.978088,0.740392,0.202098,0.044691,0.000768
야간(20~01시),기본,140,505,0.011749,0.978596,0.740671,0.202098,0.044714,0.000768
야간(20~01시),기본,141,479,0.011144,0.979613,0.741229,0.202122,0.044738,0.000768
야간(20~01시),기본,142,462,0.010748,0.980337,0.741625,0.202122,0.044738,0.000768
야간(20~01시),기본,143,433,0.010074,0.981443,0.74223,0.202192,0.044738,0.000768
야간(20~01시),기본,144,419,0.009748,0.982,0.742532,0.202192,0.044738,0.000791
야간(20~01시),기본,145,399,0.009283,0.98286,0.742997,0.202192,0.044738,0.000791
야간(20~01시),기본,146,389,0.00905,0.983203,0.743184,0.202215,0.044738,0.000814
야간(20~01시),기본,147,374,0.008701,0.983721,0.743463,0.202285,0.044738,0.000814
야간(20~01시),기본,148,356,0.008282,0.984505,0.743881,0.202285,0.044738,0.000814
야간(20~01시),기본,149,336,0.007817,0.985332,0.744323,0.202308,0.044738,0.000814
야간(20~01시),기본,150,323,0.007514,0.985768,0.744556,0.202378,0.044738,0.000814
야간(20~01시),기본,151,307,0.007142,0.986341,0.744859,0.202424,0.044738,0.000838
야간(20~01시),기본,152,292,0.006793,0.986964,0.745184,0.202447,0.044738,0.000838
야간(20~01시),기본,153,281,0.006537,0.987411,0.745417,0.202471,0.044738,0.000838
야간(20~01시),기본,154,273,0.006351,0.987724,0.74558,0.202494,0.044738,0.000838
야간(20~01시),기본,155,258,0.006002,0.988309,0.745882,0.202517,0.044738,0.000861
야간(20~01시),기본,156,247,0.005746,0.988807,0.746138,0.202517,0.044738,0.000861
야간(20~01시),기본,157,237,0.005514,0.989124,0.746301,0.202587,0.044738,0.000861
야간(20~01시),기본,158,228,0.005304,0.989537,0.74651,0.202587,0.044738,0.000861
야간(20~01시),기본,159,216,0.005025,0.990088,0.74679,0.202587,0.044738,0.000861
야간(20~01시),기본,160,211,0.004909,0.990318,0.746906,0.202587,0.044738,0.000861
야간(20~01시),기본,161,205,0.004769,0.990547,0.747022,0.20261,0.044738,0.000861
야간(20~01시),기본,162,196,0.00456,0.990962,0.747232,0.20261,0.044738,0.000861
야간(20~01시),기본,163,189,0.004397,0.991285,0.747394,0.20261,0.044738,0.000861
야간(20~01시),기본,164,182,0.004234,0.991608,0.747557,0.20261,0.044738,0.000861
야간(20~01시),기본,165,176,0.004095,0.991884,0.747697,0.20261,0.044738,0.000861
야간(20~01시),기본,166,165,0.003839,0.992345,0.747929,0.202634,0.044738,0.000861
야간(20~01시),기본,167,158,0.003676,0.992577,0.748046,0.20268,0.044738,0.000861
야간(20~01시),기본,168,154,0.003583,0.992765,0.748139,0.20268,0.044738,0.000861
야간(20~01시),기본,169,146,0.003397,0.993141,0.748325,0.20268,0.044738,0.000861
야간(20~01시),기본,170,138,0.00321,0.993517,0.748511,0.20268,0.044738,0.000861
야간(20~01시),기본,171,134,0.003117,0.993705,0.748604,0.20268,0.044738,0.000861
야간(20~01시),기본,172,128,0.002978,0.993987,0.748744,0.20268,0.044738,0.000861
야간(20~01시),기본,173,126,0.002931,0.994034,0.748767,0.202703,0.044738,0.000861
야간(20~01시),기본,174,120,0.002792,0.994318,0.748907,0.202703,0.044738,0.000861
야간(20~01시),기본,175,117,0.002722,0.99446,0.748976,0.202703,0.044738,0.000861
야간(20~01시),기본,176,112,0.002606,0.994697,0.749093,0.202703,0.044738,0.000861
야간(20~01시),기본,177,108,0.002513,0.994886,0.749186,0.202703,0.044738,0.000861
야간(20~01시),기본,178,104,0.00242,0.995075,0.749279,0.202703,0.044738,0.000861
야간(20~01시),기본,179,103,0.002396,0.995123,0.749302,0.202703,0.044738,0.000861
야간(20~01시),기본,180,100,0.002326,0.995265,0.749372,0.202703,0.044738,0.000861
야간(20~01시),민감도: 취소를 한 사건으로,0,42984,1.0,0.0,0.0,0.0,,0.0
야간(20~01시),민감도: 취소를 한 사건으로,1,41560,0.966871,0.000163,0.000163,0.032966,,0.0
야간(20~01시),민감도: 취소를 한 사건으로,2,40812,0.94947,0.000861,0.000838,0.049693,,0.0
야간(20~01시),민감도: 취소를 한 사건으로,3,40428,0.940536,0.001252,0.00121,0.058231,,2.3e-05
야간(20~01시),민감도: 취소를 한 사건으로,4,40054,0.931835,0.001524,0.001466,0.066676,,2.3e-05
야간(20~01시),민감도: 취소를 한 사건으로,5,39755,0.924879,0.001998,0.001908,0.07319,,2.3e-05
야간(20~01시),민감도: 취소를 한 사건으로,6,39457,0.917946,0.002475,0.00235,0.079681,,2.3e-05
야간(20~01시),민감도: 취소를 한 사건으로,7,39160,0.911037,0.003031,0.002862,0.086032,,7e-05
야간(20~01시),민감도: 취소를 한 사건으로,8,38872,0.904336,0.003922,0.003676,0.091918,,7e-05
야간(20~01시),민감도: 취소를 한 사건으로,9,38590,0.897776,0.005254,0.004886,0.097269,,7e-05
야간(20~01시),민감도: 취소를 한 사건으로,10,38303,0.891099,0.007007,0.006468,0.102364,,7e-05
야간(20~01시),민감도: 취소를 한 사건으로,11,37996,0.883957,0.009833,0.009003,0.10697,,7e-05
야간(20~01시),민감도: 취소를 한 사건으로,12,37673,0.876442,0.01309,0.011911,0.111576,,7e-05
야간(20~01시),민감도: 취소를 한 사건으로,13,37281,0.867323,0.018068,0.016332,0.116276,,7e-05
야간(20~01시),민감도: 취소를 한 사건으로,14,36881,0.858017,0.023783,0.02138,0.120533,,7e-05
야간(20~01시),민감도: 취소를 한 사건으로,15,36453,0.84806,0.030295,0.027103,0.124767,,7e-05
야간(20~01시),민감도: 취소를 한 사건으로,16,35950,0.836358,0.039047,0.034757,0.128815,,7e-05
야간(20~01시),민감도: 취소를 한 사건으로,17,35457,0.824888,0.047547,0.042155,0.132887,,7e-05
야간(20~01시),민감도: 취소를 한 사건으로,18,34937,0.812791,0.057164,0.050484,0.136655,,7e-05
야간(20~01시),민감도: 취소를 한 사건으로,19,34400,0.800298,0.067877,0.05972,0.139913,,7e-05
야간(20~01시),민감도: 취소를 한 사건으로,20,33750,0.785176,0.081371,0.071306,0.143449,,7e-05
야간(20~01시),민감도: 취소를 한 사건으로,21,33086,0.769728,0.09558,0.08345,0.146752,,7e-05
야간(20~01시),민감도: 취소를 한 사건으로,22,32361,0.752862,0.111188,0.096734,0.150335,,7e-05
야간(20~01시),민감도: 취소를 한 사건으로,23,31688,0.737205,0.126459,0.109669,0.153057,,7e-05
야간(20~01시),민감도: 취소를 한 사건으로,24,30939,0.719779,0.143275,0.12386,0.156291,,7e-05
야간(20~01시),민감도: 취소를 한 사건으로,25,30153,0.701494,0.161385,0.139075,0.159338,,9.3e-05
야간(20~01시),민감도: 취소를 한 사건으로,26,29375,0.683394,0.1786,0.153476,0.163014,,0.000116
야간(20~01시),민감도: 취소를 한 사건으로,27,28566,0.664573,0.197447,0.169156,0.166155,,0.000116
야간(20~01시),민감도: 취소를 한 사건으로,28,27776,0.646194,0.216186,0.184673,0.169016,,0.000116
야간(20~01시),민감도: 취소를 한 사건으로,29,26947,0.626908,0.235601,0.200679,0.172297,,0.000116
야간(20~01시),민감도: 취소를 한 사건으로,30,26134,0.607994,0.255089,0.216662,0.175228,,0.000116
야간(20~01시),민감도: 취소를 한 사건으로,31,25270,0.587893,0.275611,0.233412,0.178578,,0.000116
야간(20~01시),민감도: 취소를 한 사건으로,32,24435,0.568467,0.295534,0.249581,0.181835,,0.000116
야간(20~01시),민감도: 취소를 한 사건으로,33,23639,0.549949,0.314966,0.265261,0.184673,,0.000116
야간(20~01시),민감도: 취소를 한 사건으로,34,22879,0.532268,0.334266,0.280756,0.186837,,0.00014
야간(20~01시),민감도: 취소를 한 사건으로,35,22160,0.515541,0.35219,0.295087,0.189233,,0.00014
야간(20~01시),민감도: 취소를 한 사건으로,36,21438,0.498744,0.370812,0.309906,0.191164,,0.000186
야간(20~01시),민감도: 취소를 한 사건으로,37,20714,0.4819,0.389537,0.324749,0.193142,,0.000209
야간(20~01시),민감도: 취소를 한 사건으로,38,20054,0.466546,0.406512,0.338149,0.195096,,0.000209
야간(20~01시),민감도: 취소를 한 사건으로,39,19384,0.450958,0.423529,0.351526,0.197259,,0.000256
야간(20~01시),민감도: 취소를 한 사건으로,40,18736,0.435883,0.44054,0.364833,0.199028,,0.000256
야간(20~01시),민감도: 취소를 한 사건으로,41,18115,0.421436,0.456784,0.377489,0.200819,,0.000256
야간(20~01시),민감도: 취소를 한 사건으로,42,17481,0.406686,0.473426,0.390401,0.202634,,0.000279
야간(20~01시),민감도: 취소를 한 사건으로,43,16886,0.392844,0.489482,0.402801,0.204076,,0.000279
야간(20~01시),민감도: 취소를 한 사건으로,44,16329,0.379886,0.504296,0.414201,0.205635,,0.000279
야간(20~01시),민감도: 취소를 한 사건으로,45,15765,0.366764,0.519232,0.425647,0.207286,,0.000302
야간(20~01시),민감도: 취소를 한 사건으로,46,15272,0.355295,0.532528,0.43579,0.208613,,0.000302
야간(20~01시),민감도: 취소를 한 사건으로,47,14736,0.342825,0.546915,0.446724,0.210148,,0.000302
야간(20~01시),민감도: 취소를 한 사건으로,48,14258,0.331705,0.560074,0.456682,0.211311,,0.000302
야간(20~01시),민감도: 취소를 한 사건으로,49,13774,0.320445,0.573373,0.466709,0.212498,,0.000349
야간(20~01시),민감도: 취소를 한 사건으로,50,13312,0.309697,0.585979,0.476177,0.213777,,0.000349
야간(20~01시),민감도: 취소를 한 사건으로,51,12909,0.300321,0.596802,0.484273,0.215057,,0.000349
야간(20~01시),민감도: 취소를 한 사건으로,52,12495,0.29069,0.608171,0.492741,0.21622,,0.000349
야간(20~01시),민감도: 취소를 한 사건으로,53,12115,0.281849,0.618582,0.500465,0.217337,,0.000349
야간(20~01시),민감도: 취소를 한 사건으로,54,11750,0.273358,0.628814,0.508026,0.218267,,0.000349
야간(20~01시),민감도: 취소를 한 사건으로,55,11376,0.264657,0.639176,0.515657,0.219291,,0.000395
야간(20~01시),민감도: 취소를 한 사건으로,56,11038,0.256793,0.648342,0.52238,0.220408,,0.000419
야간(20~01시),민감도: 취소를 한 사건으로,57,10657,0.247929,0.658856,0.530058,0.221594,,0.000419
야간(20~01시),민감도: 취소를 한 사건으로,58,10333,0.240392,0.668139,0.536804,0.222385,,0.000419
야간(20~01시),민감도: 취소를 한 사건으로,59,10027,0.233273,0.676907,0.543156,0.223153,,0.000419
야간(20~01시),민감도: 취소를 한 사건으로,60,9713,0.225968,0.685865,0.549623,0.22399,,0.000419
야간(20~01시),민감도: 취소를 한 사건으로,61,9417,0.219082,0.694047,0.555509,0.224967,,0.000442
야간(20~01시),민감도: 취소를 한 사건으로,62,9140,0.212637,0.701812,0.561069,0.225851,,0.000442
야간(20~01시),민감도: 취소를 한 사건으로,63,8845,0.205774,0.710099,0.566978,0.226805,,0.000442
야간(20~01시),민감도: 취소를 한 사건으로,64,8600,0.200074,0.717277,0.572073,0.22741,,0.000442
야간(20~01시),민감도: 취소를 한 사건으로,65,8324,0.193653,0.725364,0.577796,0.228108,,0.000442
야간(20~01시),민감도: 취소를 한 사건으로,66,8074,0.187837,0.732589,0.582891,0.228806,,0.000465
야간(20~01시),민감도: 취소를 한 사건으로,67,7818,0.181882,0.739975,0.588079,0.229574,,0.000465
야간(20~01시),민감도: 취소를 한 사건으로,68,7544,0.175507,0.748157,0.593802,0.230225,,0.000465
야간(20~01시),민감도: 취소를 한 사건으로,69,7330,0.170529,0.7545,0.598223,0.230784,,0.000465
야간(20~01시),민감도: 취소를 한 사건으로,70,7083,0.164782,0.761634,0.603178,0.231528,,0.000512
야간(20~01시),민감도: 취소를 한 사건으로,71,6839,0.159106,0.768735,0.608087,0.232272,,0.000535
야간(20~01시),민감도: 취소를 한 사건으로,72,6631,0.154267,0.774889,0.612321,0.232877,,0.000535
야간(20~01시),민감도: 취소를 한 사건으로,73,6436,0.14973,0.780898,0.616439,0.233273,,0.000558
야간(20~01시),민감도: 취소를 한 사건으로,74,6247,0.145333,0.786515,0.620277,0.233831,,0.000558
야간(20~01시),민감도: 취소를 한 사건으로,75,6046,0.140657,0.792359,0.624256,0.234529,,0.000558
야간(20~01시),민감도: 취소를 한 사건으로,76,5878,0.136749,0.797373,0.627652,0.235018,,0.000582
야간(20~01시),민감도: 취소를 한 사건으로,77,5705,0.132724,0.802509,0.631119,0.235576,,0.000582
야간(20~01시),민감도: 취소를 한 사건으로,78,5555,0.129234,0.807044,0.634166,0.236018,,0.000582
야간(20~01시),민감도: 취소를 한 사건으로,79,5402,0.125675,0.811699,0.637284,0.236437,,0.000605
야간(20~01시),민감도: 취소를 한 사건으로,80,5251,0.122162,0.8163,0.640355,0.236879,,0.000605
야간(20~01시),민감도: 취소를 한 사건으로,81,5101,0.118672,0.820498,0.643146,0.23753,,0.000651
야간(20~01시),민감도: 취소를 한 사건으로,82,4965,0.115508,0.824615,0.645868,0.237972,,0.000651
야간(20~01시),민감도: 취소를 한 사건으로,83,4807,0.111832,0.829596,0.649149,0.238368,,0.000651
야간(20~01시),민감도: 취소를 한 사건으로,84,4662,0.108459,0.833992,0.652033,0.238856,,0.000651
야간(20~01시),민감도: 취소를 한 사건으로,85,4531,0.105411,0.838051,0.654685,0.239252,,0.000651
야간(20~01시),민감도: 취소를 한 사건으로,86,4443,0.103364,0.840839,0.6565,0.239461,,0.000675
야간(20~01시),민감도: 취소를 한 사건으로,87,4338,0.100921,0.843991,0.658547,0.239857,,0.000675
야간(20~01시),민감도: 취소를 한 사건으로,88,4233,0.098479,0.847048,0.660525,0.240322,,0.000675
야간(20~01시),민감도: 취소를 한 사건으로,89,4151,0.096571,0.849505,0.662107,0.240624,,0.000698
야간(20~01시),민감도: 취소를 한 사건으로,90,4043,0.094058,0.852986,0.66434,0.240904,,0.000698
야간(20~01시),민감도: 취소를 한 사건으로,91,3874,0.090127,0.858586,0.667923,0.241253,,0.000698
야간(20~01시),민감도: 취소를 한 사건으로,92,3693,0.085916,0.864682,0.671808,0.241578,,0.000698
야간(20~01시),민감도: 취소를 한 사건으로,93,3530,0.082124,0.870325,0.675391,0.241788,,0.000698
야간(20~01시),민감도: 취소를 한 사건으로,94,3374,0.078494,0.875761,0.678834,0.241974,,0.000698
야간(20~01시),민감도: 취소를 한 사건으로,95,3234,0.075237,0.880769,0.681998,0.242067,,0.000698
야간(20~01시),민감도: 취소를 한 사건으로,96,3108,0.072306,0.885009,0.684673,0.242323,,0.000698
야간(20~01시),민감도: 취소를 한 사건으로,97,2978,0.069282,0.889338,0.687395,0.242625,,0.000698
야간(20~01시),민감도: 취소를 한 사건으로,98,2858,0.06649,0.893574,0.690047,0.242765,,0.000698
야간(20~01시),민감도: 취소를 한 사건으로,99,2727,0.063442,0.897968,0.692793,0.243067,,0.000698
야간(20~01시),민감도: 취소를 한 사건으로,100,2618,0.060906,0.901784,0.695166,0.24323,,0.000698
야간(20~01시),민감도: 취소를 한 사건으로,101,2514,0.058487,0.905236,0.697306,0.243509,,0.000698
야간(20~01시),민감도: 취소를 한 사건으로,102,2414,0.05616,0.908591,0.699377,0.243765,,0.000698
야간(20~01시),민감도: 취소를 한 사건으로,103,2307,0.053671,0.912529,0.701796,0.243812,,0.000721
야간(20~01시),민감도: 취소를 한 사건으로,104,2214,0.051508,0.915903,0.703867,0.243905,,0.000721
야간(20~01시),민감도: 취소를 한 사건으로,105,2134,0.049646,0.918752,0.705611,0.244021,,0.000721
야간(20~01시),민감도: 취소를 한 사건으로,106,2054,0.047785,0.921531,0.70731,0.244184,,0.000721
야간(20~01시),민감도: 취소를 한 사건으로,107,1958,0.045552,0.924702,0.709241,0.244486,,0.000721
야간(20~01시),민감도: 취소를 한 사건으로,108,1892,0.044016,0.92701,0.710637,0.244626,,0.000721
야간(20~01시),민감도: 취소를 한 사건으로,109,1817,0.042272,0.929826,0.712335,0.244672,,0.000721
야간(20~01시),민감도: 취소를 한 사건으로,110,1748,0.040666,0.932375,0.71387,0.244742,,0.000721
야간(20~01시),민감도: 취소를 한 사건으로,111,1695,0.039433,0.934309,0.715034,0.244812,,0.000721
야간(20~01시),민감도: 취소를 한 사건으로,112,1623,0.037758,0.93679,0.716522,0.244998,,0.000721
야간(20~01시),민감도: 취소를 한 사건으로,113,1544,0.03592,0.939594,0.718197,0.245161,,0.000721
야간(20~01시),민감도: 취소를 한 사건으로,114,1482,0.034478,0.941863,0.719547,0.245254,,0.000721
야간(20~01시),민감도: 취소를 한 사건으로,115,1419,0.033012,0.944177,0.720919,0.245347,,0.000721
야간(20~01시),민감도: 취소를 한 사건으로,116,1365,0.031756,0.946026,0.722013,0.24551,,0.000721
야간(20~01시),민감도: 취소를 한 사건으로,117,1308,0.03043,0.948201,0.723292,0.245556,,0.000721
야간(20~01시),민감도: 취소를 한 사건으로,118,1264,0.029406,0.949864,0.724269,0.245603,,0.000721
야간(20~01시),민감도: 취소를 한 사건으로,119,1210,0.02815,0.951808,0.725409,0.245719,,0.000721
야간(20~01시),민감도: 취소를 한 사건으로,120,1171,0.027243,0.953282,0.72627,0.245766,,0.000721
야간(20~01시),민감도: 취소를 한 사건으로,121,1119,0.026033,0.955157,0.727364,0.245882,,0.000721
야간(20~01시),민감도: 취소를 한 사건으로,122,1066,0.0248,0.9572,0.72855,0.245905,,0.000744
야간(20~01시),민감도: 취소를 한 사건으로,123,1011,0.02352,0.959288,0.72976,0.245975,,0.000744
야간(20~01시),민감도: 취소를 한 사건으로,124,965,0.02245,0.96098,0.730737,0.246068,,0.000744
야간(20~01시),민감도: 취소를 한 사건으로,125,931,0.021659,0.962314,0.731505,0.246092,,0.000744
야간(20~01시),민감도: 취소를 한 사건으로,126,909,0.021147,0.963043,0.731924,0.246185,,0.000744
야간(20~01시),민감도: 취소를 한 사건으로,127,874,0.020333,0.964466,0.732738,0.246185,,0.000744
야간(20~01시),민감도: 취소를 한 사건으로,128,847,0.019705,0.965523,0.733343,0.246208,,0.000744
야간(20~01시),민감도: 취소를 한 사건으로,129,811,0.018867,0.966825,0.734087,0.246301,,0.000744
야간(20~01시),민감도: 취소를 한 사건으로,130,772,0.01796,0.968298,0.734925,0.246347,,0.000768
야간(20~01시),민감도: 취소를 한 사건으로,131,726,0.01689,0.969981,0.735878,0.246464,,0.000768
야간(20~01시),민감도: 취소를 한 사건으로,132,698,0.016239,0.971098,0.736507,0.246487,,0.000768
야간(20~01시),민감도: 취소를 한 사건으로,133,672,0.015634,0.971967,0.736995,0.246603,,0.000768
야간(20~01시),민감도: 취소를 한 사건으로,134,650,0.015122,0.972802,0.73746,0.24665,,0.000768
야간(20~01시),민감도: 취소를 한 사건으로,135,616,0.014331,0.974224,0.738251,0.24665,,0.000768
야간(20~01시),민감도: 취소를 한 사건으로,136,590,0.013726,0.975271,0.738833,0.246673,,0.000768
야간(20~01시),민감도: 취소를 한 사건으로,137,566,0.013168,0.976193,0.739345,0.24672,,0.000768
야간(20~01시),민감도: 취소를 한 사건으로,138,538,0.012516,0.977286,0.73995,0.246766,,0.000768
야간(20~01시),민감도: 취소를 한 사건으로,139,518,0.012051,0.978088,0.740392,0.24679,,0.000768
야간(20~01시),민감도: 취소를 한 사건으로,140,505,0.011749,0.978596,0.740671,0.246813,,0.000768
야간(20~01시),민감도: 취소를 한 사건으로,141,479,0.011144,0.979613,0.741229,0.246859,,0.000768
야간(20~01시),민감도: 취소를 한 사건으로,142,462,0.010748,0.980337,0.741625,0.246859,,0.000768
야간(20~01시),민감도: 취소를 한 사건으로,143,433,0.010074,0.981443,0.74223,0.246929,,0.000768
야간(20~01시),민감도: 취소를 한 사건으로,144,419,0.009748,0.982,0.742532,0.246929,,0.000791
야간(20~01시),민감도: 취소를 한 사건으로,145,399,0.009283,0.98286,0.742997,0.246929,,0.000791
야간(20~01시),민감도: 취소를 한 사건으로,146,389,0.00905,0.983203,0.743184,0.246952,,0.000814
야간(20~01시),민감도: 취소를 한 사건으로,147,374,0.008701,0.983721,0.743463,0.247022,,0.000814
야간(20~01시),민감도: 취소를 한 사건으로,148,356,0.008282,0.984505,0.743881,0.247022,,0.000814
야간(20~01시),민감도: 취소를 한 사건으로,149,336,0.007817,0.985332,0.744323,0.247045,,0.000814
야간(20~01시),민감도: 취소를 한 사건으로,150,323,0.007514,0.985768,0.744556,0.247115,,0.000814
야간(20~01시),민감도: 취소를 한 사건으로,151,307,0.007142,0.986341,0.744859,0.247162,,0.000838
야간(20~01시),민감도: 취소를 한 사건으로,152,292,0.006793,0.986964,0.745184,0.247185,,0.000838
야간(20~01시),민감도: 취소를 한 사건으로,153,281,0.006537,0.987411,0.745417,0.247208,,0.000838
야간(20~01시),민감도: 취소를 한 사건으로,154,273,0.006351,0.987724,0.74558,0.247232,,0.000838
야간(20~01시),민감도: 취소를 한 사건으로,155,258,0.006002,0.988309,0.745882,0.247255,,0.000861
야간(20~01시),민감도: 취소를 한 사건으로,156,247,0.005746,0.988807,0.746138,0.247255,,0.000861
야간(20~01시),민감도: 취소를 한 사건으로,157,237,0.005514,0.989124,0.746301,0.247325,,0.000861
야간(20~01시),민감도: 취소를 한 사건으로,158,228,0.005304,0.989537,0.74651,0.247325,,0.000861
야간(20~01시),민감도: 취소를 한 사건으로,159,216,0.005025,0.990088,0.74679,0.247325,,0.000861
야간(20~01시),민감도: 취소를 한 사건으로,160,211,0.004909,0.990318,0.746906,0.247325,,0.000861
야간(20~01시),민감도: 취소를 한 사건으로,161,205,0.004769,0.990547,0.747022,0.247348,,0.000861
야간(20~01시),민감도: 취소를 한 사건으로,162,196,0.00456,0.990962,0.747232,0.247348,,0.000861
야간(20~01시),민감도: 취소를 한 사건으로,163,189,0.004397,0.991285,0.747394,0.247348,,0.000861
야간(20~01시),민감도: 취소를 한 사건으로,164,182,0.004234,0.991608,0.747557,0.247348,,0.000861
야간(20~01시),민감도: 취소를 한 사건으로,165,176,0.004095,0.991884,0.747697,0.247348,,0.000861
야간(20~01시),민감도: 취소를 한 사건으로,166,165,0.003839,0.992345,0.747929,0.247371,,0.000861
야간(20~01시),민감도: 취소를 한 사건으로,167,158,0.003676,0.992577,0.748046,0.247418,,0.000861
야간(20~01시),민감도: 취소를 한 사건으로,168,154,0.003583,0.992765,0.748139,0.247418,,0.000861
야간(20~01시),민감도: 취소를 한 사건으로,169,146,0.003397,0.993141,0.748325,0.247418,,0.000861
야간(20~01시),민감도: 취소를 한 사건으로,170,138,0.00321,0.993517,0.748511,0.247418,,0.000861
야간(20~01시),민감도: 취소를 한 사건으로,171,134,0.003117,0.993705,0.748604,0.247418,,0.000861
야간(20~01시),민감도: 취소를 한 사건으로,172,128,0.002978,0.993987,0.748744,0.247418,,0.000861
야간(20~01시),민감도: 취소를 한 사건으로,173,126,0.002931,0.994034,0.748767,0.247441,,0.000861
야간(20~01시),민감도: 취소를 한 사건으로,174,120,0.002792,0.994318,0.748907,0.247441,,0.000861
야간(20~01시),민감도: 취소를 한 사건으로,175,117,0.002722,0.99446,0.748976,0.247441,,0.000861
야간(20~01시),민감도: 취소를 한 사건으로,176,112,0.002606,0.994697,0.749093,0.247441,,0.000861
야간(20~01시),민감도: 취소를 한 사건으로,177,108,0.002513,0.994886,0.749186,0.247441,,0.000861
야간(20~01시),민감도: 취소를 한 사건으로,178,104,0.00242,0.995075,0.749279,0.247441,,0.000861
야간(20~01시),민감도: 취소를 한 사건으로,179,103,0.002396,0.995123,0.749302,0.247441,,0.000861
야간(20~01시),민감도: 취소를 한 사건으로,180,100,0.002326,0.995265,0.749372,0.247441,,0.000861
야간(20~01시),민감도: 기타 실패 제외,0,42944,1.0,0.0,0.0,0.0,0.0,
야간(20~01시),민감도: 기타 실패 제외,1,41520,0.966841,0.000163,0.000163,0.02615,0.006846,
야간(20~01시),민감도: 기타 실패 제외,2,40772,0.949423,0.000861,0.000838,0.038096,0.011643,
야간(20~01시),민감도: 기타 실패 제외,3,40389,0.940504,0.001253,0.001211,0.043731,0.014554,
야간(20~01시),민감도: 기타 실패 제외,4,40015,0.931795,0.001525,0.001467,0.049227,0.017511,
야간(20~01시),민감도: 기타 실패 제외,5,39716,0.924832,0.002,0.001909,0.053581,0.019677,
야간(20~01시),민감도: 기타 실패 제외,6,39418,0.917893,0.002477,0.002352,0.057982,0.021773,
야간(20~01시),민감도: 기타 실패 제외,7,39123,0.911024,0.003034,0.002864,0.0625,0.023612,
야간(20~01시),민감도: 기타 실패 제외,8,38835,0.904317,0.003926,0.003679,0.066668,0.025335,
야간(20~01시),민감도: 기타 실패 제외,9,38553,0.897751,0.005259,0.00489,0.070697,0.026663,
야간(20~01시),민감도: 기타 실패 제외,10,38266,0.891067,0.007014,0.006474,0.074655,0.027804,
야간(20~01시),민감도: 기타 실패 제외,11,37959,0.883919,0.009842,0.009012,0.078311,0.028758,
야간(20~01시),민감도: 기타 실패 제외,12,37636,0.876397,0.013103,0.011923,0.082107,0.029573,
야간(20~01시),민감도: 기타 실패 제외,13,37244,0.867269,0.018085,0.016347,0.085903,0.030482,
야간(20~01시),민감도: 기타 실패 제외,14,36844,0.857955,0.023806,0.0214,0.089139,0.031506,
야간(20~01시),민감도: 기타 실패 제외,15,36416,0.847988,0.030324,0.027128,0.092562,0.032321,
야간(20~01시),민감도: 기타 실패 제외,16,35913,0.836275,0.039085,0.034789,0.095869,0.033066,
야간(20~01시),민감도: 기타 실패 제외,17,35420,0.824795,0.047593,0.042194,0.099246,0.033765,
야간(20~01시),민감도: 기타 실패 제외,18,34900,0.812686,0.05722,0.050531,0.102552,0.034231,
야간(20~01시),민감도: 기타 실패 제외,19,34363,0.800182,0.067944,0.059776,0.1053,0.034743,
야간(20~01시),민감도: 기타 실패 제외,20,33713,0.785046,0.081452,0.071372,0.108211,0.035372,
야간(20~01시),민감도: 기타 실패 제외,21,33049,0.769584,0.095674,0.083527,0.111145,0.035744,
야간(20~01시),민감도: 기타 실패 제외,22,32324,0.752701,0.111299,0.096824,0.114265,0.03621,
야간(20~01시),민감도: 기타 실패 제외,23,31651,0.73703,0.126585,0.109771,0.11664,0.036559,
야간(20~01시),민감도: 기타 실패 제외,24,30902,0.719588,0.143418,0.123975,0.119411,0.037025,
야간(20~01시),민감도: 기타 실패 제외,25,30117,0.701309,0.161546,0.139205,0.121903,0.037584,
야간(20~01시),민감도: 기타 실패 제외,26,29340,0.683215,0.178779,0.153619,0.125023,0.038143,
야간(20~01시),민감도: 기타 실패 제외,27,28531,0.664377,0.197644,0.169314,0.127841,0.038469,
야간(20~01시),민감도: 기타 실패 제외,28,27741,0.645981,0.216402,0.184845,0.130426,0.038748,
야간(20~01시),민감도: 기타 실패 제외,29,26912,0.626677,0.235836,0.200866,0.133313,0.039144,
야간(20~01시),민감도: 기타 실패 제외,30,26099,0.607745,0.255343,0.216864,0.136038,0.039354,
야간(20~01시),민감도: 기타 실패 제외,31,25235,0.587626,0.275886,0.23363,0.139251,0.039493,
야간(20~01시),민감도: 기타 실패 제외,32,24400,0.568182,0.295829,0.249814,0.142162,0.039843,
야간(20~01시),민감도: 기타 실패 제외,33,23604,0.549646,0.31528,0.265509,0.144654,0.040192,
야간(20~01시),민감도: 기타 실패 제외,34,22845,0.531972,0.3346,0.281017,0.146679,0.040332,
야간(20~01시),민감도: 기타 실패 제외,35,22126,0.515229,0.352542,0.295361,0.148985,0.040425,
야간(20~01시),민감도: 기타 실패 제외,36,21406,0.498463,0.371182,0.310195,0.150661,0.040681,
야간(20~01시),민감도: 기타 실패 제외,37,20683,0.481627,0.389924,0.325051,0.152454,0.040867,
야간(20~01시),민감도: 기타 실패 제외,38,20023,0.466258,0.406914,0.338464,0.154154,0.041123,
야간(20~01시),민감도: 기타 실패 제외,39,19355,0.450703,0.423946,0.351854,0.156017,0.041426,
야간(20~01시),민감도: 기타 실패 제외,40,18707,0.435614,0.44097,0.365173,0.157647,0.041566,
야간(20~01시),민감도: 기타 실패 제외,41,18086,0.421153,0.457226,0.377841,0.159277,0.041729,
야간(20~01시),민감도: 기타 실패 제외,42,17453,0.406413,0.473882,0.390765,0.160837,0.041985,
야간(20~01시),민감도: 기타 실패 제외,43,16858,0.392558,0.48995,0.403176,0.161955,0.042311,
야간(20~01시),민감도: 기타 실패 제외,44,16301,0.379587,0.504775,0.414586,0.163329,0.042497,
야간(20~01시),민감도: 기타 실패 제외,45,15738,0.366477,0.519722,0.426043,0.164936,0.042544,
야간(20~01시),민감도: 기타 실패 제외,46,15245,0.354997,0.533027,0.436196,0.166193,0.042614,
야간(20~01시),민감도: 기타 실패 제외,47,14709,0.342516,0.547424,0.44714,0.16766,0.042683,
야간(20~01시),민감도: 기타 실패 제외,48,14231,0.331385,0.560593,0.457107,0.168662,0.042846,
야간(20~01시),민감도: 기타 실패 제외,49,13749,0.320161,0.573901,0.467143,0.169779,0.042916,
야간(20~01시),민감도: 기타 실패 제외,50,13287,0.309403,0.586514,0.476621,0.17099,0.042986,
야간(20~01시),민감도: 기타 실패 제외,51,12884,0.300019,0.597344,0.484724,0.172131,0.043126,
야간(20~01시),민감도: 기타 실패 제외,52,12470,0.290378,0.60872,0.4932,0.173156,0.043266,
야간(20~01시),민감도: 기타 실패 제외,53,12090,0.281529,0.619137,0.500931,0.174204,0.043336,
야간(20~01시),민감도: 기타 실패 제외,54,11725,0.27303,0.629375,0.508499,0.175065,0.043405,
야간(20~01시),민감도: 기타 실패 제외,55,11353,0.264368,0.639743,0.516137,0.17602,0.043475,
야간(20~01시),민감도: 기타 실패 제외,56,11016,0.25652,0.648914,0.522867,0.177045,0.043568,
야간(20~01시),민감도: 기타 실패 제외,57,10635,0.247648,0.659431,0.530551,0.178186,0.043615,
야간(20~01시),민감도: 기타 실패 제외,58,10311,0.240103,0.668718,0.537304,0.178977,0.043615,
야간(20~01시),민감도: 기타 실패 제외,59,10005,0.232978,0.677489,0.543662,0.179676,0.043685,
야간(20~01시),민감도: 기타 실패 제외,60,9691,0.225666,0.686451,0.550135,0.180491,0.043708,
야간(20~01시),민감도: 기타 실패 제외,61,9396,0.218797,0.694636,0.556026,0.181329,0.043848,
야간(20~01시),민감도: 기타 실패 제외,62,9119,0.212346,0.702404,0.561592,0.182214,0.043848,
야간(20~01시),민감도: 기타 실패 제외,63,8824,0.205477,0.710693,0.567507,0.183145,0.043871,
야간(20~01시),민감도: 기타 실패 제외,64,8579,0.199772,0.717873,0.572606,0.183681,0.043941,
야간(20~01시),민감도: 기타 실패 제외,65,8303,0.193345,0.725963,0.578335,0.184333,0.043988,
야간(20~01시),민감도: 기타 실패 제외,66,8054,0.187547,0.733191,0.583434,0.185032,0.043988,
야간(20~01시),민감도: 기타 실패 제외,67,7798,0.181585,0.740578,0.588627,0.18573,0.044057,
야간(20~01시),민감도: 기타 실패 제외,68,7524,0.175205,0.748762,0.594355,0.186359,0.044081,
야간(20~01시),민감도: 기타 실패 제외,69,7310,0.170222,0.755107,0.59878,0.186918,0.044081,
야간(20~01시),민감도: 기타 실패 제외,70,7065,0.164517,0.762242,0.60374,0.18764,0.044104,
야간(20~01시),민감도: 기타 실패 제외,71,6822,0.158858,0.769343,0.608653,0.188315,0.044174,
야간(20~01시),민감도: 기타 실패 제외,72,6614,0.154015,0.775497,0.612891,0.188874,0.04422,
야간(20~01시),민감도: 기타 실패 제외,73,6420,0.149497,0.781505,0.617013,0.18927,0.04422,
야간(20~01시),민감도: 기타 실패 제외,74,6231,0.145096,0.78712,0.620855,0.189829,0.04422,
야간(20~01시),민감도: 기타 실패 제외,75,6030,0.140415,0.792962,0.624837,0.190504,0.044244,
야간(20~01시),민감도: 기타 실패 제외,76,5863,0.136527,0.797975,0.628237,0.19097,0.044267,
야간(20~01시),민감도: 기타 실패 제외,77,5690,0.132498,0.80311,0.631706,0.191529,0.044267,
야간(20~01시),민감도: 기타 실패 제외,78,5540,0.129005,0.807642,0.634757,0.191971,0.044267,
야간(20~01시),민감도: 기타 실패 제외,79,5388,0.125466,0.812295,0.637877,0.192367,0.04429,
야간(20~01시),민감도: 기타 실패 제외,80,5237,0.12195,0.816894,0.640951,0.192786,0.044314,
야간(20~01시),민감도: 기타 실패 제외,81,5089,0.118503,0.821089,0.643745,0.193438,0.044314,
야간(20~01시),민감도: 기타 실패 제외,82,4953,0.115336,0.825203,0.64647,0.193834,0.04436,
야간(20~01시),민감도: 기타 실패 제외,83,4795,0.111657,0.830179,0.649753,0.19423,0.04436,
야간(20~01시),민감도: 기타 실패 제외,84,4650,0.108281,0.83457,0.652641,0.194719,0.04436,
야간(20~01시),민감도: 기타 실패 제외,85,4519,0.10523,0.838626,0.655295,0.195068,0.044407,
야간(20~01시),민감도: 기타 실패 제외,86,4432,0.103204,0.841411,0.657112,0.195254,0.04443,
야간(20~01시),민감도: 기타 실패 제외,87,4327,0.100759,0.84456,0.659161,0.195627,0.044453,
야간(20~01시),민감도: 기타 실패 제외,88,4222,0.098314,0.847614,0.66114,0.196069,0.044477,
야간(20~01시),민감도: 기타 실패 제외,89,4141,0.096428,0.850068,0.662724,0.196372,0.044477,
야간(20~01시),민감도: 기타 실패 제외,90,4033,0.093913,0.853544,0.664959,0.196628,0.0445,
야간(20~01시),민감도: 기타 실패 제외,91,3864,0.089978,0.859136,0.668545,0.196977,0.0445,
야간(20~01시),민감도: 기타 실패 제외,92,3683,0.085763,0.865224,0.672434,0.197303,0.0445,
야간(20~01시),민감도: 기타 실패 제외,93,3520,0.081967,0.87086,0.67602,0.197513,0.0445,
야간(20~01시),민감도: 기타 실패 제외,94,3364,0.078335,0.87629,0.679466,0.197699,0.0445,
야간(20~01시),민감도: 기타 실패 제외,95,3224,0.075075,0.881291,0.682633,0.197792,0.0445,
야간(20~01시),민감도: 기타 실패 제외,96,3098,0.07214,0.885525,0.685311,0.198025,0.044523,
야간(20~01시),민감도: 기타 실패 제외,97,2968,0.069113,0.889849,0.688036,0.198328,0.044523,
야간(20~01시),민감도: 기타 실패 제외,98,2848,0.066319,0.89408,0.69069,0.198468,0.044523,
야간(20~01시),민감도: 기타 실패 제외,99,2717,0.063268,0.898468,0.693438,0.19877,0.044523,
야간(20~01시),민감도: 기타 실패 제외,100,2608,0.06073,0.90228,0.695813,0.19891,0.044546,
야간(20~01시),민감도: 기타 실패 제외,101,2504,0.058308,0.905727,0.697955,0.199166,0.04457,
야간(20~01시),민감도: 기타 실패 제외,102,2404,0.05598,0.909078,0.700028,0.199399,0.044593,
야간(20~01시),민감도: 기타 실패 제외,103,2298,0.053512,0.913011,0.70245,0.199446,0.044593,
야간(20~01시),민감도: 기타 실패 제외,104,2205,0.051346,0.91638,0.704522,0.199516,0.044616,
야간(20~01시),민감도: 기타 실패 제외,105,2125,0.049483,0.919224,0.706269,0.199632,0.044616,
야간(20~01시),민감도: 기타 실패 제외,106,2045,0.04762,0.921999,0.707969,0.199795,0.044616,
야간(20~01시),민감도: 기타 실패 제외,107,1949,0.045385,0.925165,0.709901,0.200098,0.044616,
야간(20~01시),민감도: 기타 실패 제외,108,1883,0.043848,0.927469,0.711298,0.200238,0.044616,
야간(20~01시),민감도: 기타 실패 제외,109,1808,0.042101,0.930281,0.712998,0.200284,0.044616,
야간(20~01시),민감도: 기타 실패 제외,110,1739,0.040495,0.932826,0.714535,0.200354,0.044616,
야간(20~01시),민감도: 기타 실패 제외,111,1686,0.03926,0.934757,0.7157,0.200424,0.044616,
야간(20~01시),민감도: 기타 실패 제외,112,1614,0.037584,0.937234,0.71719,0.200587,0.04464,
야간(20~01시),민감도: 기타 실패 제외,113,1535,0.035744,0.940034,0.718866,0.200727,0.044663,
야간(20~01시),민감도: 기타 실패 제외,114,1473,0.0343,0.9423,0.720217,0.20082,0.044663,
야간(20~01시),민감도: 기타 실패 제외,115,1410,0.032833,0.944611,0.721591,0.200913,0.044663,
야간(20~01시),민감도: 기타 실패 제외,116,1356,0.031576,0.946457,0.722685,0.201053,0.044686,
야간(20~01시),민감도: 기타 실패 제외,117,1299,0.030249,0.948629,0.723966,0.201099,0.044686,
야간(20~01시),민감도: 기타 실패 제외,118,1255,0.029224,0.95029,0.724944,0.201146,0.044686,
야간(20~01시),민감도: 기타 실패 제외,119,1201,0.027967,0.952231,0.726085,0.201262,0.044686,
야간(20~01시),민감도: 기타 실패 제외,120,1162,0.027058,0.953702,0.726947,0.201285,0.044709,
야간(20~01시),민감도: 기타 실패 제외,121,1110,0.025848,0.955575,0.728041,0.201402,0.044709,
야간(20~01시),민감도: 기타 실패 제외,122,1058,0.024637,0.957616,0.729229,0.201425,0.044709,
야간(20~01시),민감도: 기타 실패 제외,123,1003,0.023356,0.959699,0.73044,0.201495,0.044709,
야간(20~01시),민감도: 기타 실패 제외,124,957,0.022285,0.961387,0.731418,0.201588,0.044709,
야간(20~01시),민감도: 기타 실패 제외,125,923,0.021493,0.962718,0.732186,0.201611,0.044709,
야간(20~01시),민감도: 기타 실패 제외,126,901,0.020981,0.963445,0.732605,0.201705,0.044709,
야간(20~01시),민감도: 기타 실패 제외,127,866,0.020166,0.964865,0.73342,0.201705,0.044709,
야간(20~01시),민감도: 기타 실패 제외,128,839,0.019537,0.96592,0.734026,0.201728,0.044709,
야간(20~01시),민감도: 기타 실패 제외,129,803,0.018699,0.96722,0.734771,0.201821,0.044709,
야간(20~01시),민감도: 기타 실패 제외,130,765,0.017814,0.96869,0.735609,0.201868,0.044709,
야간(20~01시),민감도: 기타 실패 제외,131,719,0.016743,0.970368,0.736564,0.201984,0.044709,
야간(20~01시),민감도: 기타 실패 제외,132,691,0.016091,0.97148,0.737193,0.202007,0.044709,
야간(20~01시),민감도: 기타 실패 제외,133,665,0.015485,0.972347,0.737682,0.202124,0.044709,
야간(20~01시),민감도: 기타 실패 제외,134,643,0.014973,0.973179,0.738147,0.20217,0.044709,
야간(20~01시),민감도: 기타 실패 제외,135,609,0.014181,0.974597,0.738939,0.20217,0.044709,
야간(20~01시),민감도: 기타 실패 제외,136,583,0.013576,0.97564,0.739521,0.20217,0.044733,
야간(20~01시),민감도: 기타 실패 제외,137,559,0.013017,0.976559,0.740034,0.202217,0.044733,
야간(20~01시),민감도: 기타 실패 제외,138,531,0.012365,0.977649,0.740639,0.202263,0.044733,
야간(20~01시),민감도: 기타 실패 제외,139,511,0.011899,0.978449,0.741081,0.202287,0.044733,
야간(20~01시),민감도: 기타 실패 제외,140,498,0.011596,0.978955,0.741361,0.202287,0.044756,
야간(20~01시),민감도: 기타 실패 제외,141,472,0.010991,0.979969,0.74192,0.20231,0.044779,
야간(20~01시),민감도: 기타 실패 제외,142,455,0.010595,0.980691,0.742316,0.20231,0.044779,
야간(20~01시),민감도: 기타 실패 제외,143,426,0.00992,0.981794,0.742921,0.20238,0.044779,
야간(20~01시),민감도: 기타 실패 제외,144,413,0.009617,0.98235,0.743224,0.20238,0.044779,
야간(20~01시),민감도: 기타 실패 제외,145,393,0.009151,0.983205,0.743689,0.20238,0.044779,
야간(20~01시),민감도: 기타 실패 제외,146,384,0.008942,0.983546,0.743876,0.202403,0.044779,
야간(20~01시),민감도: 기타 실패 제외,147,369,0.008593,0.984061,0.744155,0.202473,0.044779,
야간(20~01시),민감도: 기타 실패 제외,148,351,0.008173,0.984838,0.744574,0.202473,0.044779,
야간(20~01시),민감도: 기타 실패 제외,149,331,0.007708,0.985659,0.745017,0.202496,0.044779,
야간(20~01시),민감도: 기타 실패 제외,150,318,0.007405,0.986092,0.74525,0.202566,0.044779,
야간(20~01시),민감도: 기타 실패 제외,151,303,0.007056,0.986661,0.745552,0.202613,0.044779,
야간(20~01시),민감도: 기타 실패 제외,152,288,0.006706,0.987277,0.745878,0.202636,0.044779,
야간(20~01시),민감도: 기타 실패 제외,153,277,0.00645,0.987719,0.746111,0.202659,0.044779,
야간(20~01시),민감도: 기타 실패 제외,154,269,0.006264,0.988029,0.746274,0.202683,0.044779,
야간(20~01시),민감도: 기타 실패 제외,155,255,0.005938,0.988608,0.746577,0.202706,0.044779,
야간(20~01시),민감도: 기타 실패 제외,156,244,0.005682,0.989099,0.746833,0.202706,0.044779,
야간(20~01시),민감도: 기타 실패 제외,157,234,0.005449,0.989412,0.746996,0.202776,0.044779,
야간(20~01시),민감도: 기타 실패 제외,158,225,0.005239,0.989819,0.747206,0.202776,0.044779,
야간(20~01시),민감도: 기타 실패 제외,159,213,0.00496,0.990362,0.747485,0.202776,0.044779,
야간(20~01시),민감도: 기타 실패 제외,160,208,0.004844,0.990588,0.747602,0.202776,0.044779,
야간(20~01시),민감도: 기타 실패 제외,161,202,0.004704,0.990815,0.747718,0.202799,0.044779,
야간(20~01시),민감도: 기타 실패 제외,162,193,0.004494,0.991224,0.747928,0.202799,0.044779,
야간(20~01시),민감도: 기타 실패 제외,163,186,0.004331,0.991542,0.748091,0.202799,0.044779,
야간(20~01시),민감도: 기타 실패 제외,164,179,0.004168,0.99186,0.748254,0.202799,0.044779,
야간(20~01시),민감도: 기타 실패 제외,165,173,0.004029,0.992133,0.748393,0.202799,0.044779,
야간(20~01시),민감도: 기타 실패 제외,166,162,0.003772,0.992588,0.748626,0.202822,0.044779,
야간(20~01시),민감도: 기타 실패 제외,167,155,0.003609,0.992817,0.748743,0.202869,0.044779,
야간(20~01시),민감도: 기타 실패 제외,168,151,0.003516,0.993002,0.748836,0.202869,0.044779,
야간(20~01시),민감도: 기타 실패 제외,169,143,0.00333,0.993373,0.749022,0.202869,0.044779,
야간(20~01시),민감도: 기타 실패 제외,170,135,0.003144,0.993744,0.749208,0.202869,0.044779,
야간(20~01시),민감도: 기타 실패 제외,171,131,0.00305,0.993929,0.749301,0.202869,0.044779,
야간(20~01시),민감도: 기타 실패 제외,172,125,0.002911,0.994207,0.749441,0.202869,0.044779,
야간(20~01시),민감도: 기타 실패 제외,173,123,0.002864,0.994253,0.749464,0.202892,0.044779,
야간(20~01시),민감도: 기타 실패 제외,174,117,0.002724,0.994534,0.749604,0.202892,0.044779,
야간(20~01시),민감도: 기타 실패 제외,175,114,0.002655,0.994674,0.749674,0.202892,0.044779,
야간(20~01시),민감도: 기타 실패 제외,176,109,0.002538,0.994907,0.74979,0.202892,0.044779,
야간(20~01시),민감도: 기타 실패 제외,177,105,0.002445,0.995094,0.749884,0.202892,0.044779,
야간(20~01시),민감도: 기타 실패 제외,178,101,0.002352,0.995281,0.749977,0.202892,0.044779,
야간(20~01시),민감도: 기타 실패 제외,179,100,0.002329,0.995328,0.75,0.202892,0.044779,
야간(20~01시),민감도: 기타 실패 제외,180,97,0.002259,0.995468,0.75007,0.202892,0.044779,
야간(20~01시),민감도: 재접수 취소 콜 제외(에피소드),0,41061,1.0,0.0,0.0,0.0,,0.0
야간(20~01시),민감도: 재접수 취소 콜 제외(에피소드),1,39931,0.97248,0.00017,0.00017,0.02735,,0.0
야간(20~01시),민감도: 재접수 취소 콜 제외(에피소드),2,39389,0.95928,0.000897,0.000877,0.039843,,0.0
야간(20~01시),민감도: 재접수 취소 콜 제외(에피소드),3,39130,0.952972,0.001302,0.001266,0.045737,,2.4e-05
야간(20~01시),민감도: 재접수 취소 콜 제외(에피소드),4,38883,0.946957,0.001583,0.001534,0.051484,,2.4e-05
야간(20~01시),민감도: 재접수 취소 콜 제외(에피소드),5,38677,0.94194,0.002071,0.001997,0.056039,,2.4e-05
야간(20~01시),민감도: 재접수 취소 콜 제외(에피소드),6,38469,0.936874,0.002561,0.00246,0.060641,,2.4e-05
야간(20~01시),민감도: 재접수 취소 콜 제외(에피소드),7,38251,0.931565,0.003132,0.002996,0.065366,,7.3e-05
야간(20~01시),민감도: 재접수 취소 콜 제외(에피소드),8,38037,0.926353,0.004044,0.003848,0.069726,,7.3e-05
야간(20~01시),민감도: 재접수 취소 콜 제외(에피소드),9,37812,0.920874,0.005405,0.005114,0.073939,,7.3e-05
야간(20~01시),민감도: 재접수 취소 콜 제외(에피소드),10,37574,0.915078,0.007194,0.00677,0.078079,,7.3e-05
야간(20~01시),민감도: 재접수 취소 콜 제외(에피소드),11,37308,0.908599,0.010074,0.009425,0.081903,,7.3e-05
야간(20~01시),민감도: 재접수 취소 콜 제외(에피소드),12,37020,0.901585,0.013391,0.012469,0.085872,,7.3e-05
야간(20~01시),민감도: 재접수 취소 콜 제외(에피소드),13,36667,0.892988,0.018455,0.017097,0.089842,,7.3e-05
야간(20~01시),민감도: 재접수 취소 콜 제외(에피소드),14,36311,0.884318,0.024263,0.022381,0.093227,,7.3e-05
야간(20~01시),민감도: 재접수 취소 콜 제외(에피소드),15,35918,0.874747,0.030874,0.028372,0.096807,,7.3e-05
야간(20~01시),민감도: 재접수 취소 콜 제외(에피소드),16,35447,0.863277,0.039751,0.036385,0.100265,,7.3e-05
야간(20~01시),민감도: 재접수 취소 콜 제외(에피소드),17,34984,0.852001,0.048365,0.044129,0.103797,,7.3e-05
야간(20~01시),민감도: 재접수 취소 콜 제외(에피소드),18,34484,0.839824,0.058104,0.052848,0.107255,,7.3e-05
야간(20~01시),민감도: 재접수 취소 콜 제외(에피소드),19,33969,0.827281,0.068947,0.062517,0.110129,,7.3e-05
야간(20~01시),민감도: 재접수 취소 콜 제외(에피소드),20,33346,0.812109,0.082597,0.074645,0.113173,,7.3e-05
야간(20~01시),민감도: 재접수 취소 콜 제외(에피소드),21,32698,0.796327,0.096958,0.087358,0.116242,,7.3e-05
야간(20~01시),민감도: 재접수 취소 콜 제외(에피소드),22,31993,0.779158,0.112728,0.101264,0.119505,,7.3e-05
야간(20~01시),민감도: 재접수 취소 콜 제외(에피소드),23,31335,0.763133,0.128147,0.114805,0.121989,,7.3e-05
야간(20~01시),민감도: 재접수 취소 콜 제외(에피소드),24,30606,0.745379,0.14512,0.129661,0.124887,,7.3e-05
야간(20~01시),민감도: 재접수 취소 콜 제외(에피소드),25,29844,0.726821,0.163387,0.145588,0.127493,,9.7e-05
야간(20~01시),민감도: 재접수 취소 콜 제외(에피소드),26,29090,0.708458,0.18074,0.160663,0.130757,,0.000122
야간(20~01시),민감도: 재접수 취소 콜 제외(에피소드),27,28295,0.689097,0.199721,0.177078,0.133704,,0.000122
야간(20~01시),민감도: 재접수 취소 콜 제외(에피소드),28,27517,0.670149,0.218586,0.193322,0.136407,,0.000122
야간(20~01시),민감도: 재접수 취소 콜 제외(에피소드),29,26705,0.650374,0.238124,0.210078,0.139427,,0.000122
야간(20~01시),민감도: 재접수 취소 콜 제외(에피소드),30,25901,0.630793,0.257724,0.226809,0.142276,,0.000122
야간(20~01시),민감도: 재접수 취소 콜 제외(에피소드),31,25043,0.609897,0.278357,0.244344,0.145637,,0.000122
야간(20~01시),민감도: 재접수 취소 콜 제외(에피소드),32,24223,0.589927,0.298385,0.26127,0.148681,,0.000122
야간(20~01시),민감도: 재접수 취소 콜 제외(에피소드),33,23442,0.570907,0.317907,0.277684,0.151287,,0.000122
야간(20~01시),민감도: 재접수 취소 콜 제외(에피소드),34,22688,0.552544,0.337286,0.293904,0.153406,,0.000146
야간(20~01시),민감도: 재접수 취소 콜 제외(에피소드),35,21973,0.535131,0.355279,0.308906,0.155817,,0.000146
야간(20~01시),민감도: 재접수 취소 콜 제외(에피소드),36,21262,0.517815,0.373969,0.32442,0.15757,,0.000195
야간(20~01시),민감도: 재접수 취소 콜 제외(에피소드),37,20546,0.500377,0.392754,0.339958,0.159446,,0.000219
야간(20~01시),민감도: 재접수 취소 콜 제외(에피소드),38,19897,0.484572,0.409778,0.353986,0.161224,,0.000219
야간(20~01시),민감도: 재접수 취소 콜 제외(에피소드),39,19240,0.468571,0.426835,0.367989,0.163172,,0.000268
야간(20~01시),민감도: 재접수 취소 콜 제외(에피소드),40,18598,0.452936,0.443875,0.38192,0.164877,,0.000268
야간(20~01시),민감도: 재접수 취소 콜 제외(에피소드),41,17984,0.437983,0.460142,0.395168,0.166581,,0.000268
야간(20~01시),민감도: 재접수 취소 콜 제외(에피소드),42,17361,0.42281,0.476802,0.408685,0.168213,,0.000292
야간(20~01시),민감도: 재접수 취소 콜 제외(에피소드),43,16780,0.40866,0.492865,0.421665,0.169382,,0.000292
야간(20~01시),민감도: 재접수 취소 콜 제외(에피소드),44,16231,0.39529,0.507674,0.433599,0.170819,,0.000292
야간(20~01시),민감도: 재접수 취소 콜 제외(에피소드),45,15669,0.381603,0.522598,0.445581,0.172499,,0.000317
야간(20~01시),민감도: 재접수 취소 콜 제외(에피소드),46,15179,0.36967,0.535882,0.456199,0.173815,,0.000317
야간(20~01시),민감도: 재접수 취소 콜 제외(에피소드),47,14646,0.356689,0.550253,0.467646,0.175349,,0.000317
야간(20~01시),민감도: 재접수 취소 콜 제외(에피소드),48,14175,0.345218,0.563396,0.478069,0.176396,,0.000317
야간(20~01시),민감도: 재접수 취소 콜 제외(에피소드),49,13694,0.333504,0.576671,0.488566,0.177565,,0.000365
야간(20~01시),민감도: 재접수 취소 콜 제외(에피소드),50,13235,0.322325,0.589253,0.498478,0.178831,,0.000365
야간(20~01시),민감도: 재접수 취소 콜 제외(에피소드),51,12838,0.312657,0.600053,0.506953,0.180025,,0.000365
야간(20~01시),민감도: 재접수 취소 콜 제외(에피소드),52,12430,0.30272,0.611393,0.515818,0.181096,,0.000365
야간(20~01시),민감도: 재접수 취소 콜 제외(에피소드),53,12053,0.293539,0.621772,0.523903,0.182192,,0.000365
야간(20~01시),민감도: 재접수 취소 콜 제외(에피소드),54,11691,0.284723,0.631971,0.531819,0.183093,,0.000365
야간(20~01시),민감도: 재접수 취소 콜 제외(에피소드),55,11320,0.275687,0.642296,0.539807,0.184092,,0.000414
야간(20~01시),민감도: 재접수 취소 콜 제외(에피소드),56,10986,0.267553,0.651428,0.546845,0.185164,,0.000438
야간(20~01시),민감도: 재접수 취소 콜 제외(에피소드),57,10607,0.258323,0.661899,0.554882,0.186357,,0.000438
야간(20~01시),민감도: 재접수 취소 콜 제외(에피소드),58,10283,0.250432,0.671143,0.561944,0.187185,,0.000438
야간(20~01시),민감도: 재접수 취소 콜 제외(에피소드),59,9980,0.243053,0.679873,0.568593,0.187916,,0.000438
야간(20~01시),민감도: 재접수 취소 콜 제외(에피소드),60,9667,0.23543,0.688791,0.575363,0.188768,,0.000438
야간(20~01시),민감도: 재접수 취소 콜 제외(에피소드),61,9377,0.228368,0.696936,0.581525,0.189645,,0.000463
야간(20~01시),민감도: 재접수 취소 콜 제외(에피소드),62,9100,0.221621,0.70466,0.587346,0.19057,,0.000463
야간(20~01시),민감도: 재접수 취소 콜 제외(에피소드),63,8806,0.214461,0.712904,0.593532,0.191544,,0.000463
야간(20~01시),민감도: 재접수 취소 콜 제외(에피소드),64,8564,0.208568,0.720044,0.598865,0.192104,,0.000463
야간(20~01시),민감도: 재접수 취소 콜 제외(에피소드),65,8290,0.201895,0.728085,0.604856,0.192786,,0.000463
야간(20~01시),민감도: 재접수 취소 콜 제외(에피소드),66,8040,0.195806,0.735269,0.61019,0.193517,,0.000487
야간(20~01시),민감도: 재접수 취소 콜 제외(에피소드),67,7787,0.189645,0.742611,0.615621,0.194248,,0.000487
야간(20~01시),민감도: 재접수 취소 콜 제외(에피소드),68,7514,0.182996,0.750742,0.621612,0.194905,,0.000487
야간(20~01시),민감도: 재접수 취소 콜 제외(에피소드),69,7300,0.177784,0.757045,0.626239,0.19549,,0.000487
야간(20~01시),민감도: 재접수 취소 콜 제외(에피소드),70,7054,0.171793,0.764134,0.631426,0.196245,,0.000536
야간(20~01시),민감도: 재접수 취소 콜 제외(에피소드),71,6813,0.165924,0.771189,0.636565,0.196951,,0.00056
야간(20~01시),민감도: 재접수 취소 콜 제외(에피소드),72,6607,0.160907,0.777302,0.640998,0.197535,,0.00056
야간(20~01시),민감도: 재접수 취소 콜 제외(에피소드),73,6412,0.156158,0.783268,0.645308,0.197949,,0.000584
야간(20~01시),민감도: 재접수 취소 콜 제외(에피소드),74,6223,0.151555,0.788845,0.649327,0.198534,,0.000584
야간(20~01시),민감도: 재접수 취소 콜 제외(에피소드),75,6023,0.146684,0.794647,0.653491,0.19924,,0.000584
야간(20~01시),민감도: 재접수 취소 콜 제외(에피소드),76,5856,0.142617,0.799625,0.657047,0.199727,,0.000609
야간(20~01시),민감도: 재접수 취소 콜 제외(에피소드),77,5683,0.138404,0.804723,0.660676,0.200312,,0.000609
야간(20~01시),민감도: 재접수 취소 콜 제외(에피소드),78,5533,0.134751,0.809225,0.663866,0.200774,,0.000609
야간(20~01시),민감도: 재접수 취소 콜 제외(에피소드),79,5381,0.131049,0.813845,0.667129,0.201188,,0.000633
야간(20~01시),민감도: 재접수 취소 콜 제외(에피소드),80,5231,0.127396,0.818412,0.670344,0.201627,,0.000633
야간(20~01시),민감도: 재접수 취소 콜 제외(에피소드),81,5081,0.123743,0.822577,0.673267,0.202309,,0.000682
야간(20~01시),민감도: 재접수 취소 콜 제외(에피소드),82,4947,0.120479,0.826663,0.676116,0.202723,,0.000682
야간(20~01시),민감도: 재접수 취소 콜 제외(에피소드),83,4789,0.116631,0.831603,0.67955,0.203137,,0.000682
야간(20~01시),민감도: 재접수 취소 콜 제외(에피소드),84,4644,0.1131,0.835963,0.68257,0.203648,,0.000682
야간(20~01시),민감도: 재접수 취소 콜 제외(에피소드),85,4515,0.109958,0.83999,0.685346,0.204014,,0.000682
야간(20~01시),민감도: 재접수 취소 콜 제외(에피소드),86,4428,0.10784,0.842754,0.687246,0.204208,,0.000706
야간(20~01시),민감도: 재접수 취소 콜 제외(에피소드),87,4324,0.105307,0.845879,0.689389,0.204598,,0.000706
야간(20~01시),민감도: 재접수 취소 콜 제외(에피소드),88,4220,0.102774,0.848909,0.691459,0.205061,,0.000706
야간(20~01시),민감도: 재접수 취소 콜 제외(에피소드),89,4138,0.100777,0.851344,0.693115,0.205377,,0.000731
야간(20~01시),민감도: 재접수 취소 콜 제외(에피소드),90,4031,0.098171,0.854793,0.695453,0.205645,,0.000731
야간(20~01시),민감도: 재접수 취소 콜 제외(에피소드),91,3862,0.094055,0.86034,0.699204,0.206011,,0.000731
야간(20~01시),민감도: 재접수 취소 콜 제외(에피소드),92,3681,0.089647,0.866379,0.703271,0.206352,,0.000731
야간(20~01시),민감도: 재접수 취소 콜 제외(에피소드),93,3518,0.085677,0.871969,0.707021,0.206571,,0.000731
야간(20~01시),민감도: 재접수 취소 콜 제외(에피소드),94,3362,0.081878,0.877356,0.710626,0.206766,,0.000731
야간(20~01시),민감도: 재접수 취소 콜 제외(에피소드),95,3222,0.078469,0.882317,0.713938,0.206863,,0.000731
야간(20~01시),민감도: 재접수 취소 콜 제외(에피소드),96,3097,0.075424,0.886517,0.716739,0.207107,,0.000731
야간(20~01시),민감도: 재접수 취소 콜 제외(에피소드),97,2967,0.072258,0.890804,0.719588,0.207423,,0.000731
야간(20~01시),민감도: 재접수 취소 콜 제외(에피소드),98,2847,0.069336,0.895,0.722364,0.207569,,0.000731
야간(20~01시),민감도: 재접수 취소 콜 제외(에피소드),99,2716,0.066145,0.899352,0.725238,0.207886,,0.000731
야간(20~01시),민감도: 재접수 취소 콜 제외(에피소드),100,2608,0.063515,0.903132,0.727722,0.208032,,0.000731
야간(20~01시),민감도: 재접수 취소 콜 제외(에피소드),101,2505,0.061007,0.906549,0.729963,0.2083,,0.000731
야간(20~01시),민감도: 재접수 취소 콜 제외(에피소드),102,2406,0.058596,0.909869,0.73213,0.208543,,0.000731
야간(20~01시),민감도: 재접수 취소 콜 제외(에피소드),103,2299,0.05599,0.913765,0.734663,0.208592,,0.000755
야간(20~01시),민감도: 재접수 취소 콜 제외(에피소드),104,2207,0.053749,0.917103,0.736831,0.208665,,0.000755
야간(20~01시),민감도: 재접수 취소 콜 제외(에피소드),105,2127,0.051801,0.91992,0.738657,0.208787,,0.000755
야간(20~01시),민감도: 재접수 취소 콜 제외(에피소드),106,2047,0.049853,0.922669,0.740435,0.208957,,0.000755
야간(20~01시),민감도: 재접수 취소 콜 제외(에피소드),107,1951,0.047515,0.925804,0.742456,0.209274,,0.000755
야간(20~01시),민감도: 재접수 취소 콜 제외(에피소드),108,1885,0.045907,0.928086,0.743918,0.20942,,0.000755
야간(20~01시),민감도: 재접수 취소 콜 제외(에피소드),109,1810,0.044081,0.930871,0.745695,0.209469,,0.000755
야간(20~01시),민감도: 재접수 취소 콜 제외(에피소드),110,1741,0.0424,0.933392,0.747303,0.209542,,0.000755
야간(20~01시),민감도: 재접수 취소 콜 제외(에피소드),111,1688,0.04111,0.935305,0.74852,0.209615,,0.000755
야간(20~01시),민감도: 재접수 취소 콜 제외(에피소드),112,1617,0.03938,0.937758,0.750079,0.209785,,0.000755
야간(20~01시),민감도: 재접수 취소 콜 제외(에피소드),113,1539,0.037481,0.940529,0.751833,0.209932,,0.000755
야간(20~01시),민감도: 재접수 취소 콜 제외(에피소드),114,1477,0.035971,0.94277,0.753245,0.210029,,0.000755
야간(20~01시),민감도: 재접수 취소 콜 제외(에피소드),115,1414,0.034437,0.945057,0.754682,0.210126,,0.000755
야간(20~01시),민감도: 재접수 취소 콜 제외(에피소드),116,1361,0.033146,0.946883,0.755827,0.210273,,0.000755
야간(20~01시),민감도: 재접수 취소 콜 제외(에피소드),117,1304,0.031758,0.949029,0.757166,0.210321,,0.000755
야간(20~01시),민감도: 재접수 취소 콜 제외(에피소드),118,1260,0.030686,0.950671,0.758189,0.21037,,0.000755
야간(20~01시),민감도: 재접수 취소 콜 제외(에피소드),119,1206,0.029371,0.952589,0.759382,0.210492,,0.000755
야간(20~01시),민감도: 재접수 취소 콜 제외(에피소드),120,1168,0.028445,0.954044,0.760283,0.210516,,0.000755
야간(20~01시),민감도: 재접수 취소 콜 제외(에피소드),121,1116,0.027179,0.955893,0.761428,0.210638,,0.000755
야간(20~01시),민감도: 재접수 취소 콜 제외(에피소드),122,1063,0.025888,0.957909,0.76267,0.210662,,0.000779
야간(20~01시),민감도: 재접수 취소 콜 제외(에피소드),123,1008,0.024549,0.959968,0.763937,0.210735,,0.000779
야간(20~01시),민감도: 재접수 취소 콜 제외(에피소드),124,962,0.023429,0.961636,0.764959,0.210833,,0.000779
야간(20~01시),민감도: 재접수 취소 콜 제외(에피소드),125,928,0.022601,0.962952,0.765763,0.210857,,0.000779
야간(20~01시),민감도: 재접수 취소 콜 제외(에피소드),126,906,0.022065,0.96367,0.766202,0.210954,,0.000779
야간(20~01시),민감도: 재접수 취소 콜 제외(에피소드),127,871,0.021212,0.965074,0.767054,0.210954,,0.000779
야간(20~01시),민감도: 재접수 취소 콜 제외(에피소드),128,844,0.020555,0.966117,0.767687,0.210979,,0.000779
야간(20~01시),민감도: 재접수 취소 콜 제외(에피소드),129,808,0.019678,0.967401,0.768466,0.211076,,0.000779
야간(20~01시),민감도: 재접수 취소 콜 제외(에피소드),130,769,0.018728,0.968854,0.769343,0.211125,,0.000804
야간(20~01시),민감도: 재접수 취소 콜 제외(에피소드),131,723,0.017608,0.970514,0.770342,0.211247,,0.000804
야간(20~01시),민감도: 재접수 취소 콜 제외(에피소드),132,695,0.016926,0.971615,0.770999,0.211271,,0.000804
야간(20~01시),민감도: 재접수 취소 콜 제외(에피소드),133,669,0.016293,0.972473,0.771511,0.211393,,0.000804
야간(20~01시),민감도: 재접수 취소 콜 제외(에피소드),134,647,0.015757,0.973296,0.771998,0.211442,,0.000804
야간(20~01시),민감도: 재접수 취소 콜 제외(에피소드),135,613,0.014929,0.974699,0.772826,0.211442,,0.000804
야간(20~01시),민감도: 재접수 취소 콜 제외(에피소드),136,588,0.01432,0.975731,0.773435,0.211442,,0.000804
야간(20~01시),민감도: 재접수 취소 콜 제외(에피소드),137,564,0.013736,0.976639,0.77397,0.21149,,0.000804
야간(20~01시),민감도: 재접수 취소 콜 제외(에피소드),138,536,0.013054,0.977716,0.774604,0.211539,,0.000804
야간(20~01시),민감도: 재접수 취소 콜 제외(에피소드),139,516,0.012567,0.978506,0.775066,0.211563,,0.000804
야간(20~01시),민감도: 재접수 취소 콜 제외(에피소드),140,504,0.012274,0.979006,0.775359,0.211563,,0.000804
야간(20~01시),민감도: 재접수 취소 콜 제외(에피소드),141,479,0.011666,0.980006,0.775943,0.211588,,0.000804
야간(20~01시),민감도: 재접수 취소 콜 제외(에피소드),142,462,0.011252,0.980715,0.776357,0.211588,,0.000804
야간(20~01시),민감도: 재접수 취소 콜 제외(에피소드),143,433,0.010545,0.9818,0.77699,0.211661,,0.000804
야간(20~01시),민감도: 재접수 취소 콜 제외(에피소드),144,419,0.010204,0.982347,0.777307,0.211661,,0.000828
야간(20~01시),민감도: 재접수 취소 콜 제외(에피소드),145,399,0.009717,0.983189,0.777794,0.211661,,0.000828
야간(20~01시),민감도: 재접수 취소 콜 제외(에피소드),146,389,0.009474,0.983527,0.777989,0.211685,,0.000852
야간(20~01시),민감도: 재접수 취소 콜 제외(에피소드),147,374,0.009108,0.984035,0.778281,0.211758,,0.000852
야간(20~01시),민감도: 재접수 취소 콜 제외(에피소드),148,356,0.00867,0.984803,0.778719,0.211758,,0.000852
야간(20~01시),민감도: 재접수 취소 콜 제외(에피소드),149,336,0.008183,0.985614,0.779182,0.211782,,0.000852
야간(20~01시),민감도: 재접수 취소 콜 제외(에피소드),150,323,0.007866,0.986042,0.779426,0.211856,,0.000852
야간(20~01시),민감도: 재접수 취소 콜 제외(에피소드),151,307,0.007477,0.986604,0.779742,0.211904,,0.000877
야간(20~01시),민감도: 재접수 취소 콜 제외(에피소드),152,292,0.007111,0.987215,0.780083,0.211929,,0.000877
야간(20~01시),민감도: 재접수 취소 콜 제외(에피소드),153,281,0.006843,0.987653,0.780327,0.211953,,0.000877
야간(20~01시),민감도: 재접수 취소 콜 제외(에피소드),154,273,0.006649,0.98796,0.780497,0.211977,,0.000877
야간(20~01시),민감도: 재접수 취소 콜 제외(에피소드),155,258,0.006283,0.988534,0.780814,0.212002,,0.000901
야간(20~01시),민감도: 재접수 취소 콜 제외(에피소드),156,247,0.006015,0.989023,0.781082,0.212002,,0.000901
야간(20~01시),민감도: 재접수 취소 콜 제외(에피소드),157,237,0.005772,0.989334,0.781252,0.212075,,0.000901
야간(20~01시),민감도: 재접수 취소 콜 제외(에피소드),158,228,0.005553,0.989739,0.781471,0.212075,,0.000901
야간(20~01시),민감도: 재접수 취소 콜 제외(에피소드),159,216,0.00526,0.990279,0.781764,0.212075,,0.000901
야간(20~01시),민감도: 재접수 취소 콜 제외(에피소드),160,211,0.005139,0.990504,0.781885,0.212075,,0.000901
야간(20~01시),민감도: 재접수 취소 콜 제외(에피소드),161,205,0.004993,0.990729,0.782007,0.212099,,0.000901
야간(20~01시),민감도: 재접수 취소 콜 제외(에피소드),162,196,0.004773,0.991136,0.782226,0.212099,,0.000901
야간(20~01시),민감도: 재접수 취소 콜 제외(에피소드),163,189,0.004603,0.991452,0.782397,0.212099,,0.000901
야간(20~01시),민감도: 재접수 취소 콜 제외(에피소드),164,182,0.004432,0.991769,0.782567,0.212099,,0.000901
야간(20~01시),민감도: 재접수 취소 콜 제외(에피소드),165,176,0.004286,0.99204,0.782714,0.212099,,0.000901
야간(20~01시),민감도: 재접수 취소 콜 제외(에피소드),166,165,0.004018,0.992493,0.782957,0.212123,,0.000901
야간(20~01시),민감도: 재접수 취소 콜 제외(에피소드),167,158,0.003848,0.99272,0.783079,0.212172,,0.000901
야간(20~01시),민감도: 재접수 취소 콜 제외(에피소드),168,154,0.003751,0.992904,0.783176,0.212172,,0.000901
야간(20~01시),민감도: 재접수 취소 콜 제외(에피소드),169,146,0.003556,0.993273,0.783371,0.212172,,0.000901
야간(20~01시),민감도: 재접수 취소 콜 제외(에피소드),170,138,0.003361,0.993642,0.783566,0.212172,,0.000901
야간(20~01시),민감도: 재접수 취소 콜 제외(에피소드),171,134,0.003263,0.993826,0.783663,0.212172,,0.000901
야간(20~01시),민감도: 재접수 취소 콜 제외(에피소드),172,128,0.003117,0.994102,0.783809,0.212172,,0.000901
야간(20~01시),민감도: 재접수 취소 콜 제외(에피소드),173,126,0.003069,0.994148,0.783834,0.212196,,0.000901
야간(20~01시),민감도: 재접수 취소 콜 제외(에피소드),174,120,0.002922,0.994427,0.78398,0.212196,,0.000901
야간(20~01시),민감도: 재접수 취소 콜 제외(에피소드),175,117,0.002849,0.994566,0.784053,0.212196,,0.000901
야간(20~01시),민감도: 재접수 취소 콜 제외(에피소드),176,112,0.002728,0.994799,0.784175,0.212196,,0.000901
야간(20~01시),민감도: 재접수 취소 콜 제외(에피소드),177,108,0.00263,0.994984,0.784272,0.212196,,0.000901
야간(20~01시),민감도: 재접수 취소 콜 제외(에피소드),178,104,0.002533,0.99517,0.78437,0.212196,,0.000901
야간(20~01시),민감도: 재접수 취소 콜 제외(에피소드),179,103,0.002508,0.995217,0.784394,0.212196,,0.000901
야간(20~01시),민감도: 재접수 취소 콜 제외(에피소드),180,100,0.002435,0.995356,0.784467,0.212196,,0.000901
