unit_id,unit_name,구,시간대,n,수축가중치,60분 내 최종 포기%(원값),60분 내 최종 포기%(수축),60분 내 승차%(원값),60분 내 승차%(수축),60분 내 재접수 취소%(원값),60분 내 재접수 취소%(수축),naive KM 60분 내 승차%(원값),naive KM 60분 내 승차%(수축),naive KM 승차 중앙값(분),구 60분 내 최종 포기%,구 60분 내 승차%,회색(20건 미만),표시(50건 이상·승차60<50%),표시_naive(50건 이상·naive승차60<50%)
U1111051500,청운효자동,종로구,주간(10~14시),2125,0.977,6.306,6.319,74.494,74.672,5.318,5.293,83.447,83.643,35.0,6.883,82.242,False,False,False
U1111053000,사직동,종로구,주간(10~14시),1814,0.973,8.379,8.339,81.422,81.444,3.308,3.333,91.687,91.695,30.0,6.883,82.242,False,False,False
U1111054000,삼청동,종로구,주간(10~14시),323,0.866,6.192,6.285,73.065,74.295,10.217,9.418,87.002,87.668,35.0,6.883,82.242,False,False,False
U1111055000,부암동,종로구,주간(10~14시),461,0.902,8.894,8.697,76.79,77.323,5.857,5.701,89.338,89.595,33.0,6.883,82.242,False,False,False
U1111056000,평창동,종로구,주간(10~14시),653,0.929,6.891,6.891,77.795,78.111,5.207,5.139,87.782,88.08,32.0,6.883,82.242,False,False,False
U1111057000,무악동,종로구,주간(10~14시),531,0.914,7.533,7.477,84.181,84.014,3.766,3.809,93.703,93.554,26.0,6.883,82.242,False,False,False
U1111058000,교남동,종로구,주간(10~14시),2406,0.98,5.653,5.678,81.255,81.275,5.195,5.176,90.593,90.621,27.0,6.883,82.242,False,False,False
U1111060000,가회동,종로구,주간(10~14시),116,0.699,12.069,10.507,71.552,74.772,6.897,6.102,86.219,87.95,30.0,6.883,82.242,False,False,False
U1111061500,종로1·2·3·4가동,종로구,주간(10~14시),4238,0.988,10.878,10.831,80.038,80.063,2.832,2.848,91.756,91.759,30.0,6.883,82.242,False,False,False
U1111063000,종로5·6가동,종로구,주간(10~14시),619,0.925,6.947,6.942,83.683,83.576,1.292,1.514,90.319,90.443,28.0,6.883,82.242,False,False,False
U1111064000,이화동,종로구,주간(10~14시),9334,0.995,5.132,5.141,84.969,84.954,5.046,5.042,94.275,94.262,27.0,6.883,82.242,False,False,False
U1111065000,혜화동,종로구,주간(10~14시),1027,0.954,6.139,6.173,85.577,85.422,2.826,2.893,93.326,93.263,27.0,6.883,82.242,False,False,False
U1111067000,창신1동,종로구,주간(10~14시),662,0.93,7.251,7.225,86.103,85.832,2.266,2.406,95.053,94.837,25.0,6.883,82.242,False,False,False
U1111068000,창신2동,종로구,주간(10~14시),234,0.824,9.829,9.31,81.624,81.733,5.128,4.975,95.836,95.155,26.0,6.883,82.242,False,False,False
U1111069000,창신3동,종로구,주간(10~14시),98,0.662,15.306,12.461,73.469,76.433,2.041,2.79,87.57,89.056,32.0,6.883,82.242,False,False,False
U1111070000,숭인1동,종로구,주간(10~14시),216,0.812,9.259,8.813,82.407,82.376,2.778,3.056,93.309,93.057,28.0,6.883,82.242,False,False,False
U1111071000,숭인2동,종로구,주간(10~14시),873,0.946,4.238,4.382,90.149,89.721,1.489,1.639,95.443,95.255,25.0,6.883,82.242,False,False,False
U1114052000,소공동,중구,주간(10~14시),624,0.926,9.135,8.95,75.801,76.24,5.609,5.474,87.928,88.138,32.0,6.65,81.714,False,False,False
U1114054000,회현동,중구,주간(10~14시),2198,0.978,8.189,8.155,77.252,77.351,7.143,7.068,90.814,90.813,33.0,6.65,81.714,False,False,False
U1114055000,명동,중구,주간(10~14시),1747,0.972,8.815,8.755,76.016,76.175,3.377,3.389,85.85,85.986,36.0,6.65,81.714,False,False,False
U1114057000,필동,중구,주간(10~14시),364,0.879,6.319,6.359,78.846,79.193,6.044,5.771,89.577,89.72,38.0,6.65,81.714,False,False,False
U1114058000,장충동,중구,주간(10~14시),303,0.858,3.63,4.058,80.198,80.413,3.3,3.369,86.083,86.747,37.0,6.65,81.714,False,False,False
U1114059000,광희동,중구,주간(10~14시),1391,0.965,5.751,5.782,86.341,86.18,3.451,3.462,94.906,94.763,27.0,6.65,81.714,False,False,False
U1114060500,을지로동,중구,주간(10~14시),347,0.874,10.951,10.409,76.369,77.042,1.441,1.737,85.887,86.501,34.0,6.65,81.714,False,False,False
U1114061500,신당동,중구,주간(10~14시),236,0.825,9.746,9.205,81.78,81.768,2.966,3.11,93.211,92.783,29.0,6.65,81.714,False,False,False
U1114062500,다산동,중구,주간(10~14시),223,0.817,10.314,9.643,86.099,85.296,0.897,1.426,96.663,95.583,27.0,6.65,81.714,False,False,False
U1114063500,약수동,중구,주간(10~14시),913,0.948,4.6,4.707,88.061,87.732,2.629,2.689,94.588,94.39,28.0,6.65,81.714,False,False,False
U1114064500,청구동,중구,주간(10~14시),584,0.921,3.082,3.364,87.842,87.359,2.397,2.507,92.881,92.714,37.0,6.65,81.714,False,False,False
U1114065000,신당5동,중구,주간(10~14시),781,0.94,3.457,3.649,90.013,89.513,1.536,1.672,94.544,94.316,30.0,6.65,81.714,False,False,False
U1114066500,동화동,중구,주간(10~14시),745,0.937,4.832,4.947,87.248,86.9,2.685,2.754,94.081,93.872,32.0,6.65,81.714,False,False,False
U1114067000,황학동,중구,주간(10~14시),604,0.924,4.139,4.331,90.728,90.039,1.821,1.972,96.327,95.902,26.0,6.65,81.714,False,False,False
U1114068000,중림동,중구,주간(10~14시),714,0.935,6.443,6.456,73.249,73.803,2.801,2.866,79.53,80.265,35.0,6.65,81.714,False,False,False
U1117051000,후암동,용산구,주간(10~14시),738,0.937,6.64,6.639,78.049,78.213,2.168,2.326,85.116,85.443,35.0,6.628,80.631,False,False,False
U1117052000,용산2가동,용산구,주간(10~14시),184,0.786,6.522,6.544,82.065,81.759,3.261,3.558,89.923,89.997,30.0,6.628,80.631,False,False,False
U1117053000,남영동,용산구,주간(10~14시),1620,0.97,9.63,9.54,75.37,75.528,8.21,8.103,91.073,91.049,32.0,6.628,80.631,False,False,False
U1117055500,청파동,용산구,주간(10~14시),1553,0.969,5.151,5.197,82.679,82.615,2.254,2.328,88.827,88.872,32.0,6.628,80.631,False,False,False
U1117056000,원효로1동,용산구,주간(10~14시),714,0.935,6.863,6.847,82.353,82.24,5.462,5.409,93.07,92.887,31.0,6.628,80.631,False,False,False
U1117057000,원효로2동,용산구,주간(10~14시),700,0.933,6.143,6.175,83.286,83.109,6.143,6.043,94.462,94.182,26.0,6.628,80.631,False,False,False
U1117058000,효창동,용산구,주간(10~14시),1406,0.966,6.259,6.272,82.717,82.645,2.845,2.907,90.255,90.256,30.0,6.628,80.631,False,False,False
U1117059000,용문동,용산구,주간(10~14시),265,0.841,9.057,8.671,86.038,85.18,1.509,2.008,95.938,95.038,28.0,6.628,80.631,False,False,False
U1117062500,한강로동,용산구,주간(10~14시),2185,0.978,7.643,7.62,77.208,77.285,7.46,7.397,89.938,89.946,32.0,6.628,80.631,False,False,False
U1117063000,이촌1동,용산구,주간(10~14시),1115,0.957,6.547,6.551,83.677,83.546,4.395,4.406,93.558,93.417,34.0,6.628,80.631,False,False,False
U1117064000,이촌2동,용산구,주간(10~14시),402,0.889,2.736,3.167,90.05,89.008,3.234,3.391,95.66,95.064,29.0,6.628,80.631,False,False,False
U1117065000,이태원1동,용산구,주간(10~14시),467,0.903,9.208,8.958,75.161,75.69,5.139,5.092,86.567,86.925,34.0,6.628,80.631,False,False,False
U1117066000,이태원2동,용산구,주간(10~14시),48,0.49,2.083,4.402,87.5,83.995,0.0,2.373,89.286,89.788,36.0,6.628,80.631,False,False,False
U1117068500,한남동,용산구,주간(10~14시),2291,0.979,4.365,4.413,85.509,85.404,3.623,3.645,92.704,92.652,31.0,6.628,80.631,False,False,False
U1117069000,서빙고동,용산구,주간(10~14시),918,0.948,7.625,7.574,70.697,71.21,3.268,3.339,78.743,79.338,38.0,6.628,80.631,False,False,False
U1117070000,보광동,용산구,주간(10~14시),166,0.769,7.873,7.585,80.617,80.621,5.448,5.264,91.823,91.463,32.0,6.628,80.631,False,False,False
U1120052000,왕십리2동,성동구,주간(10~14시),459,0.902,3.704,3.763,93.682,93.257,1.743,1.867,99.042,98.753,27.0,4.307,89.356,False,False,False
U1120053500,왕십리도선동,성동구,주간(10~14시),3046,0.984,4.104,4.107,90.775,90.752,2.791,2.794,97.165,97.148,25.0,4.307,89.356,False,False,False
U1120054000,마장동,성동구,주간(10~14시),3038,0.984,2.962,2.984,92.001,91.958,2.666,2.672,97.202,97.184,24.0,4.307,89.356,False,False,False
U1120055000,사근동,성동구,주간(10~14시),2448,0.98,3.472,3.489,89.951,89.939,3.758,3.743,96.731,96.718,27.0,4.307,89.356,False,False,False
U1120056000,행당1동,성동구,주간(10~14시),1281,0.962,6.011,5.947,87.119,87.203,2.81,2.818,95.293,95.323,29.0,4.307,89.356,False,False,False
U1120057000,행당2동,성동구,주간(10~14시),624,0.926,4.327,4.325,89.103,89.121,2.083,2.152,95.096,95.17,29.0,4.307,89.356,False,False,False
U1120058000,응봉동,성동구,주간(10~14시),298,0.856,2.685,2.918,84.228,84.965,6.711,6.179,92.324,92.866,29.0,4.307,89.356,False,False,False
U1120059000,금호1가동,성동구,주간(10~14시),835,0.944,4.311,4.311,92.096,91.941,1.078,1.187,97.243,97.178,28.0,4.307,89.356,False,False,False
U1120061500,금호2·3가동,성동구,주간(10~14시),479,0.905,3.34,3.432,88.518,88.597,3.34,3.309,94.584,94.727,29.0,4.307,89.356,False,False,False
U1120062000,금호4가동,성동구,주간(10~14시),312,0.862,8.013,7.501,80.128,81.403,5.128,4.835,91.374,92.026,29.0,4.307,89.356,False,False,False
U1120064500,옥수동,성동구,주간(10~14시),453,0.901,5.298,5.2,87.859,88.008,3.091,3.082,95.444,95.509,29.0,4.307,89.356,False,False,False
U1120065000,성수1가1동,성동구,주간(10~14시),1236,0.961,3.964,3.978,90.291,90.255,2.104,2.139,95.89,95.898,29.0,4.307,89.356,False,False,False
U1120066000,성수1가2동,성동구,주간(10~14시),389,0.886,12.339,11.425,76.093,77.603,4.37,4.215,90.4,91.049,29.0,4.307,89.356,False,False,False
U1120067000,성수2가1동,성동구,주간(10~14시),297,0.856,10.438,9.554,84.512,85.21,1.347,1.586,94.972,95.134,31.0,4.307,89.356,False,False,False
U1120069000,성수2가3동,성동구,주간(10~14시),616,0.925,5.032,4.978,79.545,80.282,6.331,6.081,89.095,89.62,32.0,4.307,89.356,False,False,False
U1120072000,송정동,성동구,주간(10~14시),444,0.899,2.928,3.068,92.342,92.04,3.378,3.341,98.533,98.287,24.0,4.307,89.356,False,False,False
U1120079000,용답동,성동구,주간(10~14시),252,0.834,3.571,3.693,91.667,91.284,1.984,2.153,96.992,96.844,25.0,4.307,89.356,False,False,False
U1121571000,화양동,광진구,주간(10~14시),2663,0.982,3.043,3.066,90.384,90.397,3.305,3.283,96.344,96.358,26.0,4.295,91.078,False,False,False
U1121573000,군자동,광진구,주간(10~14시),593,0.922,5.902,5.777,84.317,84.843,3.035,2.964,92.373,92.74,29.0,4.295,91.078,False,False,False
U1121574000,중곡1동,광진구,주간(10~14시),475,0.905,3.158,3.266,92.632,92.484,2.105,2.107,97.556,97.512,24.0,4.295,91.078,False,False,False
U1121575000,중곡2동,광진구,주간(10~14시),439,0.898,6.15,5.961,88.383,88.658,2.278,2.262,96.193,96.285,25.0,4.295,91.078,False,False,False
U1121576000,중곡3동,광진구,주간(10~14시),775,0.939,3.871,3.897,91.226,91.217,2.968,2.916,97.726,97.688,24.0,4.295,91.078,False,False,False
U1121577000,중곡4동,광진구,주간(10~14시),961,0.951,5.723,5.653,89.386,89.47,1.769,1.786,96.214,96.257,26.0,4.295,91.078,False,False,False
U1121578000,능동,광진구,주간(10~14시),801,0.941,9.238,8.948,84.145,84.552,2.122,2.122,94.253,94.42,25.0,4.295,91.078,False,False,False
U1121581000,광장동,광진구,주간(10~14시),930,0.949,4.731,4.709,90.538,90.565,2.688,2.659,97.473,97.453,22.0,4.295,91.078,False,False,False
U1121582000,자양1동,광진구,주간(10~14시),1361,0.965,2.572,2.633,91.771,91.746,3.159,3.123,97.309,97.301,24.0,4.295,91.078,False,False,False
U1121583000,자양2동,광진구,주간(10~14시),900,0.947,7.333,7.173,87.556,87.741,2.444,2.427,96.277,96.32,24.0,4.295,91.078,False,False,False
U1121584000,자양3동,광진구,주간(10~14시),934,0.949,5.139,5.096,91.113,91.112,1.499,1.53,97.341,97.329,28.0,4.295,91.078,False,False,False
U1121584700,자양4동,광진구,주간(10~14시),766,0.939,5.483,5.41,87.99,88.179,3.264,3.194,96.041,96.106,27.0,4.295,91.078,False,False,False
U1121585000,구의1동,광진구,주간(10~14시),790,0.94,8.608,8.351,86.962,87.207,2.405,2.388,97.445,97.424,24.0,4.295,91.078,False,False,False
U1121586000,구의2동,광진구,주간(10~14시),7257,0.993,2.563,2.575,94.516,94.492,1.047,1.055,97.947,97.941,22.0,4.295,91.078,False,False,False
U1121587000,구의3동,광진구,주간(10~14시),1451,0.967,6.896,6.809,88.829,88.904,2.758,2.737,98.055,98.023,26.0,4.295,91.078,False,False,False
U1123051500,신설동,동대문구,주간(10~14시),3678,0.987,1.849,1.873,94.671,94.625,1.659,1.667,98.02,98.004,24.0,3.667,91.277,False,False,False
U1123053300,용두동,동대문구,주간(10~14시),1660,0.971,5.301,5.253,89.94,89.979,1.747,1.762,96.514,96.524,25.0,3.667,91.277,False,False,False
U1123054500,제기동,동대문구,주간(10~14시),2252,0.978,3.996,3.989,88.81,88.864,2.442,2.438,94.665,94.712,26.0,3.667,91.277,False,False,False
U1123056000,전농1동,동대문구,주간(10~14시),1452,0.967,5.992,5.914,86.019,86.194,3.512,3.471,94.658,94.731,27.0,3.667,91.277,False,False,False
U1123057000,전농2동,동대문구,주간(10~14시),1143,0.958,2.975,3.004,91.426,91.42,1.05,1.1,94.837,94.922,25.0,3.667,91.277,False,False,False
U1123060000,답십리1동,동대문구,주간(10~14시),2068,0.976,4.352,4.336,91.344,91.343,2.128,2.131,97.404,97.391,25.0,3.667,91.277,False,False,False
U1123061000,답십리2동,동대문구,주간(10~14시),1358,0.964,6.112,6.025,90.133,90.173,1.62,1.643,97.503,97.48,24.0,3.667,91.277,False,False,False
U1123065000,장안1동,동대문구,주간(10~14시),1757,0.972,3.699,3.699,92.316,92.288,1.992,1.999,97.841,97.814,25.0,3.667,91.277,False,False,False
U1123066000,장안2동,동대문구,주간(10~14시),1512,0.968,4.63,4.599,89.947,89.99,3.373,3.337,97.692,97.665,24.0,3.667,91.277,False,False,False
U1123070500,청량리동,동대문구,주간(10~14시),1527,0.968,3.143,3.16,90.897,90.909,1.965,1.974,95.655,95.692,25.0,3.667,91.277,False,False,False
U1123071000,회기동,동대문구,주간(10~14시),2978,0.983,3.828,3.825,90.934,90.939,3.089,3.076,97.525,97.514,26.0,3.667,91.277,False,False,False
U1123072000,휘경1동,동대문구,주간(10~14시),803,0.941,4.234,4.201,89.539,89.641,2.864,2.829,96.215,96.252,28.0,3.667,91.277,False,False,False
U1123073000,휘경2동,동대문구,주간(10~14시),3966,0.988,2.042,2.063,94.579,94.538,1.891,1.896,98.336,98.317,24.0,3.667,91.277,False,False,False
U1123074000,이문1동,동대문구,주간(10~14시),904,0.948,3.65,3.651,86.615,86.859,2.655,2.634,92.375,92.609,27.0,3.667,91.277,False,False,False
U1123075000,이문2동,동대문구,주간(10~14시),454,0.901,5.286,5.126,87.885,88.222,3.744,3.597,96.558,96.587,25.0,3.667,91.277,False,False,False
U1126052000,면목2동,중랑구,주간(10~14시),769,0.939,3.641,3.652,94.408,94.286,0.91,0.97,98.862,98.798,21.0,3.823,92.402,False,False,False
U1126054000,면목4동,중랑구,주간(10~14시),1299,0.963,2.386,2.44,92.841,92.824,1.617,1.627,96.627,96.671,24.0,3.823,92.402,False,False,False
U1126055000,면목5동,중랑구,주간(10~14시),585,0.921,4.274,4.238,92.479,92.473,2.735,2.668,99.375,99.251,25.0,3.823,92.402,False,False,False
U1126056500,면목본동,중랑구,주간(10~14시),1573,0.969,4.005,3.999,92.689,92.68,1.335,1.352,97.824,97.824,23.0,3.823,92.402,False,False,False
U1126057000,면목7동,중랑구,주간(10~14시),783,0.94,3.704,3.711,90.421,90.54,1.277,1.314,95.073,95.237,24.0,3.823,92.402,False,False,False
U1126057500,면목3·8동,중랑구,주간(10~14시),1720,0.972,2.733,2.763,93.488,93.458,1.977,1.974,97.996,97.991,23.0,3.823,92.402,False,False,False
U1126058000,상봉1동,중랑구,주간(10~14시),2264,0.978,5.345,5.312,91.21,91.236,1.855,1.856,97.588,97.593,21.0,3.823,92.402,False,False,False
U1126059000,상봉2동,중랑구,주간(10~14시),1602,0.97,4.307,4.292,91.011,91.053,3.558,3.508,98.726,98.698,22.0,3.823,92.402,False,False,False
U1126060000,중화1동,중랑구,주간(10~14시),945,0.95,4.656,4.614,90.159,90.271,2.857,2.809,97.024,97.063,22.0,3.823,92.402,False,False,False
U1126061000,중화2동,중랑구,주간(10~14시),1098,0.956,2.914,2.954,93.169,93.136,1.913,1.912,97.697,97.702,21.0,3.823,92.402,False,False,False
U1126062000,묵1동,중랑구,주간(10~14시),1584,0.969,6.821,6.73,90.21,90.277,1.642,1.65,98.286,98.271,21.0,3.823,92.402,False,False,False
U1126063000,묵2동,중랑구,주간(10~14시),795,0.941,4.906,4.842,91.698,91.74,2.138,2.124,98.536,98.492,21.0,3.823,92.402,False,False,False
U1126065500,망우본동,중랑구,주간(10~14시),3334,0.985,4.379,4.371,90.942,90.963,2.13,2.126,97.033,97.044,24.0,3.823,92.402,False,False,False
U1126066000,망우3동,중랑구,주간(10~14시),317,0.864,1.893,2.156,95.268,94.878,0.315,0.53,97.397,97.453,22.0,3.823,92.402,False,False,False
U1126068000,신내1동,중랑구,주간(10~14시),6802,0.993,2.764,2.772,93.869,93.859,1.852,1.853,98.325,98.321,21.0,3.823,92.402,False,False,False
U1126069000,신내2동,중랑구,주간(10~14시),3590,0.986,3.76,3.761,92.758,92.753,1.448,1.455,97.62,97.622,22.0,3.823,92.402,False,False,False
U1129052500,성북동,성북구,주간(10~14시),802,0.941,8.603,8.417,84.289,84.522,4.364,4.289,96.163,96.159,27.0,5.433,88.25,False,False,False
U1129055500,삼선동,성북구,주간(10~14시),1212,0.96,6.271,6.237,87.706,87.728,2.063,2.103,95.032,95.074,28.0,5.433,88.25,False,False,False
U1129057500,동선동,성북구,주간(10~14시),1182,0.959,3.723,3.792,90.271,90.189,2.284,2.317,95.658,95.676,24.0,5.433,88.25,False,False,False
U1129058000,돈암1동,성북구,주간(10~14시),678,0.931,7.375,7.241,88.496,88.479,2.212,2.273,97.695,97.586,25.0,5.433,88.25,False,False,False
U1129059000,돈암2동,성북구,주간(10~14시),391,0.887,5.115,5.151,87.468,87.557,5.882,5.566,98.169,97.935,28.0,5.433,88.25,False,False,False
U1129060000,안암동,성북구,주간(10~14시),2206,0.978,3.49,3.534,90.934,90.874,3.808,3.792,97.978,97.937,26.0,5.433,88.25,False,False,False
U1129061000,보문동,성북구,주간(10~14시),1310,0.963,3.664,3.729,90.687,90.597,2.977,2.981,97.09,97.054,26.0,5.433,88.25,False,False,False
U1129062000,정릉1동,성북구,주간(10~14시),836,0.944,2.871,3.015,91.507,91.323,2.632,2.657,96.601,96.573,27.0,5.433,88.25,False,False,False
U1129063000,정릉2동,성북구,주간(10~14시),602,0.923,9.967,9.619,82.226,82.688,2.492,2.537,93.524,93.721,26.0,5.433,88.25,False,False,False
U1129064000,정릉3동,성북구,주간(10~14시),646,0.928,13.467,12.89,70.279,71.57,8.359,7.98,87.452,88.074,35.0,5.433,88.25,False,False,False
U1129065000,정릉4동,성북구,주간(10~14시),599,0.923,3.339,3.5,89.316,89.233,1.669,1.779,93.784,93.963,27.0,5.433,88.25,False,False,False
U1129066000,길음1동,성북구,주간(10~14시),2379,0.979,3.321,3.364,90.332,90.289,3.951,3.933,97.276,97.252,28.0,5.433,88.25,False,False,False
U1129068500,길음2동,성북구,주간(10~14시),1745,0.972,2.98,3.048,91.117,91.038,2.063,2.092,95.785,95.794,27.0,5.433,88.25,False,False,False
U1129070500,종암동,성북구,주간(10~14시),1971,0.975,5.987,5.973,87.012,87.042,3.501,3.491,95.711,95.721,25.0,5.433,88.25,False,False,False
U1129071500,월곡1동,성북구,주간(10~14시),1324,0.964,5.438,5.438,87.085,87.127,2.417,2.441,94.234,94.302,26.0,5.433,88.25,False,False,False
U1129072500,월곡2동,성북구,주간(10~14시),1684,0.971,3.325,3.386,92.043,91.933,1.663,1.704,96.663,96.647,25.0,5.433,88.25,False,False,False
U1129076000,장위1동,성북구,주간(10~14시),938,0.949,6.29,6.247,90.405,90.296,1.493,1.573,97.796,97.71,24.0,5.433,88.25,False,False,False
U1129077000,장위2동,성북구,주간(10~14시),477,0.905,16.771,15.696,77.358,78.392,3.564,3.519,96.061,96.065,25.0,5.433,88.25,False,False,False
U1129078000,장위3동,성북구,주간(10~14시),720,0.935,4.028,4.119,91.944,91.705,2.222,2.278,97.844,97.731,23.0,5.433,88.25,False,False,False
U1129081000,석관동,성북구,주간(10~14시),1287,0.963,10.03,9.858,82.428,82.646,4.276,4.232,95.149,95.185,25.0,5.433,88.25,False,False,False
U1130553400,삼양동,강북구,주간(10~14시),899,0.947,12.681,12.304,75.862,76.572,4.783,4.663,90.655,90.983,27.0,5.531,89.343,False,False,False
U1130553500,미아동,강북구,주간(10~14시),1158,0.959,9.845,9.666,82.124,82.423,5.009,4.905,96.016,96.052,24.0,5.531,89.343,False,False,False
U1130554500,송중동,강북구,주간(10~14시),1377,0.965,6.754,6.711,87.654,87.713,1.67,1.7,95.239,95.297,24.0,5.531,89.343,False,False,False
U1130555500,송천동,강북구,주간(10~14시),1160,0.959,4.397,4.443,90.603,90.551,3.103,3.079,97.866,97.826,25.0,5.531,89.343,False,False,False
U1130557500,삼각산동,강북구,주간(10~14시),1351,0.964,7.55,7.478,86.084,86.201,2.739,2.73,95.603,95.649,28.0,5.531,89.343,False,False,False
U1130559500,번1동,강북구,주간(10~14시),1335,0.964,6.442,6.409,90.861,90.807,2.097,2.112,98.929,98.855,24.0,5.531,89.343,False,False,False
U1130560300,번2동,강북구,주간(10~14시),3283,0.985,4.203,4.223,92.72,92.669,1.493,1.508,98.289,98.268,23.0,5.531,89.343,False,False,False
U1130560800,번3동,강북구,주간(10~14시),2875,0.983,4.557,4.573,89.739,89.732,2.087,2.094,95.831,95.849,24.0,5.531,89.343,False,False,False
U1130561500,수유1동,강북구,주간(10~14시),1596,0.97,7.393,7.337,86.905,86.979,3.07,3.053,96.78,96.783,26.0,5.531,89.343,False,False,False
U1130562500,수유2동,강북구,주간(10~14시),694,0.933,7.637,7.495,88.04,88.128,1.297,1.378,96.511,96.536,25.0,5.531,89.343,False,False,False
U1130563500,수유3동,강북구,주간(10~14시),1613,0.97,5.022,5.037,90.329,90.299,3.162,3.142,98.119,98.082,23.0,5.531,89.343,False,False,False
U1130564500,우이동,강북구,주간(10~14시),1577,0.969,3.995,4.042,89.601,89.593,3.234,3.212,96.321,96.338,26.0,5.531,89.343,False,False,False
U1130566000,인수동,강북구,주간(10~14시),4822,0.99,3.505,3.526,92.306,92.276,2.095,2.099,97.65,97.642,24.0,5.531,89.343,False,False,False
U1132051100,창1동,도봉구,주간(10~14시),2176,0.978,4.871,4.86,87.086,87.167,6.066,5.999,97.729,97.73,23.0,4.38,90.674,False,False,False
U1132051200,창2동,도봉구,주간(10~14시),1014,0.953,3.748,3.777,92.801,92.701,1.677,1.742,97.881,97.876,22.0,4.38,90.674,False,False,False
U1132051300,창3동,도봉구,주간(10~14시),773,0.939,6.339,6.22,87.84,88.012,2.846,2.859,96.441,96.522,22.0,4.38,90.674,False,False,False
U1132051400,창4동,도봉구,주간(10~14시),1996,0.976,3.707,3.724,91.683,91.659,3.106,3.105,98.21,98.199,21.0,4.38,90.674,False,False,False
U1132051500,창5동,도봉구,주간(10~14시),760,0.938,5.921,5.826,89.342,89.424,3.421,3.399,98.594,98.544,23.0,4.38,90.674,False,False,False
U1132052100,도봉1동,도봉구,주간(10~14시),2466,0.98,4.055,4.062,91.727,91.707,2.19,2.207,97.567,97.571,21.0,4.38,90.674,False,False,False
U1132052200,도봉2동,도봉구,주간(10~14시),5370,0.991,2.849,2.863,93.724,93.696,2.402,2.408,98.837,98.828,22.0,4.38,90.674,False,False,False
U1132066000,쌍문1동,도봉구,주간(10~14시),897,0.947,6.472,6.362,88.618,88.727,2.008,2.064,96.642,96.702,27.0,4.38,90.674,False,False,False
U1132067000,쌍문2동,도봉구,주간(10~14시),1604,0.97,4.738,4.727,89.713,89.742,1.496,1.544,95.509,95.578,23.0,4.38,90.674,False,False,False
U1132068000,쌍문3동,도봉구,주간(10~14시),2153,0.977,4.459,4.457,89.364,89.393,4.505,4.473,97.986,97.982,22.0,4.38,90.674,False,False,False
U1132068100,쌍문4동,도봉구,주간(10~14시),667,0.93,7.196,7.0,84.408,84.845,6.147,5.932,96.697,96.773,25.0,4.38,90.674,False,False,False
U1132069000,방학1동,도봉구,주간(10~14시),1688,0.971,6.517,6.455,87.737,87.821,4.147,4.116,97.998,97.992,23.0,4.38,90.674,False,False,False
U1132070000,방학2동,도봉구,주간(10~14시),846,0.944,3.31,3.369,92.553,92.448,1.773,1.845,97.155,97.19,22.0,4.38,90.674,False,False,False
U1132071000,방학3동,도봉구,주간(10~14시),1287,0.963,4.429,4.427,91.919,91.873,1.476,1.536,97.415,97.428,26.0,4.38,90.674,False,False,False
U1135056000,월계1동,노원구,주간(10~14시),1138,0.958,5.448,5.355,88.137,88.362,2.021,2.022,95.053,95.199,25.0,3.225,93.479,False,False,False
U1135057000,월계2동,노원구,주간(10~14시),3401,0.986,4.763,4.741,91.591,91.618,1.999,2.0,98.103,98.109,22.0,3.225,93.479,False,False,False
U1135058000,월계3동,노원구,주간(10~14시),4280,0.988,3.084,3.086,93.201,93.204,2.22,2.217,98.243,98.247,21.0,3.225,93.479,False,False,False
U1135059500,공릉1동,노원구,주간(10~14시),4399,0.989,4.546,4.532,91.112,91.138,2.614,2.608,97.966,97.972,20.0,3.225,93.479,False,False,False
U1135060000,공릉2동,노원구,주간(10~14시),2474,0.98,3.921,3.907,93.331,93.334,1.415,1.427,98.521,98.521,20.0,3.225,93.479,False,False,False
U1135061100,하계1동,노원구,주간(10~14시),20964,0.998,2.089,2.092,95.282,95.278,1.889,1.889,99.133,99.132,20.0,3.225,93.479,False,False,False
U1135061200,하계2동,노원구,주간(10~14시),1291,0.963,2.943,2.954,93.338,93.344,1.007,1.045,97.125,97.178,21.0,3.225,93.479,False,False,False
U1135061900,중계본동,노원구,주간(10~14시),672,0.931,5.506,5.348,90.923,91.1,1.637,1.664,97.785,97.837,22.0,3.225,93.479,False,False,False
U1135062100,중계1동,노원구,주간(10~14시),2279,0.979,4.037,4.019,93.725,93.72,1.404,1.418,98.978,98.969,19.0,3.225,93.479,False,False,False
U1135062400,중계4동,노원구,주간(10~14시),2235,0.978,4.966,4.928,91.767,91.805,1.924,1.926,98.429,98.431,21.0,3.225,93.479,False,False,False
U1135062500,중계2·3동,노원구,주간(10~14시),6205,0.992,3.433,3.431,92.458,92.466,2.288,2.286,97.909,97.914,20.0,3.225,93.479,False,False,False
U1135063000,상계1동,노원구,주간(10~14시),3613,0.986,4.871,4.849,88.984,89.046,3.432,3.413,96.499,96.527,22.0,3.225,93.479,False,False,False
U1135064000,상계2동,노원구,주간(10~14시),3090,0.984,2.881,2.886,95.436,95.405,1.133,1.147,99.351,99.338,19.0,3.225,93.479,False,False,False
U1135066500,상계3·4동,노원구,주간(10~14시),1489,0.968,7.992,7.837,85.561,85.818,3.895,3.835,96.716,96.775,24.0,3.225,93.479,False,False,False
U1135067000,상계5동,노원구,주간(10~14시),2812,0.983,2.24,2.258,94.523,94.505,1.778,1.783,98.455,98.457,21.0,3.225,93.479,False,False,False
U1135069500,상계6·7동,노원구,주간(10~14시),16319,0.997,2.47,2.472,94.864,94.86,1.967,1.967,99.184,99.182,18.0,3.225,93.479,False,False,False
U1135070000,상계8동,노원구,주간(10~14시),904,0.948,4.757,4.676,91.482,91.587,1.438,1.469,97.294,97.359,20.0,3.225,93.479,False,False,False
U1135071000,상계9동,노원구,주간(10~14시),726,0.936,3.168,3.172,93.113,93.137,2.066,2.064,98.198,98.219,21.0,3.225,93.479,False,False,False
U1135072000,상계10동,노원구,주간(10~14시),430,0.896,9.535,8.878,85.814,86.612,2.558,2.503,97.481,97.591,23.0,3.225,93.479,False,False,False
U1138051000,녹번동,은평구,주간(10~14시),2974,0.983,7.162,7.134,83.12,83.17,3.867,3.861,92.476,92.502,24.0,5.444,86.102,False,False,False
U1138052000,불광1동,은평구,주간(10~14시),1456,0.967,5.632,5.626,86.813,86.79,4.258,4.233,96.009,95.945,25.0,5.444,86.102,False,False,False
U1138053000,불광2동,은평구,주간(10~14시),1293,0.963,7.889,7.798,85.383,85.41,3.094,3.109,95.166,95.124,24.0,5.444,86.102,False,False,False
U1138055100,갈현1동,은평구,주간(10~14시),438,0.898,8.219,7.935,79.909,80.543,7.306,6.916,94.201,94.186,23.0,5.444,86.102,False,False,False
U1138055200,갈현2동,은평구,주간(10~14시),1471,0.967,4.759,4.781,89.667,89.55,1.156,1.233,94.949,94.919,23.0,5.444,86.102,False,False,False
U1138056000,구산동,은평구,주간(10~14시),7268,0.993,4.747,4.752,87.851,87.839,2.724,2.73,94.571,94.567,23.0,5.444,86.102,False,False,False
U1138057000,대조동,은평구,주간(10~14시),1710,0.972,6.316,6.291,84.971,85.003,4.854,4.815,95.06,95.031,24.0,5.444,86.102,False,False,False
U1138058000,응암1동,은평구,주간(10~14시),1894,0.974,6.653,6.622,86.272,86.268,3.273,3.279,95.381,95.347,24.0,5.444,86.102,False,False,False
U1138059000,응암2동,은평구,주간(10~14시),1810,0.973,4.862,4.878,88.895,88.82,2.707,2.729,95.859,95.81,25.0,5.444,86.102,False,False,False
U1138060000,응암3동,은평구,주간(10~14시),1372,0.965,7.362,7.294,86.224,86.22,3.426,3.428,96.053,95.983,24.0,5.444,86.102,False,False,False
U1138062500,역촌동,은평구,주간(10~14시),7309,0.993,4.324,4.332,85.359,85.364,3.859,3.856,92.475,92.486,24.0,5.444,86.102,False,False,False
U1138063100,신사1동,은평구,주간(10~14시),2466,0.98,4.866,4.878,89.74,89.668,2.271,2.295,96.188,96.145,23.0,5.444,86.102,False,False,False
U1138063200,신사2동,은평구,주간(10~14시),608,0.924,7.566,7.405,83.553,83.746,4.605,4.521,94.514,94.48,24.0,5.444,86.102,False,False,False
U1138064000,증산동,은평구,주간(10~14시),2654,0.982,3.994,4.021,85.418,85.431,3.504,3.504,92.063,92.1,26.0,5.444,86.102,False,False,False
U1138065000,수색동,은평구,주간(10~14시),1313,0.963,6.931,6.876,83.93,84.01,4.113,4.09,93.647,93.662,27.0,5.444,86.102,False,False,False
U1138069000,진관동,은평구,주간(10~14시),6195,0.992,5.634,5.632,84.907,84.917,4.213,4.207,93.599,93.602,27.0,5.444,86.102,False,False,False
U1141052000,천연동,서대문구,주간(10~14시),1118,0.957,7.25,7.112,85.409,85.326,3.043,3.096,94.513,94.34,27.0,4.025,83.455,False,False,False
U1141055500,북아현동,서대문구,주간(10~14시),2005,0.976,4.439,4.429,85.486,85.437,3.591,3.608,92.298,92.253,28.0,4.025,83.455,False,False,False
U1141056500,충현동,서대문구,주간(10~14시),760,0.938,6.842,6.668,76.184,76.633,7.105,6.931,87.871,88.031,31.0,4.025,83.455,False,False,False
U1141058500,신촌동,서대문구,주간(10~14시),20032,0.998,3.659,3.66,81.295,81.3,4.832,4.831,88.252,88.258,26.0,4.025,83.455,False,False,False
U1141061500,연희동,서대문구,주간(10~14시),11599,0.996,2.492,2.498,83.645,83.644,4.423,4.422,89.379,89.384,30.0,4.025,83.455,False,False,False
U1141062000,홍제1동,서대문구,주간(10~14시),1242,0.961,4.911,4.877,87.923,87.75,1.771,1.868,93.568,93.448,27.0,4.025,83.455,False,False,False
U1141064000,홍제3동,서대문구,주간(10~14시),1625,0.97,5.723,5.672,82.523,82.551,2.646,2.695,89.591,89.617,29.0,4.025,83.455,False,False,False
U1141065500,홍제2동,서대문구,주간(10~14시),842,0.944,4.751,4.71,86.223,86.068,3.8,3.827,93.896,93.704,28.0,4.025,83.455,False,False,False
U1141066000,홍은1동,서대문구,주간(10~14시),769,0.939,9.623,9.281,79.064,79.332,5.462,5.389,92.814,92.671,28.0,4.025,83.455,False,False,False
U1141068500,홍은2동,서대문구,주간(10~14시),3459,0.986,5.03,5.016,88.985,88.906,2.428,2.455,95.727,95.652,25.0,4.025,83.455,False,False,False
U1141069000,남가좌1동,서대문구,주간(10~14시),1371,0.965,5.616,5.56,87.6,87.454,3.939,3.951,96.263,96.059,25.0,4.025,83.455,False,False,False
U1141070000,남가좌2동,서대문구,주간(10~14시),1989,0.975,5.933,5.886,85.269,85.225,4.123,4.126,94.425,94.328,25.0,4.025,83.455,False,False,False
U1141071000,북가좌1동,서대문구,주간(10~14시),582,0.921,4.983,4.907,87.457,87.14,4.124,4.136,95.862,95.435,23.0,4.025,83.455,False,False,False
U1141072000,북가좌2동,서대문구,주간(10~14시),1500,0.968,3.867,3.872,87.867,87.724,4.4,4.396,95.313,95.156,25.0,4.025,83.455,False,False,False
U1144055500,아현동,마포구,주간(10~14시),1377,0.965,4.648,4.614,87.872,87.853,2.977,2.988,94.932,94.88,27.0,3.671,87.329,False,False,False
U1144056500,공덕동,마포구,주간(10~14시),977,0.951,5.527,5.437,89.15,89.062,1.842,1.912,96.034,95.907,29.0,3.671,87.329,False,False,False
U1144058500,도화동,마포구,주간(10~14시),1042,0.954,6.814,6.67,81.958,82.204,6.046,5.919,93.386,93.388,28.0,3.671,87.329,False,False,False
U1144059000,용강동,마포구,주간(10~14시),705,0.934,8.511,8.19,72.199,73.201,8.227,7.898,84.875,85.442,30.0,3.671,87.329,False,False,False
U1144060000,대흥동,마포구,주간(10~14시),4126,0.988,3.587,3.588,76.563,76.692,5.817,5.786,83.672,83.789,29.0,3.671,87.329,False,False,False
U1144061000,염리동,마포구,주간(10~14시),1409,0.966,4.187,4.17,90.064,89.97,2.413,2.442,96.032,95.943,25.0,3.671,87.329,False,False,False
U1144063000,신수동,마포구,주간(10~14시),759,0.938,7.642,7.396,87.615,87.598,1.976,2.056,96.367,96.186,25.0,3.671,87.329,False,False,False
U1144065500,서강동,마포구,주간(10~14시),779,0.94,3.338,3.358,89.345,89.224,2.953,2.971,94.924,94.834,27.0,3.671,87.329,False,False,False
U1144066000,서교동,마포구,주간(10~14시),2462,0.98,5.727,5.686,84.525,84.581,3.737,3.727,92.687,92.702,26.0,3.671,87.329,False,False,False
U1144068000,합정동,마포구,주간(10~14시),372,0.882,9.946,9.203,79.57,80.489,3.226,3.23,90.946,91.241,24.0,3.671,87.329,False,False,False
U1144069000,망원1동,마포구,주간(10~14시),1554,0.969,3.089,3.107,85.071,85.141,3.925,3.905,91.291,91.358,28.0,3.671,87.329,False,False,False
U1144070000,망원2동,마포구,주간(10~14시),914,0.948,5.689,5.585,74.398,75.069,3.501,3.489,81.224,81.857,32.0,3.671,87.329,False,False,False
U1144071000,연남동,마포구,주간(10~14시),421,0.894,4.513,4.424,90.499,90.162,2.138,2.257,96.811,96.453,24.0,3.671,87.329,False,False,False
U1144072000,성산1동,마포구,주간(10~14시),2422,0.98,6.152,6.102,84.434,84.493,3.675,3.666,92.712,92.726,24.0,3.671,87.329,False,False,False
U1144073000,성산2동,마포구,주간(10~14시),18083,0.997,1.93,1.935,92.319,92.305,2.273,2.276,96.202,96.194,24.0,3.671,87.329,False,False,False
U1144074000,상암동,마포구,주간(10~14시),7513,0.993,4.179,4.176,86.41,86.416,3.567,3.565,93.289,93.29,25.0,3.671,87.329,False,False,False
U1147051000,목1동,양천구,주간(10~14시),2120,0.977,3.066,3.076,91.274,91.284,3.821,3.792,97.95,97.938,24.0,3.48,91.713,False,False,False
U1147052000,목2동,양천구,주간(10~14시),529,0.914,4.159,4.1,87.335,87.713,3.781,3.677,94.385,94.651,26.0,3.48,91.713,False,False,False
U1147053000,목3동,양천구,주간(10~14시),1369,0.965,2.776,2.801,91.161,91.181,2.557,2.558,96.041,96.091,25.0,3.48,91.713,False,False,False
U1147054000,목4동,양천구,주간(10~14시),1113,0.957,4.582,4.535,90.117,90.185,2.965,2.949,97.145,97.158,27.0,3.48,91.713,False,False,False
U1147055000,목5동,양천구,주간(10~14시),2361,0.979,3.939,3.929,90.682,90.703,3.897,3.869,98.229,98.213,23.0,3.48,91.713,False,False,False
U1147056000,신월1동,양천구,주간(10~14시),1047,0.954,4.489,4.443,92.073,92.056,1.051,1.121,97.215,97.226,25.0,3.48,91.713,False,False,False
U1147057000,신월2동,양천구,주간(10~14시),860,0.945,3.14,3.158,93.023,92.951,1.279,1.351,97.239,97.252,25.0,3.48,91.713,False,False,False
U1147058000,신월3동,양천구,주간(10~14시),607,0.924,3.295,3.309,91.269,91.302,3.13,3.089,97.37,97.377,25.0,3.48,91.713,False,False,False
U1147059000,신월4동,양천구,주간(10~14시),750,0.938,4.533,4.467,91.6,91.607,1.467,1.537,97.272,97.284,25.0,3.48,91.713,False,False,False
U1147060000,신월5동,양천구,주간(10~14시),735,0.936,5.034,4.935,86.531,86.861,3.401,3.349,94.029,94.248,26.0,3.48,91.713,False,False,False
U1147061000,신월6동,양천구,주간(10~14시),338,0.871,2.367,2.51,94.379,94.035,1.775,1.879,98.429,98.304,24.0,3.48,91.713,False,False,False
U1147061100,신월7동,양천구,주간(10~14시),729,0.936,4.527,4.46,87.791,88.043,2.058,2.091,93.925,94.152,27.0,3.48,91.713,False,False,False
U1147062000,신정1동,양천구,주간(10~14시),716,0.935,3.631,3.621,90.642,90.712,4.469,4.346,98.552,98.481,24.0,3.48,91.713,False,False,False
U1147063000,신정2동,양천구,주간(10~14시),814,0.942,3.563,3.558,92.015,91.997,1.72,1.77,96.977,97.005,25.0,3.48,91.713,False,False,False
U1147064000,신정3동,양천구,주간(10~14시),6473,0.992,2.611,2.618,92.909,92.9,2.163,2.166,97.455,97.455,25.0,3.48,91.713,False,False,False
U1147065000,신정4동,양천구,주간(10~14시),1503,0.968,4.79,4.748,90.552,90.59,2.595,2.594,97.541,97.539,25.0,3.48,91.713,False,False,False
U1147067000,신정6동,양천구,주간(10~14시),4590,0.989,3.05,3.055,95.054,95.018,0.959,0.976,98.955,98.939,23.0,3.48,91.713,False,False,False
U1147068000,신정7동,양천구,주간(10~14시),2055,0.976,4.284,4.265,87.831,87.923,5.548,5.478,97.024,97.034,28.0,3.48,91.713,False,False,False
U1150051000,염창동,강서구,주간(10~14시),764,0.939,5.497,5.429,84.817,85.181,5.759,5.56,95.238,95.361,24.0,4.383,90.746,False,False,False
U1150052000,등촌1동,강서구,주간(10~14시),1210,0.96,4.38,4.38,88.843,88.919,4.132,4.068,96.948,96.96,23.0,4.383,90.746,False,False,False
U1150053000,등촌2동,강서구,주간(10~14시),597,0.923,6.365,6.212,90.62,90.63,1.508,1.586,98.241,98.164,27.0,4.383,90.746,False,False,False
U1150053500,등촌3동,강서구,주간(10~14시),6036,0.992,5.384,5.376,89.795,89.802,2.22,2.223,96.93,96.933,24.0,4.383,90.746,False,False,False
U1150054000,화곡1동,강서구,주간(10~14시),1514,0.968,6.803,6.726,88.177,88.259,2.972,2.958,97.334,97.331,25.0,4.383,90.746,False,False,False
U1150055000,화곡2동,강서구,주간(10~14시),123,0.711,5.691,5.313,91.87,91.545,0.0,0.73,96.422,96.659,27.0,4.383,90.746,False,False,False
U1150056000,화곡3동,강서구,주간(10~14시),756,0.938,4.365,4.366,92.593,92.478,1.058,1.149,97.643,97.619,26.0,4.383,90.746,False,False,False
U1150057000,화곡4동,강서구,주간(10~14시),577,0.92,7.106,6.889,86.308,86.662,3.12,3.072,95.331,95.484,28.0,4.383,90.746,False,False,False
U1150059000,화곡본동,강서구,주간(10~14시),779,0.94,11.553,11.121,85.366,85.69,1.926,1.962,98.55,98.471,24.0,4.383,90.746,False,False,False
U1150059100,화곡6동,강서구,주간(10~14시),1649,0.971,4.669,4.661,89.691,89.722,3.335,3.311,97.057,97.062,25.0,4.383,90.746,False,False,False
U1150059300,화곡8동,강서구,주간(10~14시),387,0.886,8.01,7.595,84.238,84.982,2.842,2.806,94.126,94.483,29.0,4.383,90.746,False,False,False
U1150060300,가양1동,강서구,주간(10~14시),3757,0.987,5.483,5.469,89.22,89.24,3.114,3.106,97.322,97.321,22.0,4.383,90.746,False,False,False
U1150060400,가양2동,강서구,주간(10~14시),5399,0.991,4.63,4.628,90.017,90.023,2.686,2.684,96.751,96.756,23.0,4.383,90.746,False,False,False
U1150060500,가양3동,강서구,주간(10~14시),1705,0.972,4.927,4.911,89.619,89.651,2.581,2.579,96.679,96.696,25.0,4.383,90.746,False,False,False
U1150061100,발산1동,강서구,주간(10~14시),5281,0.991,3.371,3.38,91.593,91.585,3.011,3.006,97.712,97.708,23.0,4.383,90.746,False,False,False
U1150061500,우장산동,강서구,주간(10~14시),2481,0.98,3.91,3.919,90.891,90.888,2.701,2.697,97.155,97.157,24.0,4.383,90.746,False,False,False
U1150062000,공항동,강서구,주간(10~14시),2635,0.981,4.364,4.365,90.019,90.033,2.391,2.393,96.307,96.325,24.0,4.383,90.746,False,False,False
U1150063000,방화1동,강서구,주간(10~14시),7460,0.993,1.702,1.72,94.933,94.905,1.971,1.974,98.531,98.522,20.0,4.383,90.746,False,False,False
U1150064000,방화2동,강서구,주간(10~14시),3519,0.986,4.12,4.124,91.248,91.24,2.018,2.025,96.937,96.942,22.0,4.383,90.746,False,False,False
U1150064100,방화3동,강서구,주간(10~14시),2607,0.981,4.451,4.45,91.405,91.393,1.573,1.591,96.868,96.875,21.0,4.383,90.746,False,False,False
U1153051000,신도림동,구로구,주간(10~14시),1444,0.967,5.402,5.38,89.751,89.729,1.593,1.625,96.029,96.023,25.0,4.762,89.098,False,False,False
U1153052000,구로1동,구로구,주간(10~14시),326,0.867,5.521,5.421,89.264,89.242,1.84,1.936,95.955,95.941,25.0,4.762,89.098,False,False,False
U1153053000,구로2동,구로구,주간(10~14시),4173,0.988,3.331,3.348,91.086,91.062,3.595,3.582,97.726,97.704,25.0,4.762,89.098,False,False,False
U1153054000,구로3동,구로구,주간(10~14시),1938,0.975,4.696,4.697,87.822,87.855,2.322,2.328,94.197,94.238,28.0,4.762,89.098,False,False,False
U1153055000,구로4동,구로구,주간(10~14시),883,0.946,3.624,3.685,91.053,90.948,3.058,3.031,97.489,97.402,28.0,4.762,89.098,False,False,False
U1153056000,구로5동,구로구,주간(10~14시),2231,0.978,4.887,4.885,89.328,89.323,2.421,2.424,96.029,96.025,26.0,4.762,89.098,False,False,False
U1153059500,가리봉동,구로구,주간(10~14시),623,0.926,6.26,6.149,88.283,88.343,2.729,2.716,96.592,96.537,28.0,4.762,89.098,False,False,False
U1153072000,고척1동,구로구,주간(10~14시),1105,0.957,3.439,3.496,88.416,88.446,3.167,3.141,94.236,94.306,27.0,4.762,89.098,False,False,False
U1153073000,고척2동,구로구,주간(10~14시),816,0.942,3.676,3.739,92.279,92.096,1.593,1.649,96.971,96.906,25.0,4.762,89.098,False,False,False
U1153074000,개봉1동,구로구,주간(10~14시),1694,0.971,4.545,4.552,89.669,89.653,1.712,1.736,95.43,95.442,26.0,4.762,89.098,False,False,False
U1153075000,개봉2동,구로구,주간(10~14시),495,0.908,10.303,9.795,81.212,81.936,3.434,3.354,93.704,93.901,28.0,4.762,89.098,False,False,False
U1153076000,개봉3동,구로구,주간(10~14시),1221,0.961,7.535,7.426,84.521,84.701,2.621,2.618,93.436,93.531,27.0,4.762,89.098,False,False,False
U1153077000,오류1동,구로구,주간(10~14시),1684,0.971,3.682,3.713,91.093,91.035,1.9,1.919,96.23,96.219,28.0,4.762,89.098,False,False,False
U1153078000,오류2동+항동,구로구,주간(10~14시),4222,0.988,6.016,6.001,86.712,86.74,2.7,2.698,94.692,94.706,29.0,4.762,89.098,False,False,False
U1153079000,수궁동,구로구,주간(10~14시),2637,0.981,3.944,3.959,90.937,90.902,2.199,2.206,96.725,96.709,27.0,4.762,89.098,False,False,False
U1154551000,가산동,금천구,주간(10~14시),1214,0.96,7.414,7.363,83.855,83.903,3.707,3.685,94.025,93.998,29.0,6.138,85.072,False,False,False
U1154561000,독산1동,금천구,주간(10~14시),3526,0.986,4.425,4.449,87.603,87.568,2.581,2.589,93.902,93.895,29.0,6.138,85.072,False,False,False
U1154562000,독산2동,금천구,주간(10~14시),305,0.859,7.869,7.625,82.623,82.968,4.262,4.106,93.346,93.347,29.0,6.138,85.072,False,False,False
U1154563000,독산3동,금천구,주간(10~14시),1461,0.967,5.955,5.961,87.337,87.262,2.943,2.95,95.632,95.556,28.0,6.138,85.072,False,False,False
U1154564000,독산4동,금천구,주간(10~14시),328,0.868,7.012,6.897,81.707,82.152,3.659,3.592,90.482,90.862,29.0,6.138,85.072,False,False,False
U1154567000,시흥1동,금천구,주간(10~14시),2316,0.979,6.263,6.26,85.53,85.52,2.808,2.815,93.497,93.494,29.0,6.138,85.072,False,False,False
U1154568000,시흥2동,금천구,주간(10~14시),1074,0.956,6.238,6.234,83.52,83.589,4.097,4.055,92.844,92.866,31.0,6.138,85.072,False,False,False
U1154569000,시흥3동,금천구,주간(10~14시),137,0.733,17.518,14.475,71.533,75.153,4.38,4.052,90.738,91.438,29.0,6.138,85.072,False,False,False
U1154570000,시흥4동,금천구,주간(10~14시),771,0.939,6.355,6.342,78.21,78.628,5.058,4.942,87.33,87.697,31.0,6.138,85.072,False,False,False
U1154571000,시흥5동,금천구,주간(10~14시),633,0.927,9.005,8.795,83.254,83.387,2.054,2.134,93.114,93.132,29.0,6.138,85.072,False,False,False
U1156051500,영등포본동,영등포구,주간(10~14시),693,0.933,7.504,7.353,79.654,79.943,6.638,6.41,92.086,92.031,30.0,5.261,83.951,False,False,False
U1156053500,영등포동,영등포구,주간(10~14시),6524,0.992,4.384,4.39,86.22,86.203,2.33,2.337,91.984,91.978,27.0,5.261,83.951,False,False,False
U1156054000,여의동,영등포구,주간(10~14시),8646,0.994,5.621,5.619,75.688,75.736,3.632,3.63,82.715,82.764,33.0,5.261,83.951,False,False,False
U1156055000,당산1동,영등포구,주간(10~14시),1564,0.969,6.138,6.111,85.038,85.005,3.389,3.385,93.542,93.471,26.0,5.261,83.951,False,False,False
U1156056000,당산2동,영등포구,주간(10~14시),630,0.926,7.619,7.446,84.762,84.702,2.857,2.887,94.054,93.85,27.0,5.261,83.951,False,False,False
U1156058500,도림동,영등포구,주간(10~14시),578,0.92,8.651,8.381,85.294,85.187,2.422,2.489,95.646,95.298,26.0,5.261,83.951,False,False,False
U1156060500,문래동,영등포구,주간(10~14시),1347,0.964,6.385,6.344,85.895,85.825,3.489,3.481,95.112,94.975,27.0,5.261,83.951,False,False,False
U1156061000,양평1동,영등포구,주간(10~14시),1068,0.955,9.551,9.359,83.989,83.987,3.745,3.724,96.574,96.336,26.0,5.261,83.951,False,False,False
U1156062000,양평2동,영등포구,주간(10~14시),1410,0.966,4.681,4.701,89.787,89.587,3.333,3.331,97.541,97.327,24.0,5.261,83.951,False,False,False
U1156063000,신길1동,영등포구,주간(10~14시),1458,0.967,7.476,7.403,86.214,86.139,2.195,2.23,94.95,94.828,29.0,5.261,83.951,False,False,False
U1156065000,신길3동,영등포구,주간(10~14시),922,0.949,5.315,5.312,88.178,87.96,1.41,1.505,94.176,94.026,25.0,5.261,83.951,False,False,False
U1156066000,신길4동,영등포구,주간(10~14시),421,0.894,3.8,3.956,89.786,89.167,2.85,2.894,96.107,95.594,27.0,5.261,83.951,False,False,False
U1156067000,신길5동,영등포구,주간(10~14시),335,0.87,6.567,6.398,81.493,81.812,6.269,5.878,93.114,92.874,27.0,5.261,83.951,False,False,False
U1156068000,신길6동,영등포구,주간(10~14시),1069,0.955,4.022,4.078,91.3,90.972,2.806,2.827,97.844,97.55,27.0,5.261,83.951,False,False,False
U1156069000,신길7동,영등포구,주간(10~14시),457,0.901,7.659,7.422,85.339,85.202,5.252,5.055,97.778,97.136,28.0,5.261,83.951,False,False,False
U1156070000,대림1동,영등포구,주간(10~14시),1410,0.966,4.539,4.564,90.851,90.615,2.199,2.235,97.316,97.109,24.0,5.261,83.951,False,False,False
U1156071000,대림2동,영등포구,주간(10~14시),762,0.938,1.969,2.171,91.864,91.376,3.018,3.033,96.562,96.236,24.0,5.261,83.951,False,False,False
U1156072000,대림3동,영등포구,주간(10~14시),4179,0.988,3.254,3.278,86.983,86.947,4.164,4.153,93.361,93.336,25.0,5.261,83.951,False,False,False
U1159051000,노량진1동,동작구,주간(10~14시),584,0.921,9.075,8.787,74.658,75.519,7.192,6.899,87.992,88.42,32.0,5.419,85.578,False,False,False
U1159052000,노량진2동,동작구,주간(10~14시),262,0.84,12.977,11.766,77.099,78.458,3.817,3.763,92.084,92.297,31.0,5.419,85.578,False,False,False
U1159053000,상도1동,동작구,주간(10~14시),1965,0.975,4.478,4.502,89.16,89.071,2.595,2.617,95.653,95.597,30.0,5.419,85.578,False,False,False
U1159054000,상도2동,동작구,주간(10~14시),1005,0.953,9.055,8.882,82.289,82.444,4.677,4.62,94.761,94.697,30.0,5.419,85.578,False,False,False
U1159055000,상도3동,동작구,주간(10~14시),717,0.935,6.416,6.351,87.587,87.456,1.813,1.922,95.242,95.123,26.0,5.419,85.578,False,False,False
U1159056000,상도4동,동작구,주간(10~14시),925,0.949,5.838,5.816,88.0,87.876,2.27,2.332,95.261,95.166,28.0,5.419,85.578,False,False,False
U1159060500,흑석동,동작구,주간(10~14시),3285,0.985,3.653,3.679,87.397,87.37,4.14,4.13,94.462,94.447,30.0,5.419,85.578,False,False,False
U1159062000,사당1동,동작구,주간(10~14시),507,0.91,9.467,9.104,76.134,76.982,3.353,3.365,86.939,87.52,34.0,5.419,85.578,False,False,False
U1159063000,사당2동,동작구,주간(10~14시),563,0.918,6.572,6.478,79.396,79.9,3.908,3.873,87.788,88.246,34.0,5.419,85.578,False,False,False
U1159064000,사당3동,동작구,주간(10~14시),514,0.911,7.004,6.863,61.868,63.97,5.837,5.628,70.377,72.419,43.0,5.419,85.578,False,False,False
U1159065000,사당4동,동작구,주간(10~14시),157,0.758,6.369,6.14,85.987,85.888,3.822,3.739,93.518,93.493,31.0,5.419,85.578,False,False,False
U1159065100,사당5동,동작구,주간(10~14시),545,0.916,10.459,10.035,65.872,67.528,5.872,5.671,76.055,77.514,33.0,5.419,85.578,False,False,False
U1159066000,대방동,동작구,주간(10~14시),2094,0.977,7.689,7.636,84.575,84.598,4.059,4.046,95.398,95.351,27.0,5.419,85.578,False,False,False
U1159067000,신대방1동,동작구,주간(10~14시),931,0.949,6.874,6.8,86.359,86.319,2.148,2.216,94.596,94.536,29.0,5.419,85.578,False,False,False
U1159068000,신대방2동,동작구,주간(10~14시),9327,0.995,3.946,3.953,88.549,88.534,3.023,3.026,94.727,94.72,27.0,5.419,85.578,False,False,False
U1162052500,보라매동,관악구,주간(10~14시),6348,0.992,3.182,3.204,89.666,89.622,3.135,3.14,95.477,95.455,27.0,5.959,84.074,False,False,False
U1162054500,청림동,관악구,주간(10~14시),572,0.92,5.944,5.945,86.364,86.18,3.497,3.524,95.079,94.883,28.0,5.959,84.074,False,False,False
U1162056500,성현동,관악구,주간(10~14시),1682,0.971,7.253,7.216,83.888,83.894,3.805,3.806,93.731,93.7,29.0,5.959,84.074,False,False,False
U1162057500,행운동,관악구,주간(10~14시),852,0.945,7.277,7.204,82.629,82.709,3.638,3.65,92.329,92.346,30.0,5.959,84.074,False,False,False
U1162058500,낙성대동,관악구,주간(10~14시),2784,0.982,3.772,3.81,88.793,88.71,1.832,1.867,93.681,93.663,29.0,5.959,84.074,False,False,False
U1162059500,청룡동,관악구,주간(10~14시),1277,0.962,7.439,7.384,83.868,83.876,4.072,4.063,93.825,93.781,28.0,5.959,84.074,False,False,False
U1162060500,은천동,관악구,주간(10~14시),1731,0.972,7.687,7.638,79.02,79.162,7.05,6.96,91.8,91.823,31.0,5.959,84.074,False,False,False
U1162061500,중앙동,관악구,주간(10~14시),660,0.93,6.97,6.899,83.333,83.385,3.333,3.369,92.388,92.406,29.0,5.959,84.074,False,False,False
U1162062500,인헌동,관악구,주간(10~14시),365,0.88,7.945,7.706,70.959,72.539,9.315,8.656,84.891,85.825,39.0,5.959,84.074,False,False,False
U1162063000,남현동,관악구,주간(10~14시),391,0.887,4.859,4.984,83.12,83.228,4.348,4.291,91.289,91.443,33.0,5.959,84.074,False,False,False
U1162064500,서원동,관악구,주간(10~14시),1708,0.972,4.215,4.265,87.354,87.26,2.81,2.84,93.745,93.713,28.0,5.959,84.074,False,False,False
U1162065500,신원동,관악구,주간(10~14시),389,0.886,5.913,5.918,88.946,88.391,2.314,2.488,96.903,96.418,28.0,5.959,84.074,False,False,False
U1162066500,서림동,관악구,주간(10~14시),968,0.951,7.231,7.169,62.913,63.953,8.988,8.735,73.592,74.528,34.0,5.959,84.074,False,False,False
U1162068500,신사동,관악구,주간(10~14시),576,0.92,5.035,5.109,84.722,84.67,4.167,4.141,92.963,92.937,26.0,5.959,84.074,False,False,False
U1162069500,신림동,관악구,주간(10~14시),745,0.937,13.289,12.828,77.852,78.244,5.369,5.273,94.57,94.449,29.0,5.959,84.074,False,False,False
U1162071500,난향동,관악구,주간(10~14시),2195,0.978,8.61,8.551,80.41,80.492,3.964,3.961,91.365,91.394,33.0,5.959,84.074,False,False,False
U1162072500,조원동,관악구,주간(10~14시),686,0.932,5.685,5.704,85.569,85.467,3.499,3.522,94.039,93.944,26.0,5.959,84.074,False,False,False
U1162073500,대학동,관악구,주간(10~14시),568,0.919,15.141,14.398,71.479,72.498,5.81,5.651,88.221,88.579,38.0,5.959,84.074,False,False,False
U1162074500,삼성동,관악구,주간(10~14시),922,0.949,7.05,6.994,82.972,83.028,2.495,2.564,91.455,91.516,31.0,5.959,84.074,False,False,False
U1162076500,미성동,관악구,주간(10~14시),1223,0.961,4.988,5.026,84.628,84.606,2.862,2.9,91.075,91.137,28.0,5.959,84.074,False,False,False
U1162077500,난곡동,관악구,주간(10~14시),930,0.949,6.774,6.733,81.935,82.045,4.086,4.074,91.468,91.528,30.0,5.959,84.074,False,False,False
U1165051000,서초1동,서초구,주간(10~14시),3243,0.985,6.63,6.632,74.684,74.691,2.899,2.928,81.68,81.72,35.0,6.807,75.174,False,False,False
U1165052000,서초2동,서초구,주간(10~14시),435,0.897,8.276,8.124,66.207,67.131,13.103,12.254,83.079,83.207,34.0,6.807,75.174,False,False,False
U1165053000,서초3동,서초구,주간(10~14시),1323,0.964,10.884,10.736,73.847,73.896,3.553,3.6,85.042,85.016,33.0,6.807,75.174,False,False,False
U1165053100,서초4동,서초구,주간(10~14시),679,0.931,11.487,11.166,70.25,70.588,5.596,5.546,83.433,83.494,36.0,6.807,75.174,False,False,False
U1165054000,잠원동,서초구,주간(10~14시),583,0.921,6.861,6.857,76.158,76.08,2.573,2.754,83.467,83.534,37.0,6.807,75.174,False,False,False
U1165055000,반포본동,서초구,주간(10~14시),11,0.18,0.0,5.58,81.818,76.372,18.182,7.264,90.0,85.34,40.0,6.807,75.174,True,False,False
U1165056000,반포1동,서초구,주간(10~14시),567,0.919,9.524,9.304,73.721,73.839,3.527,3.636,83.328,83.408,37.0,6.807,75.174,False,False,False
U1165057000,반포2동,서초구,주간(10~14시),186,0.788,13.441,12.035,62.366,65.079,6.989,6.539,76.748,78.351,43.0,6.807,75.174,False,False,False
U1165058000,반포3동,서초구,주간(10~14시),1021,0.953,4.31,4.426,85.504,85.022,1.861,2.001,90.883,90.576,36.0,6.807,75.174,False,False,False
U1165058100,반포4동,서초구,주간(10~14시),2415,0.98,4.72,4.763,78.841,78.766,4.638,4.642,86.617,86.57,35.0,6.807,75.174,False,False,False
U1165059000,방배본동,서초구,주간(10~14시),361,0.878,13.019,12.264,77.008,76.785,4.155,4.241,91.954,91.025,31.0,6.807,75.174,False,False,False
U1165060000,방배1동,서초구,주간(10~14시),476,0.905,9.244,9.012,67.437,68.172,9.034,8.637,81.636,81.89,35.0,6.807,75.174,False,False,False
U1165061000,방배2동,서초구,주간(10~14시),627,0.926,7.815,7.741,79.745,79.407,4.625,4.643,90.628,90.162,32.0,6.807,75.174,False,False,False
U1165062000,방배3동,서초구,주간(10~14시),712,0.934,8.989,8.846,79.775,79.473,3.23,3.337,89.817,89.456,33.0,6.807,75.174,False,False,False
U1165062100,방배4동,서초구,주간(10~14시),584,0.921,4.966,5.111,77.911,77.695,4.452,4.484,85.358,85.275,34.0,6.807,75.174,False,False,False
U1165065100,양재1동,서초구,주간(10~14시),3002,0.984,6.329,6.337,78.115,78.066,3.631,3.651,85.81,85.786,35.0,6.807,75.174,False,False,False
U1165065200,양재2동,서초구,주간(10~14시),1255,0.962,7.251,7.234,73.625,73.685,4.143,4.171,82.01,82.098,35.0,6.807,75.174,False,False,False
U1165066000,내곡동,서초구,주간(10~14시),3909,0.987,4.912,4.936,70.606,70.664,8.34,8.296,80.8,80.844,41.0,6.807,75.174,False,False,False
U1168051000,신사동,강남구,주간(10~14시),532,0.914,8.647,8.621,73.496,73.929,5.827,5.773,85.377,85.768,36.0,8.343,78.528,False,False,False
U1168052100,논현1동,강남구,주간(10~14시),646,0.928,19.659,18.846,59.907,61.245,10.217,9.856,82.927,83.43,39.0,8.343,78.528,False,False,False
U1168053100,논현2동,강남구,주간(10~14시),651,0.929,10.906,10.723,64.67,65.658,7.22,7.076,76.886,77.817,41.0,8.343,78.528,False,False,False
U1168054500,압구정동,강남구,주간(10~14시),508,0.91,9.646,9.529,79.331,79.259,3.937,4.05,90.887,90.802,32.0,8.343,78.528,False,False,False
U1168056500,청담동,강남구,주간(10~14시),716,0.935,12.011,11.772,75.0,75.23,5.028,5.039,89.873,89.877,32.0,8.343,78.528,False,False,False
U1168058000,삼성1동,강남구,주간(10~14시),1845,0.974,14.092,13.94,68.13,68.404,7.046,6.997,84.604,84.745,36.0,8.343,78.528,False,False,False
U1168059000,삼성2동,강남구,주간(10~14시),928,0.949,11.53,11.367,58.944,59.945,14.44,13.967,78.268,78.864,40.0,8.343,78.528,False,False,False
U1168060000,대치1동,강남구,주간(10~14시),339,0.871,6.785,6.985,84.366,83.615,3.835,4.01,93.664,93.184,31.0,8.343,78.528,False,False,False
U1168061000,대치2동,강남구,주간(10~14시),689,0.932,8.418,8.413,76.052,76.22,5.515,5.494,88.015,88.145,33.0,8.343,78.528,False,False,False
U1168063000,대치4동,강남구,주간(10~14시),360,0.878,19.167,17.847,65.0,66.65,4.444,4.537,83.197,84.018,36.0,8.343,78.528,False,False,False
U1168064000,역삼1동,강남구,주간(10~14시),2204,0.978,8.439,8.437,73.23,73.348,6.034,6.016,84.5,84.621,35.0,8.343,78.528,False,False,False
U1168065000,역삼2동,강남구,주간(10~14시),620,0.925,9.516,9.429,77.258,77.353,2.742,2.925,87.073,87.287,39.0,8.343,78.528,False,False,False
U1168065500,도곡1동,강남구,주간(10~14시),2958,0.983,6.829,6.854,78.431,78.433,4.868,4.874,88.255,88.283,33.0,8.343,78.528,False,False,False
U1168065600,도곡2동,강남구,주간(10~14시),433,0.896,11.316,11.009,71.132,71.897,9.469,9.027,86.241,86.623,36.0,8.343,78.528,False,False,False
U1168066000,개포1동,강남구,주간(10~14시),252,0.834,8.73,8.666,78.571,78.564,4.762,4.834,89.581,89.64,34.0,8.343,78.528,False,False,False
U1168067000,개포2동,강남구,주간(10~14시),1036,0.954,9.363,9.316,78.668,78.662,5.019,5.028,91.197,91.139,32.0,8.343,78.528,False,False,False
U1168067500,개포3동,강남구,주간(10~14시),2465,0.98,4.625,4.699,87.302,87.128,3.002,3.046,94.273,94.187,29.0,8.343,78.528,False,False,False
U1168069000,개포4동,강남구,주간(10~14시),282,0.849,8.865,8.787,74.823,75.381,4.255,4.398,84.728,85.511,34.0,8.343,78.528,False,False,False
U1168070000,세곡동,강남구,주간(10~14시),4203,0.988,4.877,4.918,86.414,86.322,3.926,3.941,94.355,94.303,29.0,8.343,78.528,False,False,False
U1168072000,일원본동,강남구,주간(10~14시),3284,0.985,9.105,9.093,80.024,80.002,5.329,5.327,92.685,92.644,30.0,8.343,78.528,False,False,False
U1168073000,일원1동,강남구,주간(10~14시),1718,0.972,7.101,7.136,83.003,82.877,3.26,3.314,91.545,91.499,29.0,8.343,78.528,False,False,False
U1168075000,수서동,강남구,주간(10~14시),4699,0.989,7.258,7.27,82.206,82.167,4.661,4.667,92.628,92.6,28.0,8.343,78.528,False,False,False
U1171051000,풍납1동,송파구,주간(10~14시),441,0.898,9.524,9.081,87.982,87.907,2.041,2.166,99.687,99.208,21.0,5.177,87.245,False,False,False
U1171052000,풍납2동,송파구,주간(10~14시),5016,0.99,3.868,3.881,86.022,86.034,5.164,5.146,94.283,94.29,24.0,5.177,87.245,False,False,False
U1171053100,거여1동,송파구,주간(10~14시),1264,0.962,4.272,4.307,91.297,91.143,1.266,1.342,96.46,96.404,26.0,5.177,87.245,False,False,False
U1171053200,거여2동+장지동+위례동,송파구,주간(10~14시),4446,0.989,6.41,6.397,85.83,85.846,3.171,3.173,94.435,94.441,27.0,5.177,87.245,False,False,False
U1171054000,마천1동,송파구,주간(10~14시),530,0.914,6.226,6.136,86.415,86.487,2.453,2.523,94.554,94.591,26.0,5.177,87.245,False,False,False
U1171055000,마천2동,송파구,주간(10~14시),933,0.949,5.573,5.553,82.637,82.871,3.43,3.422,90.374,90.609,31.0,5.177,87.245,False,False,False
U1171056100,방이1동,송파구,주간(10~14시),515,0.912,4.854,4.883,90.874,90.553,2.136,2.236,97.377,97.165,24.0,5.177,87.245,False,False,False
U1171056200,방이2동,송파구,주간(10~14시),783,0.94,7.918,7.754,81.609,81.947,4.087,4.038,92.556,92.701,28.0,5.177,87.245,False,False,False
U1171056600,오륜동,송파구,주간(10~14시),753,0.938,6.507,6.424,87.384,87.375,0.797,0.951,93.81,93.883,27.0,5.177,87.245,False,False,False
U1171057000,오금동,송파구,주간(10~14시),2827,0.983,3.714,3.74,91.157,91.089,2.229,2.247,96.741,96.711,25.0,5.177,87.245,False,False,False
U1171058000,송파1동,송파구,주간(10~14시),480,0.906,10.625,10.111,82.083,82.57,3.958,3.894,95.675,95.609,26.0,5.177,87.245,False,False,False
U1171059000,송파2동,송파구,주간(10~14시),443,0.899,5.418,5.393,88.713,88.564,2.935,2.969,96.375,96.233,25.0,5.177,87.245,False,False,False
U1171060000,석촌동,송파구,주간(10~14시),1851,0.974,4.484,4.502,91.248,91.143,1.351,1.401,96.759,96.712,27.0,5.177,87.245,False,False,False
U1171061000,삼전동,송파구,주간(10~14시),516,0.912,6.395,6.288,88.178,88.096,2.326,2.409,96.373,96.25,26.0,5.177,87.245,False,False,False
U1171062000,가락본동,송파구,주간(10~14시),2075,0.976,4.048,4.075,86.602,86.618,4.916,4.877,94.708,94.714,24.0,5.177,87.245,False,False,False
U1171063100,가락1동,송파구,주간(10~14시),516,0.912,6.395,6.288,88.372,88.273,2.132,2.233,96.417,96.29,27.0,5.177,87.245,False,False,False
U1171063200,가락2동,송파구,주간(10~14시),770,0.939,5.844,5.803,87.013,87.027,2.338,2.395,93.973,94.035,28.0,5.177,87.245,False,False,False
U1171064100,문정1동,송파구,주간(10~14시),439,0.898,5.011,5.028,89.522,89.289,2.506,2.584,96.6,96.434,25.0,5.177,87.245,False,False,False
U1171064200,문정2동,송파구,주간(10~14시),1768,0.972,4.585,4.602,88.96,88.913,3.34,3.338,96.279,96.243,26.0,5.177,87.245,False,False,False
U1171065000,잠실본동,송파구,주간(10~14시),562,0.918,6.228,6.142,88.256,88.174,1.779,1.901,95.842,95.771,29.0,5.177,87.245,False,False,False
U1171067000,잠실2동,송파구,주간(10~14시),1411,0.966,3.26,3.326,86.676,86.696,3.331,3.329,92.465,92.551,30.0,5.177,87.245,False,False,False
U1171068000,잠실3동,송파구,주간(10~14시),486,0.907,6.79,6.64,85.597,85.75,3.498,3.477,95.201,95.181,27.0,5.177,87.245,False,False,False
U1171069000,잠실4동,송파구,주간(10~14시),231,0.822,9.091,8.394,87.013,87.054,2.165,2.362,97.549,97.092,26.0,5.177,87.245,False,False,False
U1171071000,잠실6동,송파구,주간(10~14시),894,0.947,6.935,6.842,82.215,82.481,5.817,5.682,93.91,93.967,29.0,5.177,87.245,False,False,False
U1171072000,잠실7동,송파구,주간(10~14시),244,0.83,3.689,3.942,85.246,85.586,2.049,2.257,90.418,91.194,35.0,5.177,87.245,False,False,False
U1174051500,강일동+상일제2동,강동구,주간(10~14시),6900,0.993,5.0,4.991,87.478,87.498,2.768,2.768,94.347,94.36,25.0,3.704,90.234,False,False,False
U1174052500,상일제1동,강동구,주간(10~14시),7632,0.993,1.73,1.742,94.012,93.987,1.808,1.815,97.382,97.374,23.0,3.704,90.234,False,False,False
U1174053000,명일1동,강동구,주간(10~14시),1918,0.975,4.536,4.515,89.677,89.691,1.877,1.901,95.583,95.6,22.0,3.704,90.234,False,False,False
U1174054000,명일2동,강동구,주간(10~14시),1368,0.965,4.167,4.15,89.839,89.853,3.363,3.343,96.911,96.888,20.0,3.704,90.234,False,False,False
U1174055000,고덕1동,강동구,주간(10~14시),4033,0.988,3.099,3.107,93.479,93.439,1.165,1.186,97.376,97.363,21.0,3.704,90.234,False,False,False
U1174056000,고덕2동,강동구,주간(10~14시),1642,0.97,7.43,7.32,85.993,86.118,3.289,3.275,95.775,95.789,24.0,3.704,90.234,False,False,False
U1174057000,암사1동,강동구,주간(10~14시),1634,0.97,4.59,4.564,89.657,89.674,3.182,3.171,96.887,96.869,21.0,3.704,90.234,False,False,False
U1174058000,암사2동,강동구,주간(10~14시),646,0.928,5.108,5.008,90.248,90.247,3.096,3.076,97.945,97.824,23.0,3.704,90.234,False,False,False
U1174059000,암사3동,강동구,주간(10~14시),387,0.886,6.46,6.145,89.922,89.958,1.292,1.466,97.211,97.102,22.0,3.704,90.234,False,False,False
U1174060000,천호1동,강동구,주간(10~14시),1247,0.961,2.646,2.687,92.622,92.53,1.283,1.342,96.426,96.419,21.0,3.704,90.234,False,False,False
U1174061000,천호2동,강동구,주간(10~14시),5023,0.99,4.041,4.038,90.802,90.797,2.011,2.019,96.352,96.351,23.0,3.704,90.234,False,False,False
U1174062000,천호3동,강동구,주간(10~14시),3826,0.987,2.927,2.937,89.049,89.064,5.175,5.145,96.68,96.675,23.0,3.704,90.234,False,False,False
U1174064000,성내1동,강동구,주간(10~14시),562,0.918,6.05,5.858,81.673,82.372,9.609,9.053,96.544,96.521,26.0,3.704,90.234,False,False,False
U1174065000,성내2동,강동구,주간(10~14시),915,0.948,5.683,5.581,87.869,87.991,2.842,2.84,95.773,95.798,25.0,3.704,90.234,False,False,False
U1174066000,성내3동,강동구,주간(10~14시),480,0.906,6.667,6.387,87.083,87.381,3.333,3.284,96.462,96.443,24.0,3.704,90.234,False,False,False
U1174068500,길동,강동구,주간(10~14시),4546,0.989,3.74,3.739,90.013,90.016,3.41,3.403,96.648,96.644,22.0,3.704,90.234,False,False,False
U1174069000,둔촌1동,강동구,주간(10~14시),321,0.865,5.296,5.081,88.785,88.98,1.246,1.457,94.337,94.596,25.0,3.704,90.234,False,False,False
U1174070000,둔촌2동,강동구,주간(10~14시),6645,0.993,2.829,2.836,89.54,89.545,3.612,3.606,95.545,95.55,23.0,3.704,90.234,False,False,False
U1111051500,청운효자동,종로구,저녁(15~19시),1064,0.955,22.086,21.844,16.447,16.879,5.263,5.337,20.923,21.44,90.0,16.683,26.062,False,True,True
U1111053000,사직동,종로구,저녁(15~19시),1204,0.96,22.093,21.877,20.017,20.258,8.97,8.888,26.251,26.499,92.0,16.683,26.062,False,True,True
U1111054000,삼청동,종로구,저녁(15~19시),199,0.799,15.578,15.8,25.126,25.314,2.513,3.395,29.863,30.383,82.0,16.683,26.062,False,True,True
U1111055000,부암동,종로구,저녁(15~19시),284,0.85,22.183,21.36,20.775,21.566,13.028,12.112,28.007,28.673,87.0,16.683,26.062,False,True,True
U1111056000,평창동,종로구,저녁(15~19시),313,0.862,12.141,12.766,37.38,35.821,8.946,8.665,46.175,44.285,65.0,16.683,26.062,False,True,True
U1111057000,무악동,종로구,저녁(15~19시),117,0.701,30.769,26.552,35.043,32.354,1.709,3.266,47.966,43.322,64.0,16.683,26.062,False,True,True
U1111058000,교남동,종로구,저녁(15~19시),1228,0.961,13.274,13.407,22.964,23.085,7.736,7.704,27.819,28.001,91.0,16.683,26.062,False,True,True
U1111060000,가회동,종로구,저녁(15~19시),118,0.702,12.712,13.894,16.949,19.661,11.864,10.39,21.646,24.863,90.0,16.683,26.062,False,True,True
U1111061500,종로1·2·3·4가동,종로구,저녁(15~19시),2673,0.982,17.957,17.934,26.712,26.7,5.537,5.562,33.031,33.021,86.0,16.683,26.062,False,True,True
U1111063000,종로5·6가동,종로구,저녁(15~19시),404,0.89,19.554,19.238,31.683,31.064,1.733,2.303,38.992,38.272,75.0,16.683,26.062,False,True,True
U1111064000,이화동,종로구,저녁(15~19시),7123,0.993,13.857,13.876,26.969,26.963,7.272,7.27,32.964,32.961,77.0,16.683,26.062,False,True,True
U1111065000,혜화동,종로구,저녁(15~19시),519,0.912,19.846,19.568,32.948,32.343,7.514,7.461,43.079,42.145,66.0,16.683,26.062,False,True,True
U1111067000,창신1동,종로구,저녁(15~19시),157,0.758,32.484,28.667,26.115,26.102,3.822,4.568,38.947,37.379,69.0,16.683,26.062,False,True,True
U1111068000,창신2동,종로구,저녁(15~19시),99,0.664,30.303,25.733,25.253,25.524,22.222,17.084,47.22,42.265,62.0,16.683,26.062,False,True,True
U1111069000,창신3동,종로구,저녁(15~19시),15,0.231,20.0,17.449,46.667,30.817,0.0,5.315,58.333,38.427,45.0,16.683,26.062,True,False,False
U1111070000,숭인1동,종로구,저녁(15~19시),175,0.778,17.143,17.041,35.429,33.347,5.143,5.535,43.089,40.726,68.0,16.683,26.062,False,True,True
U1111071000,숭인2동,종로구,저녁(15~19시),228,0.82,20.175,19.547,41.667,38.86,2.632,3.401,52.319,48.746,58.0,16.683,26.062,False,True,False
U1114052000,소공동,중구,저녁(15~19시),903,0.948,12.514,12.723,14.507,15.143,9.856,9.613,17.861,18.623,96.0,16.495,26.621,False,True,True
U1114054000,회현동,중구,저녁(15~19시),1807,0.973,13.558,13.637,24.239,24.303,5.866,5.849,29.039,29.129,87.0,16.495,26.621,False,True,True
U1114055000,명동,중구,저녁(15~19시),1538,0.969,16.71,16.703,21.391,21.556,4.031,4.069,25.758,25.967,93.0,16.495,26.621,False,True,True
U1114057000,필동,중구,저녁(15~19시),506,0.91,17.787,17.67,12.451,13.725,5.138,5.146,15.131,16.682,103.0,16.495,26.621,False,True,True
U1114058000,장충동,중구,저녁(15~19시),306,0.86,9.804,10.744,39.216,37.447,3.922,4.105,44.053,42.414,67.0,16.495,26.621,False,True,True
U1114059000,광희동,중구,저녁(15~19시),904,0.948,17.478,17.426,28.872,28.754,4.204,4.257,35.579,35.411,77.0,16.495,26.621,False,True,True
U1114060500,을지로동,중구,저녁(15~19시),236,0.825,28.814,26.66,22.458,23.185,5.508,5.459,31.614,31.748,86.0,16.495,26.621,False,True,True
U1114061500,신당동,중구,저녁(15~19시),284,0.85,19.366,18.936,40.845,38.716,3.521,3.777,50.827,48.066,55.0,16.495,26.621,False,True,False
U1114062500,다산동,중구,저녁(15~19시),283,0.85,20.495,19.894,37.102,35.529,2.12,2.587,45.44,43.48,66.0,16.495,26.621,False,True,True
U1114063500,약수동,중구,저녁(15~19시),309,0.861,14.887,15.111,40.129,38.248,3.236,3.514,48.074,45.889,62.0,16.495,26.621,False,True,True
U1114064500,청구동,중구,저녁(15~19시),184,0.786,11.413,12.499,48.37,43.722,1.63,2.399,54.797,50.008,54.0,16.495,26.621,False,True,False
U1114065000,신당5동,중구,저녁(15~19시),265,0.841,23.774,22.618,38.868,36.924,3.019,3.37,49.166,46.502,61.0,16.495,26.621,False,True,True
U1114066500,동화동,중구,저녁(15~19시),324,0.866,13.272,13.703,30.247,29.762,5.247,5.244,35.681,35.24,74.0,16.495,26.621,False,True,True
U1114067000,황학동,중구,저녁(15~19시),381,0.884,22.835,22.099,45.407,43.227,2.1,2.463,56.38,53.596,52.0,16.495,26.621,False,True,False
U1114068000,중림동,중구,저녁(15~19시),530,0.914,20.943,20.56,24.34,24.536,9.434,9.071,31.622,31.688,83.0,16.495,26.621,False,True,True
U1117051000,후암동,용산구,저녁(15~19시),244,0.83,17.623,17.872,25.0,25.515,6.148,6.067,31.216,31.929,88.0,19.087,28.027,False,True,True
U1117052000,용산2가동,용산구,저녁(15~19시),45,0.474,28.889,23.73,24.444,26.33,4.444,5.093,32.426,33.995,71.0,19.087,28.027,False,False,False
U1117053000,남영동,용산구,저녁(15~19시),1181,0.959,22.1,21.978,25.148,25.265,8.467,8.354,34.263,34.31,80.0,19.087,28.027,False,True,True
U1117055500,청파동,용산구,저녁(15~19시),349,0.875,22.923,22.442,31.519,31.081,3.152,3.468,40.099,39.511,73.0,19.087,28.027,False,True,True
U1117056000,원효로1동,용산구,저녁(15~19시),169,0.772,28.402,26.275,32.544,31.513,2.367,3.122,43.47,41.629,81.0,19.087,28.027,False,True,True
U1117057000,원효로2동,용산구,저녁(15~19시),53,0.515,33.962,26.741,22.642,25.256,7.547,6.639,37.696,36.584,68.0,19.087,28.027,False,True,True
U1117058000,효창동,용산구,저녁(15~19시),367,0.88,15.804,16.197,30.79,30.459,2.18,2.599,35.813,35.764,75.0,19.087,28.027,False,True,True
U1117059000,용문동,용산구,저녁(15~19시),133,0.727,26.316,24.341,36.842,34.434,3.008,3.737,49.23,45.453,61.0,19.087,28.027,False,True,True
U1117062500,한강로동,용산구,저녁(15~19시),1733,0.972,17.138,17.193,33.064,32.923,5.655,5.656,40.996,40.839,72.0,19.087,28.027,False,True,True
U1117063000,이촌1동,용산구,저녁(15~19시),286,0.851,18.881,18.912,24.825,25.302,10.49,9.773,32.708,33.109,75.0,19.087,28.027,False,True,True
U1117064000,이촌2동,용산구,저녁(15~19시),72,0.59,19.444,19.298,30.556,29.519,4.167,4.785,37.104,36.408,74.0,19.087,28.027,False,True,True
U1117065000,이태원1동,용산구,저녁(15~19시),173,0.776,30.058,27.598,17.919,20.185,7.514,7.102,27.257,29.084,89.0,19.087,28.027,False,True,True
U1117066000,이태원2동,용산구,저녁(15~19시),23,0.315,17.391,18.553,56.522,37.005,0.0,3.888,66.25,45.124,50.0,19.087,28.027,False,False,False
U1117068500,한남동,용산구,저녁(15~19시),740,0.937,16.622,16.778,19.459,20.002,5.27,5.296,23.727,24.466,91.0,19.087,28.027,False,True,True
U1117069000,서빙고동,용산구,저녁(15~19시),529,0.914,13.989,14.429,29.868,29.709,2.647,2.908,34.636,34.703,79.0,19.087,28.027,False,True,True
U1117070000,보광동,용산구,저녁(15~19시),122,0.709,10.656,13.107,18.852,21.519,6.557,6.301,22.208,26.045,86.0,19.087,28.027,False,True,True
U1120052000,왕십리2동,성동구,저녁(15~19시),68,0.576,36.765,27.202,38.235,38.184,0.0,3.516,57.347,53.039,57.0,14.196,38.115,False,True,False
U1120053500,왕십리도선동,성동구,저녁(15~19시),811,0.942,17.263,17.085,45.376,44.954,2.959,3.269,55.241,54.773,56.0,14.196,38.115,False,True,False
U1120054000,마장동,성동구,저녁(15~19시),3128,0.984,16.464,16.429,35.838,35.873,8.855,8.847,45.511,45.537,64.0,14.196,38.115,False,True,True
U1120055000,사근동,성동구,저녁(15~19시),1734,0.972,6.228,6.452,38.812,38.792,11.88,11.78,46.8,46.811,62.0,14.196,38.115,False,True,True
U1120056000,행당1동,성동구,저녁(15~19시),1149,0.958,16.014,15.938,43.603,43.374,8.268,8.269,55.012,54.685,56.0,14.196,38.115,False,True,False
U1120057000,행당2동,성동구,저녁(15~19시),152,0.752,11.842,12.425,61.184,55.474,0.0,2.054,68.691,63.366,47.0,14.196,38.115,False,False,False
U1120058000,응봉동,성동구,저녁(15~19시),57,0.533,21.053,17.849,42.105,40.241,3.509,5.747,54.326,50.987,50.0,14.196,38.115,False,True,False
U1120059000,금호1가동,성동구,저녁(15~19시),157,0.758,16.561,15.989,52.866,49.303,0.637,2.488,60.011,56.912,51.0,14.196,38.115,False,False,False
U1120061500,금호2·3가동,성동구,저녁(15~19시),117,0.701,23.932,21.017,35.043,35.963,1.709,3.682,43.508,44.607,72.0,14.196,38.115,False,True,True
U1120062000,금호4가동,성동구,저녁(15~19시),164,0.766,17.683,16.868,32.317,33.672,4.878,5.677,40.083,41.741,77.0,14.196,38.115,False,True,True
U1120064500,옥수동,성동구,저녁(15~19시),74,0.597,31.081,24.273,21.622,28.272,1.351,4.153,29.837,36.83,87.0,14.196,38.115,False,True,True
U1120065000,성수1가1동,성동구,저녁(15~19시),741,0.937,11.336,11.517,36.842,36.923,4.723,4.949,42.775,43.054,68.0,14.196,38.115,False,True,True
U1120066000,성수1가2동,성동구,저녁(15~19시),260,0.839,25.0,23.257,34.615,35.18,6.923,7.145,46.05,46.232,63.0,14.196,38.115,False,True,True
U1120067000,성수2가1동,성동구,저녁(15~19시),128,0.719,22.656,20.28,43.75,42.167,0.781,2.893,54.673,52.568,56.0,14.196,38.115,False,True,False
U1120069000,성수2가3동,성동구,저녁(15~19시),1068,0.955,9.551,9.758,30.337,30.685,14.045,13.788,37.788,38.208,75.0,14.196,38.115,False,True,True
U1120072000,송정동,성동구,저녁(15~19시),135,0.73,11.111,11.945,30.37,32.464,7.407,7.648,35.272,38.49,76.0,14.196,38.115,False,True,True
U1120079000,용답동,성동구,저녁(15~19시),95,0.655,23.158,20.068,45.263,42.798,3.158,4.931,58.152,54.368,54.0,14.196,38.115,False,True,False
U1121571000,화양동,광진구,저녁(15~19시),1525,0.968,11.672,11.71,41.443,41.805,6.361,6.312,48.835,49.264,61.0,12.855,52.865,False,True,True
U1121573000,군자동,광진구,저녁(15~19시),508,0.91,8.661,9.037,49.606,49.898,4.331,4.376,56.24,56.789,53.0,12.855,52.865,False,True,False
U1121574000,중곡1동,광진구,저녁(15~19시),468,0.903,9.188,9.542,68.59,67.072,1.709,2.011,75.529,74.258,38.0,12.855,52.865,False,False,False
U1121575000,중곡2동,광진구,저녁(15~19시),367,0.88,9.264,9.695,55.313,55.02,2.18,2.498,61.772,61.843,48.0,12.855,52.865,False,False,False
U1121576000,중곡3동,광진구,저녁(15~19시),1016,0.953,7.48,7.732,52.657,52.667,6.693,6.606,60.758,60.834,54.0,12.855,52.865,False,False,False
U1121577000,중곡4동,광진구,저녁(15~19시),450,0.9,13.333,13.286,52.889,52.886,8.889,8.483,66.181,65.799,48.0,12.855,52.865,False,False,False
U1121578000,능동,광진구,저녁(15~19시),424,0.895,28.774,27.094,47.877,48.403,4.245,4.307,66.79,66.323,45.0,12.855,52.865,False,True,False
U1121581000,광장동,광진구,저녁(15~19시),778,0.94,11.311,11.404,67.224,66.357,3.856,3.915,76.895,76.018,38.0,12.855,52.865,False,False,False
U1121582000,자양1동,광진구,저녁(15~19시),615,0.925,8.78,9.087,61.301,60.667,5.528,5.476,70.569,69.952,44.0,12.855,52.865,False,False,False
U1121583000,자양2동,광진구,저녁(15~19시),396,0.888,13.131,13.1,53.03,53.012,7.828,7.492,65.652,65.284,53.0,12.855,52.865,False,False,False
U1121584000,자양3동,광진구,저녁(15~19시),410,0.891,12.439,12.484,49.024,49.442,5.366,5.308,58.048,58.517,52.0,12.855,52.865,False,True,False
U1121584700,자양4동,광진구,저녁(15~19시),355,0.877,17.746,17.143,50.141,50.477,4.507,4.547,61.813,61.881,47.0,12.855,52.865,False,False,False
U1121585000,구의1동,광진구,저녁(15~19시),327,0.867,31.193,28.761,44.954,46.003,9.174,8.598,69.566,68.611,43.0,12.855,52.865,False,True,False
U1121586000,구의2동,광진구,저녁(15~19시),3655,0.987,10.424,10.457,55.404,55.369,3.311,3.331,62.535,62.533,49.0,12.855,52.865,False,False,False
U1121587000,구의3동,광진구,저녁(15~19시),958,0.95,23.695,23.157,45.094,45.479,4.906,4.902,59.741,59.871,52.0,12.855,52.865,False,True,False
U1123051500,신설동,동대문구,저녁(15~19시),1533,0.968,10.633,10.622,50.098,50.519,9.198,9.048,60.977,61.36,50.0,10.3,63.428,False,False,False
U1123053300,용두동,동대문구,저녁(15~19시),643,0.928,19.129,18.492,50.078,51.041,3.888,3.93,62.273,63.054,48.0,10.3,63.428,False,False,False
U1123054500,제기동,동대문구,저녁(15~19시),846,0.944,11.229,11.177,48.582,49.41,3.31,3.375,56.041,56.993,55.0,10.3,63.428,False,True,False
U1123056000,전농1동,동대문구,저녁(15~19시),1350,0.964,12.667,12.582,55.852,56.122,3.481,3.517,64.754,65.052,48.0,10.3,63.428,False,False,False
U1123057000,전농2동,동대문구,저녁(15~19시),375,0.882,21.067,19.8,61.6,61.815,1.867,2.173,78.278,77.668,40.0,10.3,63.428,False,False,False
U1123060000,답십리1동,동대문구,저녁(15~19시),576,0.92,14.931,14.561,57.292,57.782,2.951,3.073,67.401,67.856,45.0,10.3,63.428,False,False,False
U1123061000,답십리2동,동대문구,저녁(15~19시),303,0.858,15.512,14.773,60.396,60.825,1.98,2.333,71.064,71.352,43.0,10.3,63.428,False,False,False
U1123065000,장안1동,동대문구,저녁(15~19시),748,0.937,11.898,11.798,68.85,68.511,3.61,3.664,80.232,79.785,37.0,10.3,63.428,False,False,False
U1123066000,장안2동,동대문구,저녁(15~19시),336,0.87,14.286,13.769,63.095,63.138,4.762,4.725,77.114,76.594,38.0,10.3,63.428,False,False,False
U1123070500,청량리동,동대문구,저녁(15~19시),1332,0.964,8.033,8.115,67.793,67.635,3.754,3.78,75.342,75.261,41.0,10.3,63.428,False,False,False
U1123071000,회기동,동대문구,저녁(15~19시),1619,0.97,6.918,7.019,67.264,67.149,2.594,2.65,73.712,73.693,45.0,10.3,63.428,False,False,False
U1123072000,휘경1동,동대문구,저녁(15~19시),378,0.883,11.111,11.016,76.455,74.933,2.91,3.093,87.942,86.208,36.0,10.3,63.428,False,False,False
U1123073000,휘경2동,동대문구,저녁(15~19시),2485,0.98,5.312,5.41,76.7,76.438,5.714,5.69,85.435,85.191,36.0,10.3,63.428,False,False,False
U1123074000,이문1동,동대문구,저녁(15~19시),249,0.833,7.631,8.077,72.691,71.142,5.622,5.43,83.381,81.662,35.0,10.3,63.428,False,False,False
U1123075000,이문2동,동대문구,저녁(15~19시),81,0.618,13.58,12.328,72.84,69.247,2.469,3.234,84.716,80.282,33.0,10.3,63.428,False,False,False
U1126052000,면목2동,중랑구,저녁(15~19시),178,0.781,11.798,11.176,67.978,70.291,4.494,4.172,78.755,80.836,33.0,8.965,78.526,False,False,False
U1126054000,면목4동,중랑구,저녁(15~19시),275,0.846,11.273,10.918,70.909,72.081,1.818,2.004,79.942,81.219,39.0,8.965,78.526,False,False,False
U1126055000,면목5동,중랑구,저녁(15~19시),132,0.725,10.606,10.155,74.242,75.419,0.0,0.831,82.617,84.162,29.0,8.965,78.526,False,False,False
U1126056500,면목본동,중랑구,저녁(15~19시),760,0.938,8.158,8.208,81.184,81.02,2.368,2.409,89.788,89.692,27.0,8.965,78.526,False,False,False
U1126057000,면목7동,중랑구,저녁(15~19시),518,0.912,7.722,7.831,61.583,63.074,1.931,2.027,67.109,68.969,48.0,8.965,78.526,False,False,False
U1126057500,면목3·8동,중랑구,저녁(15~19시),834,0.943,11.151,11.027,72.182,72.541,6.235,6.053,85.732,85.874,37.0,8.965,78.526,False,False,False
U1126058000,상봉1동,중랑구,저녁(15~19시),1322,0.964,8.472,8.49,77.988,78.007,3.328,3.317,87.454,87.483,33.0,8.965,78.526,False,False,False
U1126059000,상봉2동,중랑구,저녁(15~19시),1723,0.972,10.679,10.631,77.133,77.172,2.786,2.793,87.973,87.98,31.0,8.965,78.526,False,False,False
U1126060000,중화1동,중랑구,저녁(15~19시),1344,0.964,7.887,7.926,79.836,79.789,1.935,1.974,87.468,87.496,37.0,8.965,78.526,False,False,False
U1126061000,중화2동,중랑구,저녁(15~19시),698,0.933,9.456,9.423,81.089,80.917,2.292,2.341,90.761,90.592,29.0,8.965,78.526,False,False,False
U1126062000,묵1동,중랑구,저녁(15~19시),1544,0.969,8.29,8.311,77.655,77.683,3.886,3.859,87.42,87.446,32.0,8.965,78.526,False,False,False
U1126063000,묵2동,중랑구,저녁(15~19시),925,0.949,7.027,7.126,82.378,82.181,2.378,2.412,90.368,90.259,30.0,8.965,78.526,False,False,False
U1126065500,망우본동,중랑구,저녁(15~19시),1294,0.963,11.901,11.792,74.73,74.871,4.096,4.056,87.804,87.82,30.0,8.965,78.526,False,False,False
U1126066000,망우3동,중랑구,저녁(15~19시),132,0.725,18.939,16.199,74.242,75.419,2.273,2.479,93.252,91.876,28.0,8.965,78.526,False,False,False
U1126068000,신내1동,중랑구,저녁(15~19시),3781,0.987,7.855,7.87,82.729,82.675,2.856,2.859,92.082,92.032,29.0,8.965,78.526,False,False,False
U1126069000,신내2동,중랑구,저녁(15~19시),871,0.946,7.577,7.653,82.549,82.33,2.411,2.444,91.129,90.972,28.0,8.965,78.526,False,False,False
U1129052500,성북동,성북구,저녁(15~19시),481,0.906,8.316,8.689,28.482,31.14,16.632,15.669,36.346,39.32,74.0,12.282,56.71,False,True,True
U1129055500,삼선동,성북구,저녁(15~19시),947,0.95,15.523,15.36,42.872,43.566,5.174,5.236,52.371,53.152,59.0,12.282,56.71,False,True,False
U1129057500,동선동,성북구,저녁(15~19시),1133,0.958,16.417,16.242,50.662,50.918,9.091,8.977,64.961,65.087,51.0,12.282,56.71,False,False,False
U1129058000,돈암1동,성북구,저녁(15~19시),210,0.808,16.667,15.823,70.476,67.829,1.429,2.385,83.865,80.801,35.0,12.282,56.71,False,False,False
U1129059000,돈암2동,성북구,저녁(15~19시),65,0.565,18.462,15.775,55.385,55.961,12.308,9.741,77.899,73.566,49.0,12.282,56.71,False,False,False
U1129060000,안암동,성북구,저녁(15~19시),985,0.952,7.919,8.13,53.807,53.947,5.482,5.527,61.116,61.445,50.0,12.282,56.71,False,False,False
U1129061000,보문동,성북구,저녁(15~19시),586,0.921,13.481,13.387,57.338,57.289,3.413,3.648,67.645,67.668,47.0,12.282,56.71,False,False,False
U1129062000,정릉1동,성북구,저녁(15~19시),105,0.677,15.238,14.285,59.048,58.294,1.905,3.356,69.509,69.001,43.0,12.282,56.71,False,False,False
U1129063000,정릉2동,성북구,저녁(15~19시),119,0.704,25.21,21.385,52.941,54.056,6.723,6.628,75.335,73.145,41.0,12.282,56.71,False,False,False
U1129064000,정릉3동,성북구,저녁(15~19시),480,0.906,16.042,15.687,61.25,60.822,4.375,4.566,73.469,72.947,38.0,12.282,56.71,False,False,False
U1129065000,정릉4동,성북구,저녁(15~19시),148,0.747,15.541,14.718,50.0,51.695,4.73,5.152,61.153,62.865,53.0,12.282,56.71,False,False,False
U1129066000,길음1동,성북구,저녁(15~19시),2901,0.983,7.928,8.002,60.186,60.127,8.342,8.309,70.434,70.391,48.0,12.282,56.71,False,False,False
U1129068500,길음2동,성북구,저녁(15~19시),506,0.91,10.474,10.637,65.81,64.992,3.557,3.813,75.3,74.637,39.0,12.282,56.71,False,False,False
U1129070500,종암동,성북구,저녁(15~19시),602,0.923,25.249,24.255,48.173,48.827,6.645,6.626,66.713,66.807,45.0,12.282,56.71,False,True,False
U1129071500,월곡1동,성북구,저녁(15~19시),768,0.939,11.979,11.998,67.578,66.914,7.292,7.237,81.987,81.128,42.0,12.282,56.71,False,False,False
U1129072500,월곡2동,성북구,저녁(15~19시),986,0.952,10.446,10.535,50.203,50.517,5.68,5.714,58.59,59.041,54.0,12.282,56.71,False,False,False
U1129076000,장위1동,성북구,저녁(15~19시),145,0.744,17.241,15.97,68.966,65.823,2.759,3.693,85.009,80.631,31.0,12.282,56.71,False,False,False
U1129077000,장위2동,성북구,저녁(15~19시),139,0.735,29.496,24.942,58.993,58.389,2.878,3.81,85.632,80.95,35.0,12.282,56.71,False,False,False
U1129078000,장위3동,성북구,저녁(15~19시),229,0.821,10.917,11.162,80.349,76.113,2.183,2.94,92.189,87.842,30.0,12.282,56.71,False,False,False
U1129081000,석관동,성북구,저녁(15~19시),849,0.944,9.069,9.248,72.32,71.452,1.531,1.802,79.953,79.284,39.0,12.282,56.71,False,False,False
U1130553400,삼양동,강북구,저녁(15~19시),482,0.906,24.066,22.982,56.639,58.097,3.32,3.402,73.223,74.358,42.0,12.531,72.148,False,False,False
U1130553500,미아동,강북구,저녁(15~19시),593,0.922,10.793,10.928,69.14,69.374,6.745,6.547,82.558,82.771,36.0,12.531,72.148,False,False,False
U1130554500,송중동,강북구,저녁(15~19시),883,0.946,19.706,19.321,67.384,67.639,5.21,5.155,87.705,87.576,36.0,12.531,72.148,False,False,False
U1130555500,송천동,강북구,저녁(15~19시),597,0.923,8.375,8.696,75.879,75.591,2.848,2.952,84.887,84.918,34.0,12.531,72.148,False,False,False
U1130557500,삼각산동,강북구,저녁(15~19시),178,0.781,29.775,25.994,50.0,54.857,2.247,2.675,70.18,73.494,47.0,12.531,72.148,False,True,False
U1130559500,번1동,강북구,저녁(15~19시),761,0.938,11.038,11.13,76.61,76.335,3.417,3.465,88.21,88.03,31.0,12.531,72.148,False,False,False
U1130560300,번2동,강북구,저녁(15~19시),1318,0.963,13.278,13.25,74.279,74.201,5.008,4.978,89.11,88.97,32.0,12.531,72.148,False,False,False
U1130560800,번3동,강북구,저녁(15~19시),1017,0.953,10.816,10.896,76.008,75.827,3.54,3.571,88.033,87.904,33.0,12.531,72.148,False,False,False
U1130561500,수유1동,강북구,저녁(15~19시),646,0.928,25.387,24.463,61.61,62.367,4.334,4.325,85.97,85.922,35.0,12.531,72.148,False,False,False
U1130562500,수유2동,강북구,저녁(15~19시),404,0.89,16.584,16.138,76.733,76.228,1.485,1.784,92.316,91.542,32.0,12.531,72.148,False,False,False
U1130563500,수유3동,강북구,저녁(15~19시),930,0.949,9.032,9.211,73.226,73.171,7.312,7.153,86.381,86.326,32.0,12.531,72.148,False,False,False
U1130564500,우이동,강북구,저녁(15~19시),696,0.933,8.333,8.615,76.006,75.747,3.736,3.767,85.849,85.812,34.0,12.531,72.148,False,False,False
U1130566000,인수동,강북구,저녁(15~19시),1997,0.976,5.859,6.022,75.313,75.236,3.105,3.131,82.199,82.274,36.0,12.531,72.148,False,False,False
U1132051100,창1동,도봉구,저녁(15~19시),1415,0.966,10.53,10.434,78.657,78.743,4.876,4.864,92.271,92.26,30.0,7.729,81.184,False,False,False
U1132051200,창2동,도봉구,저녁(15~19시),334,0.87,6.886,6.996,82.036,81.925,2.695,2.93,89.613,89.916,29.0,7.729,81.184,False,False,False
U1132051300,창3동,도봉구,저녁(15~19시),357,0.877,12.045,11.515,68.908,70.416,2.521,2.765,79.547,81.07,32.0,7.729,81.184,False,False,False
U1132051400,창4동,도봉구,저녁(15~19시),1100,0.957,11.727,11.553,76.545,76.747,5.727,5.674,91.877,91.88,27.0,7.729,81.184,False,False,False
U1132051500,창5동,도봉구,저녁(15~19시),487,0.907,11.704,11.334,78.439,78.695,3.285,3.399,91.213,91.281,29.0,7.729,81.184,False,False,False
U1132052100,도봉1동,도봉구,저녁(15~19시),906,0.948,10.155,10.028,79.581,79.664,2.87,2.955,90.634,90.702,28.0,7.729,81.184,False,False,False
U1132052200,도봉2동,도봉구,저녁(15~19시),4842,0.99,5.287,5.312,84.407,84.374,5.721,5.708,94.542,94.516,29.0,7.729,81.184,False,False,False
U1132066000,쌍문1동,도봉구,저녁(15~19시),750,0.938,4.8,4.983,82.533,82.449,2.4,2.532,88.704,88.906,37.0,7.729,81.184,False,False,False
U1132067000,쌍문2동,도봉구,저녁(15~19시),652,0.929,8.129,8.1,79.755,79.856,2.761,2.885,89.017,89.226,30.0,7.729,81.184,False,False,False
U1132068000,쌍문3동,도봉구,저녁(15~19시),1087,0.956,4.508,4.649,84.913,84.749,5.244,5.211,93.942,93.854,30.0,7.729,81.184,False,False,False
U1132068100,쌍문4동,도봉구,저녁(15~19시),326,0.867,9.202,9.006,80.061,80.211,3.067,3.259,89.964,90.227,30.0,7.729,81.184,False,False,False
U1132069000,방학1동,도봉구,저녁(15~19시),1128,0.958,9.663,9.581,77.039,77.215,4.521,4.521,88.949,89.076,28.0,7.729,81.184,False,False,False
U1132070000,방학2동,도봉구,저녁(15~19시),302,0.858,9.272,9.052,83.775,83.407,1.325,1.776,92.78,92.661,29.0,7.729,81.184,False,False,False
U1132071000,방학3동,도봉구,저녁(15~19시),430,0.896,8.605,8.513,81.395,81.373,2.093,2.344,90.23,90.408,31.0,7.729,81.184,False,False,False
U1135056000,월계1동,노원구,저녁(15~19시),391,0.887,24.552,22.561,63.683,65.907,3.069,3.091,86.571,87.212,31.0,6.992,83.297,False,False,False
U1135057000,월계2동,노원구,저녁(15~19시),839,0.944,17.998,17.379,73.063,73.639,2.026,2.096,89.509,89.662,28.0,6.992,83.297,False,False,False
U1135058000,월계3동,노원구,저녁(15~19시),2369,0.979,6.079,6.097,82.946,82.954,3.546,3.54,91.139,91.161,28.0,6.992,83.297,False,False,False
U1135059500,공릉1동,노원구,저녁(15~19시),1934,0.975,10.755,10.66,79.99,80.073,4.55,4.518,93.548,93.515,27.0,6.992,83.297,False,False,False
U1135060000,공릉2동,노원구,저녁(15~19시),1024,0.953,7.52,7.495,80.762,80.88,3.906,3.876,90.484,90.565,30.0,6.992,83.297,False,False,False
U1135061100,하계1동,노원구,저녁(15~19시),9738,0.995,4.364,4.378,85.921,85.908,3.235,3.235,92.576,92.574,30.0,6.992,83.297,False,False,False
U1135061200,하계2동,노원구,저녁(15~19시),240,0.828,12.083,11.206,76.25,77.465,3.333,3.32,89.541,90.005,27.0,6.992,83.297,False,False,False
U1135061900,중계본동,노원구,저녁(15~19시),457,0.901,10.503,10.157,81.838,81.982,1.532,1.702,92.469,92.445,23.0,6.992,83.297,False,False,False
U1135062100,중계1동,노원구,저녁(15~19시),1042,0.954,8.541,8.47,82.821,82.843,1.536,1.614,91.412,91.45,27.0,6.992,83.297,False,False,False
U1135062400,중계4동,노원구,저녁(15~19시),877,0.946,12.885,12.567,76.739,77.093,2.281,2.333,88.943,89.12,28.0,6.992,83.297,False,False,False
U1135062500,중계2·3동,노원구,저녁(15~19시),2081,0.977,12.11,11.989,78.28,78.397,3.46,3.455,91.159,91.184,28.0,6.992,83.297,False,False,False
U1135063000,상계1동,노원구,저녁(15~19시),1639,0.97,11.287,11.16,80.964,81.033,2.563,2.583,93.225,93.196,25.0,6.992,83.297,False,False,False
U1135064000,상계2동,노원구,저녁(15~19시),2293,0.979,7.021,7.021,81.422,81.462,5.8,5.746,93.009,92.992,29.0,6.992,83.297,False,False,False
U1135066500,상계3·4동,노원구,저녁(15~19시),1038,0.954,15.318,14.935,73.025,73.497,1.927,1.988,86.662,86.918,31.0,6.992,83.297,False,False,False
U1135067000,상계5동,노원구,저녁(15~19시),1599,0.97,4.128,4.214,87.367,87.244,2.189,2.221,93.078,93.052,30.0,6.992,83.297,False,False,False
U1135069500,상계6·7동,노원구,저녁(15~19시),14119,0.996,4.405,4.415,86.118,86.108,3.223,3.223,92.829,92.826,29.0,6.992,83.297,False,False,False
U1135070000,상계8동,노원구,저녁(15~19시),244,0.83,13.934,12.754,79.508,80.153,3.279,3.275,95.605,95.03,25.0,6.992,83.297,False,False,False
U1135071000,상계9동,노원구,저녁(15~19시),400,0.889,8.75,8.555,82.25,82.366,2.25,2.362,91.363,91.459,26.0,6.992,83.297,False,False,False
U1135072000,상계10동,노원구,저녁(15~19시),424,0.895,22.406,20.78,67.689,69.335,2.83,2.875,88.686,89.059,30.0,6.992,83.297,False,False,False
U1138051000,녹번동,은평구,저녁(15~19시),1599,0.97,17.198,17.093,48.03,48.096,8.38,8.402,61.742,61.778,52.0,13.717,50.219,False,True,False
U1138052000,불광1동,은평구,저녁(15~19시),461,0.902,25.813,24.63,55.315,54.816,2.386,3.043,75.003,73.822,41.0,13.717,50.219,False,False,False
U1138053000,불광2동,은평구,저녁(15~19시),398,0.888,21.106,20.281,54.02,53.596,11.055,10.837,78.3,76.585,39.0,13.717,50.219,False,False,False
U1138055100,갈현1동,은평구,저녁(15~19시),279,0.848,17.204,16.674,50.179,50.185,6.81,7.158,64.039,63.871,49.0,13.717,50.219,False,False,False
U1138055200,갈현2동,은평구,저녁(15~19시),793,0.941,26.608,25.843,44.262,44.616,12.484,12.283,67.158,66.907,51.0,13.717,50.219,False,True,False
U1138056000,구산동,은평구,저녁(15~19시),3113,0.984,14.295,14.286,51.365,51.347,7.517,7.542,63.475,63.466,51.0,13.717,50.219,False,False,False
U1138057000,대조동,은평구,저녁(15~19시),532,0.914,23.684,22.828,50.376,50.362,5.075,5.421,67.765,67.35,43.0,13.717,50.219,False,False,False
U1138058000,응암1동,은평구,저녁(15~19시),574,0.92,15.854,15.682,51.916,51.78,6.446,6.658,64.726,64.582,46.0,13.717,50.219,False,False,False
U1138059000,응암2동,은평구,저녁(15~19시),405,0.89,26.667,25.244,46.914,47.277,3.21,3.857,62.725,62.748,48.0,13.717,50.219,False,True,False
U1138060000,응암3동,은평구,저녁(15~19시),583,0.921,15.609,15.459,37.05,38.09,18.868,18.096,53.942,54.652,58.0,13.717,50.219,False,True,False
U1138062500,역촌동,은평구,저녁(15~19시),5233,0.991,9.536,9.575,51.768,51.753,13.281,13.242,65.249,65.227,49.0,13.717,50.219,False,False,False
U1138063100,신사1동,은평구,저녁(15~19시),555,0.917,17.297,17.001,52.793,52.58,7.207,7.363,68.035,67.613,44.0,13.717,50.219,False,False,False
U1138063200,신사2동,은평구,저녁(15~19시),443,0.899,16.479,16.198,50.79,50.732,7.449,7.616,63.454,63.401,45.0,13.717,50.219,False,False,False
U1138064000,증산동,은평구,저녁(15~19시),2625,0.981,6.857,6.985,45.41,45.499,8.419,8.432,52.494,52.69,59.0,13.717,50.219,False,True,False
U1138065000,수색동,은평구,저녁(15~19시),605,0.924,17.686,17.383,44.793,45.208,3.14,3.595,53.484,54.205,56.0,13.717,50.219,False,True,False
U1138069000,진관동,은평구,저녁(15~19시),2798,0.982,11.687,11.723,55.54,55.446,6.219,6.269,66.074,66.019,47.0,13.717,50.219,False,False,False
U1141052000,천연동,서대문구,저녁(15~19시),332,0.869,10.542,10.789,38.253,36.828,2.108,2.76,42.528,41.231,75.0,12.43,27.368,False,True,True
U1141055500,북아현동,서대문구,저녁(15~19시),683,0.932,22.694,21.994,20.644,21.103,9.517,9.351,27.779,28.109,85.0,12.43,27.368,False,True,True
U1141056500,충현동,서대문구,저녁(15~19시),887,0.947,17.475,17.205,14.092,14.801,14.092,13.719,19.179,19.896,94.0,12.43,27.368,False,True,True
U1141058500,신촌동,서대문구,저녁(15~19시),9383,0.995,10.956,10.964,21.624,21.655,6.682,6.684,25.357,25.396,85.0,12.43,27.368,False,True,True
U1141061500,연희동,서대문구,저녁(15~19시),1831,0.973,9.503,9.581,28.946,28.904,6.881,6.887,33.51,33.486,77.0,12.43,27.368,False,True,True
U1141062000,홍제1동,서대문구,저녁(15~19시),246,0.831,19.512,18.316,47.967,44.488,4.065,4.576,59.691,55.117,54.0,12.43,27.368,False,True,False
U1141064000,홍제3동,서대문구,저녁(15~19시),1452,0.967,7.851,8.004,32.576,32.402,5.165,5.229,36.61,36.477,72.0,12.43,27.368,False,True,True
U1141065500,홍제2동,서대문구,저녁(15~19시),184,0.786,19.022,17.613,42.935,39.608,5.435,5.788,53.867,49.326,51.0,12.43,27.368,False,True,False
U1141066000,홍은1동,서대문구,저녁(15~19시),422,0.894,7.82,8.308,41.469,39.975,5.213,5.412,46.885,45.373,64.0,12.43,27.368,False,True,True
U1141068500,홍은2동,서대문구,저녁(15~19시),922,0.949,17.896,17.615,36.551,36.079,9.653,9.521,46.939,46.202,64.0,12.43,27.368,False,True,True
U1141069000,남가좌1동,서대문구,저녁(15~19시),303,0.858,28.713,26.407,44.554,42.12,2.97,3.553,61.614,57.507,49.0,12.43,27.368,False,True,False
U1141070000,남가좌2동,서대문구,저녁(15~19시),659,0.929,11.684,11.737,37.329,36.627,6.373,6.424,43.829,43.039,65.0,12.43,27.368,False,True,True
U1141071000,북가좌1동,서대문구,저녁(15~19시),171,0.774,16.374,15.482,59.649,52.346,8.772,8.391,76.862,66.852,43.0,12.43,27.368,False,False,False
U1141072000,북가좌2동,서대문구,저녁(15~19시),1036,0.954,16.12,15.95,43.34,42.604,8.687,8.614,54.474,53.468,55.0,12.43,27.368,False,True,False
U1144055500,아현동,마포구,저녁(15~19시),719,0.935,24.757,23.867,30.181,30.787,7.928,8.058,41.647,42.084,70.0,11.08,39.507,False,True,True
U1144056500,공덕동,마포구,저녁(15~19시),497,0.909,9.859,9.971,26.962,28.109,6.64,6.941,31.501,33.042,77.0,11.08,39.507,False,True,True
U1144058500,도화동,마포구,저녁(15~19시),238,0.826,18.908,17.549,38.235,38.456,7.563,7.976,49.814,49.561,61.0,11.08,39.507,False,True,True
U1144059000,용강동,마포구,저녁(15~19시),107,0.682,26.168,21.363,42.056,41.244,3.738,5.713,57.084,54.305,56.0,11.08,39.507,False,True,False
U1144060000,대흥동,마포구,저녁(15~19시),2356,0.979,11.078,11.078,32.81,32.949,10.229,10.223,40.201,40.37,71.0,11.08,39.507,False,True,True
U1144061000,염리동,마포구,저녁(15~19시),145,0.744,27.586,23.354,37.241,37.822,3.448,5.113,50.519,49.965,60.0,11.08,39.507,False,True,False
U1144063000,신수동,마포구,저녁(15~19시),210,0.808,24.762,22.131,28.571,30.675,13.81,13.065,43.166,44.165,69.0,11.08,39.507,False,True,True
U1144065500,서강동,마포구,저녁(15~19시),187,0.789,23.529,20.903,42.781,42.09,6.952,7.582,57.639,55.681,55.0,11.08,39.507,False,True,False
U1144066000,서교동,마포구,저녁(15~19시),1207,0.96,20.298,19.932,40.762,40.712,6.545,6.68,53.364,53.165,56.0,11.08,39.507,False,True,False
U1144068000,합정동,마포구,저녁(15~19시),178,0.781,17.416,16.026,46.067,44.629,10.112,10.074,61.75,58.813,48.0,11.08,39.507,False,True,False
U1144069000,망원1동,마포구,저녁(15~19시),1300,0.963,7.154,7.299,39.154,39.167,13.077,12.961,47.358,47.395,63.0,11.08,39.507,False,True,True
U1144070000,망원2동,마포구,저녁(15~19시),906,0.948,7.285,7.483,56.623,55.727,2.98,3.344,61.827,61.122,51.0,11.08,39.507,False,False,False
U1144071000,연남동,마포구,저녁(15~19시),88,0.638,27.273,21.406,45.455,43.3,12.5,11.572,70.025,62.175,38.0,11.08,39.507,False,True,False
U1144072000,성산1동,마포구,저녁(15~19시),1971,0.975,11.568,11.556,40.639,40.611,7.509,7.569,48.542,48.538,62.0,11.08,39.507,False,True,True
U1144073000,성산2동,마포구,저녁(15~19시),3145,0.984,10.016,10.033,42.035,41.995,7.536,7.573,49.401,49.384,61.0,11.08,39.507,False,True,True
U1144074000,상암동,마포구,저녁(15~19시),7170,0.993,7.866,7.888,39.833,39.83,13.11,13.088,48.983,48.979,61.0,11.08,39.507,False,True,True
U1147051000,목1동,양천구,저녁(15~19시),919,0.948,10.881,10.843,58.542,58.742,5.876,5.864,69.096,69.27,43.0,10.129,62.425,False,False,False
U1147052000,목2동,양천구,저녁(15~19시),194,0.795,17.526,16.01,47.938,50.907,5.155,5.255,59.266,61.973,52.0,10.129,62.425,False,True,False
U1147053000,목3동,양천구,저녁(15~19시),297,0.856,13.131,12.699,63.973,63.75,1.347,1.966,73.404,73.271,41.0,10.129,62.425,False,False,False
U1147054000,목4동,양천구,저녁(15~19시),537,0.915,11.359,11.255,50.838,51.825,8.752,8.488,62.393,63.252,51.0,10.129,62.425,False,False,False
U1147055000,목5동,양천구,저녁(15~19시),700,0.933,8.0,8.142,54.286,54.828,2.857,3.043,60.092,60.918,51.0,10.129,62.425,False,False,False
U1147056000,신월1동,양천구,저녁(15~19시),556,0.917,14.388,14.037,66.906,66.537,4.317,4.426,79.12,78.572,40.0,10.129,62.425,False,False,False
U1147057000,신월2동,양천구,저녁(15~19시),337,0.871,20.178,18.88,71.217,70.081,1.78,2.28,88.553,86.476,33.0,10.129,62.425,False,False,False
U1147058000,신월3동,양천구,저녁(15~19시),272,0.845,12.5,12.132,54.412,55.656,5.147,5.225,64.285,65.557,46.0,10.129,62.425,False,False,False
U1147059000,신월4동,양천구,저녁(15~19시),105,0.677,12.381,11.655,64.762,64.008,3.81,4.402,75.168,74.301,37.0,10.129,62.425,False,False,False
U1147060000,신월5동,양천구,저녁(15~19시),254,0.836,10.63,10.548,74.803,72.767,1.575,2.244,84.621,82.624,34.0,10.129,62.425,False,False,False
U1147061000,신월6동,양천구,저녁(15~19시),415,0.892,6.265,6.681,72.53,71.444,1.205,1.682,77.387,76.86,35.0,10.129,62.425,False,False,False
U1147061100,신월7동,양천구,저녁(15~19시),176,0.779,16.477,15.073,60.795,61.156,2.841,3.462,73.906,73.59,35.0,10.129,62.425,False,False,False
U1147062000,신정1동,양천구,저녁(15~19시),442,0.898,15.385,14.851,50.226,51.466,4.072,4.232,59.109,60.468,51.0,10.129,62.425,False,False,False
U1147063000,신정2동,양천구,저녁(15~19시),185,0.787,7.568,8.113,68.649,67.324,2.703,3.329,75.051,74.504,39.0,10.129,62.425,False,False,False
U1147064000,신정3동,양천구,저녁(15~19시),4595,0.989,7.9,7.924,62.699,62.696,8.509,8.478,73.353,73.344,42.0,10.129,62.425,False,False,False
U1147065000,신정4동,양천구,저녁(15~19시),1046,0.954,14.818,14.604,63.289,63.249,4.78,4.82,77.283,77.064,40.0,10.129,62.425,False,False,False
U1147067000,신정6동,양천구,저녁(15~19시),1327,0.964,5.803,5.96,73.625,73.218,2.035,2.166,79.008,78.771,39.0,10.129,62.425,False,False,False
U1147068000,신정7동,양천구,저녁(15~19시),625,0.926,11.36,11.269,53.6,54.254,7.2,7.085,63.7,64.35,46.0,10.129,62.425,False,False,False
U1150051000,염창동,강서구,저녁(15~19시),564,0.919,10.638,10.639,59.22,59.654,6.206,6.222,69.435,69.996,46.0,10.647,64.554,False,False,False
U1150052000,등촌1동,강서구,저녁(15~19시),570,0.919,9.474,9.568,68.246,67.948,4.035,4.226,77.693,77.582,37.0,10.647,64.554,False,False,False
U1150053000,등촌2동,강서구,저녁(15~19시),152,0.752,19.737,17.487,57.237,59.048,3.289,4.061,73.135,73.923,39.0,10.647,64.554,False,False,False
U1150053500,등촌3동,강서구,저녁(15~19시),2752,0.982,12.791,12.752,66.061,66.034,4.615,4.647,78.389,78.352,36.0,10.647,64.554,False,False,False
U1150054000,화곡1동,강서구,저녁(15~19시),741,0.937,13.36,13.189,55.196,55.787,5.533,5.588,66.647,67.258,47.0,10.647,64.554,False,False,False
U1150055000,화곡2동,강서구,저녁(15~19시),178,0.781,28.09,24.265,38.764,44.42,6.742,6.668,52.589,57.793,54.0,10.647,64.554,False,True,False
U1150056000,화곡3동,강서구,저녁(15~19시),316,0.863,12.342,12.11,68.671,68.109,3.481,3.881,80.525,79.951,35.0,10.647,64.554,False,False,False
U1150057000,화곡4동,강서구,저녁(15~19시),268,0.843,31.716,28.404,52.239,54.175,4.851,5.095,78.235,77.934,39.0,10.647,64.554,False,False,False
U1150059000,화곡본동,강서구,저녁(15~19시),218,0.813,21.56,19.524,61.468,62.044,2.294,3.061,78.26,77.897,38.0,10.647,64.554,False,False,False
U1150059100,화곡6동,강서구,저녁(15~19시),1675,0.971,8.716,8.772,52.119,52.48,19.642,19.258,70.548,70.716,41.0,10.647,64.554,False,False,False
U1150059300,화곡8동,강서구,저녁(15~19시),212,0.809,15.566,14.627,64.151,64.228,1.415,2.367,76.279,76.287,41.0,10.647,64.554,False,False,False
U1150060300,가양1동,강서구,저녁(15~19시),3103,0.984,9.056,9.081,67.966,67.912,5.35,5.366,78.25,78.22,37.0,10.647,64.554,False,False,False
U1150060400,가양2동,강서구,저녁(15~19시),3569,0.986,11.712,11.697,53.516,53.669,10.591,10.533,67.084,67.212,48.0,10.647,64.554,False,False,False
U1150060500,가양3동,강서구,저녁(15~19시),670,0.931,13.582,13.378,40.597,42.261,9.851,9.612,49.838,51.676,61.0,10.647,64.554,False,True,True
U1150061100,발산1동,강서구,저녁(15~19시),2595,0.981,11.214,11.203,66.744,66.702,5.087,5.112,78.82,78.773,39.0,10.647,64.554,False,False,False
U1150061500,우장산동,강서구,저녁(15~19시),1656,0.971,9.662,9.691,68.418,68.305,5.072,5.112,78.913,78.837,40.0,10.647,64.554,False,False,False
U1150062000,공항동,강서구,저녁(15~19시),1570,0.969,13.567,13.477,57.58,57.795,5.732,5.753,68.773,69.006,43.0,10.647,64.554,False,False,False
U1150063000,방화1동,강서구,저녁(15~19시),5193,0.99,5.18,5.232,76.757,76.641,4.622,4.639,84.685,84.605,35.0,10.647,64.554,False,False,False
U1150064000,방화2동,강서구,저녁(15~19시),2282,0.979,11.876,11.849,67.791,67.722,3.769,3.825,78.783,78.73,37.0,10.647,64.554,False,False,False
U1150064100,방화3동,강서구,저녁(15~19시),831,0.943,13.357,13.204,71.721,71.314,2.286,2.52,82.682,82.321,36.0,10.647,64.554,False,False,False
U1153051000,신도림동,구로구,저녁(15~19시),550,0.917,15.273,15.007,56.909,56.803,5.818,5.794,69.57,69.26,42.0,12.088,55.635,False,False,False
U1153052000,구로1동,구로구,저녁(15~19시),42,0.457,19.048,15.265,59.524,57.41,4.762,5.176,77.54,71.186,52.0,12.088,55.635,False,False,False
U1153053000,구로2동,구로구,저녁(15~19시),2805,0.982,5.241,5.361,60.428,60.344,4.242,4.265,66.185,66.179,49.0,12.088,55.635,False,False,False
U1153054000,구로3동,구로구,저녁(15~19시),1909,0.974,5.867,6.026,45.678,45.932,6.81,6.777,51.474,51.841,59.0,12.088,55.635,False,True,False
U1153055000,구로4동,구로구,저녁(15~19시),173,0.776,19.653,17.957,46.821,48.797,7.514,7.068,61.889,62.777,46.0,12.088,55.635,False,True,False
U1153056000,구로5동,구로구,저녁(15~19시),1563,0.969,10.493,10.542,48.369,48.594,6.91,6.867,57.063,57.335,55.0,12.088,55.635,False,True,False
U1153059500,가리봉동,구로구,저녁(15~19시),225,0.818,17.333,16.38,43.111,45.388,4.444,4.641,53.989,56.145,58.0,12.088,55.635,False,True,False
U1153072000,고척1동,구로구,저녁(15~19시),864,0.945,14.815,14.666,55.787,55.779,6.829,6.757,68.439,68.298,45.0,12.088,55.635,False,False,False
U1153073000,고척2동,구로구,저녁(15~19시),145,0.744,23.448,20.535,62.069,60.419,5.517,5.519,83.653,79.088,33.0,12.088,55.635,False,False,False
U1153074000,개봉1동,구로구,저녁(15~19시),835,0.944,17.126,16.841,65.15,64.612,4.431,4.493,80.761,79.918,38.0,12.088,55.635,False,False,False
U1153075000,개봉2동,구로구,저녁(15~19시),374,0.882,17.914,17.227,60.16,59.627,5.08,5.132,75.534,74.392,39.0,12.088,55.635,False,False,False
U1153076000,개봉3동,구로구,저녁(15~19시),330,0.868,17.576,16.854,52.727,53.11,1.818,2.306,62.659,63.079,45.0,12.088,55.635,False,False,False
U1153077000,오류1동,구로구,저녁(15~19시),198,0.798,17.172,16.147,68.182,65.652,2.525,3.13,82.205,78.907,31.0,12.088,55.635,False,False,False
U1153078000,오류2동+항동,구로구,저녁(15~19시),1165,0.959,18.884,18.604,57.94,57.845,4.893,4.919,72.674,72.393,42.0,12.088,55.635,False,False,False
U1153079000,수궁동,구로구,저녁(15~19시),917,0.948,20.72,20.273,61.614,61.305,6.87,6.801,82.293,81.442,37.0,12.088,55.635,False,False,False
U1154551000,가산동,금천구,저녁(15~19시),1289,0.963,12.18,12.239,38.092,38.477,6.827,6.761,44.758,45.239,66.0,13.757,48.414,False,True,True
U1154561000,독산1동,금천구,저녁(15~19시),1620,0.97,13.457,13.466,52.222,52.108,4.136,4.164,61.367,61.256,51.0,13.757,48.414,False,False,False
U1154562000,독산2동,금천구,저녁(15~19시),111,0.689,27.928,23.527,46.847,47.334,1.802,2.817,63.108,61.41,47.0,13.757,48.414,False,True,False
U1154563000,독산3동,금천구,저녁(15~19시),335,0.87,11.343,11.657,60.896,59.275,4.179,4.295,70.943,69.216,45.0,13.757,48.414,False,False,False
U1154564000,독산4동,금천구,저녁(15~19시),81,0.618,35.802,27.388,38.272,42.143,6.173,5.753,54.739,55.847,56.0,13.757,48.414,False,True,False
U1154567000,시흥1동,금천구,저녁(15~19시),1858,0.974,9.957,10.057,51.399,51.321,5.005,5.007,59.204,59.163,52.0,13.757,48.414,False,False,False
U1154568000,시흥2동,금천구,저녁(15~19시),104,0.675,16.346,15.506,48.077,48.186,3.846,4.244,58.19,58.012,46.0,13.757,48.414,False,True,False
U1154569000,시흥3동,금천구,저녁(15~19시),120,0.706,28.333,24.046,44.167,45.416,6.667,6.198,65.246,63.009,47.0,13.757,48.414,False,True,False
U1154570000,시흥4동,금천구,저녁(15~19시),209,0.807,24.88,22.733,44.976,45.64,4.785,4.84,60.286,59.775,47.0,13.757,48.414,False,True,False
U1154571000,시흥5동,금천구,저녁(15~19시),168,0.771,29.762,26.091,46.429,46.884,4.762,4.833,68.722,66.18,47.0,13.757,48.414,False,True,False
U1156051500,영등포본동,영등포구,저녁(15~19시),233,0.823,21.888,20.232,31.76,32.479,6.009,6.119,41.746,41.947,70.0,12.51,35.833,False,True,True
U1156053500,영등포동,영등포구,저녁(15~19시),4674,0.989,10.184,10.209,33.184,33.212,3.744,3.775,37.569,37.625,72.0,12.51,35.833,False,True,True
U1156054000,여의동,영등포구,저녁(15~19시),5139,0.99,15.178,15.152,27.184,27.268,8.173,8.158,33.828,33.915,78.0,12.51,35.833,False,True,True
U1156055000,당산1동,영등포구,저녁(15~19시),1262,0.962,11.965,11.986,41.759,41.533,7.924,7.875,50.631,50.335,60.0,12.51,35.833,False,True,False
U1156056000,당산2동,영등포구,저녁(15~19시),467,0.903,20.557,19.779,46.467,45.438,2.355,2.769,57.51,56.095,53.0,12.51,35.833,False,True,False
U1156058500,도림동,영등포구,저녁(15~19시),412,0.892,12.864,12.826,50.243,48.683,8.252,8.077,61.87,59.815,49.0,12.51,35.833,False,False,False
U1156060500,문래동,영등포구,저녁(15~19시),836,0.944,13.876,13.799,47.847,47.169,4.665,4.776,57.404,56.584,55.0,12.51,35.833,False,True,False
U1156061000,양평1동,영등포구,저녁(15~19시),982,0.952,11.1,11.168,42.464,42.143,5.092,5.166,49.715,49.385,61.0,12.51,35.833,False,True,True
U1156062000,양평2동,영등포구,저녁(15~19시),333,0.869,14.414,14.166,36.937,36.793,4.204,4.522,43.309,43.254,66.0,12.51,35.833,False,True,True
U1156063000,신길1동,영등포구,저녁(15~19시),400,0.889,12.5,12.501,38.5,38.204,1.75,2.293,44.078,43.945,67.0,12.51,35.833,False,True,True
U1156065000,신길3동,영등포구,저녁(15~19시),146,0.745,23.973,21.049,42.466,40.774,4.11,4.754,55.769,52.482,57.0,12.51,35.833,False,True,False
U1156066000,신길4동,영등포구,저녁(15~19시),59,0.541,13.559,13.078,44.068,40.291,0.0,3.044,50.98,47.267,60.0,12.51,35.833,False,True,False
U1156067000,신길5동,영등포구,저녁(15~19시),554,0.917,7.04,7.493,34.657,34.754,8.123,8.0,39.863,40.114,72.0,12.51,35.833,False,True,True
U1156068000,신길6동,영등포구,저녁(15~19시),631,0.927,13.471,13.4,31.22,31.559,22.821,21.633,46.187,45.945,64.0,12.51,35.833,False,True,True
U1156069000,신길7동,영등포구,저녁(15~19시),110,0.688,36.364,28.91,21.818,26.198,14.545,12.074,39.161,40.325,69.0,12.51,35.833,False,True,True
U1156070000,대림1동,영등포구,저녁(15~19시),897,0.947,8.25,8.475,42.029,41.702,5.463,5.525,47.925,47.659,63.0,12.51,35.833,False,True,True
U1156071000,대림2동,영등포구,저녁(15~19시),294,0.855,9.184,9.667,50.68,48.522,4.422,4.744,57.745,55.585,58.0,12.51,35.833,False,False,False
U1156072000,대림3동,영등포구,저녁(15~19시),1771,0.973,9.26,9.35,44.382,44.147,7.736,7.706,52.137,51.883,59.0,12.51,35.833,False,True,False
U1159051000,노량진1동,동작구,저녁(15~19시),478,0.905,12.552,12.902,31.59,32.089,3.138,3.462,36.556,37.405,77.0,16.249,36.859,False,True,True
U1159052000,노량진2동,동작구,저녁(15~19시),138,0.734,23.913,21.875,28.986,31.079,5.797,6.0,38.721,40.528,72.0,16.249,36.859,False,True,True
U1159053000,상도1동,동작구,저녁(15~19시),685,0.932,25.693,25.051,32.117,32.439,4.526,4.664,42.152,42.381,69.0,16.249,36.859,False,True,True
U1159054000,상도2동,동작구,저녁(15~19시),399,0.889,16.04,16.063,39.098,38.848,6.266,6.298,47.674,47.434,62.0,16.249,36.859,False,True,True
U1159055000,상도3동,동작구,저녁(15~19시),112,0.691,30.357,26.003,43.75,41.623,0.893,2.642,58.375,54.406,48.0,16.249,36.859,False,True,False
U1159056000,상도4동,동작구,저녁(15~19시),179,0.782,19.553,18.832,30.726,32.065,4.469,4.926,38.711,40.197,75.0,16.249,36.859,False,True,True
U1159060500,흑석동,동작구,저녁(15~19시),1087,0.956,17.295,17.249,32.843,33.019,11.408,11.194,44.098,44.16,66.0,16.249,36.859,False,True,True
U1159062000,사당1동,동작구,저녁(15~19시),216,0.812,18.981,18.468,32.87,33.62,8.333,8.0,42.674,43.208,66.0,16.249,36.859,False,True,True
U1159063000,사당2동,동작구,저녁(15~19시),183,0.785,23.497,21.942,29.508,31.086,5.464,5.7,40.268,41.394,79.0,16.249,36.859,False,True,True
U1159064000,사당3동,동작구,저녁(15~19시),250,0.833,20.4,19.708,33.2,33.81,8.8,8.427,44.138,44.368,64.0,16.249,36.859,False,True,True
U1159065000,사당4동,동작구,저녁(15~19시),48,0.49,18.75,17.474,27.083,32.071,8.333,7.429,36.374,41.038,70.0,16.249,36.859,False,False,False
U1159065100,사당5동,동작구,저녁(15~19시),130,0.722,42.308,35.069,21.538,25.794,3.077,4.045,30.637,34.77,89.0,16.249,36.859,False,True,True
U1159066000,대방동,동작구,저녁(15~19시),656,0.929,19.207,18.998,33.537,33.772,9.909,9.671,44.538,44.607,67.0,16.249,36.859,False,True,True
U1159067000,신대방1동,동작구,저녁(15~19시),932,0.949,12.017,12.233,45.386,44.952,3.648,3.796,51.28,50.987,59.0,16.249,36.859,False,True,False
U1159068000,신대방2동,동작구,저녁(15~19시),4095,0.988,12.967,13.007,39.414,39.383,6.349,6.352,47.095,47.076,63.0,16.249,36.859,False,True,True
U1162052500,보라매동,관악구,저녁(15~19시),2671,0.982,11.307,11.411,43.879,43.812,6.627,6.609,51.579,51.542,59.0,16.966,40.246,False,True,False
U1162054500,청림동,관악구,저녁(15~19시),106,0.679,22.642,20.822,34.906,36.617,2.83,3.731,44.862,46.361,66.0,16.966,40.246,False,True,True
U1162056500,성현동,관악구,저녁(15~19시),484,0.906,19.215,19.004,39.463,39.536,5.372,5.397,50.468,50.38,60.0,16.966,40.246,False,True,False
U1162057500,행운동,관악구,저녁(15~19시),251,0.834,26.295,24.745,39.044,39.243,3.586,3.927,52.671,52.151,57.0,16.966,40.246,False,True,False
U1162058500,낙성대동,관악구,저녁(15~19시),516,0.912,20.543,20.227,41.667,41.541,3.295,3.502,51.629,51.444,59.0,16.966,40.246,False,True,False
U1162059500,청룡동,관악구,저녁(15~19시),1201,0.96,12.906,13.068,37.219,37.34,7.244,7.18,44.971,45.154,65.0,16.966,40.246,False,True,True
U1162060500,은천동,관악구,저녁(15~19시),607,0.924,27.018,26.253,37.232,37.462,5.601,5.604,51.4,51.258,59.0,16.966,40.246,False,True,False
U1162061500,중앙동,관악구,저녁(15~19시),292,0.854,28.425,26.749,36.301,36.878,5.822,5.796,51.634,51.328,60.0,16.966,40.246,False,True,False
U1162062500,인헌동,관악구,저녁(15~19시),204,0.803,25.49,23.812,23.039,26.426,9.314,8.591,32.221,35.63,88.0,16.966,40.246,False,True,True
U1162063000,남현동,관악구,저녁(15~19시),387,0.886,5.685,6.975,31.008,32.065,1.55,2.019,32.95,34.848,89.0,16.966,40.246,False,True,True
U1162064500,서원동,관악구,저녁(15~19시),856,0.945,16.939,16.941,46.846,46.482,3.505,3.623,55.214,54.9,56.0,16.966,40.246,False,True,False
U1162065500,신원동,관악구,저녁(15~19시),143,0.741,12.587,13.722,40.559,40.478,6.993,6.643,47.5,48.028,62.0,16.966,40.246,False,True,True
U1162066500,서림동,관악구,저녁(15~19시),522,0.913,24.904,24.21,32.567,33.238,11.686,11.158,44.568,45.002,63.0,16.966,40.246,False,True,True
U1162068500,신사동,관악구,저녁(15~19시),181,0.784,16.022,16.226,56.354,52.867,7.735,7.282,71.962,67.108,42.0,16.966,40.246,False,False,False
U1162069500,신림동,관악구,저녁(15~19시),284,0.85,19.718,19.306,44.366,43.749,4.225,4.437,55.849,54.904,52.0,16.966,40.246,False,True,False
U1162071500,난향동,관악구,저녁(15~19시),280,0.848,22.5,21.661,42.5,42.158,2.857,3.279,54.478,53.729,55.0,16.966,40.246,False,True,False
U1162072500,조원동,관악구,저녁(15~19시),291,0.853,22.337,21.549,31.615,32.881,3.78,4.053,40.277,41.635,67.0,16.966,40.246,False,True,True
U1162073500,대학동,관악구,저녁(15~19시),248,0.832,14.516,14.927,29.032,30.914,4.839,4.974,35.173,37.584,82.0,16.966,40.246,False,True,True
U1162074500,삼성동,관악구,저녁(15~19시),290,0.853,14.483,14.848,47.241,46.213,4.483,4.653,56.873,55.794,55.0,16.966,40.246,False,True,False
U1162076500,미성동,관악구,저녁(15~19시),272,0.845,15.441,15.678,46.324,45.38,4.044,4.292,54.855,54.029,54.0,16.966,40.246,False,True,False
U1162077500,난곡동,관악구,저녁(15~19시),176,0.779,27.273,24.992,38.636,38.992,1.136,2.133,51.712,51.231,57.0,16.966,40.246,False,True,False
U1165051000,서초1동,서초구,저녁(15~19시),1838,0.974,13.874,13.94,18.444,18.631,7.291,7.328,22.17,22.437,93.0,16.361,25.497,False,True,True
U1165052000,서초2동,서초구,저녁(15~19시),1185,0.96,10.042,10.298,25.485,25.486,19.325,18.894,34.422,34.335,83.0,16.361,25.497,False,True,True
U1165053000,서초3동,서초구,저녁(15~19시),1261,0.962,22.125,21.905,17.843,18.135,8.247,8.264,23.781,24.104,93.0,16.361,25.497,False,True,True
U1165053100,서초4동,서초구,저녁(15~19시),447,0.899,21.253,20.761,23.937,24.094,4.251,4.697,30.102,30.319,83.0,16.361,25.497,False,True,True
U1165054000,잠원동,서초구,저녁(15~19시),150,0.75,17.333,17.09,30.0,28.874,6.0,6.673,37.905,36.493,81.0,16.361,25.497,False,True,True
U1165055000,반포본동,서초구,저녁(15~19시),27,0.351,37.037,23.611,25.926,25.647,11.111,9.541,41.225,35.401,126.0,16.361,25.497,False,False,False
U1165056000,반포1동,서초구,저녁(15~19시),274,0.846,24.088,22.895,22.628,23.071,8.029,8.132,30.481,30.755,93.0,16.361,25.497,False,True,True
U1165057000,반포2동,서초구,저녁(15~19시),211,0.808,19.905,19.226,16.588,18.294,9.479,9.328,22.102,24.047,93.0,16.361,25.497,False,True,True
U1165058000,반포3동,서초구,저녁(15~19시),269,0.843,19.703,19.179,26.766,26.567,5.576,6.065,33.686,33.462,84.0,16.361,25.497,False,True,True
U1165058100,반포4동,서초구,저녁(15~19시),1129,0.958,17.981,17.912,20.549,20.759,5.934,6.051,25.476,25.764,93.0,16.361,25.497,False,True,True
U1165059000,방배본동,서초구,저녁(15~19시),141,0.738,39.007,33.079,25.532,25.523,9.929,9.605,44.299,41.146,73.0,16.361,25.497,False,True,True
U1165060000,방배1동,서초구,저녁(15~19시),1101,0.957,8.901,9.225,32.153,31.863,6.812,6.894,37.102,36.891,74.0,16.361,25.497,False,True,True
U1165061000,방배2동,서초구,저녁(15~19시),680,0.932,20.882,20.573,25.0,25.034,5.147,5.39,31.811,31.842,80.0,16.361,25.497,False,True,True
U1165062000,방배3동,서초구,저녁(15~19시),250,0.833,30.4,28.06,21.2,21.916,5.6,6.115,29.839,30.242,87.0,16.361,25.497,False,True,True
U1165062100,방배4동,서초구,저녁(15~19시),257,0.837,22.568,21.557,20.623,21.416,7.393,7.605,28.397,29.026,83.0,16.361,25.497,False,True,True
U1165065100,양재1동,서초구,저녁(15~19시),801,0.941,17.353,17.295,26.966,26.88,7.865,7.914,34.481,34.35,79.0,16.361,25.497,False,True,True
U1165065200,양재2동,서초구,저녁(15~19시),911,0.948,16.026,16.044,33.15,32.752,5.159,5.343,40.086,39.679,70.0,16.361,25.497,False,True,True
U1165066000,내곡동,서초구,저녁(15~19시),2148,0.977,12.942,13.02,33.752,33.565,11.546,11.481,42.834,42.594,66.0,16.361,25.497,False,True,True
U1168051000,신사동,강남구,저녁(15~19시),235,0.825,23.404,22.199,27.66,29.997,6.383,6.784,37.172,39.849,77.0,16.536,40.985,False,True,True
U1168052100,논현1동,강남구,저녁(15~19시),342,0.872,22.515,21.752,22.515,24.871,7.018,7.228,30.046,32.901,81.0,16.536,40.985,False,True,True
U1168053100,논현2동,강남구,저녁(15~19시),306,0.86,26.797,25.356,29.739,31.318,4.248,4.869,39.132,40.999,72.0,16.536,40.985,False,True,True
U1168054500,압구정동,강남구,저녁(15~19시),174,0.777,20.115,19.316,29.31,31.916,6.322,6.846,37.872,41.121,78.0,16.536,40.985,False,True,True
U1168056500,청담동,강남구,저녁(15~19시),230,0.821,27.391,25.453,27.826,30.176,5.217,5.834,39.092,41.474,79.0,16.536,40.985,False,True,True
U1168058000,삼성1동,강남구,저녁(15~19시),775,0.939,20.129,19.911,36.129,36.423,2.839,3.192,44.498,44.979,66.0,16.536,40.985,False,True,True
U1168059000,삼성2동,강남구,저녁(15~19시),391,0.887,27.877,26.591,29.156,30.497,6.65,6.879,41.448,42.693,69.0,16.536,40.985,False,True,True
U1168060000,대치1동,강남구,저녁(15~19시),113,0.693,28.319,24.704,37.168,38.339,7.08,7.568,53.998,53.516,56.0,16.536,40.985,False,True,False
U1168061000,대치2동,강남구,저녁(15~19시),366,0.88,21.585,20.978,38.525,38.82,2.732,3.446,48.117,48.635,64.0,16.536,40.985,False,True,True
U1168063000,대치4동,강남구,저녁(15~19시),201,0.801,36.816,32.776,21.393,25.296,5.97,6.508,31.888,35.979,76.0,16.536,40.985,False,True,True
U1168064000,역삼1동,강남구,저녁(15~19시),1689,0.971,15.098,15.139,23.209,23.72,5.21,5.31,28.159,28.857,86.0,16.536,40.985,False,True,True
U1168065000,역삼2동,강남구,저녁(15~19시),449,0.9,14.699,14.883,35.857,36.371,5.568,5.879,43.317,44.23,68.0,16.536,40.985,False,True,True
U1168065500,도곡1동,강남구,저녁(15~19시),1232,0.961,13.718,13.827,20.942,21.723,6.494,6.578,25.234,26.295,87.0,16.536,40.985,False,True,True
U1168065600,도곡2동,강남구,저녁(15~19시),153,0.754,32.68,28.703,37.255,38.174,5.882,6.569,51.725,51.898,58.0,16.536,40.985,False,True,False
U1168066000,개포1동,강남구,저녁(15~19시),63,0.558,20.635,18.821,39.683,40.259,3.175,5.606,51.722,52.034,59.0,16.536,40.985,False,True,False
U1168067000,개포2동,강남구,저녁(15~19시),1407,0.966,6.823,7.156,26.368,26.87,32.694,31.869,42.043,42.4,68.0,16.536,40.985,False,True,True
U1168067500,개포3동,강남구,저녁(15~19시),627,0.926,20.574,20.276,42.105,42.023,8.612,8.617,56.904,56.573,54.0,16.536,40.985,False,True,False
U1168069000,개포4동,강남구,저녁(15~19시),221,0.815,21.267,20.394,20.814,24.536,13.122,12.301,29.242,33.52,80.0,16.536,40.985,False,True,True
U1168070000,세곡동,강남구,저녁(15~19시),938,0.949,14.712,14.804,66.205,64.928,6.61,6.714,82.851,81.311,38.0,16.536,40.985,False,False,False
U1168072000,일원본동,강남구,저녁(15~19시),1399,0.965,16.798,16.789,50.965,50.621,6.29,6.372,64.004,63.604,50.0,16.536,40.985,False,False,False
U1168073000,일원1동,강남구,저녁(15~19시),992,0.952,16.935,16.916,54.637,53.982,7.359,7.422,70.144,69.294,47.0,16.536,40.985,False,False,False
U1168075000,수서동,강남구,저녁(15~19시),2495,0.98,12.786,12.859,66.012,65.52,6.413,6.457,79.971,79.429,38.0,16.536,40.985,False,False,False
U1171051000,풍납1동,송파구,저녁(15~19시),146,0.745,15.753,14.982,65.753,64.967,8.219,7.427,82.786,80.702,30.0,12.731,62.67,False,False,False
U1171052000,풍납2동,송파구,저녁(15~19시),2365,0.979,9.345,9.415,51.712,51.939,6.089,6.069,59.934,60.238,53.0,12.731,62.67,False,False,False
U1171053100,거여1동,송파구,저녁(15~19시),580,0.921,12.241,12.28,75.69,74.656,2.586,2.787,87.151,86.156,33.0,12.731,62.67,False,False,False
U1171053200,거여2동+장지동+위례동,송파구,저녁(15~19시),1496,0.968,14.906,14.836,65.374,65.287,5.949,5.922,81.01,80.803,39.0,12.731,62.67,False,False,False
U1171054000,마천1동,송파구,저녁(15~19시),168,0.771,17.262,16.223,58.929,59.787,2.976,3.466,71.99,72.593,49.0,12.731,62.67,False,False,False
U1171055000,마천2동,송파구,저녁(15~19시),491,0.908,17.719,17.258,63.136,63.093,6.11,6.018,80.261,79.74,37.0,12.731,62.67,False,False,False
U1171056100,방이1동,송파구,저녁(15~19시),262,0.84,12.595,12.617,64.885,64.53,3.053,3.384,75.651,75.485,36.0,12.731,62.67,False,False,False
U1171056200,방이2동,송파구,저녁(15~19시),412,0.892,15.049,14.798,55.583,56.35,6.068,5.965,68.735,69.372,43.0,12.731,62.67,False,False,False
U1171056600,오륜동,송파구,저녁(15~19시),385,0.885,15.065,14.797,54.286,55.249,6.753,6.565,67.629,68.432,44.0,12.731,62.67,False,False,False
U1171057000,오금동,송파구,저녁(15~19시),1320,0.964,10.379,10.465,69.242,69.003,4.545,4.566,80.079,79.88,39.0,12.731,62.67,False,False,False
U1171058000,송파1동,송파구,저녁(15~19시),420,0.894,12.381,12.418,65.238,64.965,4.762,4.799,77.455,77.153,47.0,12.731,62.67,False,False,False
U1171059000,송파2동,송파구,저녁(15~19시),159,0.761,12.579,12.615,63.522,63.318,5.66,5.529,74.782,74.742,40.0,12.731,62.67,False,False,False
U1171060000,석촌동,송파구,저녁(15~19시),627,0.926,18.341,17.927,60.128,60.315,2.552,2.741,74.434,74.447,44.0,12.731,62.67,False,False,False
U1171061000,삼전동,송파구,저녁(15~19시),245,0.831,15.918,15.378,63.673,63.503,1.633,2.223,76.319,76.031,47.0,12.731,62.67,False,False,False
U1171062000,가락본동,송파구,저녁(15~19시),932,0.949,13.197,13.174,71.459,71.012,6.223,6.167,87.378,86.728,37.0,12.731,62.67,False,False,False
U1171063100,가락1동,송파구,저녁(15~19시),280,0.848,18.214,17.384,65.0,64.647,1.786,2.29,77.538,77.095,40.0,12.731,62.67,False,False,False
U1171063200,가락2동,송파구,저녁(15~19시),382,0.884,24.869,23.464,58.377,58.874,4.974,4.99,78.883,78.39,41.0,12.731,62.67,False,False,False
U1171064100,문정1동,송파구,저녁(15~19시),192,0.793,9.375,10.068,79.688,76.171,2.083,2.709,89.146,86.144,31.0,12.731,62.67,False,False,False
U1171064200,문정2동,송파구,저녁(15~19시),2470,0.98,6.194,6.324,76.397,76.124,4.575,4.586,84.754,84.553,36.0,12.731,62.67,False,False,False
U1171065000,잠실본동,송파구,저녁(15~19시),308,0.86,15.26,14.907,62.662,62.663,5.519,5.463,77.009,76.675,41.0,12.731,62.67,False,False,False
U1171067000,잠실2동,송파구,저녁(15~19시),588,0.922,10.884,11.029,35.204,37.357,6.973,6.827,41.896,44.46,70.0,12.731,62.67,False,True,True
U1171068000,잠실3동,송파구,저녁(15~19시),473,0.904,14.376,14.219,57.928,58.381,4.863,4.887,70.202,70.624,43.0,12.731,62.67,False,False,False
U1171069000,잠실4동,송파구,저녁(15~19시),79,0.612,24.051,19.663,41.772,49.872,12.658,9.734,60.313,65.857,50.0,12.731,62.67,False,True,False
U1171071000,잠실6동,송파구,저녁(15~19시),1366,0.965,18.155,17.964,56.442,56.662,4.905,4.912,71.134,71.257,44.0,12.731,62.67,False,False,False
U1171072000,잠실7동,송파구,저녁(15~19시),184,0.786,12.5,12.549,38.043,43.306,8.152,7.503,46.594,52.582,62.0,12.731,62.67,False,True,True
U1174051500,강일동+상일제2동,강동구,저녁(15~19시),1823,0.973,16.237,16.076,69.556,69.406,4.663,4.668,85.338,85.034,32.0,10.216,63.967,False,False,False
U1174052500,상일제1동,강동구,저녁(15~19시),2175,0.978,7.126,7.196,69.333,69.213,5.839,5.817,78.487,78.384,39.0,10.216,63.967,False,False,False
U1174053000,명일1동,강동구,저녁(15~19시),1211,0.96,11.974,11.904,62.18,62.251,6.193,6.14,73.975,73.973,40.0,10.216,63.967,False,False,False
U1174054000,명일2동,강동구,저녁(15~19시),790,0.94,10.886,10.846,73.671,73.093,3.291,3.384,84.903,84.251,32.0,10.216,63.967,False,False,False
U1174055000,고덕1동,강동구,저녁(15~19시),1295,0.963,10.039,10.045,64.093,64.088,4.247,4.269,73.317,73.34,42.0,10.216,63.967,False,False,False
U1174056000,고덕2동,강동구,저녁(15~19시),629,0.926,9.38,9.442,67.727,67.45,4.928,4.922,78.012,77.712,37.0,10.216,63.967,False,False,False
U1174057000,암사1동,강동구,저녁(15~19시),1018,0.953,7.367,7.501,62.967,63.013,3.733,3.785,70.114,70.293,43.0,10.216,63.967,False,False,False
U1174058000,암사2동,강동구,저녁(15~19시),119,0.704,22.689,18.999,57.983,59.753,8.403,7.351,82.945,80.28,36.0,10.216,63.967,False,False,False
U1174059000,암사3동,강동구,저녁(15~19시),72,0.59,9.722,9.925,77.778,72.117,1.389,2.806,86.916,81.596,30.0,10.216,63.967,False,False,False
U1174060000,천호1동,강동구,저녁(15~19시),934,0.949,4.604,4.889,72.056,71.645,5.353,5.328,79.317,79.044,39.0,10.216,63.967,False,False,False
U1174061000,천호2동,강동구,저녁(15~19시),1650,0.971,11.273,11.242,62.424,62.47,4.0,4.025,72.223,72.274,42.0,10.216,63.967,False,False,False
U1174062000,천호3동,강동구,저녁(15~19시),513,0.911,12.086,11.92,62.183,62.342,4.873,4.871,73.89,73.894,42.0,10.216,63.967,False,False,False
U1174064000,성내1동,강동구,저녁(15~19시),470,0.904,12.979,12.713,58.511,59.035,9.149,8.735,73.329,73.388,42.0,10.216,63.967,False,False,False
U1174065000,성내2동,강동구,저녁(15~19시),650,0.929,14.615,14.301,59.538,59.855,2.769,2.918,70.535,70.778,40.0,10.216,63.967,False,False,False
U1174066000,성내3동,강동구,저녁(15~19시),386,0.885,12.953,12.639,67.876,67.427,4.145,4.225,79.273,78.661,37.0,10.216,63.967,False,False,False
U1174068500,길동,강동구,저녁(15~19시),2506,0.98,10.934,10.92,63.966,63.966,5.786,5.768,75.262,75.236,41.0,10.216,63.967,False,False,False
U1174069000,둔촌1동,강동구,저녁(15~19시),218,0.813,10.55,10.488,62.844,63.053,9.633,8.74,77.662,76.967,37.0,10.216,63.967,False,False,False
U1174070000,둔촌2동,강동구,저녁(15~19시),3392,0.985,7.488,7.528,55.395,55.52,3.833,3.847,61.639,61.818,51.0,10.216,63.967,False,False,False
U1111051500,청운효자동,종로구,야간(20~01시),38,0.432,10.526,14.107,52.632,50.26,5.263,5.401,60.562,60.485,55.0,16.828,48.458,False,False,False
U1111053000,사직동,종로구,야간(20~01시),216,0.812,14.352,14.817,44.444,45.199,6.481,6.298,53.895,55.123,57.0,16.828,48.458,False,True,False
U1111054000,삼청동,종로구,야간(20~01시),12,0.194,25.0,18.41,50.0,48.757,0.0,4.441,63.182,60.959,47.0,16.828,48.458,True,False,False
U1111055000,부암동,종로구,야간(20~01시),11,0.18,45.455,21.99,9.091,41.359,0.0,4.514,14.286,52.105,109.0,16.828,48.458,True,False,False
U1111056000,평창동,종로구,야간(20~01시),33,0.398,15.152,16.162,66.667,55.698,0.0,3.317,77.185,67.089,44.0,16.828,48.458,False,False,False
U1111057000,무악동,종로구,야간(20~01시),12,0.194,8.333,15.184,58.333,50.369,0.0,4.441,63.333,60.988,51.0,16.828,48.458,True,False,False
U1111058000,교남동,종로구,야간(20~01시),46,0.479,19.565,18.14,45.652,47.114,2.174,3.91,57.592,59.068,57.0,16.828,48.458,False,False,False
U1111060000,가회동,종로구,야간(20~01시),17,0.254,41.176,23.006,17.647,40.64,0.0,4.109,27.273,52.014,91.0,16.828,48.458,True,False,False
U1111061500,종로1·2·3·4가동,종로구,야간(20~01시),617,0.925,17.018,17.004,46.677,46.811,8.104,7.909,61.139,61.085,52.0,16.828,48.458,False,True,False
U1111063000,종로5·6가동,종로구,야간(20~01시),59,0.541,22.034,19.646,45.763,46.999,5.085,5.278,60.438,60.432,45.0,16.828,48.458,False,True,False
U1111064000,이화동,종로구,야간(20~01시),971,0.951,14.933,15.026,52.111,51.932,4.634,4.677,62.597,62.491,49.0,16.828,48.458,False,False,False
U1111065000,혜화동,종로구,야간(20~01시),152,0.752,17.105,17.037,43.421,44.668,4.605,4.828,53.527,55.234,56.0,16.828,48.458,False,True,False
U1111067000,창신1동,종로구,야간(20~01시),23,0.315,26.087,19.745,47.826,48.259,4.348,5.142,67.857,62.767,45.0,16.828,48.458,False,False,False
U1111068000,창신2동,종로구,야간(20~01시),18,0.265,38.889,22.668,44.444,47.396,11.111,6.99,85.0,66.931,47.0,16.828,48.458,True,False,False
U1111069000,창신3동,종로구,야간(20~01시),1,0.02,100.0,18.459,0.0,47.508,0.0,5.399,0.0,59.241,,16.828,48.458,True,False,False
U1111070000,숭인1동,종로구,야간(20~01시),16,0.242,25.0,18.809,43.75,47.317,0.0,4.172,53.846,58.831,58.0,16.828,48.458,True,False,False
U1111071000,숭인2동,종로구,야간(20~01시),28,0.359,35.714,23.608,39.286,45.165,0.0,3.53,58.553,59.753,47.0,16.828,48.458,False,False,False
U1114052000,소공동,중구,야간(20~01시),139,0.735,15.827,16.518,37.41,40.301,10.072,8.649,49.387,52.393,63.0,18.44,48.336,False,True,True
U1114054000,회현동,중구,야간(20~01시),519,0.912,14.451,14.801,49.133,49.063,6.936,6.739,60.716,60.719,52.0,18.44,48.336,False,True,False
U1114055000,명동,중구,야간(20~01시),268,0.843,26.866,25.541,42.164,43.135,5.597,5.455,59.952,60.077,52.0,18.44,48.336,False,True,False
U1114057000,필동,중구,야간(20~01시),51,0.505,31.373,24.97,41.176,44.721,1.961,3.313,61.031,60.891,51.0,18.44,48.336,False,True,False
U1114058000,장충동,중구,야간(20~01시),166,0.769,16.867,17.231,44.578,45.448,2.41,2.938,52.31,54.263,56.0,18.44,48.336,False,True,False
U1114059000,광희동,중구,야간(20~01시),160,0.762,28.125,25.819,43.125,44.366,3.75,3.974,61.205,61.097,49.0,18.44,48.336,False,True,False
U1114060500,을지로동,중구,야간(20~01시),43,0.462,18.605,18.516,53.488,50.718,0.0,2.522,63.789,62.154,54.0,18.44,48.336,False,False,False
U1114061500,신당동,중구,야간(20~01시),102,0.671,19.608,19.224,48.039,48.137,2.941,3.517,58.98,59.561,52.0,18.44,48.336,False,True,False
U1114062500,다산동,중구,야간(20~01시),11,0.18,36.364,21.672,45.455,47.816,0.0,3.846,68.75,62.191,51.0,18.44,48.336,True,False,False
U1114063500,약수동,중구,야간(20~01시),33,0.398,33.333,24.361,27.273,39.961,12.121,7.646,42.564,53.518,63.0,18.44,48.336,False,False,False
U1114064500,청구동,중구,야간(20~01시),105,0.677,2.857,7.884,86.667,74.302,0.0,1.513,89.387,80.148,35.0,18.44,48.336,False,False,False
U1114065000,신당5동,중구,야간(20~01시),48,0.49,18.75,18.592,41.667,45.069,4.167,4.435,52.618,56.766,60.0,18.44,48.336,False,False,False
U1114066500,동화동,중구,야간(20~01시),24,0.324,29.167,21.919,45.833,47.524,0.0,3.17,57.922,59.832,46.0,18.44,48.336,False,False,False
U1114067000,황학동,중구,야간(20~01시),92,0.648,10.87,13.535,55.435,52.935,0.0,1.652,61.031,60.931,54.0,18.44,48.336,False,False,False
U1114068000,중림동,중구,야간(20~01시),72,0.59,11.111,14.115,59.722,55.056,1.389,2.743,66.341,64.049,44.0,18.44,48.336,False,False,False
U1117051000,후암동,용산구,야간(20~01시),67,0.573,13.433,15.845,46.269,45.273,1.493,3.669,53.799,55.306,58.0,19.077,43.938,False,True,False
U1117052000,용산2가동,용산구,야간(20~01시),8,0.138,0.0,16.446,75.0,48.223,0.0,5.676,75.0,59.762,39.0,19.077,43.938,True,False,False
U1117053000,남영동,용산구,야간(20~01시),473,0.904,20.93,20.753,41.226,41.486,8.668,8.469,56.617,56.685,55.0,19.077,43.938,False,True,False
U1117055500,청파동,용산구,야간(20~01시),101,0.669,17.822,18.237,49.505,47.662,6.931,6.816,63.747,61.62,45.0,19.077,43.938,False,True,False
U1117056000,원효로1동,용산구,야간(20~01시),17,0.254,17.647,18.714,35.294,41.745,5.882,6.406,44.16,53.984,62.0,19.077,43.938,True,False,False
U1117057000,원효로2동,용산구,야간(20~01시),2,0.038,50.0,20.266,0.0,42.249,0.0,6.331,0.0,55.119,64.0,19.077,43.938,True,False,False
U1117058000,효창동,용산구,야간(20~01시),21,0.296,47.619,27.519,9.524,33.759,19.048,10.271,22.222,46.942,81.0,19.077,43.938,False,False,False
U1117059000,용문동,용산구,야간(20~01시),11,0.18,18.182,18.916,63.636,47.491,0.0,5.397,70.0,59.61,46.0,19.077,43.938,True,False,False
U1117062500,한강로동,용산구,야간(20~01시),638,0.927,17.868,17.956,44.828,44.763,5.016,5.13,56.338,56.41,54.0,19.077,43.938,False,True,False
U1117063000,이촌1동,용산구,야간(20~01시),28,0.359,25.0,21.203,35.714,40.986,7.143,6.785,51.016,55.06,60.0,19.077,43.938,False,False,False
U1117064000,이촌2동,용산구,야간(20~01시),15,0.231,6.667,16.213,40.0,43.03,0.0,5.065,41.818,53.746,63.0,19.077,43.938,True,False,False
U1117065000,이태원1동,용산구,야간(20~01시),91,0.645,12.088,14.566,45.055,44.659,5.495,5.881,53.269,54.707,58.0,19.077,43.938,False,True,False
U1117066000,이태원2동,용산구,야간(20~01시),25,0.333,12.0,16.718,68.0,51.959,8.0,7.056,84.962,66.537,40.0,19.077,43.938,False,False,False
U1117068500,한남동,용산구,야간(20~01시),75,0.6,24.0,22.031,46.667,45.575,8.0,7.434,68.088,63.782,48.0,19.077,43.938,False,True,False
U1117069000,서빙고동,용산구,야간(20~01시),48,0.49,25.0,21.978,39.583,41.805,12.5,9.482,60.121,58.694,40.0,19.077,43.938,False,False,False
U1117070000,보광동,용산구,야간(20~01시),5,0.091,40.0,20.979,60.0,45.399,0.0,5.986,100.0,61.204,24.0,19.077,43.938,True,False,False
U1120052000,왕십리2동,성동구,야간(20~01시),17,0.254,17.647,17.638,70.588,56.85,0.0,2.787,85.714,69.826,35.0,17.635,52.178,True,False,False
U1120053500,왕십리도선동,성동구,야간(20~01시),163,0.765,9.202,11.182,58.896,57.319,1.227,1.816,64.774,64.692,46.0,17.635,52.178,False,False,False
U1120054000,마장동,성동구,야간(20~01시),73,0.593,19.178,18.551,53.425,52.918,2.74,3.144,67.336,66.152,45.0,17.635,52.178,False,False,False
U1120055000,사근동,성동구,야간(20~01시),83,0.624,28.916,24.675,40.964,45.18,4.819,4.411,59.97,61.644,47.0,17.635,52.178,False,True,False
U1120056000,행당1동,성동구,야간(20~01시),227,0.819,18.943,18.707,48.018,48.769,6.167,5.728,62.246,62.639,49.0,17.635,52.178,False,True,False
U1120057000,행당2동,성동구,야간(20~01시),28,0.359,21.429,18.997,53.571,52.678,3.571,3.676,69.218,66.145,55.0,17.635,52.178,False,False,False
U1120058000,응봉동,성동구,야간(20~01시),1,0.02,0.0,17.289,0.0,51.155,0.0,3.661,0.0,63.16,63.0,17.635,52.178,True,False,False
U1120059000,금호1가동,성동구,야간(20~01시),10,0.167,40.0,21.362,40.0,50.149,0.0,3.112,66.667,64.797,32.0,17.635,52.178,True,False,False
U1120061500,금호2·3가동,성동구,야간(20~01시),38,0.432,23.684,20.247,42.105,47.829,2.632,3.258,54.359,60.078,55.0,17.635,52.178,False,False,False
U1120062000,금호4가동,성동구,야간(20~01시),15,0.231,13.333,16.642,46.667,50.906,0.0,2.873,53.571,61.919,38.0,17.635,52.178,True,False,False
U1120064500,옥수동,성동구,야간(20~01시),13,0.206,61.538,26.694,38.462,49.348,0.0,2.964,100.0,71.765,33.0,17.635,52.178,True,False,False
U1120065000,성수1가1동,성동구,야간(20~01시),39,0.438,7.692,13.278,48.718,50.662,0.0,2.098,50.292,58.231,59.0,17.635,52.178,False,False,False
U1120066000,성수1가2동,성동구,야간(20~01시),48,0.49,22.917,20.222,52.083,52.132,6.25,4.967,69.817,67.065,37.0,17.635,52.178,False,False,False
U1120067000,성수2가1동,성동구,야간(20~01시),27,0.351,18.519,17.945,25.926,42.973,7.407,5.022,33.681,53.644,78.0,17.635,52.178,False,False,False
U1120069000,성수2가3동,성동구,야간(20~01시),150,0.75,9.333,11.409,66.0,62.545,4.0,3.934,73.754,71.421,44.0,17.635,52.178,False,False,False
U1120072000,송정동,성동구,야간(20~01시),4,0.074,0.0,16.329,75.0,53.869,0.0,3.458,75.0,65.207,17.0,17.635,52.178,True,False,False
U1120079000,용답동,성동구,야간(20~01시),28,0.359,32.143,22.843,46.429,50.114,3.571,3.676,68.9,66.03,32.0,17.635,52.178,False,False,False
U1121571000,화양동,광진구,야간(20~01시),214,0.811,8.411,10.044,64.486,63.075,2.804,2.802,71.696,71.272,44.0,17.034,57.034,False,False,False
U1121573000,군자동,광진구,야간(20~01시),30,0.375,46.667,28.146,46.667,53.146,0.0,1.748,79.95,73.392,38.0,17.034,57.034,False,False,False
U1121574000,중곡1동,광진구,야간(20~01시),38,0.432,18.421,17.633,50.0,53.997,13.158,7.271,68.107,68.874,41.0,17.034,57.034,False,False,False
U1121575000,중곡2동,광진구,야간(20~01시),33,0.398,21.212,18.695,63.636,59.659,0.0,1.685,79.136,73.306,35.0,17.034,57.034,False,False,False
U1121576000,중곡3동,광진구,야간(20~01시),27,0.351,18.519,17.554,55.556,56.516,3.704,3.115,64.728,67.799,33.0,17.034,57.034,False,False,False
U1121577000,중곡4동,광진구,야간(20~01시),34,0.405,20.588,18.473,58.824,57.758,0.0,1.665,73.077,70.922,38.0,17.034,57.034,False,False,False
U1121578000,능동,광진구,야간(20~01시),47,0.485,36.17,26.306,31.915,44.863,8.511,5.565,52.899,61.434,55.0,17.034,57.034,False,False,False
U1121581000,광장동,광진구,야간(20~01시),45,0.474,20.0,18.439,55.556,56.334,0.0,1.472,68.952,69.218,38.0,17.034,57.034,False,False,False
U1121582000,자양1동,광진구,야간(20~01시),76,0.603,13.158,14.696,61.842,59.934,2.632,2.697,71.772,70.854,41.0,17.034,57.034,False,False,False
U1121583000,자양2동,광진구,야간(20~01시),214,0.811,7.944,9.666,61.682,60.802,0.0,0.53,66.721,67.239,44.0,17.034,57.034,False,False,False
U1121584000,자양3동,광진구,야간(20~01시),59,0.541,25.424,21.575,49.153,52.768,1.695,2.2,67.142,68.204,47.0,17.034,57.034,False,True,False
U1121584700,자양4동,광진구,야간(20~01시),110,0.688,5.455,9.073,66.364,63.448,0.909,1.499,70.687,70.303,41.0,17.034,57.034,False,False,False
U1121585000,구의1동,광진구,야간(20~01시),53,0.515,37.736,27.686,56.604,56.813,0.0,1.358,87.02,78.494,38.0,17.034,57.034,False,False,False
U1121586000,구의2동,광진구,야간(20~01시),101,0.669,32.673,27.495,44.554,48.687,5.941,4.9,67.068,67.859,39.0,17.034,57.034,False,True,False
U1121587000,구의3동,광진구,야간(20~01시),99,0.664,16.162,16.454,50.505,52.696,7.071,5.636,63.397,65.431,50.0,17.034,57.034,False,False,False
U1123051500,신설동,동대문구,야간(20~01시),91,0.645,17.582,17.565,52.747,55.749,5.495,4.695,66.659,69.741,52.0,17.535,61.211,False,False,False
U1123053300,용두동,동대문구,야간(20~01시),245,0.831,7.755,9.413,68.98,67.663,2.041,2.244,76.016,75.903,46.0,17.535,61.211,False,False,False
U1123054500,제기동,동대문구,야간(20~01시),83,0.624,24.096,21.63,57.831,59.102,1.205,1.97,76.169,75.861,45.0,17.535,61.211,False,False,False
U1123056000,전농1동,동대문구,야간(20~01시),288,0.852,22.569,21.825,54.514,55.505,6.25,5.805,74.317,74.47,41.0,17.535,61.211,False,False,False
U1123057000,전농2동,동대문구,야간(20~01시),44,0.468,29.545,23.157,59.091,60.219,2.273,2.788,84.201,79.492,35.0,17.535,61.211,False,False,False
U1123060000,답십리1동,동대문구,야간(20~01시),61,0.55,36.066,27.718,47.541,53.699,0.0,1.46,69.054,71.889,41.0,17.535,61.211,False,True,False
U1123061000,답십리2동,동대문구,야간(20~01시),37,0.425,24.324,20.422,54.054,58.168,2.703,3.012,72.414,74.1,43.0,17.535,61.211,False,False,False
U1123065000,장안1동,동대문구,야간(20~01시),265,0.841,27.547,25.958,67.925,66.859,0.755,1.149,90.676,88.243,29.0,17.535,61.211,False,False,False
U1123066000,장안2동,동대문구,야간(20~01시),59,0.541,10.169,13.548,59.322,60.189,1.695,2.404,66.928,70.791,42.0,17.535,61.211,False,False,False
U1123070500,청량리동,동대문구,야간(20~01시),317,0.864,11.356,12.198,59.306,59.566,2.839,2.894,68.067,69.059,45.0,17.535,61.211,False,False,False
U1123071000,회기동,동대문구,야간(20~01시),161,0.763,11.18,12.686,61.491,61.425,5.59,5.033,72.911,73.489,41.0,17.535,61.211,False,False,False
U1123072000,휘경1동,동대문구,야간(20~01시),94,0.653,20.213,19.283,60.638,60.837,3.191,3.209,75.392,75.377,35.0,17.535,61.211,False,False,False
U1123073000,휘경2동,동대문구,야간(20~01시),27,0.351,18.519,17.88,55.556,59.228,7.407,4.702,71.579,74.027,41.0,17.535,61.211,False,False,False
U1123074000,이문1동,동대문구,야간(20~01시),100,0.667,7.0,10.512,75.0,70.404,4.0,3.747,81.425,79.399,29.0,17.535,61.211,False,False,False
U1123075000,이문2동,동대문구,야간(20~01시),10,0.167,20.0,17.945,60.0,61.01,0.0,2.701,74.603,75.224,43.0,17.535,61.211,True,False,False
U1126052000,면목2동,중랑구,야간(20~01시),36,0.419,19.444,17.289,44.444,55.138,2.778,2.415,55.923,66.883,51.0,15.737,62.838,False,False,False
U1126054000,면목4동,중랑구,야간(20~01시),30,0.375,16.667,16.086,70.0,65.524,0.0,1.346,80.819,77.041,29.0,15.737,62.838,False,False,False
U1126055000,면목5동,중랑구,야간(20~01시),15,0.231,26.667,18.259,60.0,62.183,0.0,1.657,81.429,76.309,27.0,15.737,62.838,True,False,False
U1126056500,면목본동,중랑구,야간(20~01시),105,0.677,13.333,14.109,70.476,68.012,0.952,1.34,79.82,78.192,35.0,15.737,62.838,False,False,False
U1126057000,면목7동,중랑구,야간(20~01시),23,0.315,21.739,17.628,56.522,60.848,0.0,1.475,71.282,73.674,41.0,15.737,62.838,False,False,False
U1126057500,면목3·8동,중랑구,야간(20~01시),68,0.576,19.118,17.685,52.941,57.135,4.412,3.455,66.923,70.25,48.0,15.737,62.838,False,False,False
U1126058000,상봉1동,중랑구,야간(20~01시),119,0.704,12.605,13.532,65.546,64.745,1.681,1.821,74.592,74.646,37.0,15.737,62.838,False,False,False
U1126059000,상봉2동,중랑구,야간(20~01시),177,0.78,19.774,18.885,58.192,59.215,3.39,3.118,74.27,74.381,41.0,15.737,62.838,False,False,False
U1126060000,중화1동,중랑구,야간(20~01시),66,0.569,15.152,15.404,68.182,65.879,0.0,0.928,77.47,76.308,41.0,15.737,62.838,False,False,False
U1126061000,중화2동,중랑구,야간(20~01시),111,0.689,30.631,26.005,57.658,59.267,0.0,0.669,80.522,78.737,36.0,15.737,62.838,False,False,False
U1126062000,묵1동,중랑구,야간(20~01시),170,0.773,8.824,10.395,74.118,71.554,3.529,3.217,82.962,81.101,29.0,15.737,62.838,False,False,False
U1126063000,묵2동,중랑구,야간(20~01시),114,0.695,17.544,16.993,64.035,63.67,1.754,1.876,77.26,76.502,33.0,15.737,62.838,False,False,False
U1126065500,망우본동,중랑구,야간(20~01시),241,0.828,14.108,14.388,61.826,62.0,3.734,3.463,73.62,73.818,43.0,15.737,62.838,False,False,False
U1126066000,망우3동,중랑구,야간(20~01시),9,0.153,11.111,15.031,66.667,63.422,0.0,1.825,75.0,74.808,33.0,15.737,62.838,True,False,False
U1126068000,신내1동,중랑구,야간(20~01시),278,0.848,19.784,19.167,56.475,57.445,2.518,2.462,70.656,71.284,40.0,15.737,62.838,False,False,False
U1126069000,신내2동,중랑구,야간(20~01시),249,0.833,7.229,8.652,67.47,66.695,0.803,1.029,73.058,73.345,38.0,15.737,62.838,False,False,False
U1129052500,성북동,성북구,야간(20~01시),32,0.39,40.625,26.815,15.625,39.312,15.625,8.797,28.721,52.557,68.0,17.977,54.472,False,False,False
U1129055500,삼선동,성북구,야간(20~01시),125,0.714,15.2,15.993,52.0,52.706,5.6,5.265,61.999,63.66,49.0,17.977,54.472,False,False,False
U1129057500,동선동,성북구,야간(20~01시),177,0.78,19.209,18.938,52.542,52.967,6.78,6.261,67.852,67.843,46.0,17.977,54.472,False,False,False
U1129058000,돈암1동,성북구,야간(20~01시),11,0.18,18.182,18.014,45.455,52.846,0.0,3.628,52.862,65.117,41.0,17.977,54.472,True,False,False
U1129059000,돈암2동,성북구,야간(20~01시),5,0.091,40.0,19.979,40.0,53.156,0.0,4.024,46.667,65.891,,17.977,54.472,True,False,False
U1129060000,안암동,성북구,야간(20~01시),131,0.724,9.924,12.148,61.832,59.799,3.817,3.985,71.246,70.298,44.0,17.977,54.472,False,False,False
U1129061000,보문동,성북구,야간(20~01시),57,0.533,17.544,17.746,49.123,51.622,1.754,3.003,57.856,62.509,54.0,17.977,54.472,False,True,False
U1129062000,정릉1동,성북구,야간(20~01시),10,0.167,20.0,18.314,60.0,55.393,0.0,3.689,70.37,68.239,38.0,17.977,54.472,True,False,False
U1129063000,정릉2동,성북구,야간(20~01시),8,0.138,62.5,24.118,12.5,48.682,0.0,3.816,33.333,63.057,90.0,17.977,54.472,True,False,False
U1129064000,정릉3동,성북구,야간(20~01시),16,0.242,50.0,25.74,25.0,47.327,12.5,6.384,66.667,67.535,47.0,17.977,54.472,True,False,False
U1129065000,정릉4동,성북구,야간(20~01시),19,0.275,21.053,18.824,57.895,55.414,0.0,3.208,72.917,69.218,48.0,17.977,54.472,True,False,False
U1129066000,길음1동,성북구,야간(20~01시),18,0.265,27.778,20.571,50.0,53.288,0.0,3.255,63.17,66.584,47.0,17.977,54.472,True,False,False
U1129068500,길음2동,성북구,야간(20~01시),80,0.615,15.0,16.145,52.5,53.258,3.75,4.01,63.299,65.035,47.0,17.977,54.472,False,False,False
U1129070500,종암동,성북구,야간(20~01시),81,0.618,18.519,18.312,61.728,58.959,1.235,2.453,74.502,71.949,40.0,17.977,54.472,False,False,False
U1129071500,월곡1동,성북구,야간(20~01시),40,0.444,15.0,16.654,57.5,55.818,2.5,3.57,68.519,68.127,42.0,17.977,54.472,False,False,False
U1129072500,월곡2동,성북구,야간(20~01시),30,0.375,10.0,14.985,66.667,59.045,0.0,2.766,72.414,69.538,33.0,17.977,54.472,False,False,False
U1129076000,장위1동,성북구,야간(20~01시),37,0.425,13.514,16.078,72.973,62.34,0.0,2.544,83.244,74.376,36.0,17.977,54.472,False,False,False
U1129077000,장위2동,성북구,야간(20~01시),106,0.679,15.094,16.018,54.717,54.638,5.66,5.265,67.026,67.278,47.0,17.977,54.472,False,False,False
U1129078000,장위3동,성북구,야간(20~01시),16,0.242,6.25,15.134,81.25,60.963,0.0,3.353,85.714,72.153,30.0,17.977,54.472,True,False,False
U1129081000,석관동,성북구,야간(20~01시),108,0.684,22.222,20.879,55.556,55.213,5.556,5.198,75.342,72.959,43.0,17.977,54.472,False,False,False
U1130553400,삼양동,강북구,야간(20~01시),20,0.286,35.0,22.425,50.0,59.99,0.0,1.499,73.109,76.465,32.0,17.395,63.986,False,False,False
U1130553500,미아동,강북구,야간(20~01시),68,0.576,23.529,20.93,50.0,55.926,10.294,6.821,71.732,74.306,42.0,17.395,63.986,False,False,False
U1130554500,송중동,강북구,야간(20~01시),128,0.719,22.656,21.178,61.719,62.356,3.125,2.836,80.825,79.977,38.0,17.395,63.986,False,False,False
U1130555500,송천동,강북구,야간(20~01시),140,0.737,13.571,14.578,63.571,63.681,0.0,0.552,73.214,74.423,43.0,17.395,63.986,False,False,False
U1130557500,삼각산동,강북구,야간(20~01시),34,0.405,20.588,18.688,64.706,64.277,0.0,1.249,81.307,79.224,42.0,17.395,63.986,False,False,False
U1130559500,번1동,강북구,야간(20~01시),78,0.609,10.256,13.045,69.231,67.182,3.846,3.163,80.118,79.215,35.0,17.395,63.986,False,False,False
U1130560300,번2동,강북구,야간(20~01시),43,0.462,20.93,19.03,53.488,59.132,4.651,3.278,69.965,74.181,52.0,17.395,63.986,False,False,False
U1130560800,번3동,강북구,야간(20~01시),254,0.836,13.78,14.374,72.047,70.721,0.394,0.674,82.188,81.468,32.0,17.395,63.986,False,False,False
U1130561500,수유1동,강북구,야간(20~01시),27,0.351,37.037,24.283,51.852,59.731,0.0,1.362,76.136,77.221,34.0,17.395,63.986,False,False,False
U1130562500,수유2동,강북구,야간(20~01시),29,0.367,31.034,22.402,41.379,55.687,6.897,3.859,64.667,72.984,46.0,17.395,63.986,False,False,False
U1130563500,수유3동,강북구,야간(20~01시),94,0.653,19.149,18.54,67.021,65.967,2.128,2.117,82.263,80.716,37.0,17.395,63.986,False,False,False
U1130564500,우이동,강북구,야간(20~01시),99,0.664,13.131,14.562,68.687,67.109,0.0,0.704,78.618,78.346,38.0,17.395,63.986,False,False,False
U1130566000,인수동,강북구,야간(20~01시),130,0.722,14.615,15.388,62.308,62.774,2.308,2.249,73.221,74.495,41.0,17.395,63.986,False,False,False
U1132051100,창1동,도봉구,야간(20~01시),91,0.645,40.659,35.388,43.956,48.536,2.198,2.843,73.729,75.493,41.0,25.793,56.871,False,True,False
U1132051200,창2동,도봉구,야간(20~01시),20,0.286,15.0,22.709,65.0,59.194,0.0,2.869,76.389,78.041,28.0,25.793,56.871,False,False,False
U1132051300,창3동,도봉구,야간(20~01시),58,0.537,6.897,15.645,81.034,69.848,1.724,2.786,88.268,83.84,31.0,25.793,56.871,False,False,False
U1132051400,창4동,도봉구,야간(20~01시),211,0.808,28.91,28.313,57.82,57.638,6.161,5.75,87.015,85.423,29.0,25.793,56.871,False,False,False
U1132051500,창5동,도봉구,야간(20~01시),42,0.457,19.048,22.713,54.762,55.908,2.381,3.27,68.218,73.916,40.0,25.793,56.871,False,False,False
U1132052100,도봉1동,도봉구,야간(20~01시),73,0.593,26.027,25.932,46.575,50.761,6.849,5.698,66.459,71.436,45.0,25.793,56.871,False,True,False
U1132052200,도봉2동,도봉구,야간(20~01시),115,0.697,25.217,25.392,52.174,53.597,6.957,6.066,74.144,75.525,36.0,25.793,56.871,False,False,False
U1132066000,쌍문1동,도봉구,야간(20~01시),18,0.265,11.111,21.906,44.444,53.582,5.556,4.424,53.125,71.932,56.0,25.793,56.871,True,False,False
U1132067000,쌍문2동,도봉구,야간(20~01시),21,0.296,47.619,32.248,28.571,48.501,0.0,2.829,46.964,69.315,69.0,25.793,56.871,False,False,False
U1132068000,쌍문3동,도봉구,야간(20~01시),37,0.425,18.919,22.869,56.757,56.822,2.703,3.458,70.877,75.374,38.0,25.793,56.871,False,False,False
U1132068100,쌍문4동,도봉구,야간(20~01시),7,0.123,14.286,24.38,42.857,55.15,0.0,3.524,42.857,74.3,64.0,25.793,56.871,True,False,False
U1132069000,방학1동,도봉구,야간(20~01시),206,0.805,23.786,24.178,64.563,63.061,2.913,3.128,86.211,84.745,28.0,25.793,56.871,False,False,False
U1132070000,방학2동,도봉구,야간(20~01시),38,0.432,26.316,26.019,63.158,59.586,0.0,2.282,83.659,80.843,43.0,25.793,56.871,False,False,False
U1132071000,방학3동,도봉구,야간(20~01시),9,0.153,44.444,28.638,44.444,54.975,0.0,3.404,80.0,78.9,38.0,25.793,56.871,True,False,False
U1135056000,월계1동,노원구,야간(20~01시),99,0.664,15.152,15.869,58.586,61.13,4.04,3.644,71.72,74.758,42.0,17.289,66.169,False,False,False
U1135057000,월계2동,노원구,야간(20~01시),53,0.515,20.755,19.073,66.038,66.101,0.0,1.388,81.007,80.894,33.0,17.289,66.169,False,False,False
U1135058000,월계3동,노원구,야간(20~01시),147,0.746,12.245,13.525,66.667,66.54,4.762,4.279,78.432,79.026,36.0,17.289,66.169,False,False,False
U1135059500,공릉1동,노원구,야간(20~01시),181,0.784,20.442,19.76,67.403,67.136,3.315,3.216,85.58,84.54,33.0,17.289,66.169,False,False,False
U1135060000,공릉2동,노원구,야간(20~01시),195,0.796,15.897,16.182,65.128,65.341,2.051,2.216,78.041,78.599,35.0,17.289,66.169,False,False,False
U1135061100,하계1동,노원구,야간(20~01시),394,0.887,16.751,16.812,67.766,67.587,3.299,3.25,82.401,82.217,33.0,17.289,66.169,False,False,False
U1135061200,하계2동,노원구,야간(20~01시),51,0.505,17.647,17.47,54.902,60.479,1.961,2.406,66.288,73.459,39.0,17.289,66.169,False,False,False
U1135061900,중계본동,노원구,야간(20~01시),82,0.621,12.195,14.125,78.049,73.549,0.0,1.083,88.308,85.454,34.0,17.289,66.169,False,False,False
U1135062100,중계1동,노원구,야간(20~01시),229,0.821,9.607,10.984,68.996,68.489,1.747,1.946,76.849,77.553,36.0,17.289,66.169,False,False,False
U1135062400,중계4동,노원구,야간(20~01시),169,0.772,15.385,15.819,68.639,68.075,0.592,1.11,79.86,80.068,33.0,17.289,66.169,False,False,False
U1135062500,중계2·3동,노원구,야간(20~01시),407,0.891,13.759,14.145,67.322,67.196,1.229,1.407,76.78,77.217,33.0,17.289,66.169,False,False,False
U1135063000,상계1동,노원구,야간(20~01시),233,0.823,21.459,20.723,60.086,61.161,5.579,5.099,79.079,79.378,35.0,17.289,66.169,False,False,False
U1135064000,상계2동,노원구,야간(20~01시),238,0.826,23.95,22.793,64.706,64.96,0.84,1.191,83.627,83.132,29.0,17.289,66.169,False,False,False
U1135066500,상계3·4동,노원구,야간(20~01시),364,0.879,27.198,26.001,59.89,60.648,4.67,4.452,85.94,85.316,33.0,17.289,66.169,False,False,False
U1135067000,상계5동,노원구,야간(20~01시),58,0.537,13.793,15.412,74.138,70.448,1.724,2.25,85.579,83.354,34.0,17.289,66.169,False,False,False
U1135069500,상계6·7동,노원구,야간(20~01시),665,0.93,15.038,15.195,65.414,65.466,4.962,4.815,80.108,80.154,32.0,17.289,66.169,False,False,False
U1135070000,상계8동,노원구,야간(20~01시),13,0.206,46.154,23.246,53.846,63.626,0.0,2.27,100.0,84.741,27.0,17.289,66.169,True,False,False
U1135071000,상계9동,노원구,야간(20~01시),16,0.242,25.0,19.159,68.75,66.794,0.0,2.167,90.303,83.084,28.0,17.289,66.169,True,False,False
U1135072000,상계10동,노원구,야간(20~01시),287,0.852,16.028,16.215,74.216,73.022,0.0,0.424,85.587,84.872,31.0,17.289,66.169,False,False,False
U1138051000,녹번동,은평구,야간(20~01시),150,0.75,11.333,13.928,56.667,55.109,3.333,3.958,65.793,66.133,45.0,21.712,50.434,False,False,False
U1138052000,불광1동,은평구,야간(20~01시),81,0.618,25.926,24.318,56.79,54.364,3.704,4.516,80.425,75.359,37.0,21.712,50.434,False,False,False
U1138053000,불광2동,은평구,야간(20~01시),24,0.324,29.167,24.13,45.833,48.942,0.0,3.94,61.812,65.421,44.0,21.712,50.434,False,False,False
U1138055100,갈현1동,은평구,야간(20~01시),47,0.485,12.766,17.377,53.191,51.77,4.255,5.068,62.743,65.016,45.0,21.712,50.434,False,False,False
U1138055200,갈현2동,은평구,야간(20~01시),52,0.51,23.077,22.408,55.769,53.154,0.0,2.858,70.066,68.638,42.0,21.712,50.434,False,False,False
U1138056000,구산동,은평구,야간(20~01시),60,0.545,30.0,26.233,46.667,48.379,1.667,3.56,62.411,64.567,50.0,21.712,50.434,False,True,False
U1138057000,대조동,은평구,야간(20~01시),61,0.55,27.869,25.096,47.541,48.844,4.918,5.329,67.519,67.354,42.0,21.712,50.434,False,True,False
U1138058000,응암1동,은평구,야간(20~01시),91,0.645,38.462,32.522,40.659,44.126,5.495,5.614,69.656,68.768,44.0,21.712,50.434,False,True,False
U1138059000,응암2동,은평구,야간(20~01시),83,0.624,19.277,20.193,49.398,49.787,4.819,5.2,62.754,64.408,49.0,21.712,50.434,False,True,False
U1138060000,응암3동,은평구,야간(20~01시),31,0.383,32.258,25.748,51.613,50.885,0.0,3.6,68.143,67.532,49.0,21.712,50.434,False,False,False
U1138062500,역촌동,은평구,야간(20~01시),212,0.809,32.075,30.098,41.038,42.831,18.396,15.998,79.124,76.84,40.0,21.712,50.434,False,True,False
U1138063100,신사1동,은평구,야간(20~01시),28,0.359,25.0,22.892,64.286,55.407,0.0,3.738,85.364,73.69,39.0,21.712,50.434,False,False,False
U1138063200,신사2동,은평구,야간(20~01시),16,0.242,62.5,31.6,18.75,42.753,0.0,4.418,33.333,58.954,61.0,21.712,50.434,True,False,False
U1138064000,증산동,은평구,야간(20~01시),184,0.786,8.152,11.05,58.696,56.93,3.804,4.237,65.662,65.981,51.0,21.712,50.434,False,False,False
U1138065000,수색동,은평구,야간(20~01시),167,0.77,25.749,24.818,43.114,44.801,9.581,8.717,61.328,62.67,51.0,21.712,50.434,False,True,False
U1138069000,진관동,은평구,야간(20~01시),325,0.867,14.769,15.695,54.769,54.191,2.769,3.178,65.006,65.293,48.0,21.712,50.434,False,False,False
U1141052000,천연동,서대문구,야간(20~01시),45,0.474,17.778,15.493,53.333,54.47,4.444,4.683,66.572,66.437,48.0,13.436,55.493,False,False,False
U1141055500,북아현동,서대문구,야간(20~01시),23,0.315,21.739,16.052,47.826,53.078,0.0,3.355,61.111,64.676,49.0,13.436,55.493,False,False,False
U1141056500,충현동,서대문구,야간(20~01시),375,0.882,10.667,10.992,59.467,58.999,3.467,3.635,67.564,67.417,45.0,13.436,55.493,False,False,False
U1141058500,신촌동,서대문구,야간(20~01시),344,0.873,17.442,16.933,52.035,52.474,6.395,6.205,66.104,66.131,48.0,13.436,55.493,False,False,False
U1141061500,연희동,서대문구,야간(20~01시),44,0.468,29.545,20.977,38.636,47.603,2.273,3.669,55.429,61.22,56.0,13.436,55.493,False,False,False
U1141062000,홍제1동,서대문구,야간(20~01시),27,0.351,22.222,16.517,48.148,52.918,18.519,9.674,76.311,69.821,53.0,13.436,55.493,False,False,False
U1141064000,홍제3동,서대문구,야간(20~01시),61,0.55,11.475,12.359,52.459,53.826,4.918,4.909,62.209,64.059,42.0,13.436,55.493,False,False,False
U1141065500,홍제2동,서대문구,야간(20~01시),74,0.597,2.703,7.031,66.216,61.892,0.0,1.975,68.056,67.354,50.0,13.436,55.493,False,False,False
U1141066000,홍은1동,서대문구,야간(20~01시),38,0.432,13.158,13.316,60.526,57.667,2.632,3.92,71.752,68.664,46.0,13.436,55.493,False,False,False
U1141068500,홍은2동,서대문구,야간(20~01시),71,0.587,21.127,17.949,43.662,48.551,2.817,3.677,53.264,58.658,55.0,13.436,55.493,False,True,False
U1141069000,남가좌1동,서대문구,야간(20~01시),90,0.643,20.0,17.656,46.667,49.819,4.444,4.607,59.926,62.208,50.0,13.436,55.493,False,True,False
U1141070000,남가좌2동,서대문구,야간(20~01시),40,0.444,12.5,13.02,47.5,51.941,7.5,6.055,57.229,62.278,54.0,13.436,55.493,False,False,False
U1141071000,북가좌1동,서대문구,야간(20~01시),95,0.655,6.316,8.771,64.211,61.205,6.316,5.827,73.144,70.79,41.0,13.436,55.493,False,False,False
U1141072000,북가좌2동,서대문구,야간(20~01시),102,0.671,1.961,5.736,67.647,63.649,7.843,6.875,74.48,71.795,40.0,13.436,55.493,False,False,False
U1144055500,아현동,마포구,야간(20~01시),72,0.59,25.0,21.487,41.667,44.787,1.389,2.587,53.421,56.209,59.0,16.427,49.281,False,True,False
U1144056500,공덕동,마포구,야간(20~01시),127,0.718,4.724,8.03,64.567,60.249,2.362,2.913,68.791,66.371,45.0,16.427,49.281,False,False,False
U1144058500,도화동,마포구,야간(20~01시),51,0.505,15.686,16.053,56.863,53.11,5.882,5.105,71.576,65.956,44.0,16.427,49.281,False,False,False
U1144059000,용강동,마포구,야간(20~01시),30,0.375,26.667,20.267,50.0,49.551,10.0,6.445,75.819,66.072,44.0,16.427,49.281,False,False,False
U1144060000,대흥동,마포구,야간(20~01시),83,0.624,10.843,12.943,46.988,47.85,3.614,3.877,54.51,56.658,55.0,16.427,49.281,False,True,False
U1144061000,염리동,마포구,야간(20~01시),15,0.231,26.667,18.79,46.667,48.678,0.0,3.317,60.695,60.332,35.0,16.427,49.281,True,False,False
U1144063000,신수동,마포구,야간(20~01시),13,0.206,7.692,14.625,76.923,54.985,0.0,3.422,83.333,64.992,27.0,16.427,49.281,True,False,False
U1144065500,서강동,마포구,야간(20~01시),40,0.444,15.0,15.793,52.5,50.712,7.5,5.729,66.671,63.089,46.0,16.427,49.281,False,False,False
U1144066000,서교동,마포구,야간(20~01시),292,0.854,17.466,17.314,44.521,45.217,4.452,4.432,54.242,55.116,54.0,16.427,49.281,False,True,False
U1144068000,합정동,마포구,야간(20~01시),71,0.587,15.493,15.879,49.296,49.29,4.225,4.261,58.937,59.468,48.0,16.427,49.281,False,True,False
U1144069000,망원1동,마포구,야간(20~01시),37,0.425,13.514,15.188,56.757,52.461,2.703,3.628,66.18,62.757,43.0,16.427,49.281,False,False,False
U1144070000,망원2동,마포구,야간(20~01시),71,0.587,29.577,24.143,46.479,47.637,4.225,4.261,69.028,65.39,40.0,16.427,49.281,False,True,False
U1144071000,연남동,마포구,야간(20~01시),27,0.351,40.741,24.953,44.444,47.585,3.704,4.099,72.484,64.523,36.0,16.427,49.281,False,False,False
U1144072000,성산1동,마포구,야간(20~01시),134,0.728,8.955,10.986,55.97,54.153,5.224,4.976,62.861,62.144,44.0,16.427,49.281,False,False,False
U1144073000,성산2동,마포구,야간(20~01시),236,0.825,11.441,12.312,44.492,45.329,5.508,5.299,52.793,54.092,58.0,16.427,49.281,False,True,False
U1144074000,상암동,마포구,야간(20~01시),162,0.764,25.926,23.686,46.914,47.472,3.704,3.847,63.747,62.916,50.0,16.427,49.281,False,True,False
U1147051000,목1동,양천구,야간(20~01시),124,0.713,21.774,21.585,51.613,54.426,7.258,6.24,69.858,72.373,46.0,21.115,61.402,False,False,False
U1147052000,목2동,양천구,야간(20~01시),7,0.123,42.857,23.785,42.857,59.125,0.0,3.26,75.0,78.168,27.0,21.115,61.402,True,False,False
U1147053000,목3동,양천구,야간(20~01시),56,0.528,19.643,20.337,62.5,61.982,1.786,2.696,75.66,77.052,41.0,21.115,61.402,False,False,False
U1147054000,목4동,양천구,야간(20~01시),340,0.872,11.471,12.707,73.824,72.231,2.059,2.271,82.816,82.277,37.0,21.115,61.402,False,False,False
U1147055000,목5동,양천구,야간(20~01시),49,0.495,14.286,17.735,71.429,66.365,6.122,4.907,89.211,83.857,32.0,21.115,61.402,False,False,False
U1147056000,신월1동,양천구,야간(20~01시),32,0.39,15.625,18.972,65.625,63.05,6.25,4.705,83.833,80.649,38.0,21.115,61.402,False,False,False
U1147057000,신월2동,양천구,야간(20~01시),74,0.597,33.784,28.675,59.459,60.243,2.703,3.111,87.727,84.052,41.0,21.115,61.402,False,False,False
U1147058000,신월3동,양천구,야간(20~01시),17,0.254,35.294,24.713,41.176,56.27,5.882,4.266,69.062,76.188,49.0,21.115,61.402,True,False,False
U1147059000,신월4동,양천구,야간(20~01시),18,0.265,11.111,18.467,61.111,61.325,5.556,4.203,72.727,77.054,44.0,21.115,61.402,True,False,False
U1147060000,신월5동,양천구,야간(20~01시),37,0.425,27.027,23.629,54.054,58.277,5.405,4.435,79.396,78.945,38.0,21.115,61.402,False,False,False
U1147061000,신월6동,양천구,야간(20~01시),37,0.425,21.622,21.33,62.162,61.725,5.405,4.435,82.597,80.306,34.0,21.115,61.402,False,False,False
U1147061100,신월7동,양천구,야간(20~01시),32,0.39,25.0,22.631,53.125,58.172,0.0,2.266,68.456,74.648,41.0,21.115,61.402,False,False,False
U1147062000,신정1동,양천구,야간(20~01시),31,0.383,0.0,13.034,80.645,68.767,0.0,2.294,80.645,79.39,42.0,21.115,61.402,False,False,False
U1147063000,신정2동,양천구,야간(20~01시),49,0.495,38.776,29.856,55.102,58.284,0.0,1.877,85.094,81.82,37.0,21.115,61.402,False,False,False
U1147064000,신정3동,양천구,야간(20~01시),136,0.731,33.824,30.407,47.059,50.915,3.676,3.687,71.021,73.062,42.0,21.115,61.402,False,True,False
U1147065000,신정4동,양천구,야간(20~01시),72,0.59,16.667,18.49,58.333,59.591,6.944,5.621,74.088,75.942,39.0,21.115,61.402,False,False,False
U1147067000,신정6동,양천구,야간(20~01시),20,0.286,40.0,26.511,55.0,59.573,0.0,2.654,75.294,77.664,43.0,21.115,61.402,False,False,False
U1147068000,신정7동,양천구,야간(20~01시),53,0.515,26.415,23.842,50.943,56.02,7.547,5.687,71.564,74.985,48.0,21.115,61.402,False,False,False
U1150051000,염창동,강서구,야간(20~01시),26,0.342,42.308,27.084,38.462,51.749,7.692,4.61,71.481,72.574,38.0,19.167,58.658,False,False,False
U1150052000,등촌1동,강서구,야간(20~01시),59,0.541,22.034,20.719,54.237,56.265,0.0,1.379,67.162,69.905,51.0,19.167,58.658,False,False,False
U1150053000,등촌2동,강서구,야간(20~01시),18,0.265,11.111,17.035,77.778,63.719,0.0,2.211,87.451,76.929,33.0,19.167,58.658,True,False,False
U1150053500,등촌3동,강서구,야간(20~01시),443,0.899,18.059,18.171,59.594,59.499,2.257,2.333,71.926,72.049,40.0,19.167,58.658,False,False,False
U1150054000,화곡1동,강서구,야간(20~01시),84,0.627,21.429,20.585,51.19,53.977,7.143,5.6,69.969,71.153,41.0,19.167,58.658,False,False,False
U1150055000,화곡2동,강서구,야간(20~01시),7,0.123,57.143,23.831,28.571,54.963,0.0,2.638,62.5,71.835,33.0,19.167,58.658,True,False,False
U1150056000,화곡3동,강서구,야간(20~01시),31,0.383,16.129,18.004,61.29,59.666,3.226,3.091,75.066,73.878,38.0,19.167,58.658,False,False,False
U1150057000,화곡4동,강서구,야간(20~01시),36,0.419,16.667,18.12,33.333,48.057,8.333,5.237,41.297,59.811,79.0,19.167,58.658,False,False,False
U1150059000,화곡본동,강서구,야간(20~01시),82,0.621,25.61,23.169,52.439,54.795,7.317,5.685,76.401,75.167,39.0,19.167,58.658,False,False,False
U1150059100,화곡6동,강서구,야간(20~01시),219,0.814,20.091,19.92,60.274,59.974,3.653,3.533,75.888,75.378,39.0,19.167,58.658,False,False,False
U1150059300,화곡8동,강서구,야간(20~01시),45,0.474,15.556,17.456,64.444,61.399,4.444,3.688,80.032,76.405,39.0,19.167,58.658,False,False,False
U1150060300,가양1동,강서구,야간(20~01시),400,0.889,16.25,16.574,61.0,60.74,3.0,3.001,73.73,73.665,41.0,19.167,58.658,False,False,False
U1150060400,가양2동,강서구,야간(20~01시),107,0.682,19.626,19.48,57.009,57.534,4.673,4.142,71.452,71.99,40.0,19.167,58.658,False,False,False
U1150060500,가양3동,강서구,야간(20~01시),83,0.624,32.53,27.506,53.012,55.135,0.0,1.131,75.713,74.746,42.0,19.167,58.658,False,False,False
U1150061100,발산1동,강서구,야간(20~01시),148,0.747,17.568,17.972,55.405,56.227,4.054,3.79,67.137,68.653,44.0,19.167,58.658,False,False,False
U1150061500,우장산동,강서구,야간(20~01시),249,0.833,9.237,10.898,70.281,68.338,0.402,0.837,77.094,76.433,38.0,19.167,58.658,False,False,False
U1150062000,공항동,강서구,야간(20~01시),274,0.846,20.073,19.933,57.664,57.818,4.38,4.168,74.117,73.966,41.0,19.167,58.658,False,False,False
U1150063000,방화1동,강서구,야간(20~01시),371,0.881,15.094,15.578,60.647,60.411,1.078,1.307,70.765,71.047,43.0,19.167,58.658,False,False,False
U1150064000,방화2동,강서구,야간(20~01시),294,0.855,29.592,28.077,53.061,53.875,3.741,3.635,77.546,76.906,41.0,19.167,58.658,False,False,False
U1150064100,방화3동,강서구,야간(20~01시),50,0.5,18.0,18.584,60.0,59.329,4.0,3.504,76.06,74.601,35.0,19.167,58.658,False,False,False
U1153051000,신도림동,구로구,야간(20~01시),376,0.883,20.479,19.895,47.074,47.883,8.245,7.869,63.627,63.887,49.0,15.506,53.961,False,True,False
U1153052000,구로1동,구로구,야간(20~01시),4,0.074,75.0,19.913,0.0,49.964,0.0,4.667,0.0,60.961,148.0,15.506,53.961,True,False,False
U1153053000,구로2동,구로구,야간(20~01시),58,0.537,12.069,13.66,56.897,55.537,6.897,6.037,67.958,66.977,43.0,15.506,53.961,False,False,False
U1153054000,구로3동,구로구,야간(20~01시),125,0.714,15.2,15.288,56.0,55.417,3.2,3.726,66.84,66.554,47.0,15.506,53.961,False,False,False
U1153055000,구로4동,구로구,야간(20~01시),16,0.242,12.5,14.778,56.25,54.516,0.0,3.819,64.103,65.418,43.0,15.506,53.961,True,False,False
U1153056000,구로5동,구로구,야간(20~01시),478,0.905,5.23,6.203,61.297,60.602,2.72,2.939,66.001,65.985,48.0,15.506,53.961,False,False,False
U1153059500,가리봉동,구로구,야간(20~01시),7,0.123,28.571,17.111,57.143,54.351,0.0,4.422,79.167,67.475,52.0,15.506,53.961,True,False,False
U1153072000,고척1동,구로구,야간(20~01시),228,0.82,12.719,13.221,41.667,43.878,7.018,6.662,50.262,53.063,59.0,15.506,53.961,False,True,False
U1153073000,고척2동,구로구,야간(20~01시),33,0.398,33.333,22.594,39.394,48.169,24.242,12.675,91.368,75.989,34.0,15.506,53.961,False,False,False
U1153074000,개봉1동,구로구,야간(20~01시),77,0.606,23.377,20.278,62.338,59.04,7.792,6.709,89.75,80.336,31.0,15.506,53.961,False,False,False
U1153075000,개봉2동,구로구,야간(20~01시),36,0.419,30.556,21.806,52.778,53.465,8.333,6.419,84.293,73.564,35.0,15.506,53.961,False,False,False
U1153076000,개봉3동,구로구,야간(20~01시),47,0.485,10.638,13.148,63.83,58.743,2.128,3.629,72.65,69.139,42.0,15.506,53.961,False,False,False
U1153077000,오류1동,구로구,야간(20~01시),20,0.286,20.0,16.79,50.0,52.829,0.0,3.601,62.5,64.885,40.0,15.506,53.961,False,False,False
U1153078000,오류2동+항동,구로구,야간(20~01시),156,0.757,18.59,17.841,53.205,53.389,1.282,2.194,64.048,64.482,46.0,15.506,53.961,False,False,False
U1153079000,수궁동,구로구,야간(20~01시),422,0.894,19.194,18.804,56.872,56.564,4.028,4.136,69.958,69.522,44.0,15.506,53.961,False,False,False
U1154551000,가산동,금천구,야간(20~01시),98,0.662,14.286,15.643,52.041,51.804,2.041,2.508,61.143,62.133,48.0,18.304,51.339,False,False,False
U1154561000,독산1동,금천구,야간(20~01시),116,0.699,18.103,18.164,38.793,42.572,6.897,5.85,50.664,54.703,60.0,18.304,51.339,False,True,False
U1154562000,독산2동,금천구,야간(20~01시),38,0.432,31.579,24.036,50.0,50.761,2.632,3.081,75.838,69.154,38.0,18.304,51.339,False,False,False
U1154563000,독산3동,금천구,야간(20~01시),107,0.682,14.019,15.383,60.748,57.751,3.738,3.638,72.055,69.513,47.0,18.304,51.339,False,False,False
U1154564000,독산4동,금천구,야간(20~01시),19,0.275,21.053,19.061,52.632,51.695,0.0,2.48,64.286,64.132,46.0,18.304,51.339,True,False,False
U1154567000,시흥1동,금천구,야간(20~01시),147,0.746,10.884,12.767,59.184,57.193,2.721,2.899,66.765,66.082,48.0,18.304,51.339,False,False,False
U1154568000,시흥2동,금천구,야간(20~01시),31,0.383,3.226,12.533,70.968,58.851,3.226,3.347,75.862,68.586,42.0,18.304,51.339,False,False,False
U1154569000,시흥3동,금천구,야간(20~01시),24,0.324,41.667,25.881,33.333,45.5,8.333,5.015,58.804,62.365,48.0,18.304,51.339,False,False,False
U1154570000,시흥4동,금천구,야간(20~01시),47,0.485,12.766,15.62,51.064,51.206,0.0,1.764,57.093,60.691,57.0,18.304,51.339,False,False,False
U1154571000,시흥5동,금천구,야간(20~01시),45,0.474,53.333,34.897,31.111,41.758,2.222,2.854,68.571,66.204,52.0,18.304,51.339,False,False,False
U1156051500,영등포본동,영등포구,야간(20~01시),53,0.515,28.302,22.201,43.396,48.065,1.887,3.171,59.745,61.98,57.0,15.733,53.014,False,True,False
U1156053500,영등포동,영등포구,야간(20~01시),544,0.916,11.949,12.267,61.581,60.86,3.493,3.58,71.129,70.559,41.0,15.733,53.014,False,False,False
U1156054000,여의동,영등포구,야간(20~01시),784,0.94,14.413,14.492,44.898,45.385,7.781,7.586,55.456,55.989,56.0,15.733,53.014,False,True,False
U1156055000,당산1동,영등포구,야간(20~01시),255,0.836,7.451,8.809,60.0,58.855,2.353,2.71,66.192,65.89,46.0,15.733,53.014,False,False,False
U1156056000,당산2동,영등포구,야간(20~01시),61,0.55,19.672,17.898,42.623,47.304,1.639,2.942,50.909,56.963,57.0,15.733,53.014,False,True,False
U1156058500,도림동,영등포구,야간(20~01시),16,0.242,18.75,16.465,43.75,50.768,12.5,6.464,63.636,64.177,56.0,15.733,53.014,True,False,False
U1156060500,문래동,영등포구,야간(20~01시),105,0.677,11.429,12.817,64.762,60.972,1.905,2.752,73.38,70.467,40.0,15.733,53.014,False,False,False
U1156061000,양평1동,영등포구,야간(20~01시),71,0.587,25.352,21.377,49.296,50.832,1.408,2.699,65.664,65.121,42.0,15.733,53.014,False,True,False
U1156062000,양평2동,영등포구,야간(20~01시),23,0.315,34.783,21.735,43.478,50.01,0.0,3.104,61.591,63.481,42.0,15.733,53.014,False,False,False
U1156063000,신길1동,영등포구,야간(20~01시),124,0.713,22.581,20.613,68.548,64.085,2.419,3.026,89.915,82.569,29.0,15.733,53.014,False,False,False
U1156065000,신길3동,영등포구,야간(20~01시),8,0.138,50.0,20.46,37.5,50.874,0.0,3.907,100.0,69.268,34.0,15.733,53.014,True,False,False
U1156066000,신길4동,영등포구,야간(20~01시),6,0.107,33.333,17.619,16.667,49.12,0.0,4.046,20.0,59.599,99.0,15.733,53.014,True,False,False
U1156067000,신길5동,영등포구,야간(20~01시),34,0.405,35.294,23.651,47.059,50.604,0.0,2.698,67.437,65.6,40.0,15.733,53.014,False,False,False
U1156068000,신길6동,영등포구,야간(20~01시),68,0.576,11.765,13.446,58.824,56.362,8.824,7.005,72.042,68.783,39.0,15.733,53.014,False,False,False
U1156069000,신길7동,영등포구,야간(20~01시),15,0.231,53.333,24.41,26.667,46.934,6.667,5.025,64.286,64.335,53.0,15.733,53.014,True,False,False
U1156070000,대림1동,영등포구,야간(20~01시),27,0.351,25.926,19.307,37.037,47.412,7.407,5.54,54.171,60.781,54.0,15.733,53.014,False,False,False
U1156071000,대림2동,영등포구,야간(20~01시),28,0.359,28.571,20.342,42.857,49.368,3.571,4.187,55.394,61.135,52.0,15.733,53.014,False,False,False
U1156072000,대림3동,영등포구,야간(20~01시),117,0.701,22.222,20.279,51.282,51.801,0.0,1.357,62.239,62.871,48.0,15.733,53.014,False,False,False
U1159051000,노량진1동,동작구,야간(20~01시),61,0.55,26.23,23.15,40.984,44.361,4.918,4.644,56.553,58.74,57.0,19.393,48.482,False,True,False
U1159052000,노량진2동,동작구,야간(20~01시),35,0.412,28.571,23.172,42.857,46.166,2.857,3.711,59.922,60.796,46.0,19.393,48.482,False,False,False
U1159053000,상도1동,동작구,야간(20~01시),126,0.716,19.841,19.714,48.413,48.432,0.794,1.792,59.991,60.394,52.0,19.393,48.482,False,True,False
U1159054000,상도2동,동작구,야간(20~01시),48,0.49,56.25,37.445,29.167,39.021,2.083,3.219,59.522,60.484,36.0,19.393,48.482,False,False,False
U1159055000,상도3동,동작구,야간(20~01시),119,0.704,15.126,16.388,63.025,58.722,1.681,2.458,72.367,69.125,45.0,19.393,48.482,False,False,False
U1159056000,상도4동,동작구,야간(20~01시),56,0.528,8.929,13.865,46.429,47.397,0.0,2.033,49.577,55.158,67.0,19.393,48.482,False,True,True
U1159060500,흑석동,동작구,야간(20~01시),52,0.51,32.692,26.173,48.077,48.275,1.923,3.093,71.484,66.545,50.0,19.393,48.482,False,True,False
U1159062000,사당1동,동작구,야간(20~01시),58,0.537,8.621,13.608,56.897,53.001,3.448,3.847,63.202,62.371,50.0,19.393,48.482,False,False,False
U1159063000,사당2동,동작구,야간(20~01시),44,0.468,31.818,25.209,34.091,41.746,6.818,5.484,52.046,57.026,58.0,19.393,48.482,False,False,False
U1159064000,사당3동,동작구,야간(20~01시),35,0.412,14.286,17.29,48.571,48.519,2.857,3.711,58.571,60.24,56.0,19.393,48.482,False,False,False
U1159065000,사당4동,동작구,야간(20~01시),13,0.206,0.0,15.391,46.154,48.001,0.0,3.42,46.154,58.261,61.0,19.393,48.482,True,False,False
U1159065100,사당5동,동작구,야간(20~01시),4,0.074,0.0,17.956,75.0,50.446,0.0,3.99,75.0,62.415,33.0,19.393,48.482,True,False,False
U1159066000,대방동,동작구,야간(20~01시),87,0.635,13.793,15.837,45.977,46.891,9.195,7.412,57.834,59.138,53.0,19.393,48.482,False,True,False
U1159067000,신대방1동,동작구,야간(20~01시),52,0.51,9.615,14.408,65.385,57.099,0.0,2.113,73.242,67.441,36.0,19.393,48.482,False,False,False
U1159068000,신대방2동,동작구,야간(20~01시),231,0.822,16.883,17.33,45.887,46.349,9.091,8.24,59.076,59.491,48.0,19.393,48.482,False,True,False
U1162052500,보라매동,관악구,야간(20~01시),54,0.519,22.222,20.828,50.0,47.478,5.556,5.63,64.571,60.939,43.0,19.323,44.754,False,False,False
U1162054500,청림동,관악구,야간(20~01시),10,0.167,30.0,21.102,70.0,48.962,0.0,4.759,100.0,64.182,40.0,19.323,44.754,True,False,False
U1162056500,성현동,관악구,야간(20~01시),20,0.286,20.0,19.516,45.0,44.825,10.0,6.936,63.636,58.909,52.0,19.323,44.754,False,False,False
U1162057500,행운동,관악구,야간(20~01시),28,0.359,14.286,17.515,57.143,49.201,3.571,4.943,69.002,61.32,34.0,19.323,44.754,False,False,False
U1162058500,낙성대동,관악구,야간(20~01시),29,0.367,37.931,26.154,24.138,37.186,3.448,4.88,34.523,48.76,67.0,19.323,44.754,False,False,False
U1162059500,청룡동,관악구,야간(20~01시),149,0.749,17.45,17.92,53.02,50.943,3.356,3.947,63.917,62.184,48.0,19.323,44.754,False,False,False
U1162060500,은천동,관악구,야간(20~01시),70,0.583,38.571,30.551,31.429,36.981,4.286,4.879,53.197,54.789,48.0,19.323,44.754,False,True,False
U1162061500,중앙동,관악구,야간(20~01시),42,0.457,21.429,20.284,50.0,47.149,0.0,3.104,61.996,59.291,57.0,19.323,44.754,False,False,False
U1162062500,인헌동,관악구,야간(20~01시),33,0.398,42.424,28.508,30.303,39.009,0.0,3.44,45.953,52.619,63.0,19.323,44.754,False,False,False
U1162063000,남현동,관악구,야간(20~01시),108,0.684,30.556,27.001,39.815,41.378,8.333,7.503,61.842,60.315,51.0,19.323,44.754,False,True,False
U1162064500,서원동,관악구,야간(20~01시),152,0.752,31.579,28.545,35.526,37.81,5.921,5.869,50.258,51.931,60.0,19.323,44.754,False,True,False
U1162065500,신원동,관악구,야간(20~01시),11,0.18,36.364,22.396,27.273,41.602,18.182,7.959,50.0,55.752,49.0,19.323,44.754,True,False,False
U1162066500,서림동,관악구,야간(20~01시),37,0.425,45.946,30.645,27.027,37.215,2.703,4.431,40.892,50.16,71.0,19.323,44.754,False,False,False
U1162068500,신사동,관악구,야간(20~01시),218,0.813,4.587,7.336,53.211,51.633,14.22,12.633,64.092,62.772,50.0,19.323,44.754,False,False,False
U1162069500,신림동,관악구,야간(20~01시),132,0.725,17.424,17.946,52.273,50.207,4.545,4.866,65.775,63.369,48.0,19.323,44.754,False,False,False
U1162071500,난향동,관악구,야간(20~01시),15,0.231,20.0,19.479,53.333,46.734,6.667,5.931,72.5,60.591,50.0,19.323,44.754,True,False,False
U1162072500,조원동,관악구,야간(20~01시),143,0.741,6.993,10.187,37.762,39.574,2.098,3.034,40.993,45.145,66.0,19.323,44.754,False,True,True
U1162073500,대학동,관악구,야간(20~01시),65,0.565,7.692,12.749,29.231,35.98,1.538,3.352,31.764,42.744,75.0,19.323,44.754,False,True,True
U1162074500,삼성동,관악구,야간(20~01시),99,0.664,7.071,11.182,48.485,47.233,7.071,6.614,55.932,56.296,57.0,19.323,44.754,False,True,False
U1162076500,미성동,관악구,야간(20~01시),56,0.528,19.643,19.492,57.143,51.299,1.786,3.637,69.804,63.773,45.0,19.323,44.754,False,False,False
U1162077500,난곡동,관악구,야간(20~01시),35,0.412,28.571,23.131,57.143,49.855,0.0,3.359,75.505,64.63,43.0,19.323,44.754,False,False,False
U1165051000,서초1동,서초구,야간(20~01시),29,0.367,37.931,27.15,34.483,43.392,6.897,6.008,61.484,62.615,56.0,20.898,48.56,False,False,False
U1165052000,서초2동,서초구,야간(20~01시),169,0.772,21.302,21.209,50.888,50.356,2.367,3.08,62.445,62.633,45.0,20.898,48.56,False,False,False
U1165053000,서초3동,서초구,야간(20~01시),256,0.837,21.094,21.062,38.281,39.961,8.984,8.414,51.701,53.592,58.0,20.898,48.56,False,True,False
U1165053100,서초4동,서초구,야간(20~01시),79,0.612,17.722,18.953,48.101,48.279,6.329,6.005,59.576,61.008,49.0,20.898,48.56,False,True,False
U1165054000,잠원동,서초구,야간(20~01시),25,0.333,32.0,24.598,52.0,49.707,0.0,3.662,73.994,66.845,42.0,20.898,48.56,False,False,False
U1165055000,반포본동,서초구,야간(20~01시),8,0.138,25.0,21.463,25.0,45.31,12.5,6.459,34.375,59.285,69.0,20.898,48.56,True,False,False
U1165056000,반포1동,서초구,야간(20~01시),77,0.606,22.078,21.613,63.636,57.701,0.0,2.162,79.333,73.009,43.0,20.898,48.56,False,False,False
U1165057000,반포2동,서초구,야간(20~01시),43,0.462,13.953,17.687,39.535,44.387,4.651,5.103,48.037,56.227,61.0,20.898,48.56,False,False,False
U1165058000,반포3동,서초구,야간(20~01시),57,0.533,24.561,22.849,45.614,46.991,3.509,4.436,60.371,61.726,46.0,20.898,48.56,False,True,False
U1165058100,반포4동,서초구,야간(20~01시),107,0.682,21.495,21.305,42.991,44.764,9.346,8.119,59.958,61.013,55.0,20.898,48.56,False,True,False
U1165059000,방배본동,서초구,야간(20~01시),71,0.587,18.31,19.379,38.028,42.38,14.085,10.534,53.271,57.403,58.0,20.898,48.56,False,True,False
U1165060000,방배1동,서초구,야간(20~01시),173,0.776,25.434,24.416,62.428,59.318,2.89,3.474,85.669,80.647,43.0,20.898,48.56,False,False,False
U1165061000,방배2동,서초구,야간(20~01시),79,0.612,18.987,19.728,41.772,44.403,3.797,4.454,51.991,56.363,57.0,20.898,48.56,False,True,False
U1165062000,방배3동,서초구,야간(20~01시),12,0.194,16.667,20.079,41.667,47.226,0.0,4.429,50.0,60.702,50.0,20.898,48.56,True,False,False
U1165062100,방배4동,서초구,야간(20~01시),19,0.275,36.842,25.288,47.368,48.232,5.263,5.429,81.818,68.378,42.0,20.898,48.56,True,False,False
U1165065100,양재1동,서초구,야간(20~01시),134,0.728,17.164,18.179,55.97,53.957,4.478,4.753,69.533,67.831,44.0,20.898,48.56,False,False,False
U1165065200,양재2동,서초구,야간(20~01시),75,0.6,17.333,18.759,56.0,53.024,5.333,5.397,70.767,67.769,41.0,20.898,48.56,False,False,False
U1165066000,내곡동,서초구,야간(20~01시),80,0.615,12.5,15.73,51.25,50.215,5.0,5.189,60.181,61.37,51.0,20.898,48.56,False,False,False
U1168051000,신사동,강남구,야간(20~01시),41,0.451,34.146,27.443,34.146,41.636,4.878,7.16,52.853,60.4,59.0,21.947,47.777,False,False,False
U1168052100,논현1동,강남구,야간(20~01시),76,0.603,28.947,26.169,56.579,53.086,0.0,3.584,76.456,72.541,45.0,21.947,47.777,False,False,False
U1168053100,논현2동,강남구,야간(20~01시),39,0.438,25.641,23.566,48.718,48.189,7.692,8.445,70.408,68.262,41.0,21.947,47.777,False,False,False
U1168054500,압구정동,강남구,야간(20~01시),62,0.554,19.355,20.512,67.742,58.829,3.226,5.818,84.681,76.604,33.0,21.947,47.777,False,False,False
U1168056500,청담동,강남구,야간(20~01시),36,0.419,13.889,18.574,63.889,54.522,0.0,5.251,74.138,69.749,41.0,21.947,47.777,False,False,False
U1168058000,삼성1동,강남구,야간(20~01시),144,0.742,13.889,15.966,54.861,53.035,3.472,4.905,65.605,65.859,48.0,21.947,47.777,False,False,False
U1168059000,삼성2동,강남구,야간(20~01시),46,0.479,28.261,24.972,47.826,47.801,2.174,5.745,66.789,66.685,44.0,21.947,47.777,False,False,False
U1168060000,대치1동,강남구,야간(20~01시),100,0.667,14.0,16.649,34.0,38.592,9.0,9.01,42.916,50.807,65.0,21.947,47.777,False,True,True
U1168061000,대치2동,강남구,야간(20~01시),124,0.713,14.516,16.651,54.839,52.81,3.226,4.894,65.432,65.764,50.0,21.947,47.777,False,False,False
U1168063000,대치4동,강남구,야간(20~01시),33,0.398,39.394,28.884,33.333,42.034,12.121,10.26,67.881,67.103,42.0,21.947,47.777,False,False,False
U1168064000,역삼1동,강남구,야간(20~01시),360,0.878,20.833,20.969,47.222,47.29,7.222,7.443,62.509,63.007,50.0,21.947,47.777,False,True,False
U1168065000,역삼2동,강남구,야간(20~01시),92,0.648,10.87,14.77,54.348,52.034,0.0,3.18,60.06,62.359,50.0,21.947,47.777,False,False,False
U1168065500,도곡1동,강남구,야간(20~01시),68,0.576,36.765,30.486,19.118,31.262,29.412,20.776,56.169,60.584,53.0,21.947,47.777,False,True,False
U1168065600,도곡2동,강남구,야간(20~01시),40,0.444,22.5,22.193,35.0,42.098,2.5,6.129,44.809,56.909,61.0,21.947,47.777,False,False,False
U1168066000,개포1동,강남구,야간(20~01시),2,0.038,100.0,24.949,0.0,45.94,0.0,8.684,0.0,64.028,,21.947,47.777,True,False,False
U1168067000,개포2동,강남구,야간(20~01시),56,0.528,39.286,31.107,44.643,46.121,1.786,5.203,69.648,68.205,52.0,21.947,47.777,False,True,False
U1168067500,개포3동,강남구,야간(20~01시),49,0.495,34.694,28.256,51.02,49.382,2.041,5.571,75.618,71.058,40.0,21.947,47.777,False,False,False
U1168069000,개포4동,강남구,야간(20~01시),30,0.375,23.333,22.467,60.0,52.361,6.667,8.145,85.135,73.544,38.0,21.947,47.777,False,False,False
U1168070000,세곡동,강남구,야간(20~01시),191,0.793,24.084,23.64,28.796,32.734,36.649,30.919,68.373,68.003,41.0,21.947,47.777,False,True,False
U1168072000,일원본동,강남구,야간(20~01시),106,0.679,21.698,21.778,56.604,53.775,1.887,4.177,69.589,68.627,37.0,21.947,47.777,False,False,False
U1168073000,일원1동,강남구,야간(20~01시),35,0.412,20.0,21.145,45.714,46.928,8.571,8.842,63.586,65.352,53.0,21.947,47.777,False,False,False
U1168075000,수서동,강남구,야간(20~01시),407,0.891,20.885,21.001,54.054,53.367,9.091,9.084,74.367,73.516,44.0,21.947,47.777,False,False,False
U1171051000,풍납1동,송파구,야간(20~01시),10,0.167,20.0,17.978,60.0,55.711,0.0,3.731,75.0,68.999,41.0,17.573,54.854,True,False,False
U1171052000,풍납2동,송파구,야간(20~01시),99,0.664,16.162,16.635,58.586,57.333,4.04,4.187,70.952,69.894,44.0,17.573,54.854,False,False,False
U1171053100,거여1동,송파구,야간(20~01시),56,0.528,28.571,23.384,60.714,57.95,0.0,2.112,81.516,75.045,35.0,17.573,54.854,False,False,False
U1171053200,거여2동+장지동+위례동,송파구,야간(20~01시),191,0.793,28.272,26.053,50.785,51.629,1.047,1.759,69.133,68.856,43.0,17.573,54.854,False,False,False
U1171054000,마천1동,송파구,야간(20~01시),11,0.18,45.455,22.601,45.455,53.159,0.0,3.67,66.667,67.594,36.0,17.573,54.854,True,False,False
U1171055000,마천2동,송파구,야간(20~01시),31,0.383,25.806,20.724,41.935,49.91,0.0,2.764,55.252,62.997,47.0,17.573,54.854,False,False,False
U1171056100,방이1동,송파구,야간(20~01시),33,0.398,18.182,17.815,60.606,57.141,6.061,5.107,77.456,71.638,36.0,17.573,54.854,False,False,False
U1171056200,방이2동,송파구,야간(20~01시),94,0.653,9.574,12.352,62.766,60.019,1.064,2.249,68.864,68.494,45.0,17.573,54.854,False,False,False
U1171056600,오륜동,송파구,야간(20~01시),174,0.777,20.69,19.994,41.954,44.833,6.897,6.356,54.315,57.324,57.0,17.573,54.854,False,True,False
U1171057000,오금동,송파구,야간(20~01시),368,0.88,8.696,9.758,62.5,61.585,3.261,3.406,69.968,69.708,42.0,17.573,54.854,False,False,False
U1171058000,송파1동,송파구,야간(20~01시),28,0.359,14.286,16.393,57.143,55.675,7.143,5.434,65.867,67.105,35.0,17.573,54.854,False,False,False
U1171059000,송파2동,송파구,야간(20~01시),8,0.138,12.5,16.873,50.0,54.184,0.0,3.859,55.0,66.033,47.0,17.573,54.854,True,False,False
U1171060000,석촌동,송파구,야간(20~01시),32,0.39,18.75,18.032,68.75,60.277,6.25,5.169,90.953,76.834,35.0,17.573,54.854,False,False,False
U1171061000,삼전동,송파구,야간(20~01시),11,0.18,45.455,22.601,45.455,53.159,9.091,5.309,100.0,73.605,32.0,17.573,54.854,True,False,False
U1171062000,가락본동,송파구,야간(20~01시),83,0.624,20.482,19.388,67.47,62.727,2.41,3.187,84.15,78.003,38.0,17.573,54.854,False,False,False
U1171063100,가락1동,송파구,야간(20~01시),107,0.682,6.542,10.055,67.29,63.329,3.738,3.974,73.25,71.514,45.0,17.573,54.854,False,False,False
U1171063200,가락2동,송파구,야간(20~01시),23,0.315,34.783,22.995,47.826,52.639,0.0,3.066,72.65,69.327,33.0,17.573,54.854,False,False,False
U1171064100,문정1동,송파구,야간(20~01시),31,0.383,22.581,19.49,54.839,54.848,3.226,3.998,72.365,69.546,48.0,17.573,54.854,False,False,False
U1171064200,문정2동,송파구,야간(20~01시),235,0.825,11.915,12.908,64.681,62.957,2.979,3.242,73.013,72.098,38.0,17.573,54.854,False,False,False
U1171065000,잠실본동,송파구,야간(20~01시),107,0.682,14.953,15.788,53.271,53.775,3.738,3.974,63.879,65.127,53.0,17.573,54.854,False,False,False
U1171067000,잠실2동,송파구,야간(20~01시),117,0.701,16.239,16.639,40.171,44.567,11.111,9.125,51.871,56.64,58.0,17.573,54.854,False,True,False
U1171068000,잠실3동,송파구,야간(20~01시),107,0.682,33.645,28.527,46.729,49.316,3.738,3.974,71.757,70.496,48.0,17.573,54.854,False,True,False
U1171069000,잠실4동,송파구,야간(20~01시),5,0.091,60.0,21.43,0.0,49.867,0.0,4.07,0.0,61.635,66.0,17.573,54.854,True,False,False
U1171071000,잠실6동,송파구,야간(20~01시),224,0.818,21.429,20.725,53.125,53.44,6.696,6.291,70.9,70.334,46.0,17.573,54.854,False,False,False
U1171072000,잠실7동,송파구,야간(20~01시),205,0.804,15.122,15.603,42.927,45.265,9.268,8.329,54.546,57.144,57.0,17.573,54.854,False,True,False
U1174051500,강일동+상일제2동,강동구,야간(20~01시),153,0.754,31.373,27.437,37.908,44.12,3.922,3.699,55.131,60.172,55.0,15.392,63.129,False,True,False
U1174052500,상일제1동,강동구,야간(20~01시),48,0.49,33.333,24.18,47.917,55.678,4.167,3.581,70.849,73.27,44.0,15.392,63.129,False,False,False
U1174053000,명일1동,강동구,야간(20~01시),71,0.587,12.676,13.798,57.746,59.971,11.268,7.859,75.499,75.538,47.0,15.392,63.129,False,False,False
U1174054000,명일2동,강동구,야간(20~01시),54,0.519,27.778,21.823,50.0,56.312,0.0,1.451,66.238,70.736,51.0,15.392,63.129,False,False,False
U1174055000,고덕1동,강동구,야간(20~01시),15,0.231,33.333,19.533,46.667,59.33,6.667,3.86,73.064,75.01,30.0,15.392,63.129,True,False,False
U1174056000,고덕2동,강동구,야간(20~01시),74,0.597,17.568,16.69,59.459,60.939,4.054,3.636,72.108,73.514,38.0,15.392,63.129,False,False,False
U1174057000,암사1동,강동구,야간(20~01시),150,0.75,7.333,9.348,75.333,72.282,2.0,2.255,82.846,81.033,38.0,15.392,63.129,False,False,False
U1174058000,암사2동,강동구,야간(20~01시),42,0.457,9.524,12.713,83.333,72.353,0.0,1.64,92.083,83.122,28.0,15.392,63.129,False,False,False
U1174059000,암사3동,강동구,야간(20~01시),14,0.219,21.429,16.713,71.429,64.944,0.0,2.358,75.51,75.576,32.0,15.392,63.129,True,False,False
U1174060000,천호1동,강동구,야간(20~01시),44,0.468,18.182,16.698,63.636,63.366,2.273,2.669,78.568,76.986,41.0,15.392,63.129,False,False,False
U1174061000,천호2동,강동구,야간(20~01시),379,0.883,13.984,14.148,63.325,63.302,1.847,1.983,73.228,73.504,41.0,15.392,63.129,False,False,False
U1174062000,천호3동,강동구,야간(20~01시),105,0.677,11.429,12.707,59.048,60.364,6.667,5.49,70.425,72.092,40.0,15.392,63.129,False,False,False
U1174064000,성내1동,강동구,야간(20~01시),253,0.835,3.162,5.18,82.213,79.064,0.0,0.498,85.111,83.54,31.0,15.392,63.129,False,False,False
U1174065000,성내2동,강동구,야간(20~01시),102,0.671,28.431,24.142,48.039,53.003,2.941,2.966,65.768,69.0,40.0,15.392,63.129,False,True,False
U1174066000,성내3동,강동구,야간(20~01시),109,0.686,23.853,21.193,58.716,60.103,7.339,5.981,83.008,80.677,36.0,15.392,63.129,False,False,False
U1174068500,길동,강동구,야간(20~01시),183,0.785,13.115,13.604,62.842,62.903,3.279,3.223,74.054,74.385,40.0,15.392,63.129,False,False,False
U1174069000,둔촌1동,강동구,야간(20~01시),31,0.383,9.677,13.205,54.839,59.956,12.903,6.801,68.839,73.009,34.0,15.392,63.129,False,False,False
U1174070000,둔촌2동,강동구,야간(20~01시),161,0.763,11.801,12.652,70.807,68.988,0.621,1.189,79.696,78.724,29.0,15.392,63.129,False,False,False
