일자시간,hour,official,reproduced,reproduced_raw,즉시호출,승차,취소,최종포기,승차_60분내,최종포기기준_모집단,승차자_평균대기,승차자_중앙대기,P60_승차자만%,P60_전체_최종포기기준%,P60_전체_모든취소%,재현일치
2025-01-01 00:00:00,0,72.0,72.0,72.35,33.0,20.0,13.0,10.0,9.0,30.0,72.82,64.642,45.0,30.0,27.273,True
2025-01-01 01:00:00,1,96.0,96.0,96.833,12.0,6.0,6.0,4.0,1.0,10.0,97.801,105.212,16.667,10.0,8.333,True
2025-01-01 02:00:00,2,114.0,114.0,114.5,3.0,2.0,1.0,1.0,0.0,3.0,115.15,115.15,0.0,0.0,0.0,True
2025-01-01 03:00:00,3,46.0,46.0,46.0,3.0,2.0,1.0,1.0,1.0,3.0,46.681,46.681,50.0,33.333,33.333,True
2025-01-01 04:00:00,4,54.0,54.0,54.778,10.0,8.0,2.0,2.0,6.0,10.0,73.811,51.389,75.0,60.0,60.0,True
2025-01-01 05:00:00,5,69.0,69.0,69.824,16.0,12.0,4.0,3.0,5.0,15.0,82.935,87.251,41.667,33.333,31.25,True
2025-01-01 06:00:00,6,131.0,131.0,131.818,5.0,3.0,2.0,2.0,0.0,5.0,140.07,137.35,0.0,0.0,0.0,True
2025-01-01 07:00:00,7,79.0,79.0,79.962,21.0,14.0,7.0,6.0,0.0,20.0,92.899,92.492,0.0,0.0,0.0,True
2025-01-01 08:00:00,8,60.0,60.0,60.975,51.0,31.0,20.0,14.0,7.0,45.0,67.278,71.336,22.581,15.556,13.725,True
2025-01-01 09:00:00,9,57.0,57.0,57.875,104.0,71.0,33.0,23.0,36.0,94.0,58.607,59.779,50.704,38.298,34.615,True
2025-01-01 10:00:00,10,29.0,29.0,29.373,102.0,89.0,12.0,10.0,85.0,100.0,30.964,28.859,95.506,85.0,83.333,True
2025-01-01 11:00:00,11,21.0,21.0,21.863,133.0,126.0,7.0,5.0,126.0,131.0,22.074,22.349,100.0,96.183,94.737,True
2025-01-01 12:00:00,12,19.0,20.0,20.2,134.0,125.0,9.0,7.0,125.0,132.0,20.814,19.096,100.0,94.697,93.284,False
2025-01-01 13:00:00,13,21.0,21.0,21.124,105.0,101.0,4.0,2.0,101.0,103.0,21.92,19.76,100.0,98.058,96.19,True
2025-01-01 14:00:00,14,21.0,20.0,20.973,117.0,103.0,14.0,3.0,103.0,106.0,22.28,21.482,100.0,97.17,88.034,False
2025-01-01 15:00:00,15,20.0,20.0,20.676,120.0,99.0,21.0,12.0,99.0,111.0,20.974,20.148,100.0,89.189,82.5,True
2025-01-01 16:00:00,16,22.0,22.0,22.174,81.0,69.0,12.0,7.0,68.0,76.0,22.829,20.775,98.551,89.474,83.951,True
2025-01-01 17:00:00,17,25.0,25.0,25.044,75.0,66.0,9.0,7.0,65.0,73.0,25.646,24.243,98.485,89.041,86.667,True
2025-01-01 18:00:00,18,25.0,25.0,25.981,61.0,53.0,8.0,5.0,53.0,58.0,26.261,25.304,100.0,91.379,86.885,True
2025-01-01 19:00:00,19,28.0,28.0,28.038,34.0,26.0,8.0,5.0,26.0,31.0,28.414,27.817,100.0,83.871,76.471,True
2025-01-01 20:00:00,20,38.0,38.0,38.594,34.0,32.0,2.0,1.0,27.0,33.0,39.088,34.306,84.375,81.818,79.412,True
2025-01-01 21:00:00,21,29.0,29.0,29.364,13.0,11.0,2.0,2.0,11.0,13.0,29.63,30.426,100.0,84.615,84.615,True
2025-01-01 22:00:00,22,25.0,25.0,25.1,13.0,10.0,3.0,3.0,10.0,13.0,25.319,22.496,100.0,76.923,76.923,True
2025-01-01 23:00:00,23,26.0,26.0,26.714,7.0,7.0,0.0,0.0,7.0,7.0,27.603,21.851,100.0,100.0,100.0,True
2025-01-02 00:00:00,0,33.0,33.0,33.5,3.0,2.0,1.0,1.0,2.0,3.0,34.24,34.24,100.0,66.667,66.667,True
2025-01-02 01:00:00,1,19.0,19.0,19.75,4.0,4.0,0.0,0.0,4.0,4.0,20.564,20.013,100.0,100.0,100.0,True
2025-01-02 02:00:00,2,27.0,27.0,27.667,3.0,3.0,0.0,0.0,3.0,3.0,28.716,27.573,100.0,100.0,100.0,True
2025-01-02 03:00:00,3,20.0,20.0,20.0,1.0,1.0,0.0,0.0,1.0,1.0,29.586,29.586,100.0,100.0,100.0,True
2025-01-02 04:00:00,4,42.0,42.0,42.895,13.0,13.0,0.0,0.0,9.0,13.0,57.994,37.422,69.231,69.231,69.231,True
2025-01-02 05:00:00,5,77.0,77.0,77.333,23.0,18.0,5.0,2.0,3.0,20.0,86.364,93.597,16.667,15.0,13.043,True
2025-01-02 06:00:00,6,65.0,65.0,65.837,37.0,32.0,5.0,1.0,13.0,33.0,60.724,64.379,40.625,39.394,35.135,True
2025-01-02 07:00:00,7,49.0,49.0,49.122,267.0,223.0,44.0,12.0,119.0,235.0,60.043,57.652,53.363,50.638,44.569,True
2025-01-02 08:00:00,8,45.0,45.0,45.538,339.0,278.0,61.0,25.0,185.0,303.0,53.2,53.357,66.547,61.056,54.572,True
2025-01-02 09:00:00,9,34.0,34.0,34.486,290.0,246.0,44.0,10.0,237.0,256.0,34.707,33.515,96.341,92.578,81.724,True
2025-01-02 10:00:00,10,20.0,20.0,20.566,328.0,303.0,25.0,11.0,303.0,314.0,21.428,20.467,100.0,96.497,92.378,True
2025-01-02 11:00:00,11,22.0,22.0,22.123,484.0,453.0,30.0,14.0,452.0,468.0,22.712,21.854,99.779,96.581,93.388,True
2025-01-02 12:00:00,12,19.0,19.0,19.886,477.0,451.0,25.0,11.0,451.0,463.0,20.372,20.054,100.0,97.408,94.549,True
2025-01-02 13:00:00,13,19.0,19.0,19.884,466.0,442.0,24.0,11.0,442.0,453.0,20.441,19.901,100.0,97.572,94.85,True
2025-01-02 14:00:00,14,25.0,25.0,25.077,618.0,557.0,61.0,20.0,555.0,577.0,25.548,23.995,99.641,96.187,89.806,True
2025-01-02 15:00:00,15,31.0,31.0,31.268,525.0,419.0,106.0,28.0,400.0,447.0,31.889,28.148,95.465,89.485,76.19,True
2025-01-02 16:00:00,16,29.0,29.0,29.132,288.0,229.0,59.0,16.0,225.0,245.0,29.232,26.972,98.253,91.837,78.125,True
2025-01-02 17:00:00,17,26.0,26.0,26.869,206.0,173.0,33.0,13.0,171.0,186.0,27.264,26.315,98.844,91.935,83.01,True
2025-01-02 18:00:00,18,32.0,32.0,32.744,96.0,81.0,15.0,7.0,75.0,88.0,33.307,30.192,92.593,85.227,78.125,True
2025-01-02 19:00:00,19,25.0,25.0,25.41,40.0,38.0,2.0,0.0,38.0,38.0,26.432,24.941,100.0,100.0,95.0,True
2025-01-02 20:00:00,20,26.0,26.0,26.467,30.0,28.0,2.0,1.0,27.0,29.0,26.717,26.48,96.429,93.103,90.0,True
2025-01-02 21:00:00,21,26.0,26.0,26.486,36.0,34.0,2.0,1.0,33.0,35.0,27.06,25.133,97.059,94.286,91.667,True
2025-01-02 22:00:00,22,32.0,33.0,33.667,20.0,18.0,2.0,1.0,17.0,19.0,33.974,33.284,94.444,89.474,85.0,False
2025-01-02 23:00:00,23,23.0,23.0,23.429,7.0,6.0,1.0,1.0,6.0,7.0,25.25,21.953,100.0,85.714,85.714,True
2025-01-03 00:00:00,0,61.0,61.0,61.5,5.0,4.0,1.0,1.0,2.0,5.0,61.437,63.1,50.0,40.0,40.0,True
2025-01-03 01:00:00,1,23.0,23.0,23.0,2.0,2.0,0.0,0.0,2.0,2.0,23.698,23.698,100.0,100.0,100.0,True
2025-01-03 02:00:00,2,28.0,28.0,28.5,4.0,4.0,0.0,0.0,4.0,4.0,28.868,28.847,100.0,100.0,100.0,True
2025-01-03 03:00:00,3,21.0,21.0,21.667,3.0,3.0,0.0,0.0,3.0,3.0,21.662,23.594,100.0,100.0,100.0,True
2025-01-03 04:00:00,4,33.0,33.0,33.6,13.0,12.0,1.0,1.0,11.0,13.0,42.75,40.478,91.667,84.615,84.615,True
2025-01-03 05:00:00,5,54.0,54.0,54.048,21.0,12.0,9.0,3.0,6.0,15.0,64.682,59.449,50.0,40.0,28.571,True
2025-01-03 06:00:00,6,64.0,64.0,64.927,36.0,29.0,7.0,4.0,14.0,33.0,61.339,63.359,48.276,42.424,38.889,True
2025-01-03 07:00:00,7,48.0,48.0,48.985,299.0,255.0,44.0,19.0,142.0,274.0,59.149,58.298,55.686,51.825,47.492,True
2025-01-03 08:00:00,8,49.0,49.0,49.389,324.0,263.0,61.0,27.0,133.0,290.0,59.163,59.842,50.57,45.862,41.049,True
2025-01-03 09:00:00,9,41.0,41.0,41.536,337.0,290.0,47.0,22.0,260.0,312.0,42.265,40.312,89.655,83.333,77.151,True
2025-01-03 10:00:00,10,25.0,25.0,25.699,329.0,304.0,25.0,11.0,303.0,315.0,27.612,25.979,99.671,96.19,92.097,True
2025-01-03 11:00:00,11,24.0,24.0,24.464,490.0,468.0,22.0,9.0,467.0,477.0,25.09,23.766,99.786,97.904,95.306,True
2025-01-03 12:00:00,12,21.0,21.0,21.671,472.0,450.0,20.0,8.0,448.0,460.0,22.008,20.54,99.556,97.391,94.915,True
2025-01-03 13:00:00,13,19.0,19.0,19.844,501.0,478.0,23.0,12.0,475.0,490.0,20.26,19.467,99.372,96.939,94.81,True
2025-01-03 14:00:00,14,30.0,30.0,30.067,665.0,598.0,66.0,25.0,584.0,624.0,30.921,28.66,97.659,93.59,87.82,True
2025-01-03 15:00:00,15,36.0,36.0,36.675,505.0,401.0,104.0,28.0,371.0,429.0,37.645,36.748,92.519,86.48,73.465,True
2025-01-03 16:00:00,16,30.0,30.0,30.83,283.0,206.0,77.0,19.0,198.0,225.0,31.349,28.196,96.117,88.0,69.965,True
2025-01-03 17:00:00,17,29.0,29.0,29.138,224.0,183.0,41.0,16.0,178.0,199.0,29.194,26.664,97.268,89.447,79.464,True
2025-01-03 18:00:00,18,33.0,33.0,33.055,96.0,86.0,10.0,7.0,81.0,93.0,33.877,30.554,94.186,87.097,84.375,True
2025-01-03 19:00:00,19,29.0,29.0,29.596,59.0,50.0,9.0,6.0,48.0,56.0,31.052,30.002,96.0,85.714,81.356,True
2025-01-03 20:00:00,20,29.0,29.0,29.535,45.0,43.0,2.0,1.0,43.0,44.0,29.767,26.692,100.0,97.727,95.556,True
2025-01-03 21:00:00,21,31.0,31.0,31.133,37.0,30.0,7.0,5.0,30.0,35.0,31.557,28.908,100.0,85.714,81.081,True
2025-01-03 22:00:00,22,33.0,33.0,33.368,21.0,19.0,2.0,2.0,17.0,21.0,33.545,30.998,89.474,80.952,80.952,True
2025-01-03 23:00:00,23,31.0,31.0,31.0,8.0,6.0,2.0,2.0,6.0,8.0,31.513,31.238,100.0,75.0,75.0,True
2025-01-04 00:00:00,0,31.0,31.0,31.5,3.0,2.0,1.0,1.0,2.0,3.0,32.179,32.179,100.0,66.667,66.667,True
2025-01-04 01:00:00,1,27.0,27.0,27.5,4.0,2.0,2.0,2.0,2.0,4.0,27.475,27.475,100.0,50.0,50.0,True
2025-01-04 02:00:00,2,20.0,20.0,20.0,3.0,3.0,0.0,0.0,3.0,3.0,21.002,22.196,100.0,100.0,100.0,True
2025-01-04 03:00:00,3,29.0,29.0,29.0,3.0,3.0,0.0,0.0,3.0,3.0,29.245,29.377,100.0,100.0,100.0,True
2025-01-04 04:00:00,4,20.0,20.0,20.357,13.0,9.0,4.0,3.0,9.0,12.0,29.212,28.648,100.0,75.0,69.231,True
2025-01-04 05:00:00,5,37.0,37.0,37.923,12.0,10.0,2.0,2.0,7.0,12.0,46.724,29.459,70.0,58.333,58.333,True
2025-01-04 06:00:00,6,65.0,65.0,65.208,22.0,18.0,4.0,3.0,9.0,21.0,59.879,59.969,50.0,42.857,40.909,True
2025-01-04 07:00:00,7,31.0,31.0,31.962,57.0,46.0,11.0,4.0,45.0,50.0,33.252,31.855,97.826,90.0,78.947,True
2025-01-04 08:00:00,8,24.0,24.0,24.331,125.0,114.0,11.0,3.0,114.0,117.0,25.634,25.794,100.0,97.436,91.2,True
2025-01-04 09:00:00,9,25.0,25.0,25.104,181.0,164.0,17.0,7.0,162.0,171.0,25.586,24.093,98.78,94.737,89.503,True
2025-01-04 10:00:00,10,25.0,25.0,25.784,214.0,195.0,19.0,12.0,193.0,207.0,26.53,25.334,98.974,93.237,90.187,True
2025-01-04 11:00:00,11,28.0,29.0,29.037,246.0,212.0,34.0,16.0,210.0,228.0,29.582,27.938,99.057,92.105,85.366,False
2025-01-04 12:00:00,12,22.0,22.0,22.06,198.0,189.0,9.0,4.0,188.0,193.0,22.415,21.49,99.471,97.409,94.949,True
2025-01-04 13:00:00,13,19.0,20.0,20.088,151.0,140.0,11.0,7.0,140.0,147.0,20.688,19.276,100.0,95.238,92.715,False
2025-01-04 14:00:00,14,21.0,21.0,21.328,147.0,130.0,17.0,8.0,129.0,138.0,21.912,20.733,99.231,93.478,87.755,True
2025-01-04 15:00:00,15,21.0,21.0,21.362,142.0,123.0,19.0,6.0,123.0,129.0,22.236,21.122,100.0,95.349,86.62,True
2025-01-04 16:00:00,16,22.0,22.0,22.455,131.0,111.0,20.0,8.0,111.0,119.0,23.178,21.416,100.0,93.277,84.733,True
2025-01-04 17:00:00,17,23.0,23.0,23.667,109.0,88.0,21.0,12.0,88.0,100.0,24.585,21.945,100.0,88.0,80.734,True
2025-01-04 18:00:00,18,23.0,23.0,23.734,84.0,76.0,8.0,5.0,76.0,81.0,24.139,21.696,100.0,93.827,90.476,True
2025-01-04 19:00:00,19,25.0,25.0,25.725,54.0,49.0,5.0,2.0,49.0,51.0,27.141,26.918,100.0,96.078,90.741,True
2025-01-04 20:00:00,20,31.0,31.0,31.205,53.0,44.0,9.0,3.0,43.0,47.0,31.51,29.309,97.727,91.489,81.132,True
2025-01-04 21:00:00,21,29.0,29.0,29.222,19.0,18.0,1.0,1.0,18.0,19.0,29.561,31.992,100.0,94.737,94.737,True
2025-01-04 22:00:00,22,25.0,26.0,26.0,19.0,15.0,4.0,2.0,15.0,17.0,26.219,25.37,100.0,88.235,78.947,False
2025-01-04 23:00:00,23,33.0,33.0,33.667,15.0,12.0,3.0,1.0,12.0,13.0,34.402,37.705,100.0,92.308,80.0,True
2025-01-05 00:00:00,0,27.0,27.0,27.286,11.0,6.0,5.0,3.0,6.0,9.0,30.599,29.268,100.0,66.667,54.545,True
2025-01-05 01:00:00,1,43.0,43.0,43.0,8.0,5.0,3.0,2.0,5.0,7.0,43.525,45.344,100.0,71.429,62.5,True
2025-01-05 02:00:00,2,26.0,26.0,26.5,6.0,4.0,2.0,2.0,4.0,6.0,27.043,25.138,100.0,66.667,66.667,True
2025-01-05 03:00:00,3,21.0,21.0,21.75,6.0,6.0,0.0,0.0,6.0,6.0,29.436,25.918,100.0,100.0,100.0,True
2025-01-05 04:00:00,4,29.0,29.0,29.25,8.0,8.0,0.0,0.0,8.0,8.0,30.013,31.016,100.0,100.0,100.0,True
2025-01-05 05:00:00,5,9.0,9.0,9.0,3.0,1.0,2.0,2.0,1.0,3.0,10.328,10.328,100.0,33.333,33.333,True
2025-01-05 06:00:00,6,64.0,64.0,64.0,5.0,5.0,0.0,0.0,3.0,5.0,60.707,48.772,60.0,60.0,60.0,True
2025-01-05 07:00:00,7,42.0,42.0,42.947,74.0,55.0,19.0,12.0,48.0,67.0,44.399,39.089,87.273,71.642,64.865,True
2025-01-05 08:00:00,8,41.0,41.0,41.661,190.0,152.0,38.0,20.0,126.0,172.0,44.199,39.443,82.895,73.256,66.316,True
2025-01-05 09:00:00,9,67.0,67.0,67.007,198.0,145.0,53.0,47.0,49.0,192.0,68.141,69.082,33.793,25.521,24.747,True
2025-01-05 10:00:00,10,46.0,46.0,46.35,118.0,93.0,25.0,19.0,63.0,112.0,54.581,54.523,67.742,56.25,53.39,True
2025-01-05 11:00:00,11,30.0,30.0,30.756,104.0,90.0,14.0,6.0,87.0,96.0,30.964,29.316,96.667,90.625,83.654,True
2025-01-05 12:00:00,12,25.0,25.0,25.121,234.0,219.0,15.0,4.0,218.0,223.0,25.52,24.283,99.543,97.758,93.162,True
2025-01-05 13:00:00,13,25.0,25.0,25.154,186.0,171.0,15.0,4.0,171.0,175.0,25.589,24.079,100.0,97.714,91.935,True
2025-01-05 14:00:00,14,27.0,27.0,27.154,156.0,143.0,13.0,11.0,141.0,154.0,27.475,25.958,98.601,91.558,90.385,True
2025-01-05 15:00:00,15,25.0,25.0,25.494,89.0,81.0,8.0,6.0,81.0,87.0,26.006,24.032,100.0,93.103,91.011,True
2025-01-05 16:00:00,16,26.0,26.0,26.155,92.0,84.0,8.0,4.0,83.0,88.0,26.497,24.221,98.81,94.318,90.217,True
2025-01-05 17:00:00,17,29.0,29.0,29.379,72.0,64.0,8.0,6.0,60.0,70.0,30.282,26.747,93.75,85.714,83.333,True
2025-01-05 18:00:00,18,32.0,32.0,32.404,57.0,51.0,6.0,4.0,49.0,55.0,33.062,28.823,96.078,89.091,85.965,True
2025-01-05 19:00:00,19,43.0,43.0,43.286,41.0,34.0,7.0,4.0,28.0,38.0,43.514,33.174,82.353,73.684,68.293,True
2025-01-05 20:00:00,20,42.0,42.0,42.0,26.0,18.0,8.0,5.0,15.0,23.0,42.274,34.117,83.333,65.217,57.692,True
2025-01-05 21:00:00,21,42.0,42.0,42.615,17.0,13.0,4.0,3.0,12.0,16.0,42.718,47.885,92.308,75.0,70.588,True
2025-01-05 22:00:00,22,33.0,33.0,33.143,7.0,7.0,0.0,0.0,7.0,7.0,33.572,35.79,100.0,100.0,100.0,True
2025-01-05 23:00:00,23,23.0,23.0,23.857,8.0,7.0,1.0,0.0,7.0,7.0,24.083,22.063,100.0,100.0,87.5,True
2025-01-06 00:00:00,0,34.0,34.0,34.667,7.0,6.0,1.0,1.0,6.0,7.0,35.533,34.402,100.0,85.714,85.714,True
2025-01-06 01:00:00,1,31.0,31.0,31.0,1.0,1.0,0.0,0.0,1.0,1.0,30.612,30.612,100.0,100.0,100.0,True
2025-01-06 02:00:00,2,21.0,21.0,21.4,5.0,5.0,0.0,0.0,5.0,5.0,22.424,19.599,100.0,100.0,100.0,True
2025-01-06 03:00:00,3,22.0,22.0,22.4,5.0,5.0,0.0,0.0,5.0,5.0,22.725,23.465,100.0,100.0,100.0,True
2025-01-06 04:00:00,4,27.0,27.0,27.615,12.0,10.0,2.0,0.0,9.0,10.0,34.956,22.17,90.0,90.0,75.0,True
2025-01-06 05:00:00,5,71.0,71.0,71.389,33.0,27.0,6.0,2.0,6.0,29.0,84.29,95.136,22.222,20.69,18.182,True
2025-01-06 06:00:00,6,69.0,69.0,69.475,41.0,30.0,11.0,9.0,8.0,39.0,73.904,73.898,26.667,20.513,19.512,True
2025-01-06 07:00:00,7,66.0,67.0,67.024,393.0,327.0,66.0,45.0,51.0,372.0,79.57,81.304,15.596,13.71,12.977,False
2025-01-06 08:00:00,8,65.0,65.0,65.031,325.0,262.0,63.0,43.0,42.0,305.0,79.208,80.799,16.031,13.77,12.923,True
2025-01-06 09:00:00,9,53.0,53.0,53.401,284.0,238.0,46.0,38.0,153.0,276.0,54.101,52.998,64.286,55.435,53.873,True
2025-01-06 10:00:00,10,27.0,27.0,27.515,330.0,301.0,29.0,17.0,295.0,318.0,28.682,26.641,98.007,92.767,89.394,True
2025-01-06 11:00:00,11,23.0,23.0,23.354,508.0,479.0,29.0,10.0,479.0,489.0,24.082,23.177,100.0,97.955,94.291,True
2025-01-06 12:00:00,12,20.0,20.0,20.632,510.0,478.0,32.0,16.0,478.0,494.0,20.948,20.621,100.0,96.761,93.725,True
2025-01-06 13:00:00,13,19.0,19.0,19.776,464.0,426.0,38.0,21.0,425.0,447.0,20.223,19.131,99.765,95.078,91.595,True
2025-01-06 14:00:00,14,23.0,23.0,23.284,693.0,627.0,65.0,22.0,626.0,650.0,23.861,22.679,99.841,96.308,90.332,True
2025-01-06 15:00:00,15,34.0,34.0,34.901,665.0,554.0,111.0,36.0,492.0,590.0,36.016,32.7,88.809,83.39,73.985,True
2025-01-06 16:00:00,16,34.0,34.0,34.226,289.0,218.0,71.0,26.0,198.0,244.0,34.811,31.775,90.826,81.148,68.512,True
2025-01-06 17:00:00,17,28.0,28.0,28.677,223.0,186.0,37.0,12.0,182.0,198.0,28.961,27.168,97.849,91.919,81.614,True
2025-01-06 18:00:00,18,29.0,29.0,29.266,95.0,88.0,7.0,6.0,88.0,94.0,29.928,29.716,100.0,93.617,92.632,True
2025-01-06 19:00:00,19,26.0,26.0,26.318,45.0,43.0,2.0,2.0,43.0,45.0,27.343,23.75,100.0,95.556,95.556,True
2025-01-06 20:00:00,20,27.0,27.0,27.129,36.0,29.0,7.0,4.0,29.0,33.0,27.908,27.247,100.0,87.879,80.556,True
2025-01-06 21:00:00,21,30.0,29.0,29.903,34.0,31.0,3.0,0.0,30.0,31.0,30.139,26.504,96.774,96.774,88.235,False
2025-01-06 22:00:00,22,24.0,24.0,24.75,9.0,8.0,1.0,1.0,8.0,9.0,25.015,22.725,100.0,88.889,88.889,True
2025-01-06 23:00:00,23,27.0,27.0,27.571,15.0,12.0,3.0,3.0,12.0,15.0,31.681,27.236,100.0,80.0,80.0,True
2025-01-07 00:00:00,0,38.0,38.0,38.667,3.0,3.0,0.0,0.0,3.0,3.0,38.52,42.254,100.0,100.0,100.0,True
2025-01-07 01:00:00,1,21.0,21.0,21.0,1.0,1.0,0.0,0.0,1.0,1.0,22.208,22.208,100.0,100.0,100.0,True
2025-01-07 02:00:00,2,23.0,23.0,23.667,4.0,3.0,1.0,1.0,3.0,4.0,24.381,18.968,100.0,75.0,75.0,True
2025-01-07 03:00:00,3,1.0,1.0,1.0,,,,,,,,,,,,True
2025-01-07 04:00:00,4,22.0,22.0,22.154,9.0,8.0,1.0,1.0,7.0,9.0,37.938,33.992,87.5,77.778,77.778,True
2025-01-07 05:00:00,5,57.0,57.0,57.273,23.0,15.0,8.0,4.0,7.0,19.0,62.062,66.099,46.667,36.842,30.435,True
2025-01-07 06:00:00,6,54.0,54.0,54.727,45.0,35.0,10.0,4.0,20.0,39.0,55.354,52.773,57.143,51.282,44.444,True
2025-01-07 07:00:00,7,55.0,55.0,55.925,359.0,294.0,63.0,32.0,104.0,328.0,68.497,69.437,35.374,31.707,28.969,True
2025-01-07 08:00:00,8,60.0,60.0,60.968,357.0,303.0,54.0,40.0,77.0,343.0,71.774,71.517,25.413,22.449,21.569,True
2025-01-07 09:00:00,9,52.0,52.0,52.875,286.0,256.0,29.0,22.0,170.0,279.0,53.5,53.643,66.406,60.932,59.441,True
2025-01-07 10:00:00,10,30.0,29.0,29.909,306.0,280.0,26.0,19.0,269.0,299.0,32.575,32.233,96.071,89.967,87.908,False
2025-01-07 11:00:00,11,24.0,24.0,24.442,506.0,487.0,18.0,7.0,486.0,495.0,24.953,24.383,99.795,98.182,96.047,True
2025-01-07 12:00:00,12,21.0,21.0,21.846,515.0,485.0,30.0,10.0,485.0,495.0,22.273,21.413,100.0,97.98,94.175,True
2025-01-07 13:00:00,13,20.0,20.0,20.756,485.0,462.0,23.0,15.0,462.0,477.0,21.163,19.955,100.0,96.855,95.258,True
2025-01-07 14:00:00,14,24.0,24.0,24.478,599.0,546.0,52.0,12.0,542.0,559.0,25.005,23.387,99.267,96.959,90.484,True
2025-01-07 15:00:00,15,33.0,33.0,33.756,657.0,542.0,115.0,37.0,507.0,579.0,34.495,31.666,93.542,87.565,77.169,True
2025-01-07 16:00:00,16,38.0,38.0,38.453,333.0,256.0,77.0,27.0,232.0,283.0,39.332,37.285,90.625,81.979,69.67,True
2025-01-07 17:00:00,17,36.0,36.0,36.498,244.0,193.0,51.0,15.0,168.0,208.0,37.205,32.795,87.047,80.769,68.852,True
2025-01-07 18:00:00,18,34.0,34.0,34.934,98.0,86.0,12.0,6.0,79.0,92.0,34.928,32.748,91.86,85.87,80.612,True
2025-01-07 19:00:00,19,29.0,30.0,30.082,52.0,48.0,4.0,3.0,46.0,51.0,30.662,28.796,95.833,90.196,88.462,False
2025-01-07 20:00:00,20,29.0,29.0,29.479,56.0,46.0,10.0,2.0,46.0,48.0,31.032,29.118,100.0,95.833,82.143,True
2025-01-07 21:00:00,21,37.0,37.0,37.154,33.0,26.0,7.0,5.0,24.0,31.0,37.34,32.139,92.308,77.419,72.727,True
2025-01-07 22:00:00,22,27.0,27.0,27.952,21.0,20.0,1.0,1.0,20.0,21.0,29.55,32.342,100.0,95.238,95.238,True
2025-01-07 23:00:00,23,30.0,30.0,30.091,15.0,11.0,4.0,3.0,11.0,14.0,30.339,29.223,100.0,78.571,73.333,True
2025-01-08 00:00:00,0,37.0,37.0,37.167,10.0,6.0,4.0,4.0,6.0,10.0,37.479,33.389,100.0,60.0,60.0,True
2025-01-08 01:00:00,1,40.0,40.0,40.333,3.0,3.0,0.0,0.0,3.0,3.0,40.234,41.395,100.0,100.0,100.0,True
2025-01-08 02:00:00,2,25.0,25.0,25.6,5.0,5.0,0.0,0.0,4.0,5.0,26.342,22.706,80.0,80.0,80.0,True
2025-01-08 03:00:00,3,24.0,24.0,24.75,6.0,4.0,2.0,2.0,4.0,6.0,25.004,24.736,100.0,66.667,66.667,True
2025-01-08 04:00:00,4,25.0,25.0,25.929,15.0,11.0,4.0,4.0,10.0,15.0,33.706,29.708,90.909,66.667,66.667,True
2025-01-08 05:00:00,5,63.0,63.0,63.179,24.0,18.0,6.0,2.0,5.0,20.0,75.373,78.16,27.778,25.0,20.833,True
2025-01-08 06:00:00,6,63.0,63.0,63.547,36.0,32.0,4.0,1.0,13.0,33.0,65.596,67.962,40.625,39.394,36.111,True
2025-01-08 07:00:00,7,56.0,56.0,56.843,364.0,304.0,60.0,25.0,97.0,329.0,69.163,68.301,31.908,29.483,26.648,True
2025-01-08 08:00:00,8,60.0,60.0,60.239,351.0,290.0,60.0,36.0,77.0,327.0,72.23,75.173,26.552,23.547,21.937,True
2025-01-08 09:00:00,9,46.0,46.0,46.194,296.0,248.0,48.0,29.0,186.0,277.0,46.777,46.531,75.0,67.148,62.838,True
2025-01-08 10:00:00,10,26.0,26.0,26.796,335.0,309.0,26.0,12.0,303.0,321.0,28.732,27.739,98.058,94.393,90.448,True
2025-01-08 11:00:00,11,23.0,23.0,23.429,484.0,462.0,22.0,9.0,459.0,471.0,23.988,22.472,99.351,97.452,94.835,True
2025-01-08 12:00:00,12,20.0,20.0,20.529,474.0,443.0,31.0,18.0,443.0,461.0,20.822,20.392,100.0,96.095,93.46,True
2025-01-08 13:00:00,13,19.0,19.0,19.081,516.0,486.0,30.0,10.0,486.0,496.0,19.525,18.483,100.0,97.984,94.186,True
2025-01-08 14:00:00,14,23.0,23.0,23.242,597.0,545.0,52.0,18.0,539.0,563.0,23.827,22.077,98.899,95.737,90.285,True
2025-01-08 15:00:00,15,34.0,34.0,34.031,660.0,541.0,119.0,43.0,499.0,584.0,34.915,31.46,92.237,85.445,75.606,True
2025-01-08 16:00:00,16,39.0,39.0,39.722,296.0,236.0,60.0,25.0,206.0,261.0,40.419,38.855,87.288,78.927,69.595,True
2025-01-08 17:00:00,17,30.0,30.0,30.573,224.0,197.0,27.0,10.0,184.0,207.0,31.303,28.916,93.401,88.889,82.143,True
2025-01-08 18:00:00,18,27.0,27.0,27.706,87.0,80.0,7.0,6.0,80.0,86.0,28.516,26.721,100.0,93.023,91.954,True
2025-01-08 19:00:00,19,24.0,24.0,24.537,64.0,52.0,12.0,6.0,52.0,58.0,25.314,24.344,100.0,89.655,81.25,True
2025-01-08 20:00:00,20,35.0,34.0,34.982,62.0,54.0,8.0,7.0,50.0,61.0,35.89,32.825,92.593,81.967,80.645,False
2025-01-08 21:00:00,21,34.0,34.0,34.931,33.0,30.0,3.0,1.0,28.0,31.0,34.663,33.337,93.333,90.323,84.848,True
2025-01-08 22:00:00,22,30.0,30.0,30.625,19.0,15.0,4.0,0.0,14.0,15.0,31.802,29.874,93.333,93.333,73.684,True
2025-01-08 23:00:00,23,38.0,38.0,38.667,15.0,12.0,3.0,3.0,11.0,15.0,38.708,38.945,91.667,73.333,73.333,True
2025-01-09 00:00:00,0,46.0,46.0,46.75,6.0,4.0,2.0,2.0,4.0,6.0,47.213,50.48,100.0,66.667,66.667,True
2025-01-09 01:00:00,1,26.0,26.0,26.4,5.0,5.0,0.0,0.0,5.0,5.0,27.453,26.22,100.0,100.0,100.0,True
2025-01-09 02:00:00,2,33.0,33.0,33.0,7.0,7.0,0.0,0.0,7.0,7.0,33.774,30.317,100.0,100.0,100.0,True
2025-01-09 03:00:00,3,19.0,19.0,19.8,4.0,4.0,0.0,0.0,4.0,4.0,25.323,27.708,100.0,100.0,100.0,True
2025-01-09 04:00:00,4,19.0,19.0,19.308,8.0,8.0,0.0,0.0,8.0,8.0,29.064,31.764,100.0,100.0,100.0,True
2025-01-09 05:00:00,5,43.0,43.0,43.381,22.0,15.0,7.0,1.0,10.0,16.0,43.841,34.898,66.667,62.5,45.455,True
2025-01-09 06:00:00,6,58.0,58.0,58.882,42.0,29.0,13.0,8.0,11.0,37.0,63.433,67.945,37.931,29.73,26.19,True
2025-01-09 07:00:00,7,60.0,60.0,60.239,350.0,295.0,55.0,36.0,78.0,331.0,72.51,73.107,26.441,23.565,22.286,True
2025-01-09 08:00:00,8,62.0,62.0,62.533,330.0,291.0,39.0,25.0,49.0,316.0,75.412,75.405,16.838,15.506,14.848,True
2025-01-09 09:00:00,9,54.0,54.0,54.899,253.0,213.0,40.0,29.0,128.0,242.0,55.377,55.965,60.094,52.893,50.593,True
2025-01-09 10:00:00,10,26.0,26.0,26.428,274.0,255.0,19.0,7.0,251.0,262.0,28.343,25.962,98.431,95.802,91.606,True
2025-01-09 11:00:00,11,22.0,22.0,22.209,449.0,417.0,31.0,16.0,416.0,434.0,22.86,22.317,99.76,95.853,92.65,True
2025-01-09 12:00:00,12,21.0,21.0,21.034,497.0,469.0,27.0,12.0,468.0,482.0,21.437,21.078,99.787,97.095,94.165,True
2025-01-09 13:00:00,13,20.0,20.0,20.79,429.0,407.0,22.0,13.0,407.0,420.0,21.244,20.852,100.0,96.905,94.872,True
2025-01-09 14:00:00,14,24.0,24.0,24.74,554.0,509.0,45.0,22.0,505.0,531.0,25.338,23.356,99.214,95.104,91.155,True
2025-01-09 15:00:00,15,34.0,34.0,34.401,585.0,492.0,93.0,39.0,449.0,531.0,35.303,31.544,91.26,84.557,76.752,True
2025-01-09 16:00:00,16,43.0,43.0,43.3,311.0,262.0,49.0,29.0,202.0,291.0,44.396,40.725,77.099,69.416,64.952,True
2025-01-09 17:00:00,17,42.0,42.0,42.321,187.0,157.0,30.0,22.0,119.0,179.0,43.757,34.499,75.796,66.48,63.636,True
2025-01-09 18:00:00,18,37.0,37.0,37.843,82.0,67.0,15.0,9.0,57.0,76.0,38.066,31.734,85.075,75.0,69.512,True
2025-01-09 19:00:00,19,26.0,26.0,26.265,53.0,47.0,6.0,5.0,47.0,52.0,28.075,26.658,100.0,90.385,88.679,True
2025-01-09 20:00:00,20,31.0,31.0,31.132,38.0,35.0,3.0,2.0,34.0,37.0,32.614,28.783,97.143,91.892,89.474,True
2025-01-09 21:00:00,21,30.0,30.0,30.917,28.0,24.0,4.0,3.0,24.0,27.0,31.359,27.85,100.0,88.889,85.714,True
2025-01-09 22:00:00,22,25.0,25.0,25.667,15.0,12.0,3.0,2.0,12.0,14.0,26.099,27.474,100.0,85.714,80.0,True
2025-01-09 23:00:00,23,30.0,30.0,30.091,11.0,11.0,0.0,0.0,10.0,11.0,30.523,27.531,90.909,90.909,90.909,True
2025-01-10 00:00:00,0,60.0,60.0,60.667,5.0,3.0,2.0,2.0,1.0,5.0,61.544,61.975,33.333,20.0,20.0,True
2025-01-10 01:00:00,1,20.0,20.0,20.5,4.0,2.0,2.0,2.0,2.0,4.0,21.353,21.353,100.0,50.0,50.0,True
2025-01-10 02:00:00,2,15.0,15.0,15.2,3.0,3.0,0.0,0.0,3.0,3.0,25.386,27.829,100.0,100.0,100.0,True
2025-01-10 03:00:00,3,25.0,25.0,25.0,2.0,2.0,0.0,0.0,2.0,2.0,24.692,24.692,100.0,100.0,100.0,True
2025-01-10 04:00:00,4,22.0,22.0,22.727,10.0,9.0,1.0,0.0,9.0,9.0,27.81,27.292,100.0,100.0,90.0,True
2025-01-10 05:00:00,5,48.0,48.0,48.087,22.0,14.0,8.0,3.0,8.0,17.0,60.632,47.786,57.143,47.059,36.364,True
2025-01-10 06:00:00,6,56.0,56.0,56.736,42.0,33.0,9.0,4.0,18.0,37.0,57.886,57.487,54.545,48.649,42.857,True
2025-01-10 07:00:00,7,50.0,50.0,50.737,307.0,245.0,62.0,22.0,123.0,267.0,62.027,59.943,50.204,46.067,40.065,True
2025-01-10 08:00:00,8,56.0,56.0,56.383,365.0,309.0,56.0,32.0,114.0,341.0,65.456,64.867,36.893,33.431,31.233,True
2025-01-10 09:00:00,9,48.0,48.0,48.755,277.0,246.0,31.0,22.0,187.0,268.0,49.805,48.796,76.016,69.776,67.509,True
2025-01-10 10:00:00,10,24.0,24.0,24.877,315.0,283.0,32.0,14.0,282.0,297.0,26.203,25.4,99.647,94.949,89.524,True
2025-01-10 11:00:00,11,23.0,23.0,23.214,501.0,474.0,27.0,14.0,473.0,488.0,23.565,22.593,99.789,96.926,94.411,True
2025-01-10 12:00:00,12,20.0,20.0,20.817,523.0,495.0,28.0,16.0,495.0,511.0,21.071,20.62,100.0,96.869,94.646,True
2025-01-10 13:00:00,13,18.0,18.0,18.882,417.0,394.0,23.0,11.0,394.0,405.0,19.226,17.685,100.0,97.284,94.484,True
2025-01-10 14:00:00,14,22.0,22.0,22.496,540.0,490.0,49.0,16.0,483.0,507.0,23.086,20.942,98.571,95.266,89.444,True
2025-01-10 15:00:00,15,29.0,29.0,29.85,535.0,449.0,85.0,29.0,430.0,479.0,30.409,27.53,95.768,89.77,80.374,True
2025-01-10 16:00:00,16,31.0,31.0,31.253,327.0,265.0,61.0,32.0,251.0,298.0,31.502,28.883,94.717,84.228,76.758,True
2025-01-10 17:00:00,17,31.0,31.0,31.756,220.0,194.0,26.0,9.0,184.0,203.0,32.417,29.274,94.845,90.64,83.636,True
2025-01-10 18:00:00,18,29.0,29.0,29.012,92.0,75.0,17.0,12.0,71.0,87.0,30.21,26.631,94.667,81.609,77.174,True
2025-01-10 19:00:00,19,27.0,27.0,27.283,61.0,58.0,3.0,3.0,56.0,61.0,28.103,24.686,96.552,91.803,91.803,True
2025-01-10 20:00:00,20,39.0,40.0,40.102,71.0,60.0,11.0,8.0,50.0,68.0,40.249,39.085,83.333,73.529,70.423,False
2025-01-10 21:00:00,21,61.0,62.0,62.625,43.0,31.0,12.0,10.0,9.0,41.0,64.04,67.539,29.032,21.951,20.93,False
2025-01-10 22:00:00,22,41.0,41.0,41.176,23.0,17.0,6.0,5.0,14.0,22.0,41.605,34.493,82.353,63.636,60.87,True
2025-01-10 23:00:00,23,34.0,34.0,34.364,14.0,11.0,3.0,3.0,10.0,14.0,34.857,31.991,90.909,71.429,71.429,True
2025-01-11 00:00:00,0,28.0,28.0,28.9,13.0,10.0,3.0,2.0,10.0,12.0,29.173,27.048,100.0,83.333,76.923,True
2025-01-11 01:00:00,1,86.0,86.0,86.0,2.0,1.0,1.0,1.0,0.0,2.0,87.573,87.573,0.0,0.0,0.0,True
2025-01-11 02:00:00,2,21.0,21.0,21.0,1.0,1.0,0.0,0.0,1.0,1.0,20.668,20.668,100.0,100.0,100.0,True
2025-01-11 03:00:00,3,30.0,30.0,30.8,6.0,6.0,0.0,0.0,6.0,6.0,29.697,27.091,100.0,100.0,100.0,True
2025-01-11 04:00:00,4,14.0,14.0,14.818,6.0,6.0,0.0,0.0,6.0,6.0,23.218,22.139,100.0,100.0,100.0,True
2025-01-11 05:00:00,5,36.0,36.0,36.714,11.0,10.0,1.0,1.0,8.0,11.0,40.502,30.017,80.0,72.727,72.727,True
2025-01-11 06:00:00,6,61.0,61.0,61.615,13.0,13.0,0.0,0.0,5.0,13.0,62.875,68.526,38.462,38.462,38.462,True
2025-01-11 07:00:00,7,29.0,29.0,29.986,37.0,32.0,5.0,3.0,31.0,35.0,31.194,30.386,96.875,88.571,83.784,True
2025-01-11 08:00:00,8,24.0,24.0,24.923,126.0,114.0,12.0,3.0,113.0,117.0,26.096,24.996,99.123,96.581,89.683,True
2025-01-11 09:00:00,9,28.0,28.0,28.228,184.0,159.0,25.0,10.0,157.0,169.0,29.073,27.699,98.742,92.899,85.326,True
2025-01-11 10:00:00,10,31.0,31.0,31.321,200.0,184.0,16.0,10.0,178.0,194.0,33.361,31.508,96.739,91.753,89.0,True
2025-01-11 11:00:00,11,35.0,35.0,35.681,228.0,207.0,21.0,12.0,200.0,219.0,36.621,35.415,96.618,91.324,87.719,True
2025-01-11 12:00:00,12,24.0,24.0,24.244,211.0,189.0,22.0,7.0,187.0,196.0,24.734,23.462,98.942,95.408,88.626,True
2025-01-11 13:00:00,13,22.0,22.0,22.528,164.0,153.0,11.0,6.0,152.0,159.0,23.062,20.822,99.346,95.597,92.683,True
2025-01-11 14:00:00,14,21.0,20.0,20.915,164.0,156.0,8.0,1.0,154.0,157.0,22.348,20.98,98.718,98.089,93.902,False
2025-01-11 15:00:00,15,23.0,23.0,23.527,192.0,162.0,30.0,9.0,160.0,171.0,24.557,23.136,98.765,93.567,83.333,True
2025-01-11 16:00:00,16,27.0,27.0,27.714,124.0,102.0,22.0,12.0,100.0,114.0,28.225,27.11,98.039,87.719,80.645,True
2025-01-11 17:00:00,17,23.0,23.0,23.707,83.0,72.0,11.0,5.0,72.0,77.0,24.444,23.456,100.0,93.506,86.747,True
2025-01-11 18:00:00,18,25.0,25.0,25.709,63.0,56.0,7.0,5.0,56.0,61.0,25.992,24.747,100.0,91.803,88.889,True
2025-01-11 19:00:00,19,25.0,25.0,25.855,66.0,60.0,6.0,3.0,60.0,63.0,26.201,24.136,100.0,95.238,90.909,True
2025-01-11 20:00:00,20,32.0,33.0,33.343,45.0,35.0,10.0,6.0,32.0,41.0,33.602,29.54,91.429,78.049,71.111,False
2025-01-11 21:00:00,21,41.0,41.0,41.735,36.0,34.0,2.0,2.0,29.0,36.0,42.295,40.969,85.294,80.556,80.556,True
2025-01-11 22:00:00,22,38.0,38.0,38.263,20.0,20.0,0.0,0.0,19.0,20.0,38.182,35.457,95.0,95.0,95.0,True
2025-01-11 23:00:00,23,24.0,24.0,24.818,12.0,9.0,3.0,2.0,9.0,11.0,27.176,25.268,100.0,81.818,75.0,True
2025-01-12 00:00:00,0,46.0,46.0,46.857,9.0,7.0,2.0,2.0,6.0,9.0,47.122,44.135,85.714,66.667,66.667,True
2025-01-12 01:00:00,1,35.0,35.0,35.0,5.0,4.0,1.0,1.0,4.0,5.0,35.7,31.754,100.0,80.0,80.0,True
2025-01-12 02:00:00,2,42.0,42.0,42.5,2.0,2.0,0.0,0.0,2.0,2.0,43.35,43.35,100.0,100.0,100.0,True
2025-01-12 03:00:00,3,17.0,17.0,17.0,5.0,4.0,1.0,1.0,4.0,5.0,21.678,21.259,100.0,80.0,80.0,True
2025-01-12 04:00:00,4,25.0,25.0,25.2,6.0,5.0,1.0,1.0,5.0,6.0,26.14,23.048,100.0,83.333,83.333,True
2025-01-12 05:00:00,5,25.0,25.0,25.333,4.0,3.0,1.0,1.0,3.0,4.0,26.1,28.876,100.0,75.0,75.0,True
2025-01-12 06:00:00,6,71.0,71.0,71.0,3.0,3.0,0.0,0.0,1.0,3.0,55.166,69.329,33.333,33.333,33.333,True
2025-01-12 07:00:00,7,34.0,34.0,34.462,66.0,59.0,7.0,3.0,57.0,62.0,34.529,33.312,96.61,91.935,86.364,True
2025-01-12 08:00:00,8,27.0,27.0,27.278,159.0,134.0,25.0,10.0,130.0,144.0,29.456,27.154,97.015,90.278,81.761,True
2025-01-12 09:00:00,9,47.0,47.0,47.287,245.0,191.0,54.0,35.0,128.0,226.0,48.408,44.603,67.016,56.637,52.245,True
2025-01-12 10:00:00,10,41.0,41.0,41.832,120.0,94.0,26.0,20.0,65.0,114.0,50.304,50.038,69.149,57.018,54.167,True
2025-01-12 11:00:00,11,24.0,24.0,24.463,136.0,119.0,17.0,8.0,119.0,127.0,24.656,22.529,100.0,93.701,87.5,True
2025-01-12 12:00:00,12,23.0,23.0,23.259,241.0,220.0,21.0,11.0,220.0,231.0,23.981,22.953,100.0,95.238,91.286,True
2025-01-12 13:00:00,13,23.0,23.0,23.44,166.0,156.0,10.0,6.0,155.0,162.0,24.212,23.325,99.359,95.679,93.373,True
2025-01-12 14:00:00,14,24.0,24.0,24.66,173.0,158.0,15.0,10.0,158.0,168.0,25.323,23.587,100.0,94.048,91.329,True
2025-01-12 15:00:00,15,29.0,29.0,29.083,141.0,129.0,12.0,5.0,126.0,134.0,29.399,27.272,97.674,94.03,89.362,True
2025-01-12 16:00:00,16,32.0,32.0,32.323,110.0,97.0,13.0,8.0,92.0,105.0,33.283,29.742,94.845,87.619,83.636,True
2025-01-12 17:00:00,17,33.0,33.0,33.553,82.0,72.0,10.0,6.0,65.0,78.0,34.769,33.424,90.278,83.333,79.268,True
2025-01-12 18:00:00,18,38.0,38.0,38.236,63.0,55.0,8.0,6.0,45.0,61.0,39.051,33.823,81.818,73.77,71.429,True
2025-01-12 19:00:00,19,32.0,32.0,32.31,33.0,27.0,6.0,3.0,25.0,30.0,34.623,30.953,92.593,83.333,75.758,True
2025-01-12 20:00:00,20,43.0,43.0,43.87,34.0,23.0,11.0,10.0,17.0,33.0,44.4,40.617,73.913,51.515,50.0,True
2025-01-12 21:00:00,21,66.0,66.0,66.75,22.0,16.0,6.0,4.0,7.0,20.0,69.905,66.78,43.75,35.0,31.818,True
2025-01-12 22:00:00,22,34.0,34.0,34.429,7.0,6.0,1.0,1.0,6.0,7.0,33.115,33.337,100.0,85.714,85.714,True
2025-01-12 23:00:00,23,35.0,35.0,35.0,10.0,9.0,1.0,1.0,9.0,10.0,35.256,34.661,100.0,90.0,90.0,True
2025-01-13 00:00:00,0,42.0,42.0,42.5,5.0,4.0,1.0,1.0,4.0,5.0,43.445,46.024,100.0,80.0,80.0,True
2025-01-13 01:00:00,1,46.0,46.0,46.0,3.0,1.0,2.0,1.0,1.0,2.0,46.253,46.253,100.0,50.0,33.333,True
2025-01-13 02:00:00,2,19.0,19.0,19.0,1.0,1.0,0.0,0.0,1.0,1.0,20.675,20.675,100.0,100.0,100.0,True
2025-01-13 03:00:00,3,24.0,24.0,24.75,4.0,4.0,0.0,0.0,4.0,4.0,25.514,25.676,100.0,100.0,100.0,True
2025-01-13 04:00:00,4,33.0,33.0,33.455,10.0,8.0,2.0,2.0,6.0,10.0,45.744,39.405,75.0,60.0,60.0,True
2025-01-13 05:00:00,5,49.0,49.0,49.767,25.0,19.0,6.0,3.0,11.0,22.0,53.012,49.752,57.895,50.0,44.0,True
2025-01-13 06:00:00,6,62.0,62.0,62.718,44.0,39.0,5.0,2.0,13.0,41.0,67.916,70.101,33.333,31.707,29.545,True
2025-01-13 07:00:00,7,61.0,61.0,61.502,319.0,284.0,35.0,19.0,62.0,303.0,73.961,73.549,21.831,20.462,19.436,True
2025-01-13 08:00:00,8,62.0,62.0,62.469,366.0,307.0,59.0,40.0,72.0,347.0,73.433,74.063,23.453,20.749,19.672,True
2025-01-13 09:00:00,9,53.0,53.0,53.584,332.0,271.0,61.0,47.0,163.0,318.0,55.046,54.169,60.148,51.258,49.096,True
2025-01-13 10:00:00,10,26.0,26.0,26.489,330.0,295.0,34.0,16.0,292.0,312.0,28.141,26.739,98.983,93.59,88.485,True
2025-01-13 11:00:00,11,23.0,23.0,23.047,507.0,476.0,31.0,13.0,476.0,489.0,23.67,22.316,100.0,97.342,93.886,True
2025-01-13 12:00:00,12,20.0,20.0,20.605,535.0,505.0,30.0,18.0,505.0,523.0,20.991,20.303,100.0,96.558,94.393,True
2025-01-13 13:00:00,13,19.0,19.0,19.173,476.0,456.0,20.0,8.0,456.0,464.0,19.599,18.58,100.0,98.276,95.798,True
2025-01-13 14:00:00,14,23.0,23.0,23.271,631.0,587.0,44.0,24.0,581.0,611.0,23.83,21.838,98.978,95.09,92.076,True
2025-01-13 15:00:00,15,35.0,35.0,35.902,645.0,534.0,111.0,35.0,470.0,569.0,36.855,32.78,88.015,82.601,72.868,True
2025-01-13 16:00:00,16,47.0,47.0,47.936,380.0,297.0,83.0,44.0,207.0,341.0,49.156,42.89,69.697,60.704,54.474,True
2025-01-13 17:00:00,17,49.0,49.0,49.407,208.0,165.0,43.0,27.0,112.0,192.0,50.761,42.9,67.879,58.333,53.846,True
2025-01-13 18:00:00,18,44.0,44.0,44.566,90.0,73.0,17.0,11.0,53.0,84.0,45.462,45.686,72.603,63.095,58.889,True
2025-01-13 19:00:00,19,29.0,29.0,29.541,42.0,36.0,6.0,5.0,34.0,41.0,30.2,25.767,94.444,82.927,80.952,True
2025-01-13 20:00:00,20,27.0,28.0,28.062,35.0,32.0,3.0,1.0,32.0,33.0,27.957,26.782,100.0,96.97,91.429,False
2025-01-13 21:00:00,21,26.0,26.0,26.542,25.0,23.0,2.0,1.0,23.0,24.0,27.467,28.543,100.0,95.833,92.0,True
2025-01-13 22:00:00,22,25.0,25.0,25.333,16.0,15.0,1.0,1.0,15.0,16.0,25.924,22.325,100.0,93.75,93.75,True
2025-01-13 23:00:00,23,29.0,29.0,29.0,9.0,7.0,2.0,2.0,7.0,9.0,29.167,25.874,100.0,77.778,77.778,True
2025-01-14 00:00:00,0,19.0,19.0,19.0,3.0,3.0,0.0,0.0,3.0,3.0,19.681,16.649,100.0,100.0,100.0,True
2025-01-14 01:00:00,1,46.0,46.0,46.0,1.0,1.0,0.0,0.0,1.0,1.0,46.554,46.554,100.0,100.0,100.0,True
2025-01-14 02:00:00,2,17.0,17.0,17.0,2.0,2.0,0.0,0.0,2.0,2.0,18.117,18.117,100.0,100.0,100.0,True
2025-01-14 03:00:00,3,13.0,13.0,13.333,2.0,2.0,0.0,0.0,2.0,2.0,21.13,21.13,100.0,100.0,100.0,True
2025-01-14 04:00:00,4,28.0,28.0,28.75,12.0,11.0,1.0,1.0,9.0,12.0,38.951,33.655,81.818,75.0,75.0,True
2025-01-14 05:00:00,5,54.0,54.0,54.167,11.0,9.0,2.0,0.0,4.0,9.0,66.488,85.438,44.444,44.444,36.364,True
2025-01-14 06:00:00,6,56.0,56.0,56.121,43.0,34.0,9.0,3.0,15.0,37.0,59.187,63.911,44.118,40.541,34.884,True
2025-01-14 07:00:00,7,50.0,50.0,50.359,330.0,261.0,69.0,32.0,134.0,293.0,59.263,59.286,51.341,45.734,40.606,True
2025-01-14 08:00:00,8,54.0,54.0,54.672,392.0,317.0,75.0,45.0,144.0,362.0,63.089,62.594,45.426,39.779,36.735,True
2025-01-14 09:00:00,9,46.0,46.0,46.883,321.0,278.0,43.0,20.0,215.0,298.0,47.67,45.385,77.338,72.148,66.978,True
2025-01-14 10:00:00,10,27.0,27.0,27.444,356.0,322.0,34.0,14.0,319.0,336.0,28.868,27.426,99.068,94.94,89.607,True
2025-01-14 11:00:00,11,22.0,22.0,22.904,488.0,468.0,20.0,7.0,467.0,475.0,23.454,22.438,99.786,98.316,95.697,True
2025-01-14 12:00:00,12,21.0,21.0,21.286,525.0,495.0,30.0,14.0,494.0,509.0,21.743,21.208,99.798,97.053,94.095,True
2025-01-14 13:00:00,13,19.0,19.0,19.926,461.0,432.0,29.0,10.0,432.0,442.0,20.224,19.566,100.0,97.738,93.709,True
2025-01-14 14:00:00,14,21.0,21.0,21.892,561.0,516.0,45.0,18.0,513.0,534.0,22.423,20.914,99.419,96.067,91.444,True
2025-01-14 15:00:00,15,30.0,30.0,30.687,585.0,509.0,76.0,29.0,491.0,538.0,31.405,28.734,96.464,91.264,83.932,True
2025-01-14 16:00:00,16,34.0,34.0,34.676,357.0,286.0,71.0,36.0,256.0,322.0,35.227,31.27,89.51,79.503,71.709,True
2025-01-14 17:00:00,17,31.0,31.0,31.165,206.0,179.0,27.0,12.0,171.0,191.0,31.524,29.369,95.531,89.529,83.01,True
2025-01-14 18:00:00,18,28.0,28.0,28.506,99.0,84.0,15.0,8.0,83.0,92.0,29.122,27.206,98.81,90.217,83.838,True
2025-01-14 19:00:00,19,29.0,29.0,29.446,65.0,64.0,1.0,0.0,60.0,64.0,30.034,26.747,93.75,93.75,92.308,True
2025-01-14 20:00:00,20,29.0,29.0,29.735,44.0,35.0,9.0,6.0,35.0,41.0,30.093,29.793,100.0,85.366,79.545,True
2025-01-14 21:00:00,21,31.0,30.0,30.636,37.0,32.0,5.0,4.0,32.0,36.0,31.975,32.151,100.0,88.889,86.486,False
2025-01-14 22:00:00,22,24.0,24.0,24.154,14.0,11.0,3.0,1.0,11.0,12.0,25.518,23.374,100.0,91.667,78.571,True
2025-01-14 23:00:00,23,27.0,27.0,27.0,7.0,6.0,1.0,1.0,6.0,7.0,27.534,30.088,100.0,85.714,85.714,True
2025-01-15 00:00:00,0,38.0,38.0,38.0,6.0,6.0,0.0,0.0,6.0,6.0,38.021,35.997,100.0,100.0,100.0,True
2025-01-15 01:00:00,1,28.0,28.0,28.0,1.0,1.0,0.0,0.0,1.0,1.0,29.054,29.054,100.0,100.0,100.0,True
2025-01-15 02:00:00,2,24.0,24.0,24.25,4.0,4.0,0.0,0.0,4.0,4.0,24.257,25.793,100.0,100.0,100.0,True
2025-01-15 03:00:00,3,21.0,21.0,21.0,3.0,3.0,0.0,0.0,3.0,3.0,21.729,21.778,100.0,100.0,100.0,True
2025-01-15 04:00:00,4,28.0,28.0,28.133,14.0,12.0,2.0,2.0,11.0,14.0,34.458,28.113,91.667,78.571,78.571,True
2025-01-15 05:00:00,5,52.0,52.0,52.28,16.0,14.0,2.0,2.0,7.0,16.0,58.726,61.449,50.0,43.75,43.75,True
2025-01-15 06:00:00,6,57.0,57.0,57.161,38.0,32.0,6.0,3.0,14.0,35.0,63.451,63.601,43.75,40.0,36.842,True
2025-01-15 07:00:00,7,52.0,52.0,52.214,299.0,250.0,49.0,17.0,107.0,267.0,62.677,61.903,42.8,40.075,35.786,True
2025-01-15 08:00:00,8,52.0,52.0,52.572,374.0,313.0,61.0,26.0,147.0,339.0,60.913,61.725,46.965,43.363,39.305,True
2025-01-15 09:00:00,9,44.0,44.0,44.197,346.0,298.0,47.0,22.0,257.0,321.0,45.1,44.78,86.242,80.062,74.277,True
2025-01-15 10:00:00,10,28.0,28.0,28.232,345.0,312.0,33.0,16.0,302.0,328.0,30.406,29.029,96.795,92.073,87.536,True
2025-01-15 11:00:00,11,25.0,25.0,25.335,466.0,443.0,23.0,12.0,442.0,455.0,25.902,25.074,99.774,97.143,94.85,True
2025-01-15 12:00:00,12,20.0,20.0,20.693,510.0,476.0,33.0,15.0,476.0,492.0,21.078,20.076,100.0,96.748,93.333,True
2025-01-15 13:00:00,13,19.0,19.0,19.696,483.0,458.0,25.0,12.0,458.0,470.0,20.1,19.356,100.0,97.447,94.824,True
2025-01-15 14:00:00,14,23.0,23.0,23.156,591.0,539.0,52.0,23.0,533.0,562.0,23.553,22.096,98.887,94.84,90.186,True
2025-01-15 15:00:00,15,36.0,36.0,36.386,587.0,493.0,93.0,49.0,426.0,543.0,37.735,33.121,86.41,78.453,72.572,True
2025-01-15 16:00:00,16,41.0,41.0,41.892,340.0,283.0,57.0,32.0,222.0,315.0,43.09,37.449,78.445,70.476,65.294,True
2025-01-15 17:00:00,17,38.0,38.0,38.171,231.0,193.0,38.0,19.0,165.0,212.0,38.58,32.678,85.492,77.83,71.429,True
2025-01-15 18:00:00,18,30.0,30.0,30.395,84.0,73.0,11.0,6.0,72.0,79.0,30.773,29.868,98.63,91.139,85.714,True
2025-01-15 19:00:00,19,26.0,26.0,26.0,62.0,53.0,9.0,4.0,53.0,57.0,26.345,27.491,100.0,92.982,85.484,True
2025-01-15 20:00:00,20,39.0,39.0,39.667,64.0,57.0,7.0,7.0,47.0,64.0,39.897,35.369,82.456,73.438,73.438,True
2025-01-15 21:00:00,21,44.0,44.0,44.696,31.0,25.0,6.0,4.0,21.0,29.0,45.01,46.089,84.0,72.414,67.742,True
2025-01-15 22:00:00,22,31.0,31.0,31.913,29.0,21.0,8.0,2.0,20.0,23.0,30.99,29.165,95.238,86.957,68.966,True
2025-01-15 23:00:00,23,32.0,32.0,32.143,13.0,13.0,0.0,0.0,13.0,13.0,32.595,31.668,100.0,100.0,100.0,True
2025-01-16 00:00:00,0,37.0,37.0,37.2,5.0,5.0,0.0,0.0,5.0,5.0,37.471,40.669,100.0,100.0,100.0,True
2025-01-16 01:00:00,1,27.0,27.0,27.0,4.0,4.0,0.0,0.0,4.0,4.0,27.947,30.167,100.0,100.0,100.0,True
2025-01-16 02:00:00,2,29.0,29.0,29.75,4.0,4.0,0.0,0.0,4.0,4.0,30.232,26.559,100.0,100.0,100.0,True
2025-01-16 03:00:00,3,18.0,18.0,18.429,9.0,6.0,3.0,2.0,6.0,8.0,22.034,19.504,100.0,75.0,66.667,True
2025-01-16 04:00:00,4,19.0,19.0,19.462,10.0,8.0,2.0,2.0,7.0,10.0,30.821,25.718,87.5,70.0,70.0,True
2025-01-16 05:00:00,5,62.0,62.0,62.909,16.0,13.0,3.0,1.0,4.0,14.0,76.791,85.754,30.769,28.571,25.0,True
2025-01-16 06:00:00,6,52.0,52.0,52.673,37.0,33.0,4.0,1.0,18.0,34.0,53.528,52.914,54.545,52.941,48.649,True
2025-01-16 07:00:00,7,41.0,41.0,41.788,296.0,242.0,54.0,14.0,189.0,256.0,50.13,50.805,78.099,73.828,63.851,True
2025-01-16 08:00:00,8,43.0,43.0,43.74,422.0,354.0,68.0,23.0,274.0,377.0,49.166,49.112,77.401,72.679,64.929,True
2025-01-16 09:00:00,9,33.0,33.0,33.766,333.0,293.0,40.0,17.0,287.0,310.0,34.526,33.079,97.952,92.581,86.186,True
2025-01-16 10:00:00,10,23.0,23.0,23.871,347.0,312.0,35.0,15.0,309.0,327.0,24.684,22.92,99.038,94.495,89.049,True
2025-01-16 11:00:00,11,22.0,22.0,22.188,511.0,495.0,16.0,8.0,494.0,503.0,22.868,22.22,99.798,98.211,96.673,True
2025-01-16 12:00:00,12,20.0,20.0,20.078,509.0,484.0,25.0,11.0,484.0,495.0,20.274,19.636,100.0,97.778,95.088,True
2025-01-16 13:00:00,13,19.0,19.0,19.735,446.0,418.0,28.0,12.0,416.0,430.0,20.329,19.114,99.522,96.744,93.274,True
2025-01-16 14:00:00,14,21.0,21.0,21.784,576.0,529.0,47.0,23.0,529.0,552.0,22.177,20.471,100.0,95.833,91.84,True
2025-01-16 15:00:00,15,33.0,33.0,33.155,605.0,526.0,79.0,34.0,475.0,560.0,33.795,29.995,90.304,84.821,78.512,True
2025-01-16 16:00:00,16,41.0,41.0,41.573,337.0,274.0,63.0,28.0,223.0,302.0,42.542,41.277,81.387,73.841,66.172,True
2025-01-16 17:00:00,17,34.0,35.0,35.021,209.0,185.0,24.0,11.0,171.0,196.0,35.284,33.479,92.432,87.245,81.818,False
2025-01-16 18:00:00,18,31.0,31.0,31.859,91.0,83.0,8.0,5.0,79.0,88.0,32.029,26.874,95.181,89.773,86.813,True
2025-01-16 19:00:00,19,25.0,26.0,26.511,46.0,45.0,1.0,1.0,44.0,46.0,27.498,24.683,97.778,95.652,95.652,False
2025-01-16 20:00:00,20,28.0,28.0,28.833,40.0,35.0,5.0,5.0,35.0,40.0,28.592,28.829,100.0,87.5,87.5,True
2025-01-16 21:00:00,21,30.0,30.0,30.966,31.0,28.0,3.0,2.0,28.0,30.0,31.75,30.847,100.0,93.333,90.323,True
2025-01-16 22:00:00,22,30.0,30.0,30.682,25.0,22.0,3.0,3.0,21.0,25.0,30.889,30.986,95.455,84.0,84.0,True
2025-01-16 23:00:00,23,22.0,22.0,22.0,7.0,6.0,1.0,1.0,6.0,7.0,26.131,24.663,100.0,85.714,85.714,True
2025-01-17 00:00:00,0,32.0,32.0,32.5,5.0,4.0,1.0,1.0,4.0,5.0,32.559,30.739,100.0,80.0,80.0,True
2025-01-17 01:00:00,1,33.0,33.0,33.0,1.0,1.0,0.0,0.0,1.0,1.0,33.863,33.863,100.0,100.0,100.0,True
2025-01-17 02:00:00,2,16.0,16.0,16.25,4.0,3.0,1.0,1.0,3.0,4.0,22.139,21.778,100.0,75.0,75.0,True
2025-01-17 03:00:00,3,19.0,19.0,19.0,6.0,6.0,0.0,0.0,6.0,6.0,19.856,20.493,100.0,100.0,100.0,True
2025-01-17 04:00:00,4,30.0,30.0,30.083,11.0,10.0,1.0,1.0,8.0,11.0,38.692,27.673,80.0,72.727,72.727,True
2025-01-17 05:00:00,5,49.0,49.0,49.957,18.0,12.0,6.0,4.0,3.0,16.0,72.223,78.756,25.0,18.75,16.667,True
2025-01-17 06:00:00,6,57.0,57.0,57.411,35.0,29.0,6.0,3.0,9.0,32.0,62.391,65.229,31.034,28.125,25.714,True
2025-01-17 07:00:00,7,48.0,48.0,48.976,276.0,233.0,43.0,17.0,131.0,250.0,58.496,57.43,56.223,52.4,47.464,True
2025-01-17 08:00:00,8,49.0,49.0,49.526,404.0,329.0,75.0,27.0,189.0,356.0,56.792,55.978,57.447,53.09,46.782,True
2025-01-17 09:00:00,9,46.0,46.0,46.705,344.0,291.0,53.0,36.0,238.0,327.0,47.837,47.398,81.787,72.783,69.186,True
2025-01-17 10:00:00,10,28.0,28.0,28.743,348.0,320.0,28.0,18.0,315.0,338.0,30.825,29.134,98.438,93.195,90.517,True
2025-01-17 11:00:00,11,24.0,24.0,24.152,476.0,452.0,24.0,13.0,451.0,465.0,24.542,23.949,99.779,96.989,94.748,True
2025-01-17 12:00:00,12,21.0,21.0,21.314,486.0,464.0,22.0,7.0,463.0,471.0,21.629,20.8,99.784,98.301,95.267,True
2025-01-17 13:00:00,13,20.0,20.0,20.952,488.0,467.0,21.0,10.0,467.0,477.0,21.415,20.334,100.0,97.904,95.697,True
2025-01-17 14:00:00,14,24.0,24.0,24.395,620.0,566.0,53.0,20.0,561.0,587.0,25.039,23.721,99.117,95.571,90.484,True
2025-01-17 15:00:00,15,32.0,32.0,32.924,551.0,467.0,84.0,33.0,443.0,500.0,33.991,31.884,94.861,88.6,80.399,True
2025-01-17 16:00:00,16,38.0,39.0,39.255,291.0,239.0,52.0,23.0,198.0,262.0,40.011,34.299,82.845,75.573,68.041,False
2025-01-17 17:00:00,17,31.0,31.0,31.732,213.0,184.0,29.0,16.0,173.0,200.0,32.458,28.979,94.022,86.5,81.221,True
2025-01-17 18:00:00,18,33.0,33.0,33.558,115.0,101.0,14.0,9.0,91.0,110.0,33.952,31.368,90.099,82.727,79.13,True
2025-01-17 19:00:00,19,24.0,24.0,24.45,66.0,57.0,9.0,6.0,56.0,63.0,25.893,22.977,98.246,88.889,84.848,True
2025-01-17 20:00:00,20,47.0,47.0,47.017,65.0,58.0,7.0,5.0,43.0,63.0,47.262,43.224,74.138,68.254,66.154,True
2025-01-17 21:00:00,21,37.0,37.0,37.286,28.0,21.0,7.0,5.0,19.0,26.0,37.64,38.56,90.476,73.077,67.857,True
2025-01-17 22:00:00,22,36.0,36.0,36.682,23.0,22.0,1.0,1.0,21.0,23.0,36.9,38.66,95.455,91.304,91.304,True
2025-01-17 23:00:00,23,37.0,38.0,38.75,14.0,12.0,2.0,2.0,10.0,14.0,39.031,37.124,83.333,71.429,71.429,False
2025-01-18 00:00:00,0,60.0,60.0,60.0,6.0,6.0,0.0,0.0,3.0,6.0,60.584,59.764,50.0,50.0,50.0,True
2025-01-18 01:00:00,1,35.0,35.0,35.25,4.0,4.0,0.0,0.0,4.0,4.0,35.854,35.607,100.0,100.0,100.0,True
2025-01-18 02:00:00,2,21.0,21.0,21.5,3.0,2.0,1.0,0.0,2.0,2.0,21.41,21.41,100.0,100.0,66.667,True
2025-01-18 03:00:00,3,23.0,23.0,23.2,6.0,5.0,1.0,1.0,5.0,6.0,24.272,19.902,100.0,83.333,83.333,True
2025-01-18 04:00:00,4,22.0,22.0,22.312,12.0,11.0,1.0,1.0,11.0,12.0,29.816,25.192,100.0,91.667,91.667,True
2025-01-18 05:00:00,5,44.0,44.0,44.889,9.0,7.0,2.0,1.0,5.0,8.0,42.061,24.601,71.429,62.5,55.556,True
2025-01-18 06:00:00,6,52.0,52.0,52.08,16.0,15.0,1.0,0.0,10.0,15.0,53.964,51.419,66.667,66.667,62.5,True
2025-01-18 07:00:00,7,28.0,28.0,28.27,46.0,34.0,12.0,8.0,34.0,42.0,30.26,29.285,100.0,80.952,73.913,True
2025-01-18 08:00:00,8,25.0,25.0,25.889,136.0,115.0,21.0,7.0,113.0,122.0,28.24,26.706,98.261,92.623,83.088,True
2025-01-18 09:00:00,9,39.0,39.0,39.593,201.0,173.0,28.0,17.0,152.0,190.0,40.668,38.623,87.861,80.0,75.622,True
2025-01-18 10:00:00,10,43.0,43.0,43.19,200.0,176.0,24.0,19.0,138.0,195.0,47.284,46.363,78.409,70.769,69.0,True
2025-01-18 11:00:00,11,45.0,45.0,45.871,245.0,218.0,27.0,22.0,172.0,240.0,46.871,45.58,78.899,71.667,70.204,True
2025-01-18 12:00:00,12,29.0,29.0,29.617,170.0,151.0,19.0,12.0,148.0,163.0,30.312,28.192,98.013,90.798,87.059,True
2025-01-18 13:00:00,13,22.0,22.0,22.605,176.0,166.0,10.0,8.0,166.0,174.0,23.191,22.044,100.0,95.402,94.318,True
2025-01-18 14:00:00,14,22.0,22.0,22.75,162.0,152.0,10.0,6.0,150.0,158.0,23.706,22.294,98.684,94.937,92.593,True
2025-01-18 15:00:00,15,26.0,26.0,26.433,179.0,160.0,19.0,11.0,156.0,171.0,27.399,24.373,97.5,91.228,87.151,True
2025-01-18 16:00:00,16,27.0,27.0,27.779,123.0,102.0,21.0,8.0,96.0,110.0,28.462,26.567,94.118,87.273,78.049,True
2025-01-18 17:00:00,17,28.0,28.0,28.581,98.0,87.0,11.0,5.0,83.0,92.0,28.797,25.128,95.402,90.217,84.694,True
2025-01-18 18:00:00,18,32.0,33.0,33.053,86.0,75.0,11.0,6.0,69.0,81.0,33.813,29.448,92.0,85.185,80.233,False
2025-01-18 19:00:00,19,28.0,28.0,28.963,59.0,53.0,6.0,3.0,52.0,56.0,29.205,26.043,98.113,92.857,88.136,True
2025-01-18 20:00:00,20,34.0,34.0,34.152,36.0,33.0,3.0,1.0,32.0,34.0,34.553,32.338,96.97,94.118,88.889,True
2025-01-18 21:00:00,21,30.0,30.0,30.773,24.0,22.0,2.0,2.0,22.0,24.0,31.051,30.437,100.0,91.667,91.667,True
2025-01-18 22:00:00,22,32.0,32.0,32.143,15.0,14.0,1.0,1.0,13.0,15.0,32.501,27.757,92.857,86.667,86.667,True
2025-01-18 23:00:00,23,36.0,36.0,36.286,15.0,13.0,2.0,1.0,13.0,14.0,39.498,39.931,100.0,92.857,86.667,True
2025-01-19 00:00:00,0,46.0,46.0,46.4,6.0,5.0,1.0,1.0,3.0,6.0,46.956,31.614,60.0,50.0,50.0,True
2025-01-19 01:00:00,1,42.0,42.0,42.5,2.0,2.0,0.0,0.0,2.0,2.0,42.518,42.518,100.0,100.0,100.0,True
2025-01-19 02:00:00,2,23.0,23.0,23.667,4.0,3.0,1.0,0.0,3.0,3.0,24.498,25.856,100.0,100.0,75.0,True
2025-01-19 03:00:00,3,25.0,25.0,25.25,3.0,3.0,0.0,0.0,3.0,3.0,32.661,35.037,100.0,100.0,100.0,True
2025-01-19 04:00:00,4,31.0,31.0,31.0,6.0,6.0,0.0,0.0,6.0,6.0,31.343,31.975,100.0,100.0,100.0,True
2025-01-19 05:00:00,5,24.0,24.0,24.2,5.0,5.0,0.0,0.0,5.0,5.0,24.936,23.482,100.0,100.0,100.0,True
2025-01-19 06:00:00,6,56.0,56.0,56.0,1.0,1.0,0.0,0.0,1.0,1.0,57.055,57.055,100.0,100.0,100.0,True
2025-01-19 07:00:00,7,31.0,31.0,31.733,64.0,54.0,10.0,5.0,52.0,59.0,35.101,34.068,96.296,88.136,81.25,True
2025-01-19 08:00:00,8,31.0,31.0,31.503,159.0,145.0,14.0,3.0,138.0,148.0,33.466,31.342,95.172,93.243,86.792,True
2025-01-19 09:00:00,9,54.0,55.0,55.017,221.0,169.0,52.0,39.0,101.0,208.0,57.12,54.861,59.763,48.558,45.701,False
2025-01-19 10:00:00,10,43.0,43.0,43.261,123.0,97.0,26.0,19.0,75.0,116.0,50.919,51.614,77.32,64.655,60.976,True
2025-01-19 11:00:00,11,27.0,27.0,27.237,103.0,93.0,10.0,7.0,92.0,100.0,27.664,26.272,98.925,92.0,89.32,True
2025-01-19 12:00:00,12,24.0,24.0,24.869,255.0,243.0,12.0,6.0,241.0,249.0,25.453,23.331,99.177,96.787,94.51,True
2025-01-19 13:00:00,13,28.0,28.0,28.609,205.0,193.0,12.0,9.0,190.0,202.0,29.154,28.564,98.446,94.059,92.683,True
2025-01-19 14:00:00,14,31.0,31.0,31.336,146.0,132.0,14.0,13.0,126.0,145.0,32.405,30.051,95.455,86.897,86.301,True
2025-01-19 15:00:00,15,31.0,31.0,31.139,123.0,110.0,13.0,7.0,107.0,117.0,31.771,29.907,97.273,91.453,86.992,True
2025-01-19 16:00:00,16,39.0,40.0,40.011,107.0,91.0,16.0,12.0,79.0,103.0,41.343,37.013,86.813,76.699,73.832,False
2025-01-19 17:00:00,17,38.0,38.0,38.221,76.0,68.0,8.0,5.0,62.0,73.0,38.982,34.836,91.176,84.932,81.579,True
2025-01-19 18:00:00,18,38.0,38.0,38.873,62.0,55.0,7.0,4.0,47.0,59.0,39.326,34.627,85.455,79.661,75.806,True
2025-01-19 19:00:00,19,34.0,34.0,34.308,41.0,37.0,4.0,2.0,34.0,39.0,35.175,31.53,91.892,87.179,82.927,True
2025-01-19 20:00:00,20,40.0,40.0,40.737,28.0,18.0,10.0,6.0,16.0,24.0,43.138,45.454,88.889,66.667,57.143,True
2025-01-19 21:00:00,21,39.0,39.0,39.474,23.0,19.0,4.0,3.0,15.0,22.0,39.754,38.277,78.947,68.182,65.217,True
2025-01-19 22:00:00,22,33.0,33.0,33.444,10.0,9.0,1.0,0.0,9.0,9.0,34.95,35.768,100.0,100.0,90.0,True
2025-01-19 23:00:00,23,22.0,22.0,22.8,9.0,9.0,0.0,0.0,9.0,9.0,24.462,27.646,100.0,100.0,100.0,True
2025-01-20 00:00:00,0,33.0,33.0,33.0,8.0,6.0,2.0,2.0,6.0,8.0,33.782,35.487,100.0,75.0,75.0,True
2025-01-20 01:00:00,1,25.0,25.0,25.333,3.0,3.0,0.0,0.0,3.0,3.0,25.257,21.81,100.0,100.0,100.0,True
2025-01-20 02:00:00,2,16.0,16.0,16.0,1.0,1.0,0.0,0.0,1.0,1.0,16.203,16.203,100.0,100.0,100.0,True
2025-01-20 03:00:00,3,20.0,20.0,20.5,2.0,2.0,0.0,0.0,2.0,2.0,21.317,21.317,100.0,100.0,100.0,True
2025-01-20 04:00:00,4,28.0,28.0,28.417,10.0,9.0,1.0,1.0,7.0,10.0,37.375,28.348,77.778,70.0,70.0,True
2025-01-20 05:00:00,5,47.0,47.0,47.429,13.0,9.0,4.0,0.0,5.0,9.0,54.005,56.745,55.556,55.556,38.462,True
2025-01-20 06:00:00,6,65.0,65.0,65.4,50.0,45.0,5.0,3.0,12.0,48.0,72.622,76.448,26.667,25.0,24.0,True
2025-01-20 07:00:00,7,58.0,58.0,58.508,340.0,280.0,60.0,40.0,86.0,320.0,70.296,72.122,30.714,26.875,25.294,True
2025-01-20 08:00:00,8,59.0,59.0,59.995,358.0,309.0,49.0,28.0,94.0,337.0,71.324,72.557,30.421,27.893,26.257,True
2025-01-20 09:00:00,9,49.0,49.0,49.697,293.0,258.0,34.0,24.0,192.0,283.0,50.55,49.019,74.419,67.845,65.529,True
2025-01-20 10:00:00,10,27.0,27.0,27.832,357.0,320.0,37.0,19.0,315.0,339.0,29.634,28.025,98.438,92.92,88.235,True
2025-01-20 11:00:00,11,21.0,21.0,21.72,531.0,503.0,28.0,12.0,503.0,515.0,22.38,21.398,100.0,97.67,94.727,True
2025-01-20 12:00:00,12,20.0,20.0,20.885,506.0,480.0,26.0,13.0,480.0,493.0,21.266,20.416,100.0,97.363,94.862,True
2025-01-20 13:00:00,13,19.0,19.0,19.964,499.0,479.0,19.0,11.0,478.0,491.0,20.396,19.337,99.791,97.352,95.792,True
2025-01-20 14:00:00,14,24.0,24.0,24.267,602.0,557.0,45.0,25.0,549.0,582.0,24.968,22.582,98.564,94.33,91.196,True
2025-01-20 15:00:00,15,33.0,33.0,33.73,588.0,516.0,72.0,31.0,470.0,547.0,34.779,30.505,91.085,85.923,79.932,True
2025-01-20 16:00:00,16,36.0,36.0,36.105,335.0,283.0,52.0,26.0,243.0,309.0,36.563,32.274,85.866,78.641,72.537,True
2025-01-20 17:00:00,17,31.0,31.0,31.778,189.0,170.0,19.0,10.0,161.0,180.0,32.037,28.716,94.706,89.444,85.185,True
2025-01-20 18:00:00,18,29.0,29.0,29.01,106.0,99.0,7.0,5.0,95.0,104.0,30.13,27.933,95.96,91.346,89.623,True
2025-01-20 19:00:00,19,27.0,27.0,27.404,55.0,51.0,4.0,3.0,50.0,54.0,28.04,24.115,98.039,92.593,90.909,True
2025-01-20 20:00:00,20,31.0,31.0,31.843,60.0,50.0,10.0,8.0,48.0,58.0,33.315,31.373,96.0,82.759,80.0,True
2025-01-20 21:00:00,21,33.0,33.0,33.222,27.0,27.0,0.0,0.0,26.0,27.0,32.603,30.826,96.296,96.296,96.296,True
2025-01-20 22:00:00,22,25.0,25.0,25.727,12.0,10.0,2.0,2.0,10.0,12.0,25.879,25.159,100.0,83.333,83.333,True
2025-01-20 23:00:00,23,23.0,23.0,23.125,7.0,7.0,0.0,0.0,7.0,7.0,26.496,28.305,100.0,100.0,100.0,True
2025-01-21 00:00:00,0,15.0,15.0,15.0,4.0,1.0,3.0,3.0,1.0,4.0,16.37,16.37,100.0,25.0,25.0,True
2025-01-21 01:00:00,1,30.0,30.0,30.4,5.0,5.0,0.0,0.0,5.0,5.0,31.235,30.977,100.0,100.0,100.0,True
2025-01-21 02:00:00,2,21.0,21.0,21.0,1.0,1.0,0.0,0.0,1.0,1.0,22.132,22.132,100.0,100.0,100.0,True
2025-01-21 03:00:00,3,13.0,13.0,13.5,2.0,2.0,0.0,0.0,2.0,2.0,21.716,21.716,100.0,100.0,100.0,True
2025-01-21 04:00:00,4,28.0,28.0,28.333,12.0,12.0,0.0,0.0,11.0,12.0,40.523,37.24,91.667,91.667,91.667,True
2025-01-21 05:00:00,5,63.0,63.0,63.842,16.0,13.0,3.0,2.0,4.0,15.0,77.005,86.966,30.769,26.667,25.0,True
2025-01-21 06:00:00,6,58.0,58.0,58.192,32.0,29.0,3.0,2.0,15.0,31.0,61.534,57.754,51.724,48.387,46.875,True
2025-01-21 07:00:00,7,53.0,53.0,53.993,317.0,263.0,54.0,33.0,101.0,296.0,64.982,64.356,38.403,34.122,31.861,True
2025-01-21 08:00:00,8,57.0,57.0,57.591,344.0,298.0,46.0,28.0,85.0,326.0,67.653,67.797,28.523,26.074,24.709,True
2025-01-21 09:00:00,9,54.0,54.0,54.81,343.0,291.0,52.0,39.0,174.0,330.0,56.058,54.931,59.794,52.727,50.729,True
2025-01-21 10:00:00,10,31.0,31.0,31.873,338.0,306.0,32.0,24.0,292.0,330.0,35.547,33.831,95.425,88.485,86.391,True
2025-01-21 11:00:00,11,27.0,27.0,27.638,524.0,496.0,27.0,20.0,493.0,517.0,28.232,27.032,99.395,95.358,94.084,True
2025-01-21 12:00:00,12,23.0,23.0,23.926,538.0,515.0,23.0,11.0,513.0,526.0,24.302,23.473,99.612,97.529,95.353,True
2025-01-21 13:00:00,13,19.0,19.0,19.945,451.0,429.0,22.0,11.0,429.0,440.0,20.38,19.2,100.0,97.5,95.122,True
2025-01-21 14:00:00,14,24.0,24.0,24.587,591.0,548.0,43.0,22.0,539.0,570.0,25.239,22.62,98.358,94.561,91.201,True
2025-01-21 15:00:00,15,35.0,35.0,35.847,588.0,512.0,76.0,39.0,444.0,551.0,36.961,32.606,86.719,80.581,75.51,True
2025-01-21 16:00:00,16,45.0,45.0,45.578,363.0,291.0,72.0,45.0,212.0,336.0,47.019,42.784,72.852,63.095,58.402,True
2025-01-21 17:00:00,17,44.0,44.0,44.903,203.0,167.0,36.0,20.0,121.0,187.0,46.012,42.516,72.455,64.706,59.606,True
2025-01-21 18:00:00,18,40.0,40.0,40.739,98.0,85.0,13.0,9.0,70.0,94.0,41.712,35.56,82.353,74.468,71.429,True
2025-01-21 19:00:00,19,26.0,26.0,26.66,57.0,49.0,8.0,7.0,48.0,56.0,27.324,24.927,97.959,85.714,84.211,True
2025-01-21 20:00:00,20,40.0,39.0,39.981,60.0,51.0,9.0,7.0,43.0,58.0,41.201,36.671,84.314,74.138,71.667,False
2025-01-21 21:00:00,21,41.0,40.0,40.333,36.0,29.0,7.0,3.0,25.0,32.0,41.704,40.652,86.207,78.125,69.444,False
2025-01-21 22:00:00,22,29.0,29.0,29.188,16.0,16.0,0.0,0.0,16.0,16.0,29.498,28.732,100.0,100.0,100.0,True
2025-01-21 23:00:00,23,37.0,37.0,37.125,13.0,8.0,5.0,3.0,7.0,11.0,37.908,29.724,87.5,63.636,53.846,True
2025-01-22 00:00:00,0,34.0,34.0,34.75,7.0,7.0,0.0,0.0,6.0,7.0,39.942,42.738,85.714,85.714,85.714,True
2025-01-22 01:00:00,1,4.0,4.0,4.0,1.0,1.0,0.0,0.0,1.0,1.0,4.29,4.29,100.0,100.0,100.0,True
2025-01-22 02:00:00,2,29.0,29.0,29.333,3.0,3.0,0.0,0.0,3.0,3.0,29.551,26.663,100.0,100.0,100.0,True
2025-01-22 03:00:00,3,29.0,29.0,29.75,4.0,4.0,0.0,0.0,4.0,4.0,30.179,26.422,100.0,100.0,100.0,True
2025-01-22 04:00:00,4,28.0,28.0,28.467,14.0,12.0,2.0,1.0,11.0,13.0,33.439,26.817,91.667,84.615,78.571,True
2025-01-22 05:00:00,5,53.0,53.0,53.05,14.0,10.0,4.0,2.0,4.0,12.0,63.899,70.283,40.0,33.333,28.571,True
2025-01-22 06:00:00,6,60.0,60.0,60.156,41.0,33.0,8.0,3.0,14.0,36.0,66.435,64.97,42.424,38.889,34.146,True
2025-01-22 07:00:00,7,52.0,52.0,52.243,305.0,248.0,57.0,26.0,119.0,274.0,62.664,62.011,47.984,43.431,39.016,True
2025-01-22 08:00:00,8,53.0,53.0,53.193,388.0,325.0,63.0,32.0,128.0,357.0,62.342,64.834,39.385,35.854,32.99,True
2025-01-22 09:00:00,9,44.0,44.0,44.822,316.0,271.0,45.0,29.0,225.0,300.0,45.826,45.327,83.026,75.0,71.203,True
2025-01-22 10:00:00,10,28.0,28.0,28.022,356.0,332.0,24.0,12.0,329.0,344.0,29.907,28.26,99.096,95.64,92.416,True
2025-01-22 11:00:00,11,25.0,25.0,25.474,472.0,449.0,23.0,17.0,447.0,466.0,26.214,25.549,99.555,95.923,94.703,True
2025-01-22 12:00:00,12,21.0,21.0,21.822,510.0,483.0,27.0,13.0,482.0,496.0,22.386,21.242,99.793,97.177,94.51,True
2025-01-22 13:00:00,13,19.0,19.0,19.814,507.0,479.0,28.0,16.0,477.0,495.0,20.193,19.244,99.582,96.364,94.083,True
2025-01-22 14:00:00,14,22.0,22.0,22.826,556.0,519.0,37.0,17.0,515.0,536.0,23.192,21.175,99.229,96.082,92.626,True
2025-01-22 15:00:00,15,36.0,36.0,36.673,649.0,571.0,78.0,43.0,493.0,614.0,38.047,34.172,86.34,80.293,75.963,True
2025-01-22 16:00:00,16,50.0,50.0,50.523,359.0,283.0,76.0,51.0,199.0,334.0,51.965,49.865,70.318,59.581,55.432,True
2025-01-22 17:00:00,17,40.0,40.0,40.806,186.0,165.0,21.0,14.0,131.0,179.0,41.841,36.898,79.394,73.184,70.43,True
2025-01-22 18:00:00,18,33.0,33.0,33.03,108.0,97.0,11.0,7.0,89.0,104.0,34.02,31.181,91.753,85.577,82.407,True
2025-01-22 19:00:00,19,27.0,27.0,27.83,60.0,50.0,10.0,8.0,48.0,58.0,31.242,29.66,96.0,82.759,80.0,True
2025-01-22 20:00:00,20,45.0,45.0,45.075,60.0,50.0,10.0,9.0,40.0,59.0,45.164,42.462,80.0,67.797,66.667,True
2025-01-22 21:00:00,21,52.0,52.0,52.292,30.0,24.0,6.0,6.0,16.0,30.0,52.865,46.37,66.667,53.333,53.333,True
2025-01-22 22:00:00,22,38.0,38.0,38.357,22.0,15.0,7.0,6.0,15.0,21.0,38.7,40.172,100.0,71.429,68.182,True
2025-01-22 23:00:00,23,34.0,34.0,34.0,5.0,4.0,1.0,1.0,4.0,5.0,32.686,32.694,100.0,80.0,80.0,True
2025-01-23 00:00:00,0,40.0,40.0,40.556,10.0,9.0,1.0,1.0,7.0,10.0,41.29,32.857,77.778,70.0,70.0,True
2025-01-23 01:00:00,1,29.0,29.0,29.5,3.0,3.0,0.0,0.0,3.0,3.0,35.982,43.148,100.0,100.0,100.0,True
2025-01-23 02:00:00,2,31.0,31.0,31.667,2.0,2.0,0.0,0.0,2.0,2.0,24.263,24.263,100.0,100.0,100.0,True
2025-01-23 03:00:00,3,21.0,21.0,21.5,3.0,3.0,0.0,0.0,3.0,3.0,26.667,27.449,100.0,100.0,100.0,True
2025-01-23 04:00:00,4,19.0,19.0,19.562,13.0,10.0,3.0,3.0,9.0,13.0,30.561,21.035,90.0,69.231,69.231,True
2025-01-23 05:00:00,5,46.0,46.0,46.706,13.0,12.0,1.0,1.0,8.0,13.0,48.832,40.725,66.667,61.538,61.538,True
2025-01-23 06:00:00,6,51.0,51.0,51.4,43.0,34.0,9.0,4.0,21.0,38.0,55.216,54.932,61.765,55.263,48.837,True
2025-01-23 07:00:00,7,49.0,49.0,49.413,306.0,265.0,41.0,15.0,143.0,280.0,59.152,58.668,53.962,51.071,46.732,True
2025-01-23 08:00:00,8,54.0,54.0,54.865,387.0,342.0,45.0,24.0,144.0,366.0,62.884,62.976,42.105,39.344,37.209,True
2025-01-23 09:00:00,9,50.0,50.0,50.228,304.0,244.0,60.0,46.0,177.0,290.0,51.293,48.31,72.541,61.034,58.224,True
2025-01-23 10:00:00,10,31.0,31.0,31.872,384.0,351.0,33.0,20.0,335.0,371.0,34.266,33.065,95.442,90.296,87.24,True
2025-01-23 11:00:00,11,28.0,28.0,28.947,513.0,473.0,40.0,22.0,466.0,495.0,29.547,28.026,98.52,94.141,90.838,True
2025-01-23 12:00:00,12,22.0,22.0,22.559,526.0,486.0,40.0,20.0,486.0,506.0,22.924,21.649,100.0,96.047,92.395,True
2025-01-23 13:00:00,13,20.0,21.0,21.162,520.0,478.0,42.0,28.0,477.0,506.0,21.674,20.615,99.791,94.269,91.731,False
2025-01-23 14:00:00,14,26.0,26.0,26.901,590.0,545.0,45.0,22.0,539.0,567.0,27.47,25.771,98.899,95.062,91.356,True
2025-01-23 15:00:00,15,39.0,39.0,39.806,582.0,501.0,81.0,39.0,421.0,540.0,41.058,37.33,84.032,77.963,72.337,True
2025-01-23 16:00:00,16,53.0,53.0,53.963,337.0,266.0,71.0,40.0,182.0,306.0,54.505,49.797,68.421,59.477,54.006,True
2025-01-23 17:00:00,17,47.0,47.0,47.566,227.0,187.0,40.0,29.0,135.0,216.0,48.485,42.147,72.193,62.5,59.471,True
2025-01-23 18:00:00,18,39.0,39.0,39.609,107.0,90.0,17.0,12.0,67.0,102.0,40.264,31.775,74.444,65.686,62.617,True
2025-01-23 19:00:00,19,31.0,31.0,31.08,56.0,48.0,8.0,3.0,48.0,51.0,32.537,31.581,100.0,94.118,85.714,True
2025-01-23 20:00:00,20,39.0,39.0,39.691,64.0,54.0,10.0,7.0,46.0,61.0,40.712,39.039,85.185,75.41,71.875,True
2025-01-23 21:00:00,21,35.0,35.0,35.591,24.0,22.0,2.0,2.0,21.0,24.0,35.764,30.731,95.455,87.5,87.5,True
2025-01-23 22:00:00,22,25.0,25.0,25.562,19.0,16.0,3.0,2.0,16.0,18.0,25.987,25.295,100.0,88.889,84.211,True
2025-01-23 23:00:00,23,27.0,27.0,27.692,16.0,13.0,3.0,2.0,12.0,15.0,28.044,25.228,92.308,80.0,75.0,True
2025-01-24 00:00:00,0,43.0,43.0,43.444,10.0,9.0,1.0,1.0,7.0,10.0,43.9,38.853,77.778,70.0,70.0,True
2025-01-24 02:00:00,2,25.0,25.0,25.0,3.0,3.0,0.0,0.0,3.0,3.0,25.253,24.98,100.0,100.0,100.0,True
2025-01-24 03:00:00,3,21.0,21.0,21.667,3.0,3.0,0.0,0.0,3.0,3.0,22.461,22.369,100.0,100.0,100.0,True
2025-01-24 04:00:00,4,26.0,26.0,26.786,12.0,11.0,1.0,1.0,10.0,12.0,29.493,24.956,90.909,83.333,83.333,True
2025-01-24 05:00:00,5,43.0,43.0,43.182,19.0,14.0,5.0,1.0,7.0,15.0,54.456,57.647,50.0,46.667,36.842,True
2025-01-24 06:00:00,6,55.0,55.0,55.786,40.0,32.0,8.0,3.0,18.0,35.0,61.786,57.574,56.25,51.429,45.0,True
2025-01-24 07:00:00,7,47.0,47.0,47.704,308.0,263.0,45.0,19.0,157.0,282.0,57.153,54.439,59.696,55.674,50.974,True
2025-01-24 08:00:00,8,48.0,49.0,49.01,344.0,296.0,48.0,25.0,163.0,321.0,56.661,55.693,55.068,50.779,47.384,False
2025-01-24 09:00:00,9,40.0,40.0,40.388,351.0,309.0,42.0,19.0,264.0,328.0,41.0,38.513,85.437,80.488,75.214,True
2025-01-24 10:00:00,10,30.0,30.0,30.481,406.0,368.0,38.0,30.0,354.0,398.0,32.239,30.604,96.196,88.945,87.192,True
2025-01-24 11:00:00,11,27.0,27.0,27.219,538.0,497.0,41.0,27.0,493.0,524.0,27.871,27.019,99.195,94.084,91.636,True
2025-01-24 12:00:00,12,21.0,21.0,21.951,498.0,463.0,34.0,14.0,463.0,478.0,22.256,21.107,100.0,96.862,92.972,True
2025-01-24 13:00:00,13,21.0,21.0,21.635,489.0,457.0,31.0,16.0,453.0,474.0,22.048,20.154,99.125,95.57,92.638,True
2025-01-24 14:00:00,14,29.0,29.0,29.909,645.0,594.0,51.0,31.0,571.0,625.0,30.577,27.586,96.128,91.36,88.527,True
2025-01-24 15:00:00,15,52.0,51.0,51.801,595.0,487.0,108.0,79.0,326.0,566.0,53.789,47.601,66.94,57.597,54.79,False
2025-01-24 16:00:00,16,69.0,69.0,69.395,291.0,226.0,65.0,51.0,90.0,277.0,70.757,71.293,39.823,32.491,30.928,True
2025-01-24 17:00:00,17,56.0,56.0,56.014,188.0,138.0,50.0,39.0,88.0,177.0,57.557,47.747,63.768,49.718,46.809,True
2025-01-24 18:00:00,18,49.0,49.0,49.859,91.0,75.0,16.0,13.0,51.0,88.0,51.043,45.401,68.0,57.955,56.044,True
2025-01-24 19:00:00,19,55.0,54.0,54.241,66.0,53.0,13.0,8.0,33.0,61.0,56.255,47.613,62.264,54.098,50.0,False
2025-01-24 20:00:00,20,47.0,47.0,47.225,54.0,36.0,18.0,11.0,28.0,47.0,50.17,45.751,77.778,59.574,51.852,True
2025-01-24 21:00:00,21,44.0,44.0,44.346,30.0,26.0,4.0,3.0,23.0,29.0,45.744,47.274,88.462,79.31,76.667,True
2025-01-24 22:00:00,22,31.0,32.0,32.238,25.0,20.0,5.0,3.0,20.0,23.0,33.053,32.689,100.0,86.957,80.0,False
2025-01-24 23:00:00,23,35.0,35.0,35.467,16.0,15.0,1.0,1.0,15.0,16.0,35.705,40.653,100.0,93.75,93.75,True
2025-01-25 00:00:00,0,37.0,37.0,37.3,10.0,9.0,1.0,1.0,7.0,10.0,41.56,35.144,77.778,70.0,70.0,True
2025-01-25 02:00:00,2,36.0,36.0,36.0,3.0,3.0,0.0,0.0,3.0,3.0,36.434,34.912,100.0,100.0,100.0,True
2025-01-25 03:00:00,3,37.0,37.0,37.25,5.0,4.0,1.0,1.0,4.0,5.0,37.606,32.937,100.0,80.0,80.0,True
2025-01-25 04:00:00,4,26.0,26.0,26.667,13.0,13.0,0.0,0.0,11.0,13.0,35.515,25.907,84.615,84.615,84.615,True
2025-01-25 05:00:00,5,40.0,40.0,40.455,10.0,7.0,3.0,1.0,5.0,8.0,44.542,31.107,71.429,62.5,50.0,True
2025-01-25 06:00:00,6,58.0,58.0,58.042,24.0,17.0,7.0,2.0,8.0,19.0,59.98,60.986,47.059,42.105,33.333,True
2025-01-25 07:00:00,7,26.0,26.0,26.691,44.0,38.0,6.0,2.0,38.0,40.0,27.572,24.758,100.0,95.0,86.364,True
2025-01-25 08:00:00,8,25.0,25.0,25.434,139.0,121.0,18.0,6.0,120.0,127.0,26.152,24.942,99.174,94.488,86.331,True
2025-01-25 09:00:00,9,29.0,29.0,29.178,214.0,196.0,18.0,8.0,193.0,204.0,29.928,28.435,98.469,94.608,90.187,True
2025-01-25 10:00:00,10,28.0,28.0,28.86,219.0,195.0,23.0,12.0,193.0,208.0,30.481,29.166,98.974,92.788,88.128,True
2025-01-25 11:00:00,11,32.0,32.0,32.183,259.0,234.0,25.0,14.0,231.0,248.0,33.549,33.12,98.718,93.145,89.189,True
2025-01-25 12:00:00,12,24.0,24.0,24.376,215.0,197.0,18.0,9.0,196.0,206.0,24.728,23.826,99.492,95.146,91.163,True
2025-01-25 13:00:00,13,21.0,21.0,21.318,165.0,154.0,11.0,9.0,154.0,163.0,21.687,21.484,100.0,94.479,93.333,True
2025-01-25 14:00:00,14,20.0,20.0,20.746,151.0,135.0,15.0,10.0,135.0,146.0,21.35,19.952,100.0,92.466,89.404,True
2025-01-25 15:00:00,15,23.0,23.0,23.43,157.0,135.0,22.0,12.0,134.0,147.0,24.215,22.069,99.259,91.156,85.35,True
2025-01-25 16:00:00,16,23.0,23.0,23.534,130.0,112.0,18.0,8.0,111.0,120.0,24.428,23.089,99.107,92.5,85.385,True
2025-01-25 17:00:00,17,24.0,24.0,24.91,103.0,88.0,15.0,8.0,85.0,96.0,25.301,21.221,96.591,88.542,82.524,True
2025-01-25 18:00:00,18,25.0,25.0,25.4,83.0,74.0,9.0,4.0,73.0,78.0,26.0,25.13,98.649,93.59,87.952,True
2025-01-25 19:00:00,19,23.0,23.0,23.805,44.0,40.0,4.0,3.0,40.0,43.0,24.687,25.004,100.0,93.023,90.909,True
2025-01-25 20:00:00,20,29.0,29.0,29.055,63.0,55.0,8.0,5.0,55.0,60.0,29.925,28.809,100.0,91.667,87.302,True
2025-01-25 21:00:00,21,28.0,28.0,28.75,31.0,27.0,4.0,3.0,27.0,30.0,29.308,27.599,100.0,90.0,87.097,True
2025-01-25 22:00:00,22,25.0,25.0,25.8,18.0,15.0,3.0,3.0,15.0,18.0,26.177,23.888,100.0,83.333,83.333,True
2025-01-25 23:00:00,23,29.0,29.0,29.5,10.0,8.0,2.0,1.0,7.0,9.0,29.915,26.95,87.5,77.778,70.0,True
2025-01-26 00:00:00,0,36.0,36.0,36.667,10.0,9.0,1.0,0.0,8.0,9.0,36.863,29.738,88.889,88.889,80.0,True
2025-01-26 01:00:00,1,48.0,48.0,48.667,5.0,3.0,2.0,2.0,3.0,5.0,49.251,47.412,100.0,60.0,60.0,True
2025-01-26 02:00:00,2,23.0,23.0,23.75,5.0,4.0,1.0,1.0,4.0,5.0,24.519,23.83,100.0,80.0,80.0,True
2025-01-26 03:00:00,3,19.0,19.0,19.75,3.0,3.0,0.0,0.0,3.0,3.0,27.313,24.924,100.0,100.0,100.0,True
2025-01-26 04:00:00,4,48.0,48.0,48.167,6.0,6.0,0.0,0.0,5.0,6.0,48.885,29.425,83.333,83.333,83.333,True
2025-01-26 05:00:00,5,58.0,58.0,58.2,6.0,5.0,1.0,1.0,3.0,6.0,59.013,29.145,60.0,50.0,50.0,True
2025-01-26 06:00:00,6,66.0,66.0,66.0,2.0,2.0,0.0,0.0,1.0,2.0,66.133,66.133,50.0,50.0,50.0,True
2025-01-26 07:00:00,7,29.0,29.0,29.228,66.0,60.0,6.0,2.0,59.0,62.0,31.662,31.504,98.333,95.161,89.394,True
2025-01-26 08:00:00,8,27.0,27.0,27.333,141.0,119.0,22.0,9.0,115.0,128.0,29.083,26.956,96.639,89.844,81.56,True
2025-01-26 09:00:00,9,43.0,43.0,43.865,231.0,188.0,43.0,30.0,140.0,218.0,44.813,42.668,74.468,64.22,60.606,True
2025-01-26 10:00:00,10,37.0,37.0,37.669,120.0,104.0,16.0,13.0,86.0,117.0,44.161,41.64,82.692,73.504,71.667,True
2025-01-26 11:00:00,11,24.0,24.0,24.63,124.0,110.0,14.0,7.0,110.0,117.0,25.341,24.661,100.0,94.017,88.71,True
2025-01-26 12:00:00,12,25.0,25.0,25.371,258.0,236.0,22.0,17.0,236.0,253.0,26.197,25.282,100.0,93.281,91.473,True
2025-01-26 13:00:00,13,27.0,27.0,27.615,164.0,154.0,10.0,8.0,153.0,162.0,28.837,28.157,99.351,94.444,93.293,True
2025-01-26 14:00:00,14,32.0,33.0,33.075,183.0,169.0,14.0,11.0,156.0,180.0,34.138,30.844,92.308,86.667,85.246,False
2025-01-26 15:00:00,15,39.0,39.0,39.056,122.0,103.0,19.0,15.0,87.0,118.0,40.904,38.068,84.466,73.729,71.311,True
2025-01-26 16:00:00,16,44.0,44.0,44.702,112.0,93.0,19.0,14.0,70.0,107.0,45.496,41.404,75.269,65.421,62.5,True
2025-01-26 17:00:00,17,40.0,40.0,40.766,83.0,62.0,21.0,17.0,53.0,79.0,42.055,39.193,85.484,67.089,63.855,True
2025-01-26 18:00:00,18,32.0,33.0,33.527,61.0,55.0,6.0,4.0,53.0,59.0,33.937,30.998,96.364,89.831,86.885,False
2025-01-26 19:00:00,19,32.0,32.0,32.432,59.0,44.0,15.0,11.0,38.0,55.0,32.768,27.783,86.364,69.091,64.407,True
2025-01-26 20:00:00,20,60.0,60.0,60.208,31.0,24.0,7.0,7.0,13.0,31.0,60.609,50.287,54.167,41.935,41.935,True
2025-01-26 21:00:00,21,54.0,54.0,54.727,26.0,11.0,15.0,9.0,5.0,20.0,55.154,60.778,45.455,25.0,19.231,True
2025-01-26 22:00:00,22,52.0,52.0,52.933,17.0,14.0,3.0,3.0,8.0,17.0,56.252,50.312,57.143,47.059,47.059,True
2025-01-26 23:00:00,23,35.0,35.0,35.167,7.0,6.0,1.0,1.0,5.0,7.0,35.665,32.628,83.333,71.429,71.429,True
2025-01-27 00:00:00,0,47.0,47.0,47.0,3.0,2.0,1.0,1.0,2.0,3.0,47.429,47.429,100.0,66.667,66.667,True
2025-01-27 01:00:00,1,36.0,36.0,36.0,1.0,1.0,0.0,0.0,1.0,1.0,36.669,36.669,100.0,100.0,100.0,True
2025-01-27 02:00:00,2,21.0,21.0,21.5,5.0,4.0,1.0,1.0,4.0,5.0,22.726,22.45,100.0,80.0,80.0,True
2025-01-27 03:00:00,3,30.0,30.0,30.167,7.0,6.0,1.0,1.0,6.0,7.0,30.73,27.897,100.0,85.714,85.714,True
2025-01-27 04:00:00,4,18.0,18.0,18.444,9.0,7.0,2.0,2.0,7.0,9.0,23.629,20.702,100.0,77.778,77.778,True
2025-01-27 05:00:00,5,38.0,38.0,38.643,9.0,8.0,1.0,1.0,6.0,9.0,47.268,33.78,75.0,66.667,66.667,True
2025-01-27 06:00:00,6,70.0,70.0,70.871,21.0,17.0,4.0,3.0,8.0,20.0,64.035,66.629,47.059,40.0,38.095,True
2025-01-27 07:00:00,7,44.0,44.0,44.197,96.0,69.0,27.0,11.0,49.0,80.0,52.513,48.884,71.014,61.25,51.042,True
2025-01-27 08:00:00,8,28.0,28.0,28.908,141.0,106.0,34.0,15.0,101.0,122.0,30.061,27.7,95.283,82.787,71.631,True
2025-01-27 09:00:00,9,30.0,29.0,29.97,231.0,197.0,33.0,18.0,190.0,216.0,30.457,26.871,96.447,87.963,82.251,False
2025-01-27 10:00:00,10,34.0,34.0,34.875,269.0,237.0,31.0,20.0,209.0,258.0,38.882,36.637,88.186,81.008,77.695,True
2025-01-27 11:00:00,11,37.0,37.0,37.466,291.0,243.0,48.0,31.0,227.0,274.0,38.524,36.158,93.416,82.847,78.007,True
2025-01-27 12:00:00,12,27.0,27.0,27.581,256.0,227.0,29.0,18.0,225.0,245.0,28.243,26.541,99.119,91.837,87.891,True
2025-01-27 13:00:00,13,22.0,22.0,22.133,244.0,228.0,16.0,10.0,227.0,238.0,22.563,21.56,99.561,95.378,93.033,True
2025-01-27 14:00:00,14,21.0,21.0,21.704,232.0,207.0,25.0,10.0,205.0,217.0,22.349,21.569,99.034,94.47,88.362,True
2025-01-27 15:00:00,15,28.0,28.0,28.649,241.0,205.0,36.0,19.0,202.0,224.0,29.167,27.366,98.537,90.179,83.817,True
2025-01-27 16:00:00,16,30.0,30.0,30.343,154.0,134.0,20.0,11.0,131.0,145.0,30.864,29.68,97.761,90.345,85.065,True
2025-01-27 17:00:00,17,23.0,23.0,23.43,84.0,73.0,11.0,8.0,73.0,81.0,24.924,24.091,100.0,90.123,86.905,True
2025-01-27 18:00:00,18,23.0,23.0,23.559,66.0,57.0,9.0,4.0,57.0,61.0,24.775,24.35,100.0,93.443,86.364,True
2025-01-27 19:00:00,19,26.0,26.0,26.719,34.0,31.0,3.0,2.0,31.0,33.0,27.883,29.202,100.0,93.939,91.176,True
2025-01-27 20:00:00,20,27.0,27.0,27.8,28.0,25.0,3.0,2.0,25.0,27.0,28.243,25.576,100.0,92.593,89.286,True
2025-01-27 21:00:00,21,27.0,27.0,27.765,24.0,17.0,7.0,6.0,17.0,23.0,28.138,26.893,100.0,73.913,70.833,True
2025-01-27 22:00:00,22,27.0,27.0,27.312,16.0,16.0,0.0,0.0,16.0,16.0,27.801,28.688,100.0,100.0,100.0,True
2025-01-27 23:00:00,23,29.0,29.0,29.375,9.0,8.0,1.0,0.0,8.0,8.0,29.669,27.426,100.0,100.0,88.889,True
2025-01-28 00:00:00,0,49.0,49.0,49.0,3.0,2.0,1.0,1.0,1.0,3.0,49.646,49.646,50.0,33.333,33.333,True
2025-01-28 01:00:00,1,30.0,30.0,30.5,4.0,2.0,2.0,2.0,2.0,4.0,30.615,30.615,100.0,50.0,50.0,True
2025-01-28 02:00:00,2,39.0,39.0,39.8,5.0,5.0,0.0,0.0,5.0,5.0,40.177,39.1,100.0,100.0,100.0,True
2025-01-28 03:00:00,3,26.0,26.0,26.571,7.0,6.0,1.0,1.0,6.0,7.0,31.904,27.065,100.0,85.714,85.714,True
2025-01-28 04:00:00,4,24.0,24.0,24.545,8.0,7.0,1.0,1.0,6.0,8.0,36.361,30.879,85.714,75.0,75.0,True
2025-01-28 05:00:00,5,29.0,29.0,29.462,16.0,11.0,5.0,3.0,9.0,14.0,35.409,22.291,81.818,64.286,56.25,True
2025-01-28 06:00:00,6,57.0,57.0,57.957,15.0,14.0,1.0,1.0,5.0,15.0,59.748,63.905,35.714,33.333,33.333,True
2025-01-28 07:00:00,7,25.0,25.0,25.8,18.0,16.0,2.0,1.0,16.0,17.0,26.047,23.55,100.0,94.118,88.889,True
2025-01-28 08:00:00,8,21.0,21.0,21.755,49.0,38.0,11.0,6.0,37.0,44.0,23.615,20.618,97.368,84.091,75.51,True
2025-01-28 09:00:00,9,22.0,22.0,22.072,79.0,69.0,10.0,1.0,69.0,70.0,22.695,21.204,100.0,98.571,87.342,True
2025-01-28 10:00:00,10,23.0,23.0,23.399,150.0,138.0,12.0,3.0,137.0,141.0,24.596,23.539,99.275,97.163,91.333,True
2025-01-28 11:00:00,11,22.0,22.0,22.376,131.0,125.0,6.0,3.0,125.0,128.0,23.295,22.654,100.0,97.656,95.42,True
2025-01-28 12:00:00,12,19.0,19.0,19.913,126.0,117.0,9.0,3.0,117.0,120.0,21.096,21.009,100.0,97.5,92.857,True
2025-01-28 13:00:00,13,21.0,21.0,21.086,121.0,112.0,9.0,5.0,112.0,117.0,21.631,20.81,100.0,95.726,92.562,True
2025-01-28 14:00:00,14,22.0,22.0,22.225,118.0,108.0,10.0,8.0,107.0,116.0,23.609,21.78,99.074,92.241,90.678,True
2025-01-28 15:00:00,15,21.0,21.0,21.642,122.0,105.0,17.0,10.0,105.0,115.0,22.317,20.601,100.0,91.304,86.066,True
2025-01-28 16:00:00,16,23.0,23.0,23.919,94.0,82.0,12.0,7.0,81.0,89.0,25.028,23.67,98.78,91.011,86.17,True
2025-01-28 17:00:00,17,25.0,25.0,25.075,85.0,81.0,4.0,3.0,81.0,84.0,25.436,24.52,100.0,96.429,95.294,True
2025-01-28 18:00:00,18,26.0,26.0,26.681,47.0,45.0,2.0,0.0,45.0,45.0,27.881,25.216,100.0,100.0,95.745,True
2025-01-28 19:00:00,19,31.0,31.0,31.81,51.0,43.0,8.0,7.0,40.0,50.0,33.396,31.212,93.023,80.0,78.431,True
2025-01-28 20:00:00,20,32.0,32.0,32.194,41.0,31.0,10.0,5.0,31.0,36.0,30.55,29.001,100.0,86.111,75.61,True
2025-01-28 21:00:00,21,38.0,38.0,38.048,27.0,20.0,7.0,4.0,19.0,24.0,39.03,38.785,95.0,79.167,70.37,True
2025-01-28 22:00:00,22,37.0,37.0,37.833,12.0,12.0,0.0,0.0,12.0,12.0,38.022,37.024,100.0,100.0,100.0,True
2025-01-28 23:00:00,23,30.0,30.0,30.333,9.0,6.0,3.0,3.0,6.0,9.0,31.011,30.826,100.0,66.667,66.667,True
2025-01-29 00:00:00,0,29.0,29.0,29.0,5.0,4.0,1.0,1.0,4.0,5.0,29.999,28.182,100.0,80.0,80.0,True
2025-01-29 01:00:00,1,37.0,37.0,37.5,2.0,2.0,0.0,0.0,2.0,2.0,37.941,37.941,100.0,100.0,100.0,True
2025-01-29 02:00:00,2,36.0,36.0,36.0,3.0,3.0,0.0,0.0,3.0,3.0,36.117,39.112,100.0,100.0,100.0,True
2025-01-29 03:00:00,3,24.0,24.0,24.333,3.0,3.0,0.0,0.0,3.0,3.0,24.788,21.751,100.0,100.0,100.0,True
2025-01-29 04:00:00,4,25.0,25.0,25.556,8.0,7.0,1.0,1.0,7.0,8.0,32.874,34.926,100.0,87.5,87.5,True
2025-01-29 05:00:00,5,28.0,28.0,28.25,7.0,7.0,0.0,0.0,6.0,7.0,38.816,23.902,85.714,85.714,85.714,True
2025-01-29 06:00:00,6,69.0,69.0,69.095,16.0,13.0,3.0,2.0,5.0,15.0,68.897,70.17,38.462,33.333,31.25,True
2025-01-29 07:00:00,7,35.0,35.0,35.9,54.0,40.0,14.0,9.0,36.0,49.0,36.348,31.456,90.0,73.469,66.667,True
2025-01-29 08:00:00,8,22.0,22.0,22.512,83.0,72.0,11.0,6.0,72.0,78.0,22.575,21.847,100.0,92.308,86.747,True
2025-01-29 09:00:00,9,21.0,21.0,21.73,112.0,99.0,13.0,6.0,98.0,105.0,22.299,21.747,98.99,93.333,87.5,True
2025-01-29 10:00:00,10,22.0,22.0,22.31,144.0,129.0,15.0,6.0,128.0,135.0,23.605,22.601,99.225,94.815,88.889,True
2025-01-29 11:00:00,11,26.0,26.0,26.272,160.0,153.0,7.0,4.0,152.0,157.0,27.462,26.982,99.346,96.815,95.0,True
2025-01-29 12:00:00,12,22.0,22.0,22.45,120.0,108.0,12.0,9.0,108.0,117.0,22.849,22.405,100.0,92.308,90.0,True
2025-01-29 13:00:00,13,21.0,21.0,21.621,112.0,103.0,9.0,5.0,103.0,108.0,22.034,20.33,100.0,95.37,91.964,True
2025-01-29 14:00:00,14,23.0,23.0,23.294,143.0,134.0,9.0,6.0,133.0,140.0,23.96,22.505,99.254,95.0,93.007,True
2025-01-29 15:00:00,15,24.0,24.0,24.606,146.0,130.0,16.0,12.0,128.0,142.0,25.886,24.646,98.462,90.141,87.671,True
2025-01-29 16:00:00,16,41.0,41.0,41.152,107.0,96.0,11.0,7.0,82.0,103.0,42.022,39.992,85.417,79.612,76.636,True
2025-01-29 17:00:00,17,44.0,44.0,44.83,64.0,51.0,13.0,10.0,37.0,61.0,46.006,38.005,72.549,60.656,57.812,True
2025-01-29 18:00:00,18,33.0,33.0,33.702,68.0,57.0,11.0,9.0,55.0,66.0,34.052,31.256,96.491,83.333,80.882,True
2025-01-29 19:00:00,19,38.0,37.0,37.755,54.0,49.0,5.0,5.0,45.0,54.0,38.134,36.248,91.837,83.333,83.333,False
2025-01-29 20:00:00,20,48.0,48.0,48.31,39.0,29.0,10.0,6.0,23.0,35.0,48.614,43.96,79.31,65.714,58.974,True
2025-01-29 21:00:00,21,52.0,52.0,52.556,34.0,27.0,7.0,5.0,18.0,32.0,52.98,45.29,66.667,56.25,52.941,True
2025-01-29 22:00:00,22,48.0,48.0,48.643,20.0,14.0,6.0,4.0,10.0,18.0,48.988,48.067,71.429,55.556,50.0,True
2025-01-29 23:00:00,23,29.0,29.0,29.143,9.0,7.0,2.0,2.0,7.0,9.0,29.559,24.148,100.0,77.778,77.778,True
2025-01-30 00:00:00,0,29.0,29.0,29.8,7.0,5.0,2.0,2.0,4.0,7.0,30.569,23.933,80.0,57.143,57.143,True
2025-01-30 01:00:00,1,22.0,22.0,22.5,3.0,2.0,1.0,1.0,2.0,3.0,23.077,23.077,100.0,66.667,66.667,True
2025-01-30 03:00:00,3,23.0,23.0,23.75,3.0,3.0,0.0,0.0,3.0,3.0,32.656,35.719,100.0,100.0,100.0,True
2025-01-30 04:00:00,4,22.0,22.0,22.667,9.0,8.0,1.0,1.0,8.0,9.0,28.08,25.923,100.0,88.889,88.889,True
2025-01-30 05:00:00,5,36.0,36.0,36.818,10.0,9.0,1.0,0.0,7.0,9.0,42.776,36.04,77.778,77.778,70.0,True
2025-01-30 06:00:00,6,61.0,61.0,61.28,18.0,16.0,2.0,2.0,7.0,18.0,62.113,64.608,43.75,38.889,38.889,True
2025-01-30 07:00:00,7,21.0,21.0,21.654,14.0,10.0,4.0,1.0,10.0,11.0,18.344,16.169,100.0,90.909,71.429,True
2025-01-30 08:00:00,8,18.0,18.0,18.725,35.0,31.0,4.0,3.0,31.0,34.0,18.533,17.149,100.0,91.176,88.571,True
2025-01-30 09:00:00,9,20.0,19.0,19.984,70.0,63.0,7.0,4.0,63.0,67.0,20.321,19.635,100.0,94.03,90.0,False
2025-01-30 10:00:00,10,20.0,20.0,20.258,120.0,111.0,9.0,4.0,111.0,115.0,20.67,20.356,100.0,96.522,92.5,True
2025-01-30 11:00:00,11,21.0,21.0,21.2,126.0,118.0,8.0,4.0,117.0,122.0,22.273,21.027,99.153,95.902,92.857,True
2025-01-30 12:00:00,12,20.0,20.0,20.752,113.0,106.0,7.0,3.0,106.0,109.0,21.878,20.96,100.0,97.248,93.805,True
2025-01-30 13:00:00,13,20.0,20.0,20.585,136.0,128.0,8.0,7.0,128.0,135.0,21.333,20.881,100.0,94.815,94.118,True
2025-01-30 14:00:00,14,20.0,21.0,21.083,104.0,96.0,8.0,6.0,96.0,102.0,21.598,19.521,100.0,94.118,92.308,False
2025-01-30 15:00:00,15,22.0,22.0,22.766,135.0,124.0,10.0,4.0,123.0,129.0,23.877,22.797,99.194,95.349,91.111,True
2025-01-30 16:00:00,16,26.0,26.0,26.554,110.0,97.0,13.0,6.0,92.0,103.0,27.654,23.207,94.845,89.32,83.636,True
2025-01-30 17:00:00,17,27.0,27.0,27.542,84.0,69.0,15.0,8.0,67.0,77.0,28.525,26.143,97.101,87.013,79.762,True
2025-01-30 18:00:00,18,30.0,29.0,29.797,73.0,65.0,8.0,7.0,59.0,72.0,30.033,25.204,90.769,81.944,80.822,False
2025-01-30 19:00:00,19,30.0,30.0,30.5,45.0,38.0,7.0,5.0,34.0,43.0,31.776,25.375,89.474,79.07,75.556,True
2025-01-30 20:00:00,20,31.0,30.0,30.923,27.0,24.0,3.0,3.0,24.0,27.0,31.682,30.103,100.0,88.889,88.889,False
2025-01-30 21:00:00,21,32.0,32.0,32.192,29.0,27.0,2.0,1.0,26.0,28.0,32.276,31.352,96.296,92.857,89.655,True
2025-01-30 22:00:00,22,28.0,28.0,28.941,21.0,16.0,5.0,3.0,16.0,19.0,29.371,30.166,100.0,84.211,76.19,True
2025-01-30 23:00:00,23,33.0,33.0,33.0,15.0,13.0,2.0,1.0,13.0,14.0,33.605,35.035,100.0,92.857,86.667,True
2025-01-31 00:00:00,0,19.0,19.0,19.667,3.0,2.0,1.0,1.0,2.0,3.0,19.29,19.29,100.0,66.667,66.667,True
2025-01-31 01:00:00,1,32.0,32.0,32.0,2.0,1.0,1.0,1.0,1.0,2.0,32.875,32.875,100.0,50.0,50.0,True
2025-01-31 02:00:00,2,26.0,26.0,26.75,4.0,4.0,0.0,0.0,4.0,4.0,27.787,28.064,100.0,100.0,100.0,True
2025-01-31 03:00:00,3,17.0,17.0,17.667,6.0,6.0,0.0,0.0,6.0,6.0,18.463,17.941,100.0,100.0,100.0,True
2025-01-31 04:00:00,4,26.0,26.0,26.111,8.0,7.0,1.0,1.0,7.0,8.0,34.299,30.427,100.0,87.5,87.5,True
2025-01-31 05:00:00,5,51.0,51.0,51.5,13.0,11.0,2.0,0.0,4.0,11.0,69.032,78.549,36.364,36.364,30.769,True
2025-01-31 06:00:00,6,58.0,58.0,58.245,34.0,28.0,6.0,1.0,13.0,29.0,57.063,61.258,46.429,44.828,38.235,True
2025-01-31 07:00:00,7,30.0,30.0,30.473,203.0,133.0,70.0,18.0,126.0,151.0,33.375,30.49,94.737,83.444,62.069,True
2025-01-31 08:00:00,8,24.0,24.0,24.494,369.0,282.0,87.0,25.0,282.0,307.0,25.016,24.176,100.0,91.857,76.423,True
2025-01-31 09:00:00,9,24.0,24.0,24.826,425.0,377.0,48.0,15.0,377.0,392.0,25.242,24.512,100.0,96.173,88.706,True
2025-01-31 10:00:00,10,22.0,22.0,22.592,395.0,363.0,32.0,15.0,363.0,378.0,23.407,22.572,100.0,96.032,91.899,True
2025-01-31 11:00:00,11,21.0,21.0,21.708,435.0,416.0,19.0,8.0,416.0,424.0,22.247,21.721,100.0,98.113,95.632,True
2025-01-31 12:00:00,12,20.0,20.0,20.843,442.0,422.0,19.0,8.0,419.0,431.0,21.209,20.241,99.289,97.216,94.796,True
2025-01-31 13:00:00,13,20.0,20.0,20.52,454.0,417.0,37.0,24.0,415.0,441.0,21.014,20.091,99.52,94.104,91.41,True
2025-01-31 14:00:00,14,26.0,26.0,26.303,554.0,514.0,40.0,13.0,496.0,527.0,26.882,24.741,96.498,94.118,89.531,True
2025-01-31 15:00:00,15,40.0,40.0,40.202,531.0,440.0,91.0,56.0,380.0,496.0,41.679,39.238,86.364,76.613,71.563,True
2025-01-31 16:00:00,16,42.0,42.0,42.985,251.0,187.0,64.0,34.0,156.0,221.0,44.633,42.429,83.422,70.588,62.151,True
2025-01-31 17:00:00,17,35.0,35.0,35.595,192.0,161.0,31.0,22.0,151.0,183.0,36.462,35.311,93.789,82.514,78.646,True
2025-01-31 18:00:00,18,31.0,31.0,31.578,103.0,80.0,23.0,15.0,78.0,95.0,31.85,28.177,97.5,82.105,75.728,True
2025-01-31 19:00:00,19,23.0,23.0,23.679,58.0,54.0,4.0,3.0,54.0,57.0,24.508,22.62,100.0,94.737,93.103,True
2025-01-31 20:00:00,20,33.0,33.0,33.878,50.0,41.0,9.0,8.0,39.0,49.0,34.078,31.373,95.122,79.592,78.0,True
2025-01-31 21:00:00,21,32.0,32.0,32.107,34.0,26.0,8.0,6.0,25.0,32.0,35.087,35.126,96.154,78.125,73.529,True
2025-01-31 22:00:00,22,29.0,29.0,29.0,20.0,16.0,4.0,1.0,16.0,17.0,29.304,24.947,100.0,94.118,80.0,True
2025-01-31 23:00:00,23,27.0,27.0,27.889,10.0,9.0,1.0,1.0,9.0,10.0,28.291,29.521,100.0,90.0,90.0,True
2025-02-01 00:00:00,0,58.0,58.0,58.6,9.0,5.0,4.0,3.0,2.0,8.0,59.056,66.643,40.0,25.0,22.222,True
2025-02-01 01:00:00,1,33.0,33.0,33.4,6.0,5.0,1.0,1.0,5.0,6.0,34.087,27.59,100.0,83.333,83.333,True
2025-02-01 02:00:00,2,23.0,23.0,23.5,2.0,2.0,0.0,0.0,2.0,2.0,24.975,24.975,100.0,100.0,100.0,True
2025-02-01 03:00:00,3,27.0,27.0,27.0,6.0,5.0,1.0,1.0,5.0,6.0,27.808,28.729,100.0,83.333,83.333,True
2025-02-01 04:00:00,4,25.0,25.0,25.125,14.0,12.0,2.0,1.0,12.0,13.0,32.809,32.592,100.0,92.308,85.714,True
2025-02-01 05:00:00,5,31.0,31.0,31.417,10.0,8.0,2.0,2.0,7.0,10.0,31.539,24.509,87.5,70.0,70.0,True
2025-02-01 06:00:00,6,64.0,64.0,64.63,22.0,18.0,4.0,3.0,5.0,21.0,66.453,69.885,27.778,23.81,22.727,True
2025-02-01 07:00:00,7,35.0,35.0,35.581,36.0,31.0,5.0,5.0,28.0,36.0,35.531,29.495,90.323,77.778,77.778,True
2025-02-01 08:00:00,8,27.0,26.0,26.931,127.0,109.0,18.0,8.0,105.0,117.0,29.144,26.41,96.33,89.744,82.677,False
2025-02-01 09:00:00,9,27.0,27.0,27.701,153.0,141.0,12.0,9.0,136.0,150.0,27.775,25.698,96.454,90.667,88.889,True
2025-02-01 10:00:00,10,22.0,22.0,22.596,174.0,162.0,12.0,5.0,162.0,167.0,23.146,21.957,100.0,97.006,93.103,True
2025-02-01 11:00:00,11,25.0,25.0,25.581,224.0,207.0,17.0,9.0,206.0,216.0,26.388,24.714,99.517,95.37,91.964,True
2025-02-01 12:00:00,12,21.0,21.0,21.964,184.0,174.0,10.0,8.0,173.0,182.0,22.601,20.489,99.425,95.055,94.022,True
2025-02-01 13:00:00,13,20.0,20.0,20.423,149.0,143.0,6.0,5.0,143.0,148.0,20.824,19.696,100.0,96.622,95.973,True
2025-02-01 14:00:00,14,21.0,21.0,21.549,162.0,141.0,21.0,10.0,141.0,151.0,21.974,21.279,100.0,93.377,87.037,True
2025-02-01 15:00:00,15,22.0,22.0,22.692,146.0,135.0,11.0,3.0,135.0,138.0,23.528,22.277,100.0,97.826,92.466,True
2025-02-01 16:00:00,16,22.0,22.0,22.91,111.0,96.0,15.0,9.0,94.0,105.0,23.921,20.891,97.917,89.524,84.685,True
2025-02-01 17:00:00,17,23.0,23.0,23.894,72.0,63.0,9.0,6.0,62.0,69.0,24.649,22.76,98.413,89.855,86.111,True
2025-02-01 18:00:00,18,22.0,22.0,22.619,64.0,61.0,3.0,1.0,60.0,62.0,23.473,21.773,98.361,96.774,93.75,True
2025-02-01 19:00:00,19,24.0,25.0,25.262,45.0,42.0,3.0,1.0,41.0,43.0,25.586,23.353,97.619,95.349,91.111,False
2025-02-01 20:00:00,20,29.0,29.0,29.762,46.0,42.0,4.0,2.0,42.0,44.0,30.096,28.033,100.0,95.455,91.304,True
2025-02-01 21:00:00,21,25.0,26.0,26.095,26.0,21.0,5.0,2.0,20.0,23.0,26.518,26.636,95.238,86.957,76.923,False
2025-02-01 22:00:00,22,28.0,28.0,28.389,19.0,18.0,1.0,1.0,18.0,19.0,28.7,27.109,100.0,94.737,94.737,True
2025-02-01 23:00:00,23,26.0,26.0,26.0,11.0,9.0,2.0,2.0,9.0,11.0,26.609,27.545,100.0,81.818,81.818,True
2025-02-02 00:00:00,0,37.0,37.0,37.5,5.0,4.0,1.0,1.0,4.0,5.0,37.904,38.162,100.0,80.0,80.0,True
2025-02-02 01:00:00,1,40.0,40.0,40.0,2.0,1.0,1.0,1.0,1.0,2.0,39.765,39.765,100.0,50.0,50.0,True
2025-02-02 02:00:00,2,32.0,32.0,32.0,5.0,4.0,1.0,0.0,4.0,4.0,32.922,33.557,100.0,100.0,80.0,True
2025-02-02 03:00:00,3,19.0,19.0,19.5,3.0,3.0,0.0,0.0,3.0,3.0,26.647,29.335,100.0,100.0,100.0,True
2025-02-02 04:00:00,4,27.0,27.0,27.0,6.0,6.0,0.0,0.0,6.0,6.0,27.391,25.802,100.0,100.0,100.0,True
2025-02-02 05:00:00,5,17.0,17.0,17.0,5.0,4.0,1.0,0.0,4.0,4.0,17.206,18.602,100.0,100.0,80.0,True
2025-02-02 06:00:00,6,71.0,71.0,71.5,6.0,4.0,2.0,1.0,2.0,5.0,51.124,49.666,50.0,40.0,33.333,True
2025-02-02 07:00:00,7,34.0,34.0,34.566,69.0,64.0,5.0,1.0,60.0,65.0,36.992,35.898,93.75,92.308,86.957,True
2025-02-02 08:00:00,8,27.0,27.0,27.313,141.0,121.0,20.0,8.0,120.0,129.0,28.119,25.99,99.174,93.023,85.106,True
2025-02-02 09:00:00,9,42.0,42.0,42.787,228.0,198.0,30.0,17.0,156.0,215.0,43.853,39.453,78.788,72.558,68.421,True
2025-02-02 10:00:00,10,39.0,39.0,39.163,134.0,114.0,20.0,13.0,99.0,127.0,42.658,41.837,86.842,77.953,73.881,True
2025-02-02 11:00:00,11,24.0,24.0,24.174,123.0,114.0,9.0,8.0,112.0,122.0,24.673,22.711,98.246,91.803,91.057,True
2025-02-02 12:00:00,12,23.0,23.0,23.629,231.0,218.0,13.0,8.0,216.0,226.0,24.534,23.484,99.083,95.575,93.506,True
2025-02-02 13:00:00,13,24.0,24.0,24.348,189.0,178.0,11.0,7.0,178.0,185.0,25.097,24.767,100.0,96.216,94.18,True
2025-02-02 14:00:00,14,26.0,26.0,26.194,161.0,145.0,16.0,12.0,142.0,157.0,26.296,24.382,97.931,90.446,88.199,True
2025-02-02 15:00:00,15,31.0,31.0,31.519,138.0,125.0,13.0,10.0,115.0,135.0,32.65,27.189,92.0,85.185,83.333,True
2025-02-02 16:00:00,16,30.0,30.0,30.761,106.0,86.0,20.0,16.0,79.0,102.0,31.827,27.824,91.86,77.451,74.528,True
2025-02-02 17:00:00,17,28.0,28.0,28.73,70.0,59.0,11.0,8.0,56.0,67.0,30.552,25.418,94.915,83.582,80.0,True
2025-02-02 18:00:00,18,29.0,29.0,29.0,57.0,50.0,7.0,5.0,49.0,55.0,29.362,26.904,98.0,89.091,85.965,True
2025-02-02 19:00:00,19,32.0,32.0,32.46,55.0,50.0,5.0,5.0,48.0,55.0,32.745,31.989,96.0,87.273,87.273,True
2025-02-02 20:00:00,20,38.0,38.0,38.385,31.0,26.0,5.0,4.0,22.0,30.0,38.524,28.526,84.615,73.333,70.968,True
2025-02-02 21:00:00,21,45.0,45.0,45.529,22.0,17.0,5.0,4.0,13.0,21.0,45.773,41.581,76.471,61.905,59.091,True
2025-02-02 22:00:00,22,31.0,31.0,31.714,8.0,7.0,1.0,1.0,7.0,8.0,32.446,35.364,100.0,87.5,87.5,True
2025-02-02 23:00:00,23,16.0,16.0,16.0,9.0,9.0,0.0,0.0,9.0,9.0,16.345,15.518,100.0,100.0,100.0,True
2025-02-03 00:00:00,0,41.0,41.0,41.25,5.0,4.0,1.0,1.0,4.0,5.0,41.738,39.532,100.0,80.0,80.0,True
2025-02-03 01:00:00,1,18.0,18.0,18.8,7.0,5.0,2.0,1.0,5.0,6.0,19.466,19.601,100.0,83.333,71.429,True
2025-02-03 02:00:00,2,26.0,26.0,26.0,4.0,2.0,2.0,2.0,2.0,4.0,26.986,26.986,100.0,50.0,50.0,True
2025-02-03 03:00:00,3,24.0,24.0,24.5,2.0,2.0,0.0,0.0,2.0,2.0,25.694,25.694,100.0,100.0,100.0,True
2025-02-03 04:00:00,4,17.0,17.0,17.833,12.0,10.0,2.0,2.0,9.0,12.0,28.733,24.924,90.0,75.0,75.0,True
2025-02-03 05:00:00,5,56.0,56.0,56.16,18.0,16.0,2.0,2.0,7.0,18.0,67.826,84.431,43.75,38.889,38.889,True
2025-02-03 06:00:00,6,60.0,60.0,60.359,39.0,35.0,4.0,4.0,11.0,39.0,71.36,70.465,31.429,28.205,28.205,True
2025-02-03 07:00:00,7,61.0,61.0,61.964,368.0,303.0,65.0,39.0,61.0,342.0,74.5,74.611,20.132,17.836,16.576,True
2025-02-03 08:00:00,8,63.0,63.0,63.728,381.0,311.0,69.0,51.0,60.0,363.0,76.121,78.349,19.293,16.529,15.748,True
2025-02-03 09:00:00,9,53.0,53.0,53.699,322.0,265.0,57.0,42.0,169.0,307.0,54.29,54.391,63.774,55.049,52.484,True
2025-02-03 10:00:00,10,26.0,26.0,26.841,367.0,329.0,38.0,18.0,327.0,347.0,28.814,27.714,99.392,94.236,89.101,True
2025-02-03 11:00:00,11,21.0,21.0,21.969,528.0,499.0,29.0,17.0,499.0,516.0,22.482,22.431,100.0,96.705,94.508,True
2025-02-03 12:00:00,12,21.0,21.0,21.217,587.0,557.0,30.0,16.0,555.0,573.0,21.69,20.726,99.641,96.859,94.549,True
2025-02-03 13:00:00,13,20.0,20.0,20.644,520.0,496.0,24.0,12.0,494.0,508.0,21.082,20.586,99.597,97.244,95.0,True
2025-02-03 14:00:00,14,25.0,25.0,25.704,709.0,651.0,58.0,30.0,642.0,681.0,26.284,24.559,98.618,94.273,90.55,True
2025-02-03 15:00:00,15,37.0,37.0,37.556,625.0,550.0,75.0,33.0,487.0,583.0,38.952,36.507,88.545,83.533,77.92,True
2025-02-03 16:00:00,16,41.0,41.0,41.804,320.0,257.0,63.0,39.0,202.0,296.0,42.519,38.203,78.599,68.243,63.125,True
2025-02-03 17:00:00,17,39.0,38.0,38.703,261.0,216.0,45.0,20.0,172.0,236.0,39.939,33.062,79.63,72.881,65.9,False
2025-02-03 18:00:00,18,39.0,39.0,39.51,114.0,98.0,16.0,8.0,81.0,106.0,39.224,35.561,82.653,76.415,71.053,True
2025-02-03 19:00:00,19,27.0,27.0,27.314,54.0,48.0,6.0,4.0,48.0,52.0,28.245,24.749,100.0,92.308,88.889,True
2025-02-03 20:00:00,20,27.0,27.0,27.574,56.0,51.0,5.0,3.0,51.0,54.0,29.045,27.677,100.0,94.444,91.071,True
2025-02-03 21:00:00,21,26.0,26.0,26.167,27.0,25.0,2.0,1.0,25.0,26.0,26.909,25.586,100.0,96.154,92.593,True
2025-02-03 22:00:00,22,23.0,23.0,23.737,20.0,18.0,2.0,1.0,18.0,19.0,23.829,22.246,100.0,94.737,90.0,True
2025-02-03 23:00:00,23,25.0,25.0,25.0,5.0,5.0,0.0,0.0,5.0,5.0,25.278,23.459,100.0,100.0,100.0,True
2025-02-04 00:00:00,0,49.0,49.0,49.5,5.0,4.0,1.0,1.0,3.0,5.0,50.246,42.945,75.0,60.0,60.0,True
2025-02-04 02:00:00,2,13.0,13.0,13.5,2.0,2.0,0.0,0.0,2.0,2.0,14.196,14.196,100.0,100.0,100.0,True
2025-02-04 03:00:00,3,21.0,21.0,21.6,4.0,4.0,0.0,0.0,4.0,4.0,27.849,27.7,100.0,100.0,100.0,True
2025-02-04 04:00:00,4,23.0,23.0,23.933,14.0,11.0,3.0,1.0,10.0,12.0,29.127,29.113,90.909,83.333,71.429,True
2025-02-04 05:00:00,5,48.0,48.0,48.857,21.0,15.0,6.0,2.0,9.0,17.0,54.4,35.075,60.0,52.941,42.857,True
2025-02-04 06:00:00,6,56.0,56.0,56.121,48.0,34.0,14.0,8.0,18.0,42.0,57.94,59.41,52.941,42.857,37.5,True
2025-02-04 07:00:00,7,59.0,59.0,59.34,379.0,318.0,61.0,35.0,78.0,353.0,71.699,73.152,24.528,22.096,20.58,True
2025-02-04 08:00:00,8,67.0,68.0,68.034,373.0,317.0,56.0,42.0,23.0,359.0,80.333,79.101,7.256,6.407,6.166,False
2025-02-04 09:00:00,9,57.0,57.0,57.913,275.0,232.0,42.0,29.0,122.0,262.0,59.318,57.962,52.586,46.565,44.364,True
2025-02-04 10:00:00,10,31.0,31.0,31.411,312.0,276.0,36.0,25.0,264.0,301.0,34.168,31.768,95.652,87.708,84.615,True
2025-02-04 11:00:00,11,22.0,22.0,22.813,489.0,462.0,27.0,8.0,461.0,470.0,23.186,22.604,99.784,98.085,94.274,True
2025-02-04 12:00:00,12,21.0,21.0,21.335,522.0,500.0,22.0,14.0,500.0,514.0,21.782,21.255,100.0,97.276,95.785,True
2025-02-04 13:00:00,13,19.0,19.0,19.692,498.0,470.0,28.0,11.0,470.0,481.0,20.051,19.153,100.0,97.713,94.378,True
2025-02-04 14:00:00,14,24.0,24.0,24.657,601.0,545.0,55.0,22.0,540.0,568.0,25.014,23.167,99.083,95.07,89.85,True
2025-02-04 15:00:00,15,35.0,35.0,35.509,673.0,582.0,91.0,42.0,526.0,624.0,36.635,33.008,90.378,84.295,78.158,True
2025-02-04 16:00:00,16,48.0,48.0,48.957,330.0,268.0,62.0,36.0,193.0,304.0,50.02,48.53,72.015,63.487,58.485,True
2025-02-04 17:00:00,17,42.0,42.0,42.571,214.0,169.0,45.0,30.0,129.0,199.0,43.756,37.682,76.331,64.824,60.28,True
2025-02-04 18:00:00,18,38.0,38.0,38.697,103.0,95.0,8.0,7.0,78.0,102.0,39.439,35.652,82.105,76.471,75.728,True
2025-02-04 19:00:00,19,31.0,31.0,31.132,61.0,51.0,10.0,8.0,48.0,59.0,33.154,32.732,94.118,81.356,78.689,True
2025-02-04 20:00:00,20,40.0,40.0,40.725,47.0,40.0,7.0,6.0,35.0,46.0,41.25,40.029,87.5,76.087,74.468,True
2025-02-04 21:00:00,21,46.0,46.0,46.939,37.0,32.0,5.0,5.0,25.0,37.0,46.849,44.834,78.125,67.568,67.568,True
2025-02-04 22:00:00,22,30.0,30.0,30.455,16.0,11.0,5.0,4.0,11.0,15.0,30.978,32.428,100.0,73.333,68.75,True
2025-02-04 23:00:00,23,29.0,29.0,29.778,9.0,9.0,0.0,0.0,8.0,9.0,30.155,29.348,88.889,88.889,88.889,True
2025-02-05 00:00:00,0,29.0,29.0,29.5,2.0,2.0,0.0,0.0,2.0,2.0,29.332,29.332,100.0,100.0,100.0,True
2025-02-05 01:00:00,1,24.0,24.0,24.0,3.0,1.0,2.0,0.0,1.0,1.0,24.466,24.466,100.0,100.0,33.333,True
2025-02-05 02:00:00,2,27.0,27.0,27.0,2.0,1.0,1.0,1.0,1.0,2.0,28.259,28.259,100.0,50.0,50.0,True
2025-02-05 03:00:00,3,32.0,32.0,32.8,6.0,5.0,1.0,1.0,5.0,6.0,32.964,33.11,100.0,83.333,83.333,True
2025-02-05 04:00:00,4,22.0,22.0,22.8,9.0,8.0,1.0,0.0,8.0,8.0,24.98,27.183,100.0,100.0,88.889,True
2025-02-05 05:00:00,5,39.0,39.0,39.524,14.0,12.0,2.0,1.0,8.0,13.0,48.387,42.624,66.667,61.538,57.143,True
2025-02-05 06:00:00,6,54.0,54.0,54.0,44.0,38.0,6.0,3.0,21.0,41.0,58.58,57.963,55.263,51.22,47.727,True
2025-02-05 07:00:00,7,57.0,57.0,57.737,348.0,299.0,49.0,27.0,93.0,326.0,69.634,70.048,31.104,28.528,26.724,True
2025-02-05 08:00:00,8,57.0,57.0,57.547,367.0,308.0,58.0,31.0,88.0,340.0,67.54,69.157,28.571,25.882,23.978,True
2025-02-05 09:00:00,9,45.0,45.0,45.488,277.0,230.0,47.0,25.0,186.0,255.0,46.235,43.333,80.87,72.941,67.148,True
2025-02-05 10:00:00,10,25.0,25.0,25.439,331.0,315.0,16.0,8.0,313.0,323.0,26.744,25.054,99.365,96.904,94.562,True
2025-02-05 11:00:00,11,23.0,23.0,23.613,488.0,456.0,32.0,13.0,453.0,469.0,24.094,23.037,99.342,96.588,92.828,True
2025-02-05 12:00:00,12,22.0,22.0,22.938,507.0,477.0,30.0,14.0,477.0,491.0,23.337,22.612,100.0,97.149,94.083,True
2025-02-05 13:00:00,13,19.0,19.0,19.952,489.0,455.0,33.0,16.0,455.0,472.0,20.226,19.642,100.0,96.398,93.047,True
2025-02-05 14:00:00,14,24.0,24.0,24.813,631.0,580.0,51.0,25.0,570.0,605.0,25.089,23.45,98.276,94.215,90.333,True
2025-02-05 15:00:00,15,38.0,38.0,38.034,650.0,568.0,82.0,43.0,490.0,611.0,38.867,34.41,86.268,80.196,75.385,True
2025-02-05 16:00:00,16,49.0,49.0,49.024,361.0,280.0,81.0,47.0,203.0,327.0,50.123,45.7,72.5,62.08,56.233,True
2025-02-05 17:00:00,17,41.0,41.0,41.556,201.0,174.0,27.0,15.0,146.0,189.0,42.501,39.375,83.908,77.249,72.637,True
2025-02-05 18:00:00,18,35.0,35.0,35.19,108.0,95.0,13.0,7.0,86.0,102.0,36.217,34.277,90.526,84.314,79.63,True
2025-02-05 19:00:00,19,24.0,24.0,24.72,53.0,49.0,4.0,2.0,49.0,51.0,25.044,24.289,100.0,96.078,92.453,True
2025-02-05 20:00:00,20,38.0,37.0,37.818,63.0,54.0,9.0,9.0,50.0,63.0,38.431,36.317,92.593,79.365,79.365,False
2025-02-05 21:00:00,21,34.0,34.0,34.786,35.0,28.0,7.0,6.0,27.0,34.0,35.08,34.344,96.429,79.412,77.143,True
2025-02-05 22:00:00,22,27.0,27.0,27.619,22.0,21.0,1.0,1.0,20.0,22.0,27.891,26.701,95.238,90.909,90.909,True
2025-02-05 23:00:00,23,27.0,27.0,27.167,6.0,6.0,0.0,0.0,6.0,6.0,27.481,28.212,100.0,100.0,100.0,True
2025-02-06 00:00:00,0,39.0,39.0,39.75,4.0,3.0,1.0,1.0,2.0,4.0,53.624,55.813,66.667,50.0,50.0,True
2025-02-06 01:00:00,1,32.0,32.0,32.0,3.0,2.0,1.0,1.0,2.0,3.0,48.429,48.429,100.0,66.667,66.667,True
2025-02-06 02:00:00,2,36.0,36.0,36.0,1.0,1.0,0.0,0.0,1.0,1.0,37.341,37.341,100.0,100.0,100.0,True
2025-02-06 03:00:00,3,19.0,19.0,19.2,5.0,4.0,1.0,1.0,4.0,5.0,22.47,22.068,100.0,80.0,80.0,True
2025-02-06 04:00:00,4,24.0,24.0,24.786,11.0,9.0,2.0,2.0,8.0,11.0,37.513,31.439,88.889,72.727,72.727,True
2025-02-06 05:00:00,5,40.0,40.0,40.727,20.0,16.0,4.0,3.0,12.0,19.0,43.542,29.788,75.0,63.158,60.0,True
2025-02-06 06:00:00,6,53.0,53.0,53.066,51.0,41.0,10.0,3.0,24.0,44.0,58.35,52.76,58.537,54.545,47.059,True
2025-02-06 07:00:00,7,54.0,55.0,55.104,389.0,334.0,55.0,21.0,136.0,355.0,65.852,65.099,40.719,38.31,34.961,False
2025-02-06 08:00:00,8,59.0,59.0,59.734,384.0,322.0,62.0,40.0,80.0,362.0,69.887,68.824,24.845,22.099,20.833,True
2025-02-06 09:00:00,9,48.0,48.0,48.43,290.0,248.0,42.0,25.0,189.0,273.0,49.398,48.523,76.21,69.231,65.172,True
2025-02-06 10:00:00,10,24.0,24.0,24.951,345.0,317.0,28.0,11.0,316.0,328.0,25.892,24.298,99.685,96.341,91.594,True
2025-02-06 11:00:00,11,20.0,20.0,20.474,474.0,447.0,27.0,11.0,447.0,458.0,21.1,20.096,100.0,97.598,94.304,True
2025-02-06 12:00:00,12,20.0,20.0,20.773,524.0,504.0,20.0,8.0,503.0,512.0,21.075,19.788,99.802,98.242,95.992,True
2025-02-06 13:00:00,13,19.0,19.0,19.768,506.0,480.0,26.0,13.0,479.0,493.0,20.429,19.495,99.792,97.16,94.664,True
2025-02-06 14:00:00,14,23.0,23.0,23.472,585.0,543.0,42.0,19.0,542.0,562.0,23.832,21.795,99.816,96.441,92.65,True
2025-02-06 15:00:00,15,47.0,47.0,47.527,705.0,590.0,114.0,76.0,432.0,667.0,50.041,37.59,73.22,64.768,61.277,True
2025-02-06 16:00:00,16,108.0,107.0,107.619,440.0,256.0,184.0,159.0,44.0,415.0,110.264,107.269,17.188,10.602,10.0,False
2025-02-06 17:00:00,17,113.0,113.0,113.885,169.0,89.0,80.0,75.0,7.0,164.0,118.357,118.368,7.865,4.268,4.142,True
2025-02-06 18:00:00,18,88.0,89.0,89.551,93.0,49.0,44.0,38.0,10.0,87.0,90.506,85.704,20.408,11.494,10.753,False
2025-02-06 19:00:00,19,74.0,75.0,75.095,62.0,39.0,23.0,22.0,21.0,61.0,75.696,53.085,53.846,34.426,33.871,False
2025-02-06 20:00:00,20,79.0,79.0,79.0,46.0,33.0,13.0,13.0,11.0,46.0,80.914,66.314,33.333,23.913,23.913,True
2025-02-06 21:00:00,21,54.0,54.0,54.333,19.0,11.0,8.0,7.0,6.0,18.0,59.579,57.154,54.545,33.333,31.579,True
2025-02-06 22:00:00,22,45.0,45.0,45.933,19.0,15.0,4.0,3.0,12.0,18.0,46.357,43.906,80.0,66.667,63.158,True
2025-02-06 23:00:00,23,32.0,33.0,33.667,8.0,6.0,2.0,1.0,5.0,7.0,34.079,31.952,83.333,71.429,62.5,False
2025-02-07 00:00:00,0,42.0,42.0,42.8,8.0,5.0,3.0,3.0,4.0,8.0,43.181,44.824,80.0,50.0,50.0,True
2025-02-07 01:00:00,1,27.0,27.0,27.333,3.0,3.0,0.0,0.0,3.0,3.0,28.369,29.582,100.0,100.0,100.0,True
2025-02-07 02:00:00,2,16.0,16.0,16.0,2.0,2.0,0.0,0.0,2.0,2.0,17.074,17.074,100.0,100.0,100.0,True
2025-02-07 03:00:00,3,28.0,28.0,28.333,3.0,3.0,0.0,0.0,3.0,3.0,29.16,31.916,100.0,100.0,100.0,True
2025-02-07 04:00:00,4,29.0,29.0,29.3,9.0,8.0,1.0,0.0,7.0,8.0,32.586,29.194,87.5,87.5,77.778,True
2025-02-07 05:00:00,5,50.0,50.0,50.6,14.0,10.0,4.0,3.0,4.0,13.0,64.072,74.058,40.0,30.769,28.571,True
2025-02-07 06:00:00,6,65.0,65.0,65.448,52.0,41.0,11.0,6.0,6.0,47.0,75.385,73.669,14.634,12.766,11.538,True
2025-02-07 07:00:00,7,71.0,71.0,71.44,429.0,344.0,85.0,60.0,35.0,404.0,85.417,87.628,10.174,8.663,8.159,True
2025-02-07 08:00:00,8,73.0,73.0,73.186,358.0,281.0,77.0,67.0,13.0,348.0,87.729,88.607,4.626,3.736,3.631,True
2025-02-07 09:00:00,9,62.0,62.0,62.695,296.0,245.0,51.0,42.0,94.0,287.0,63.455,64.142,38.367,32.753,31.757,True
2025-02-07 10:00:00,10,30.0,30.0,30.079,287.0,251.0,36.0,19.0,244.0,270.0,32.049,29.013,97.211,90.37,85.017,True
2025-02-07 11:00:00,11,23.0,23.0,23.719,482.0,455.0,26.0,13.0,455.0,469.0,24.251,23.771,100.0,97.015,94.398,True
2025-02-07 12:00:00,12,22.0,22.0,22.54,503.0,471.0,32.0,16.0,470.0,487.0,22.632,21.461,99.788,96.509,93.439,True
2025-02-07 13:00:00,13,20.0,20.0,20.429,430.0,411.0,19.0,11.0,411.0,422.0,20.729,19.854,100.0,97.393,95.581,True
2025-02-07 14:00:00,14,24.0,24.0,24.781,604.0,549.0,55.0,20.0,542.0,569.0,25.435,23.62,98.725,95.255,89.735,True
2025-02-07 15:00:00,15,41.0,41.0,41.559,596.0,514.0,82.0,42.0,408.0,556.0,42.863,39.1,79.377,73.381,68.456,True
2025-02-07 16:00:00,16,61.0,61.0,61.044,367.0,287.0,80.0,62.0,146.0,349.0,62.966,59.408,50.871,41.834,39.782,True
2025-02-07 17:00:00,17,60.0,60.0,60.384,184.0,137.0,47.0,39.0,72.0,176.0,61.144,57.774,52.555,40.909,39.13,True
2025-02-07 18:00:00,18,46.0,46.0,46.446,104.0,72.0,32.0,17.0,50.0,89.0,48.549,41.11,69.444,56.18,48.077,True
2025-02-07 19:00:00,19,50.0,50.0,50.975,89.0,77.0,12.0,8.0,56.0,85.0,51.39,50.297,72.727,65.882,62.921,True
2025-02-07 20:00:00,20,57.0,57.0,57.694,47.0,36.0,11.0,11.0,22.0,47.0,57.974,54.005,61.111,46.809,46.809,True
2025-02-07 21:00:00,21,55.0,55.0,55.32,30.0,25.0,5.0,3.0,15.0,28.0,55.657,55.152,60.0,53.571,50.0,True
2025-02-07 22:00:00,22,49.0,49.0,49.286,18.0,14.0,4.0,2.0,10.0,16.0,49.546,43.658,71.429,62.5,55.556,True
2025-02-07 23:00:00,23,35.0,35.0,35.0,15.0,12.0,3.0,2.0,12.0,14.0,35.515,32.464,100.0,85.714,80.0,True
2025-02-08 00:00:00,0,38.0,38.0,38.0,7.0,6.0,1.0,1.0,5.0,7.0,43.841,42.278,83.333,71.429,71.429,True
2025-02-08 01:00:00,1,30.0,30.0,30.0,5.0,3.0,2.0,2.0,3.0,5.0,30.476,35.706,100.0,60.0,60.0,True
2025-02-08 02:00:00,2,39.0,39.0,39.333,3.0,3.0,0.0,0.0,2.0,3.0,39.269,31.597,66.667,66.667,66.667,True
2025-02-08 03:00:00,3,24.0,24.0,24.5,4.0,4.0,0.0,0.0,4.0,4.0,25.169,24.105,100.0,100.0,100.0,True
2025-02-08 04:00:00,4,24.0,24.0,24.667,13.0,12.0,1.0,0.0,12.0,12.0,31.785,27.112,100.0,100.0,92.308,True
2025-02-08 05:00:00,5,23.0,23.0,23.167,11.0,8.0,3.0,3.0,7.0,11.0,32.22,26.019,87.5,63.636,63.636,True
2025-02-08 06:00:00,6,57.0,57.0,57.654,19.0,16.0,3.0,2.0,11.0,18.0,51.324,52.842,68.75,61.111,57.895,True
2025-02-08 07:00:00,7,26.0,26.0,26.072,38.0,33.0,5.0,3.0,33.0,36.0,26.346,22.984,100.0,91.667,86.842,True
2025-02-08 08:00:00,8,24.0,24.0,24.333,137.0,119.0,18.0,7.0,119.0,126.0,25.505,24.736,100.0,94.444,86.861,True
2025-02-08 09:00:00,9,33.0,33.0,33.723,212.0,187.0,25.0,17.0,172.0,204.0,34.385,31.82,91.979,84.314,81.132,True
2025-02-08 10:00:00,10,29.0,29.0,29.54,212.0,191.0,21.0,15.0,183.0,206.0,31.129,29.116,95.812,88.835,86.321,True
2025-02-08 11:00:00,11,34.0,34.0,34.787,247.0,212.0,35.0,24.0,203.0,236.0,35.569,34.104,95.755,86.017,82.186,True
2025-02-08 12:00:00,12,27.0,27.0,27.967,223.0,202.0,21.0,6.0,199.0,208.0,28.608,26.59,98.515,95.673,89.238,True
2025-02-08 13:00:00,13,25.0,25.0,25.441,200.0,185.0,15.0,10.0,184.0,195.0,25.873,23.857,99.459,94.359,92.0,True
2025-02-08 14:00:00,14,24.0,24.0,24.738,158.0,145.0,13.0,9.0,145.0,154.0,25.61,23.262,100.0,94.156,91.772,True
2025-02-08 15:00:00,15,23.0,23.0,23.816,153.0,132.0,21.0,10.0,129.0,142.0,24.87,23.643,97.727,90.845,84.314,True
2025-02-08 16:00:00,16,27.0,27.0,27.9,142.0,125.0,17.0,14.0,122.0,139.0,29.024,26.904,97.6,87.77,85.915,True
2025-02-08 17:00:00,17,32.0,32.0,32.946,99.0,90.0,9.0,3.0,85.0,93.0,33.578,30.179,94.444,91.398,85.859,True
2025-02-08 18:00:00,18,32.0,32.0,32.102,64.0,58.0,6.0,5.0,55.0,63.0,32.414,31.04,94.828,87.302,85.938,True
2025-02-08 19:00:00,19,31.0,31.0,31.556,63.0,56.0,7.0,7.0,55.0,63.0,31.921,30.064,98.214,87.302,87.302,True
2025-02-08 20:00:00,20,38.0,38.0,38.186,46.0,40.0,6.0,5.0,34.0,45.0,39.792,33.266,85.0,75.556,73.913,True
2025-02-08 21:00:00,21,30.0,30.0,30.926,33.0,27.0,6.0,3.0,27.0,30.0,31.097,32.403,100.0,90.0,81.818,True
2025-02-08 22:00:00,22,25.0,25.0,25.923,15.0,14.0,1.0,1.0,14.0,15.0,25.089,24.001,100.0,93.333,93.333,True
2025-02-08 23:00:00,23,25.0,26.0,26.364,11.0,10.0,1.0,1.0,10.0,11.0,27.771,27.572,100.0,90.909,90.909,False
2025-02-09 00:00:00,0,37.0,37.0,37.333,7.0,6.0,1.0,1.0,5.0,7.0,37.595,36.192,83.333,71.429,71.429,True
2025-02-09 01:00:00,1,16.0,16.0,16.0,2.0,1.0,1.0,0.0,1.0,1.0,17.384,17.384,100.0,100.0,50.0,True
2025-02-09 02:00:00,2,27.0,27.0,27.2,8.0,5.0,3.0,2.0,5.0,7.0,27.676,25.26,100.0,71.429,62.5,True
2025-02-09 03:00:00,3,9.0,9.0,9.5,1.0,1.0,0.0,0.0,1.0,1.0,19.665,19.665,100.0,100.0,100.0,True
2025-02-09 04:00:00,4,30.0,30.0,30.875,9.0,8.0,1.0,0.0,8.0,8.0,31.421,31.818,100.0,100.0,88.889,True
2025-02-09 05:00:00,5,22.0,22.0,22.5,3.0,2.0,1.0,0.0,2.0,2.0,23.534,23.534,100.0,100.0,66.667,True
2025-02-09 06:00:00,6,78.0,78.0,78.333,5.0,4.0,1.0,1.0,1.0,5.0,66.571,73.511,25.0,20.0,20.0,True
2025-02-09 07:00:00,7,38.0,38.0,38.264,60.0,54.0,6.0,4.0,48.0,58.0,38.58,36.824,88.889,82.759,80.0,True
2025-02-09 08:00:00,8,29.0,29.0,29.207,137.0,120.0,17.0,9.0,112.0,129.0,31.291,27.96,93.333,86.822,81.752,True
2025-02-09 09:00:00,9,43.0,43.0,43.98,232.0,195.0,37.0,20.0,150.0,215.0,44.603,42.094,76.923,69.767,64.655,True
2025-02-09 10:00:00,10,40.0,40.0,40.639,100.0,85.0,14.0,12.0,65.0,98.0,47.559,46.935,76.471,66.327,65.0,True
2025-02-09 11:00:00,11,23.0,23.0,23.206,134.0,125.0,9.0,5.0,125.0,130.0,23.944,22.323,100.0,96.154,93.284,True
2025-02-09 12:00:00,12,23.0,23.0,23.344,226.0,216.0,10.0,7.0,215.0,223.0,23.759,22.786,99.537,96.413,95.133,True
2025-02-09 13:00:00,13,25.0,25.0,25.517,185.0,174.0,11.0,9.0,171.0,183.0,25.815,25.126,98.276,93.443,92.432,True
2025-02-09 14:00:00,14,32.0,32.0,32.541,152.0,133.0,19.0,14.0,118.0,147.0,33.327,27.308,88.722,80.272,77.632,True
2025-02-09 15:00:00,15,37.0,37.0,37.861,128.0,110.0,18.0,14.0,95.0,124.0,39.737,36.614,86.364,76.613,74.219,True
2025-02-09 16:00:00,16,31.0,31.0,31.667,80.0,69.0,11.0,9.0,64.0,78.0,32.18,27.239,92.754,82.051,80.0,True
2025-02-09 17:00:00,17,32.0,32.0,32.827,83.0,73.0,10.0,9.0,68.0,82.0,33.154,28.781,93.151,82.927,81.928,True
2025-02-09 18:00:00,18,34.0,34.0,34.681,77.0,67.0,10.0,4.0,62.0,71.0,35.87,33.084,92.537,87.324,80.519,True
2025-02-09 19:00:00,19,36.0,36.0,36.808,59.0,52.0,7.0,5.0,43.0,57.0,37.116,26.855,82.692,75.439,72.881,True
2025-02-09 20:00:00,20,49.0,49.0,49.321,45.0,27.0,18.0,16.0,17.0,43.0,51.741,39.552,62.963,39.535,37.778,True
2025-02-09 21:00:00,21,50.0,50.0,50.3,15.0,10.0,5.0,5.0,7.0,15.0,50.457,54.957,70.0,46.667,46.667,True
2025-02-09 22:00:00,22,25.0,25.0,25.556,10.0,9.0,1.0,1.0,9.0,10.0,25.941,31.054,100.0,90.0,90.0,True
2025-02-09 23:00:00,23,23.0,23.0,23.857,8.0,7.0,1.0,1.0,7.0,8.0,24.254,25.188,100.0,87.5,87.5,True
2025-02-10 00:00:00,0,36.0,36.0,36.75,6.0,4.0,2.0,1.0,4.0,5.0,37.383,39.659,100.0,80.0,66.667,True
2025-02-10 01:00:00,1,20.0,20.0,20.0,4.0,1.0,3.0,1.0,1.0,2.0,20.157,20.157,100.0,50.0,25.0,True
2025-02-10 02:00:00,2,21.0,21.0,21.0,2.0,1.0,1.0,1.0,1.0,2.0,22.443,22.443,100.0,50.0,50.0,True
2025-02-10 03:00:00,3,26.0,26.0,26.0,5.0,5.0,0.0,0.0,5.0,5.0,26.897,24.053,100.0,100.0,100.0,True
2025-02-10 04:00:00,4,33.0,33.0,33.833,10.0,10.0,0.0,0.0,8.0,10.0,40.249,32.712,80.0,80.0,80.0,True
2025-02-10 05:00:00,5,53.0,53.0,53.259,19.0,17.0,2.0,1.0,8.0,18.0,61.583,60.571,47.059,44.444,42.105,True
2025-02-10 06:00:00,6,54.0,54.0,54.588,44.0,38.0,6.0,3.0,18.0,41.0,59.403,62.617,47.368,43.902,40.909,True
2025-02-10 07:00:00,7,62.0,62.0,62.537,423.0,341.0,82.0,45.0,82.0,386.0,75.407,77.233,24.047,21.244,19.385,True
2025-02-10 08:00:00,8,68.0,68.0,68.5,363.0,304.0,59.0,47.0,30.0,351.0,81.466,83.221,9.868,8.547,8.264,True
2025-02-10 09:00:00,9,54.0,55.0,55.213,297.0,242.0,55.0,32.0,148.0,274.0,56.275,53.732,61.157,54.015,49.832,False
2025-02-10 10:00:00,10,29.0,29.0,29.258,371.0,301.0,39.0,20.0,300.0,352.0,31.105,30.242,99.668,85.227,80.863,True
2025-02-10 11:00:00,11,23.0,23.0,23.438,485.0,450.0,34.0,21.0,446.0,472.0,23.965,22.466,99.111,94.492,91.959,True
2025-02-10 12:00:00,12,22.0,22.0,22.025,545.0,515.0,30.0,16.0,510.0,531.0,22.69,21.465,99.029,96.045,93.578,True
2025-02-10 13:00:00,13,20.0,20.0,20.147,472.0,450.0,22.0,14.0,449.0,464.0,20.557,19.44,99.778,96.767,95.127,True
2025-02-10 14:00:00,14,24.0,24.0,24.371,618.0,572.0,46.0,21.0,560.0,593.0,24.813,22.54,97.902,94.435,90.615,True
2025-02-10 15:00:00,15,38.0,38.0,38.254,642.0,559.0,83.0,46.0,476.0,605.0,39.671,36.685,85.152,78.678,74.143,True
2025-02-10 16:00:00,16,50.0,50.0,50.19,333.0,272.0,61.0,35.0,190.0,307.0,51.482,49.232,69.853,61.889,57.057,True
2025-02-10 17:00:00,17,47.0,47.0,47.251,203.0,171.0,32.0,18.0,118.0,189.0,48.565,40.008,69.006,62.434,58.128,True
2025-02-10 18:00:00,18,37.0,37.0,37.099,94.0,87.0,7.0,3.0,76.0,90.0,38.489,33.283,87.356,84.444,80.851,True
2025-02-10 19:00:00,19,33.0,33.0,33.333,49.0,41.0,8.0,6.0,39.0,47.0,34.221,34.637,95.122,82.979,79.592,True
2025-02-10 20:00:00,20,32.0,32.0,32.913,48.0,44.0,4.0,2.0,43.0,46.0,33.05,31.651,97.727,93.478,89.583,True
2025-02-10 21:00:00,21,30.0,30.0,30.448,31.0,29.0,2.0,1.0,29.0,30.0,30.756,29.133,100.0,96.667,93.548,True
2025-02-10 22:00:00,22,32.0,32.0,32.833,18.0,17.0,1.0,1.0,17.0,18.0,34.937,33.027,100.0,94.444,94.444,True
2025-02-10 23:00:00,23,22.0,22.0,22.667,6.0,6.0,0.0,0.0,6.0,6.0,22.514,25.408,100.0,100.0,100.0,True
2025-02-11 00:00:00,0,27.0,27.0,27.0,3.0,3.0,0.0,0.0,3.0,3.0,27.964,28.543,100.0,100.0,100.0,True
2025-02-11 02:00:00,2,27.0,27.0,27.667,3.0,3.0,0.0,0.0,3.0,3.0,29.048,33.598,100.0,100.0,100.0,True
2025-02-11 03:00:00,3,19.0,19.0,19.75,3.0,3.0,0.0,0.0,3.0,3.0,27.12,25.651,100.0,100.0,100.0,True
2025-02-11 04:00:00,4,30.0,30.0,30.235,13.0,12.0,1.0,1.0,9.0,13.0,41.152,30.652,75.0,69.231,69.231,True
2025-02-11 05:00:00,5,57.0,57.0,57.158,12.0,12.0,0.0,0.0,5.0,12.0,72.683,83.411,41.667,41.667,41.667,True
2025-02-11 06:00:00,6,58.0,58.0,58.339,41.0,37.0,4.0,2.0,20.0,39.0,63.851,58.616,54.054,51.282,48.78,True
2025-02-11 07:00:00,7,58.0,58.0,58.614,346.0,295.0,51.0,31.0,96.0,326.0,70.457,70.664,32.542,29.448,27.746,True
2025-02-11 08:00:00,8,63.0,63.0,63.868,364.0,308.0,56.0,38.0,60.0,346.0,75.495,74.784,19.481,17.341,16.484,True
2025-02-11 09:00:00,9,53.0,53.0,53.575,281.0,238.0,43.0,37.0,147.0,275.0,55.007,53.87,61.765,53.455,52.313,True
2025-02-11 10:00:00,10,29.0,29.0,29.302,328.0,293.0,35.0,26.0,281.0,319.0,31.5,29.035,95.904,88.088,85.671,True
2025-02-11 11:00:00,11,22.0,22.0,22.768,513.0,476.0,37.0,15.0,476.0,491.0,23.41,22.726,100.0,96.945,92.788,True
2025-02-11 12:00:00,12,21.0,21.0,21.69,505.0,487.0,17.0,5.0,485.0,493.0,21.992,21.15,99.589,98.377,96.04,True
2025-02-11 13:00:00,13,20.0,20.0,20.805,522.0,486.0,35.0,18.0,486.0,505.0,21.349,20.213,100.0,96.238,93.103,True
2025-02-11 14:00:00,14,25.0,25.0,25.598,583.0,544.0,39.0,15.0,537.0,559.0,26.081,23.687,98.713,96.064,92.11,True
2025-02-11 15:00:00,15,36.0,36.0,36.3,571.0,508.0,63.0,32.0,445.0,540.0,37.296,33.739,87.598,82.407,77.933,True
2025-02-11 16:00:00,16,42.0,42.0,42.087,338.0,274.0,64.0,30.0,226.0,304.0,43.354,39.859,82.482,74.342,66.864,True
2025-02-11 17:00:00,17,43.0,43.0,43.887,224.0,186.0,38.0,22.0,151.0,208.0,45.165,41.103,81.183,72.596,67.411,True
2025-02-11 18:00:00,18,36.0,36.0,36.753,99.0,87.0,12.0,7.0,78.0,94.0,37.409,32.481,89.655,82.979,78.788,True
2025-02-11 19:00:00,19,33.0,32.0,32.839,71.0,60.0,11.0,8.0,55.0,68.0,33.071,29.129,91.667,80.882,77.465,False
2025-02-11 20:00:00,20,42.0,42.0,42.5,61.0,51.0,10.0,7.0,41.0,58.0,42.404,40.54,80.392,70.69,67.213,True
2025-02-11 21:00:00,21,45.0,45.0,45.971,35.0,32.0,3.0,3.0,23.0,35.0,47.685,44.652,71.875,65.714,65.714,True
2025-02-11 22:00:00,22,39.0,39.0,39.385,13.0,12.0,1.0,1.0,10.0,13.0,42.908,40.923,83.333,76.923,76.923,True
2025-02-11 23:00:00,23,23.0,23.0,23.429,7.0,7.0,0.0,0.0,7.0,7.0,23.662,24.235,100.0,100.0,100.0,True
2025-02-12 00:00:00,0,31.0,31.0,31.667,4.0,2.0,2.0,2.0,2.0,4.0,43.739,43.739,100.0,50.0,50.0,True
2025-02-12 01:00:00,1,16.0,16.0,16.0,2.0,2.0,0.0,0.0,2.0,2.0,17.051,17.051,100.0,100.0,100.0,True
2025-02-12 02:00:00,2,40.0,40.0,40.0,1.0,1.0,0.0,0.0,1.0,1.0,39.744,39.744,100.0,100.0,100.0,True
2025-02-12 03:00:00,3,27.0,27.0,27.0,3.0,3.0,0.0,0.0,3.0,3.0,27.618,25.126,100.0,100.0,100.0,True
2025-02-12 04:00:00,4,26.0,26.0,26.385,12.0,11.0,1.0,1.0,11.0,12.0,30.906,26.615,100.0,91.667,91.667,True
2025-02-12 05:00:00,5,53.0,53.0,53.345,23.0,19.0,4.0,1.0,10.0,20.0,60.157,59.004,52.632,50.0,43.478,True
2025-02-12 06:00:00,6,59.0,59.0,59.312,43.0,35.0,8.0,3.0,15.0,38.0,64.745,63.95,42.857,39.474,34.884,True
2025-02-12 07:00:00,7,68.0,68.0,68.429,416.0,341.0,75.0,45.0,46.0,386.0,81.561,81.681,13.49,11.917,11.058,True
2025-02-12 08:00:00,8,72.0,71.0,71.979,352.0,282.0,70.0,57.0,25.0,339.0,85.805,88.344,8.865,7.375,7.102,False
2025-02-12 09:00:00,9,61.0,61.0,61.143,325.0,262.0,63.0,45.0,126.0,307.0,62.498,61.144,48.092,41.042,38.769,True
2025-02-12 10:00:00,10,34.0,34.0,34.124,333.0,293.0,40.0,28.0,274.0,321.0,37.263,35.642,93.515,85.358,82.282,True
2025-02-12 11:00:00,11,25.0,25.0,25.819,489.0,464.0,25.0,14.0,464.0,478.0,26.418,25.118,100.0,97.071,94.888,True
2025-02-12 12:00:00,12,21.0,21.0,21.357,560.0,524.0,36.0,14.0,523.0,538.0,21.843,20.631,99.809,97.212,93.393,True
2025-02-12 13:00:00,13,20.0,20.0,20.109,473.0,436.0,36.0,15.0,435.0,452.0,20.402,19.446,99.771,96.239,91.966,True
2025-02-12 14:00:00,14,23.0,23.0,23.902,664.0,605.0,59.0,27.0,599.0,632.0,24.484,22.224,99.008,94.778,90.211,True
2025-02-12 15:00:00,15,38.0,38.0,38.973,632.0,525.0,107.0,54.0,437.0,579.0,39.988,37.685,83.238,75.475,69.146,True
2025-02-12 16:00:00,16,42.0,42.0,42.762,359.0,287.0,72.0,35.0,222.0,322.0,44.44,42.973,77.352,68.944,61.838,True
2025-02-12 17:00:00,17,38.0,38.0,38.772,216.0,181.0,35.0,14.0,159.0,195.0,39.022,35.617,87.845,81.538,73.611,True
2025-02-12 18:00:00,18,29.0,29.0,29.161,94.0,81.0,13.0,9.0,77.0,90.0,30.092,26.607,95.062,85.556,81.915,True
2025-02-12 19:00:00,19,28.0,28.0,28.116,46.0,42.0,4.0,3.0,42.0,45.0,28.882,29.286,100.0,93.333,91.304,True
2025-02-12 20:00:00,20,34.0,34.0,34.158,63.0,56.0,7.0,5.0,52.0,61.0,35.038,31.281,92.857,85.246,82.54,True
2025-02-12 21:00:00,21,34.0,34.0,34.444,29.0,26.0,3.0,2.0,25.0,28.0,35.838,36.26,96.154,89.286,86.207,True
2025-02-12 22:00:00,22,29.0,29.0,29.071,17.0,14.0,3.0,1.0,14.0,15.0,29.33,29.525,100.0,93.333,82.353,True
2025-02-12 23:00:00,23,20.0,20.0,20.0,5.0,4.0,1.0,1.0,4.0,5.0,20.217,19.696,100.0,80.0,80.0,True
2025-02-13 00:00:00,0,32.0,32.0,32.0,5.0,3.0,2.0,2.0,3.0,5.0,42.636,42.965,100.0,60.0,60.0,True
2025-02-13 01:00:00,1,20.0,20.0,20.0,2.0,1.0,1.0,1.0,1.0,2.0,20.381,20.381,100.0,50.0,50.0,True
2025-02-13 02:00:00,2,34.0,34.0,34.0,1.0,1.0,0.0,0.0,1.0,1.0,34.503,34.503,100.0,100.0,100.0,True
2025-02-13 03:00:00,3,30.0,30.0,30.2,4.0,4.0,0.0,0.0,4.0,4.0,38.531,36.445,100.0,100.0,100.0,True
2025-02-13 04:00:00,4,24.0,24.0,24.846,9.0,7.0,2.0,2.0,5.0,9.0,40.427,26.283,71.429,55.556,55.556,True
2025-02-13 05:00:00,5,60.0,60.0,60.13,19.0,15.0,3.0,3.0,4.0,19.0,72.028,76.034,26.667,21.053,21.053,True
2025-02-13 06:00:00,6,52.0,52.0,52.597,49.0,38.0,11.0,6.0,23.0,44.0,57.526,51.769,60.526,52.273,46.939,True
2025-02-13 07:00:00,7,55.0,55.0,55.712,381.0,316.0,64.0,29.0,127.0,346.0,65.343,64.945,40.19,36.705,33.333,True
2025-02-13 08:00:00,8,59.0,59.0,59.133,380.0,327.0,53.0,29.0,104.0,356.0,69.617,68.821,31.804,29.213,27.368,True
2025-02-13 09:00:00,9,50.0,50.0,50.68,288.0,241.0,47.0,33.0,178.0,274.0,51.574,50.323,73.859,64.964,61.806,True
2025-02-13 10:00:00,10,25.0,24.0,24.942,337.0,309.0,28.0,13.0,306.0,322.0,25.879,23.416,99.029,95.031,90.801,False
2025-02-13 11:00:00,11,22.0,22.0,22.237,462.0,439.0,22.0,7.0,439.0,447.0,22.723,21.738,100.0,98.21,95.022,True
2025-02-13 12:00:00,12,20.0,20.0,20.821,543.0,512.0,29.0,17.0,512.0,531.0,21.373,20.625,100.0,96.422,94.291,True
2025-02-13 13:00:00,13,22.0,22.0,22.459,470.0,449.0,20.0,9.0,448.0,459.0,22.866,21.914,99.777,97.603,95.319,True
2025-02-13 14:00:00,14,24.0,24.0,24.013,627.0,591.0,36.0,17.0,582.0,608.0,24.734,22.989,98.477,95.724,92.823,True
2025-02-13 15:00:00,15,39.0,39.0,39.938,634.0,542.0,92.0,63.0,448.0,605.0,41.026,36.78,82.657,74.05,70.662,True
2025-02-13 16:00:00,16,57.0,57.0,57.732,333.0,256.0,75.0,51.0,146.0,309.0,59.58,54.606,57.031,47.249,43.844,True
2025-02-13 17:00:00,17,48.0,48.0,48.881,191.0,149.0,41.0,29.0,112.0,179.0,49.473,43.404,75.168,62.57,58.639,True
2025-02-13 18:00:00,18,39.0,39.0,39.344,76.0,60.0,16.0,8.0,49.0,68.0,40.33,36.215,81.667,72.059,64.474,True
2025-02-13 19:00:00,19,28.0,28.0,28.085,69.0,56.0,12.0,11.0,56.0,68.0,29.1,31.084,100.0,82.353,81.159,True
2025-02-13 20:00:00,20,31.0,31.0,31.159,51.0,44.0,7.0,7.0,44.0,51.0,31.483,33.244,100.0,86.275,86.275,True
2025-02-13 21:00:00,21,30.0,30.0,30.207,34.0,29.0,5.0,4.0,29.0,33.0,30.457,29.437,100.0,87.879,85.294,True
2025-02-13 22:00:00,22,31.0,31.0,31.76,28.0,25.0,3.0,3.0,25.0,28.0,32.071,33.5,100.0,89.286,89.286,True
2025-02-13 23:00:00,23,29.0,29.0,29.111,10.0,9.0,1.0,0.0,9.0,9.0,29.524,29.635,100.0,100.0,90.0,True
2025-02-14 00:00:00,0,28.0,28.0,28.0,5.0,4.0,1.0,1.0,4.0,5.0,28.423,26.568,100.0,80.0,80.0,True
2025-02-14 02:00:00,2,26.0,26.0,26.667,3.0,3.0,0.0,0.0,3.0,3.0,27.462,25.079,100.0,100.0,100.0,True
2025-02-14 03:00:00,3,25.0,25.0,25.0,2.0,2.0,0.0,0.0,2.0,2.0,25.274,25.274,100.0,100.0,100.0,True
2025-02-14 04:00:00,4,24.0,24.0,24.7,9.0,9.0,0.0,0.0,8.0,9.0,28.313,24.174,88.889,88.889,88.889,True
2025-02-14 05:00:00,5,46.0,46.0,46.833,15.0,12.0,3.0,2.0,8.0,14.0,53.335,34.943,66.667,57.143,53.333,True
2025-02-14 06:00:00,6,56.0,56.0,56.779,43.0,40.0,3.0,0.0,19.0,40.0,61.486,60.513,47.5,47.5,44.186,True
2025-02-14 07:00:00,7,47.0,48.0,48.022,326.0,264.0,62.0,23.0,160.0,287.0,57.722,55.3,60.606,55.749,49.08,False
2025-02-14 08:00:00,8,53.0,53.0,53.749,418.0,336.0,82.0,46.0,159.0,382.0,62.4,61.586,47.321,41.623,38.038,True
2025-02-14 09:00:00,9,42.0,42.0,42.708,321.0,287.0,34.0,21.0,240.0,308.0,43.386,40.078,83.624,77.922,74.766,True
2025-02-14 10:00:00,10,25.0,25.0,25.615,383.0,339.0,44.0,17.0,335.0,356.0,27.011,25.916,98.82,94.101,87.467,True
2025-02-14 11:00:00,11,23.0,23.0,23.23,536.0,516.0,20.0,9.0,516.0,525.0,23.77,23.159,100.0,98.286,96.269,True
2025-02-14 12:00:00,12,22.0,22.0,22.859,521.0,494.0,25.0,10.0,493.0,506.0,22.994,21.773,99.798,97.431,94.626,True
2025-02-14 13:00:00,13,21.0,21.0,21.578,483.0,457.0,26.0,14.0,453.0,471.0,21.985,20.196,99.125,96.178,93.789,True
2025-02-14 14:00:00,14,27.0,27.0,27.275,633.0,573.0,59.0,35.0,562.0,609.0,27.676,25.056,98.08,92.282,88.784,True
2025-02-14 15:00:00,15,41.0,41.0,41.58,585.0,508.0,77.0,50.0,397.0,558.0,42.707,37.838,78.15,71.147,67.863,True
2025-02-14 16:00:00,16,52.0,52.0,52.904,315.0,247.0,68.0,42.0,161.0,289.0,54.83,49.414,65.182,55.709,51.111,True
2025-02-14 17:00:00,17,55.0,55.0,55.099,181.0,142.0,39.0,28.0,78.0,170.0,57.307,52.793,54.93,45.882,43.094,True
2025-02-14 18:00:00,18,54.0,54.0,54.208,94.0,76.0,18.0,11.0,46.0,87.0,54.53,48.746,60.526,52.874,48.936,True
2025-02-14 19:00:00,19,45.0,45.0,45.533,69.0,58.0,11.0,8.0,42.0,66.0,46.835,41.652,72.414,63.636,60.87,True
2025-02-14 20:00:00,20,53.0,53.0,53.577,66.0,51.0,15.0,9.0,31.0,60.0,54.532,53.288,60.784,51.667,46.97,True
2025-02-14 21:00:00,21,56.0,56.0,56.87,35.0,23.0,12.0,9.0,12.0,32.0,56.966,59.147,52.174,37.5,34.286,True
2025-02-14 22:00:00,22,46.0,46.0,46.8,22.0,15.0,7.0,6.0,9.0,21.0,46.947,42.941,60.0,42.857,40.909,True
2025-02-14 23:00:00,23,31.0,31.0,31.7,12.0,10.0,2.0,2.0,10.0,12.0,32.158,31.31,100.0,83.333,83.333,True
2025-02-15 00:00:00,0,40.0,40.0,40.0,7.0,6.0,1.0,1.0,6.0,7.0,40.2,42.957,100.0,85.714,85.714,True
2025-02-15 01:00:00,1,68.0,68.0,68.0,2.0,1.0,1.0,1.0,0.0,2.0,69.36,69.36,0.0,0.0,0.0,True
2025-02-15 02:00:00,2,25.0,25.0,25.5,2.0,2.0,0.0,0.0,2.0,2.0,25.947,25.947,100.0,100.0,100.0,True
2025-02-15 03:00:00,3,24.0,24.0,24.5,2.0,2.0,0.0,0.0,2.0,2.0,24.726,24.726,100.0,100.0,100.0,True
2025-02-15 04:00:00,4,22.0,22.0,22.643,10.0,10.0,0.0,0.0,10.0,10.0,29.878,25.179,100.0,100.0,100.0,True
2025-02-15 05:00:00,5,34.0,34.0,34.636,10.0,8.0,2.0,2.0,6.0,10.0,45.16,37.723,75.0,60.0,60.0,True
2025-02-15 06:00:00,6,61.0,61.0,61.696,14.0,13.0,1.0,1.0,6.0,14.0,59.144,61.688,46.154,42.857,42.857,True
2025-02-15 07:00:00,7,25.0,25.0,25.145,36.0,31.0,5.0,3.0,31.0,34.0,26.032,24.636,100.0,91.176,86.111,True
2025-02-15 08:00:00,8,26.0,26.0,26.05,134.0,113.0,21.0,11.0,112.0,124.0,27.22,26.745,99.115,90.323,83.582,True
2025-02-15 09:00:00,9,34.0,34.0,34.131,176.0,157.0,19.0,14.0,148.0,171.0,34.418,32.484,94.268,86.55,84.091,True
2025-02-15 10:00:00,10,43.0,43.0,43.563,247.0,199.0,48.0,35.0,147.0,234.0,47.2,44.898,73.869,62.821,59.514,True
2025-02-15 11:00:00,11,47.0,47.0,47.417,248.0,210.0,38.0,28.0,157.0,238.0,48.813,50.53,74.762,65.966,63.306,True
2025-02-15 12:00:00,12,36.0,36.0,36.353,227.0,206.0,21.0,12.0,195.0,218.0,37.467,36.588,94.66,89.45,85.903,True
2025-02-15 13:00:00,13,28.0,28.0,28.274,174.0,160.0,14.0,11.0,155.0,171.0,29.222,27.73,96.875,90.643,89.08,True
2025-02-15 14:00:00,14,27.0,27.0,27.059,157.0,147.0,10.0,9.0,145.0,156.0,27.876,26.087,98.639,92.949,92.357,True
2025-02-15 15:00:00,15,26.0,26.0,26.896,180.0,164.0,16.0,7.0,159.0,171.0,27.901,26.023,96.951,92.982,88.333,True
2025-02-15 16:00:00,16,33.0,33.0,33.26,137.0,125.0,12.0,6.0,116.0,131.0,33.478,29.801,92.8,88.55,84.672,True
2025-02-15 17:00:00,17,32.0,32.0,32.5,87.0,72.0,15.0,9.0,69.0,81.0,33.809,32.035,95.833,85.185,79.31,True
2025-02-15 18:00:00,18,35.0,35.0,35.13,77.0,68.0,9.0,8.0,64.0,76.0,35.533,34.555,94.118,84.211,83.117,True
2025-02-15 19:00:00,19,30.0,30.0,30.667,65.0,51.0,14.0,7.0,50.0,58.0,31.036,27.813,98.039,86.207,76.923,True
2025-02-15 20:00:00,20,36.0,36.0,36.282,45.0,39.0,6.0,4.0,37.0,43.0,36.608,30.388,94.872,86.047,82.222,True
2025-02-15 21:00:00,21,32.0,32.0,32.375,27.0,23.0,4.0,4.0,22.0,27.0,33.792,31.645,95.652,81.481,81.481,True
2025-02-15 22:00:00,22,23.0,23.0,23.75,18.0,16.0,2.0,2.0,16.0,18.0,25.326,23.036,100.0,88.889,88.889,True
2025-02-15 23:00:00,23,28.0,28.0,28.947,18.0,17.0,1.0,0.0,17.0,17.0,31.415,29.356,100.0,100.0,94.444,True
2025-02-16 00:00:00,0,40.0,40.0,40.0,3.0,3.0,0.0,0.0,3.0,3.0,40.894,41.322,100.0,100.0,100.0,True
2025-02-16 02:00:00,2,24.0,24.0,24.0,1.0,1.0,0.0,0.0,1.0,1.0,24.043,24.043,100.0,100.0,100.0,True
2025-02-16 03:00:00,3,17.0,17.0,17.333,2.0,2.0,0.0,0.0,2.0,2.0,25.584,25.584,100.0,100.0,100.0,True
2025-02-16 04:00:00,4,29.0,29.0,29.0,4.0,4.0,0.0,0.0,4.0,4.0,30.142,30.467,100.0,100.0,100.0,True
2025-02-16 05:00:00,5,26.0,26.0,26.571,7.0,7.0,0.0,0.0,7.0,7.0,27.07,20.275,100.0,100.0,100.0,True
2025-02-16 06:00:00,6,39.0,39.0,39.5,3.0,2.0,1.0,1.0,2.0,3.0,40.259,40.259,100.0,66.667,66.667,True
2025-02-16 07:00:00,7,31.0,31.0,31.459,71.0,64.0,7.0,6.0,61.0,70.0,33.779,31.743,95.312,87.143,85.915,True
2025-02-16 08:00:00,8,31.0,31.0,31.316,165.0,142.0,23.0,13.0,128.0,155.0,33.933,30.549,90.141,82.581,77.576,True
2025-02-16 09:00:00,9,55.0,55.0,55.545,231.0,183.0,48.0,41.0,104.0,224.0,56.831,55.951,56.831,46.429,45.022,True
2025-02-16 10:00:00,10,42.0,42.0,42.724,120.0,94.0,26.0,22.0,62.0,116.0,51.794,50.927,65.957,53.448,51.667,True
2025-02-16 11:00:00,11,28.0,28.0,28.22,129.0,108.0,21.0,17.0,106.0,125.0,28.902,26.632,98.148,84.8,82.171,True
2025-02-16 12:00:00,12,30.0,30.0,30.479,252.0,232.0,20.0,14.0,219.0,246.0,31.182,28.343,94.397,89.024,86.905,True
2025-02-16 13:00:00,13,33.0,33.0,33.321,192.0,176.0,16.0,12.0,160.0,188.0,34.864,33.183,90.909,85.106,83.333,True
2025-02-16 14:00:00,14,31.0,32.0,32.156,166.0,155.0,11.0,6.0,146.0,161.0,32.835,29.965,94.194,90.683,87.952,False
2025-02-16 15:00:00,15,38.0,38.0,38.047,135.0,119.0,16.0,11.0,100.0,130.0,39.847,33.98,84.034,76.923,74.074,True
2025-02-16 16:00:00,16,43.0,43.0,43.065,103.0,89.0,14.0,11.0,67.0,100.0,44.331,40.479,75.281,67.0,65.049,True
2025-02-16 17:00:00,17,42.0,42.0,42.758,74.0,66.0,8.0,5.0,51.0,71.0,44.036,40.507,77.273,71.831,68.919,True
2025-02-16 18:00:00,18,38.0,38.0,38.308,61.0,50.0,11.0,9.0,43.0,59.0,37.772,32.277,86.0,72.881,70.492,True
2025-02-16 19:00:00,19,36.0,36.0,36.619,50.0,43.0,7.0,6.0,36.0,49.0,37.942,29.933,83.721,73.469,72.0,True
2025-02-16 20:00:00,20,60.0,60.0,60.912,39.0,33.0,6.0,6.0,20.0,39.0,60.46,52.64,60.606,51.282,51.282,True
2025-02-16 21:00:00,21,47.0,47.0,47.182,13.0,11.0,2.0,2.0,8.0,13.0,47.533,35.91,72.727,61.538,61.538,True
2025-02-16 22:00:00,22,44.0,44.0,44.429,10.0,7.0,3.0,3.0,6.0,10.0,44.992,46.835,85.714,60.0,60.0,True
2025-02-16 23:00:00,23,28.0,28.0,28.25,5.0,5.0,0.0,0.0,5.0,5.0,24.114,29.183,100.0,100.0,100.0,True
2025-02-17 00:00:00,0,35.0,35.0,35.5,3.0,3.0,0.0,0.0,2.0,3.0,46.787,38.892,66.667,66.667,66.667,True
2025-02-17 01:00:00,1,33.0,33.0,33.0,1.0,1.0,0.0,0.0,1.0,1.0,34.366,34.366,100.0,100.0,100.0,True
2025-02-17 03:00:00,3,25.0,25.0,25.167,6.0,6.0,0.0,0.0,6.0,6.0,26.199,25.644,100.0,100.0,100.0,True
2025-02-17 04:00:00,4,37.0,37.0,37.0,9.0,9.0,0.0,0.0,7.0,9.0,41.484,32.918,77.778,77.778,77.778,True
2025-02-17 05:00:00,5,58.0,58.0,58.48,16.0,12.0,4.0,2.0,4.0,14.0,85.944,87.94,33.333,28.571,25.0,True
2025-02-17 06:00:00,6,57.0,57.0,57.486,48.0,43.0,5.0,2.0,20.0,45.0,63.71,62.814,46.512,44.444,41.667,True
2025-02-17 07:00:00,7,61.0,61.0,61.383,376.0,315.0,61.0,36.0,63.0,351.0,74.084,75.008,20.0,17.949,16.755,True
2025-02-17 08:00:00,8,70.0,70.0,70.264,381.0,329.0,52.0,38.0,34.0,367.0,82.541,84.878,10.334,9.264,8.924,True
2025-02-17 09:00:00,9,57.0,57.0,57.577,282.0,232.0,50.0,33.0,127.0,265.0,58.593,58.152,54.741,47.925,45.035,True
2025-02-17 10:00:00,10,28.0,28.0,28.679,318.0,286.0,31.0,22.0,279.0,309.0,30.942,29.486,97.552,90.291,87.736,True
2025-02-17 11:00:00,11,21.0,21.0,21.594,457.0,440.0,17.0,6.0,440.0,446.0,22.538,21.916,100.0,98.655,96.28,True
2025-02-17 12:00:00,12,21.0,21.0,21.142,564.0,541.0,23.0,15.0,541.0,556.0,21.519,20.557,100.0,97.302,95.922,True
2025-02-17 13:00:00,13,20.0,20.0,20.125,479.0,459.0,20.0,9.0,458.0,468.0,20.577,19.818,99.782,97.863,95.616,True
2025-02-17 14:00:00,14,23.0,23.0,23.584,633.0,593.0,40.0,19.0,591.0,612.0,24.17,22.909,99.663,96.569,93.365,True
2025-02-17 15:00:00,15,39.0,39.0,39.553,626.0,556.0,70.0,42.0,468.0,598.0,40.82,35.697,84.173,78.261,74.76,True
2025-02-17 16:00:00,16,54.0,54.0,54.23,335.0,264.0,70.0,50.0,160.0,315.0,55.822,50.515,60.606,50.794,47.761,True
2025-02-17 17:00:00,17,47.0,47.0,47.11,197.0,159.0,38.0,23.0,110.0,182.0,48.867,44.66,69.182,60.44,55.838,True
2025-02-17 18:00:00,18,46.0,46.0,46.092,101.0,85.0,16.0,11.0,60.0,96.0,47.219,44.229,70.588,62.5,59.406,True
2025-02-17 19:00:00,19,33.0,33.0,33.538,58.0,49.0,9.0,7.0,45.0,56.0,34.335,31.725,91.837,80.357,77.586,True
2025-02-17 20:00:00,20,35.0,35.0,35.175,60.0,56.0,4.0,1.0,52.0,57.0,35.659,35.115,92.857,91.228,86.667,True
2025-02-17 21:00:00,21,32.0,32.0,32.5,27.0,24.0,3.0,3.0,23.0,27.0,32.716,31.351,95.833,85.185,85.185,True
2025-02-17 22:00:00,22,24.0,24.0,24.818,13.0,11.0,2.0,2.0,11.0,13.0,25.394,26.464,100.0,84.615,84.615,True
2025-02-17 23:00:00,23,25.0,25.0,25.8,6.0,5.0,1.0,1.0,5.0,6.0,26.137,22.12,100.0,83.333,83.333,True
2025-02-18 00:00:00,0,30.0,30.0,30.333,3.0,3.0,0.0,0.0,3.0,3.0,30.015,31.365,100.0,100.0,100.0,True
2025-02-18 01:00:00,1,36.0,36.0,36.5,2.0,2.0,0.0,0.0,2.0,2.0,36.955,36.955,100.0,100.0,100.0,True
2025-02-18 02:00:00,2,32.0,32.0,32.5,2.0,2.0,0.0,0.0,2.0,2.0,32.939,32.939,100.0,100.0,100.0,True
2025-02-18 03:00:00,3,19.0,19.0,19.0,5.0,4.0,1.0,0.0,4.0,4.0,24.474,24.294,100.0,100.0,80.0,True
2025-02-18 04:00:00,4,30.0,30.0,30.583,10.0,8.0,2.0,2.0,6.0,10.0,44.955,38.687,75.0,60.0,60.0,True
2025-02-18 05:00:00,5,48.0,48.0,48.0,19.0,12.0,7.0,4.0,9.0,16.0,51.995,40.556,75.0,56.25,47.368,True
2025-02-18 06:00:00,6,56.0,56.0,56.061,41.0,35.0,6.0,2.0,11.0,37.0,64.006,65.015,31.429,29.73,26.829,True
2025-02-18 07:00:00,7,59.0,59.0,59.696,349.0,289.0,60.0,34.0,87.0,323.0,71.765,70.335,30.104,26.935,24.928,True
2025-02-18 08:00:00,8,64.0,64.0,64.895,361.0,294.0,67.0,44.0,76.0,338.0,76.693,73.957,25.85,22.485,21.053,True
2025-02-18 09:00:00,9,52.0,52.0,52.014,328.0,273.0,55.0,41.0,176.0,314.0,53.386,52.19,64.469,56.051,53.659,True
2025-02-18 10:00:00,10,30.0,30.0,30.228,331.0,297.0,34.0,21.0,283.0,318.0,32.495,31.755,95.286,88.994,85.498,True
2025-02-18 11:00:00,11,24.0,24.0,24.656,531.0,501.0,30.0,12.0,499.0,513.0,25.267,24.657,99.601,97.271,93.974,True
2025-02-18 12:00:00,12,22.0,22.0,22.287,510.0,492.0,18.0,11.0,491.0,503.0,22.606,21.607,99.797,97.614,96.275,True
2025-02-18 13:00:00,13,20.0,20.0,20.152,489.0,471.0,17.0,4.0,470.0,476.0,20.55,19.051,99.788,98.739,96.115,True
2025-02-18 14:00:00,14,23.0,23.0,23.836,598.0,551.0,46.0,26.0,546.0,578.0,24.495,22.394,99.093,94.464,91.304,True
2025-02-18 15:00:00,15,39.0,39.0,39.378,610.0,527.0,83.0,58.0,442.0,585.0,40.762,36.72,83.871,75.556,72.459,True
2025-02-18 16:00:00,16,50.0,50.0,50.748,315.0,266.0,49.0,28.0,168.0,294.0,52.38,48.864,63.158,57.143,53.333,True
2025-02-18 17:00:00,17,51.0,51.0,51.852,185.0,151.0,34.0,26.0,99.0,177.0,52.547,45.044,65.563,55.932,53.514,True
2025-02-18 18:00:00,18,39.0,39.0,39.775,89.0,71.0,18.0,11.0,58.0,82.0,39.368,32.632,81.69,70.732,65.169,True
2025-02-18 19:00:00,19,31.0,31.0,31.063,69.0,59.0,10.0,6.0,56.0,65.0,32.854,32.914,94.915,86.154,81.159,True
2025-02-18 20:00:00,20,31.0,32.0,32.087,50.0,43.0,7.0,4.0,43.0,47.0,33.57,33.049,100.0,91.489,86.0,False
2025-02-18 21:00:00,21,34.0,34.0,34.364,40.0,33.0,7.0,6.0,33.0,39.0,34.549,33.409,100.0,84.615,82.5,True
2025-02-18 22:00:00,22,25.0,25.0,25.083,16.0,12.0,4.0,4.0,12.0,16.0,25.201,25.782,100.0,75.0,75.0,True
2025-02-18 23:00:00,23,28.0,28.0,28.5,7.0,4.0,1.0,1.0,4.0,7.0,29.077,31.385,100.0,57.143,57.143,True
2025-02-19 00:00:00,0,32.0,32.0,32.5,3.0,2.0,1.0,1.0,2.0,3.0,32.351,32.351,100.0,66.667,66.667,True
2025-02-19 02:00:00,2,21.0,21.0,21.667,3.0,3.0,0.0,0.0,3.0,3.0,22.394,21.411,100.0,100.0,100.0,True
2025-02-19 03:00:00,3,27.0,27.0,27.75,4.0,4.0,0.0,0.0,4.0,4.0,28.155,26.594,100.0,100.0,100.0,True
2025-02-19 04:00:00,4,30.0,30.0,30.0,11.0,11.0,0.0,0.0,10.0,11.0,33.218,28.609,90.909,90.909,90.909,True
2025-02-19 05:00:00,5,45.0,45.0,45.583,16.0,13.0,3.0,2.0,9.0,15.0,53.169,35.365,69.231,60.0,56.25,True
2025-02-19 06:00:00,6,51.0,51.0,51.042,47.0,40.0,7.0,6.0,16.0,46.0,63.396,61.682,40.0,34.783,34.043,True
2025-02-19 07:00:00,7,64.0,64.0,64.104,341.0,297.0,44.0,29.0,64.0,326.0,77.233,76.478,21.549,19.632,18.768,True
2025-02-19 08:00:00,8,69.0,69.0,69.695,340.0,300.0,40.0,31.0,46.0,331.0,83.611,83.495,15.333,13.897,13.529,True
2025-02-19 09:00:00,9,57.0,57.0,57.576,291.0,232.0,59.0,42.0,131.0,274.0,58.593,57.598,56.466,47.81,45.017,True
2025-02-19 10:00:00,10,29.0,29.0,29.858,326.0,298.0,28.0,16.0,284.0,314.0,32.785,30.47,95.302,90.446,87.117,True
2025-02-19 11:00:00,11,25.0,25.0,25.468,494.0,460.0,34.0,17.0,458.0,477.0,26.258,25.72,99.565,96.017,92.713,True
2025-02-19 12:00:00,12,21.0,21.0,21.901,526.0,499.0,27.0,15.0,499.0,514.0,22.443,21.6,100.0,97.082,94.867,True
2025-02-19 13:00:00,13,20.0,20.0,20.304,478.0,453.0,25.0,14.0,452.0,467.0,20.481,19.672,99.779,96.788,94.561,True
2025-02-19 14:00:00,14,24.0,24.0,24.488,580.0,544.0,36.0,15.0,536.0,559.0,24.962,22.837,98.529,95.886,92.414,True
2025-02-19 15:00:00,15,40.0,40.0,40.843,626.0,558.0,67.0,38.0,438.0,597.0,42.104,37.007,78.495,73.367,69.968,True
2025-02-19 16:00:00,16,55.0,55.0,55.425,312.0,254.0,58.0,37.0,149.0,291.0,56.662,52.584,58.661,51.203,47.756,True
2025-02-19 17:00:00,17,48.0,48.0,48.86,196.0,168.0,28.0,21.0,108.0,189.0,50.632,43.083,64.286,57.143,55.102,True
2025-02-19 18:00:00,18,41.0,41.0,41.325,88.0,78.0,10.0,7.0,61.0,85.0,42.296,38.346,78.205,71.765,69.318,True
2025-02-19 19:00:00,19,31.0,31.0,31.136,48.0,39.0,9.0,7.0,36.0,46.0,32.372,30.155,92.308,78.261,75.0,True
2025-02-19 20:00:00,20,40.0,40.0,40.268,66.0,56.0,10.0,10.0,52.0,66.0,40.893,39.709,92.857,78.788,78.788,True
2025-02-19 21:00:00,21,40.0,40.0,40.655,37.0,29.0,8.0,5.0,23.0,34.0,40.753,35.704,79.31,67.647,62.162,True
2025-02-19 22:00:00,22,38.0,38.0,38.176,19.0,16.0,3.0,2.0,13.0,18.0,38.546,29.567,81.25,72.222,68.421,True
2025-02-19 23:00:00,23,30.0,30.0,30.667,9.0,6.0,3.0,3.0,6.0,9.0,31.202,34.297,100.0,66.667,66.667,True
2025-02-20 00:00:00,0,38.0,38.0,38.667,3.0,3.0,0.0,0.0,3.0,3.0,38.888,42.925,100.0,100.0,100.0,True
2025-02-20 01:00:00,1,29.0,29.0,29.667,5.0,3.0,2.0,2.0,3.0,5.0,30.287,30.631,100.0,60.0,60.0,True
2025-02-20 02:00:00,2,23.0,23.0,23.0,1.0,1.0,0.0,0.0,1.0,1.0,23.205,23.205,100.0,100.0,100.0,True
2025-02-20 03:00:00,3,21.0,21.0,21.833,5.0,5.0,0.0,0.0,5.0,5.0,26.894,23.705,100.0,100.0,100.0,True
2025-02-20 04:00:00,4,26.0,26.0,26.091,9.0,7.0,2.0,2.0,6.0,9.0,39.22,34.642,85.714,66.667,66.667,True
2025-02-20 05:00:00,5,29.0,29.0,29.133,14.0,9.0,5.0,1.0,9.0,10.0,28.714,20.615,100.0,90.0,64.286,True
2025-02-20 06:00:00,6,51.0,51.0,51.38,55.0,46.0,9.0,3.0,23.0,49.0,59.369,59.301,50.0,46.939,41.818,True
2025-02-20 07:00:00,7,61.0,61.0,61.992,377.0,318.0,58.0,30.0,75.0,349.0,73.259,73.5,23.585,21.49,19.894,True
2025-02-20 08:00:00,8,65.0,65.0,65.975,369.0,306.0,62.0,37.0,43.0,344.0,78.356,78.866,14.052,12.5,11.653,True
2025-02-20 09:00:00,9,55.0,55.0,55.445,283.0,241.0,42.0,32.0,144.0,273.0,56.2,56.029,59.751,52.747,50.883,True
2025-02-20 10:00:00,10,27.0,27.0,27.834,317.0,294.0,22.0,14.0,290.0,309.0,29.48,28.484,98.639,93.851,91.483,True
2025-02-20 11:00:00,11,22.0,22.0,22.988,513.0,486.0,26.0,14.0,486.0,501.0,23.543,23.09,100.0,97.006,94.737,True
2025-02-20 12:00:00,12,22.0,22.0,22.469,543.0,512.0,31.0,19.0,509.0,531.0,22.998,21.481,99.414,95.857,93.738,True
2025-02-20 13:00:00,13,20.0,20.0,20.391,480.0,452.0,28.0,16.0,449.0,468.0,20.973,20.03,99.336,95.94,93.542,True
2025-02-20 14:00:00,14,23.0,23.0,23.973,607.0,573.0,34.0,19.0,565.0,592.0,24.539,22.89,98.604,95.439,93.081,True
2025-02-20 15:00:00,15,37.0,37.0,37.178,610.0,531.0,79.0,47.0,454.0,578.0,38.336,34.258,85.499,78.547,74.426,True
2025-02-20 16:00:00,16,48.0,48.0,48.371,339.0,276.0,63.0,42.0,193.0,318.0,49.222,45.572,69.928,60.692,56.932,True
2025-02-20 17:00:00,17,45.0,45.0,45.658,218.0,174.0,43.0,21.0,130.0,196.0,47.262,42.081,74.713,66.327,59.633,True
2025-02-20 18:00:00,18,38.0,39.0,39.241,112.0,86.0,26.0,18.0,70.0,104.0,38.946,33.962,81.395,67.308,62.5,False
2025-02-20 19:00:00,19,37.0,37.0,37.031,75.0,63.0,12.0,11.0,55.0,74.0,37.897,35.694,87.302,74.324,73.333,True
2025-02-20 20:00:00,20,41.0,42.0,42.4,53.0,43.0,10.0,9.0,34.0,52.0,43.232,41.745,79.07,65.385,64.151,False
2025-02-20 21:00:00,21,49.0,49.0,49.536,30.0,28.0,2.0,2.0,22.0,30.0,49.91,49.107,78.571,73.333,73.333,True
2025-02-20 22:00:00,22,38.0,38.0,38.947,21.0,19.0,2.0,1.0,19.0,20.0,39.246,38.624,100.0,95.0,90.476,True
2025-02-20 23:00:00,23,32.0,32.0,32.882,17.0,17.0,0.0,0.0,17.0,17.0,33.398,26.289,100.0,100.0,100.0,True
2025-02-21 00:00:00,0,37.0,37.0,37.0,4.0,4.0,0.0,0.0,4.0,4.0,37.229,35.665,100.0,100.0,100.0,True
2025-02-21 01:00:00,1,24.0,24.0,24.0,1.0,1.0,0.0,0.0,1.0,1.0,23.914,23.914,100.0,100.0,100.0,True
2025-02-21 02:00:00,2,30.0,30.0,30.5,6.0,6.0,0.0,0.0,6.0,6.0,31.396,31.185,100.0,100.0,100.0,True
2025-02-21 03:00:00,3,24.0,24.0,24.8,5.0,5.0,0.0,0.0,5.0,5.0,25.803,21.748,100.0,100.0,100.0,True
2025-02-21 04:00:00,4,26.0,26.0,26.333,11.0,11.0,0.0,0.0,10.0,11.0,28.329,24.493,90.909,90.909,90.909,True
2025-02-21 05:00:00,5,39.0,39.0,39.6,11.0,8.0,3.0,2.0,6.0,10.0,40.302,34.248,75.0,60.0,54.545,True
2025-02-21 06:00:00,6,48.0,48.0,48.657,42.0,37.0,5.0,2.0,28.0,39.0,50.608,49.059,75.676,71.795,66.667,True
2025-02-21 07:00:00,7,43.0,43.0,43.726,305.0,258.0,47.0,16.0,196.0,274.0,51.95,49.831,75.969,71.533,64.262,True
2025-02-21 08:00:00,8,42.0,42.0,42.103,386.0,291.0,95.0,27.0,227.0,318.0,47.947,48.564,78.007,71.384,58.808,True
2025-02-21 09:00:00,9,32.0,32.0,32.984,371.0,309.0,62.0,28.0,304.0,337.0,33.882,33.038,98.382,90.208,81.941,True
2025-02-21 10:00:00,10,21.0,21.0,21.066,356.0,329.0,27.0,13.0,329.0,342.0,21.62,20.53,100.0,96.199,92.416,True
2025-02-21 11:00:00,11,21.0,21.0,21.095,511.0,482.0,28.0,17.0,482.0,500.0,21.604,20.539,100.0,96.4,94.325,True
2025-02-21 12:00:00,12,20.0,20.0,20.064,488.0,453.0,32.0,18.0,453.0,474.0,20.34,19.58,100.0,95.57,92.828,True
2025-02-21 13:00:00,13,20.0,20.0,20.618,504.0,481.0,23.0,15.0,480.0,496.0,20.975,19.646,99.792,96.774,95.238,True
2025-02-21 14:00:00,14,26.0,26.0,26.396,603.0,560.0,41.0,18.0,544.0,580.0,27.06,23.783,97.143,93.793,90.216,True
2025-02-21 15:00:00,15,41.0,41.0,41.754,603.0,522.0,80.0,52.0,419.0,575.0,43.207,37.808,80.268,72.87,69.486,True
2025-02-21 16:00:00,16,61.0,61.0,61.832,322.0,249.0,72.0,58.0,128.0,308.0,63.027,58.852,51.406,41.558,39.752,True
2025-02-21 17:00:00,17,62.0,62.0,62.242,180.0,140.0,40.0,29.0,79.0,169.0,63.175,55.361,56.429,46.746,43.889,True
2025-02-21 18:00:00,18,59.0,59.0,59.733,112.0,87.0,25.0,23.0,45.0,110.0,60.918,59.674,51.724,40.909,40.179,True
2025-02-21 19:00:00,19,72.0,72.0,72.615,71.0,51.0,20.0,16.0,14.0,67.0,73.911,74.91,27.451,20.896,19.718,True
2025-02-21 20:00:00,20,108.0,107.0,107.875,62.0,40.0,22.0,22.0,4.0,62.0,108.155,112.596,10.0,6.452,6.452,False
2025-02-21 21:00:00,21,86.0,86.0,86.727,38.0,23.0,15.0,15.0,4.0,38.0,86.331,88.553,17.391,10.526,10.526,True
2025-02-21 22:00:00,22,92.0,92.0,92.714,21.0,14.0,7.0,7.0,4.0,21.0,89.781,101.477,28.571,19.048,19.048,True
2025-02-21 23:00:00,23,51.0,51.0,51.833,6.0,5.0,0.0,0.0,4.0,6.0,57.564,49.045,80.0,66.667,66.667,True
2025-02-22 00:00:00,0,47.0,47.0,47.714,12.0,12.0,0.0,0.0,8.0,12.0,56.217,52.757,66.667,66.667,66.667,True
2025-02-22 01:00:00,1,0.0,0.0,0.0,,,,,,,,,,,,True
2025-02-22 02:00:00,2,26.0,26.0,26.5,2.0,2.0,0.0,0.0,2.0,2.0,27.736,27.736,100.0,100.0,100.0,True
2025-02-22 03:00:00,3,32.0,32.0,32.333,6.0,6.0,0.0,0.0,6.0,6.0,32.257,29.181,100.0,100.0,100.0,True
2025-02-22 04:00:00,4,23.0,23.0,23.75,12.0,12.0,0.0,0.0,12.0,12.0,32.083,31.393,100.0,100.0,100.0,True
2025-02-22 05:00:00,5,34.0,34.0,34.692,12.0,10.0,2.0,2.0,8.0,12.0,45.079,28.192,80.0,66.667,66.667,True
2025-02-22 06:00:00,6,69.0,69.0,69.167,16.0,16.0,0.0,0.0,5.0,16.0,68.635,65.316,31.25,31.25,31.25,True
2025-02-22 07:00:00,7,36.0,36.0,36.213,39.0,33.0,6.0,4.0,33.0,37.0,35.132,33.471,100.0,89.189,84.615,True
2025-02-22 08:00:00,8,30.0,30.0,30.663,149.0,134.0,15.0,11.0,129.0,145.0,31.94,29.621,96.269,88.966,86.577,True
2025-02-22 09:00:00,9,37.0,37.0,37.163,192.0,170.0,22.0,14.0,153.0,184.0,38.05,33.674,90.0,83.152,79.688,True
2025-02-22 10:00:00,10,36.0,36.0,36.667,220.0,181.0,39.0,26.0,166.0,207.0,39.085,38.563,91.713,80.193,75.455,True
2025-02-22 11:00:00,11,40.0,40.0,40.386,256.0,221.0,35.0,22.0,199.0,243.0,41.53,40.676,90.045,81.893,77.734,True
2025-02-22 12:00:00,12,34.0,34.0,34.421,203.0,181.0,22.0,13.0,174.0,194.0,35.462,33.0,96.133,89.691,85.714,True
2025-02-22 13:00:00,13,28.0,28.0,28.433,197.0,180.0,17.0,10.0,177.0,190.0,29.135,28.798,98.333,93.158,89.848,True
2025-02-22 14:00:00,14,24.0,24.0,24.986,159.0,145.0,14.0,8.0,144.0,153.0,25.963,24.101,99.31,94.118,90.566,True
2025-02-22 15:00:00,15,29.0,29.0,29.209,186.0,163.0,23.0,11.0,159.0,174.0,30.413,29.336,97.546,91.379,85.484,True
2025-02-22 16:00:00,16,44.0,44.0,44.216,150.0,115.0,34.0,24.0,94.0,140.0,44.885,37.481,81.739,67.143,62.667,True
2025-02-22 17:00:00,17,46.0,46.0,46.593,102.0,84.0,18.0,15.0,63.0,99.0,47.503,35.703,75.0,63.636,61.765,True
2025-02-22 18:00:00,18,41.0,41.0,41.5,79.0,65.0,14.0,9.0,51.0,74.0,42.778,33.524,78.462,68.919,64.557,True
2025-02-22 19:00:00,19,35.0,36.0,36.25,58.0,47.0,11.0,11.0,40.0,58.0,36.368,30.932,85.106,68.966,68.966,False
2025-02-22 20:00:00,20,44.0,43.0,43.297,47.0,37.0,10.0,7.0,31.0,44.0,43.666,43.5,83.784,70.455,65.957,False
2025-02-22 21:00:00,21,43.0,43.0,43.606,38.0,33.0,5.0,4.0,28.0,37.0,43.862,44.434,84.848,75.676,73.684,True
2025-02-22 22:00:00,22,32.0,32.0,32.562,18.0,16.0,2.0,1.0,15.0,17.0,32.589,34.42,93.75,88.235,83.333,True
2025-02-22 23:00:00,23,37.0,37.0,37.636,13.0,11.0,2.0,2.0,11.0,13.0,37.873,35.244,100.0,84.615,84.615,True
2025-02-23 00:00:00,0,24.0,24.0,24.833,7.0,6.0,1.0,1.0,6.0,7.0,25.203,28.549,100.0,85.714,85.714,True
2025-02-23 01:00:00,1,26.0,26.0,26.0,2.0,2.0,0.0,0.0,2.0,2.0,26.3,26.3,100.0,100.0,100.0,True
2025-02-23 02:00:00,2,36.0,36.0,36.0,4.0,3.0,1.0,1.0,3.0,4.0,36.695,31.245,100.0,75.0,75.0,True
2025-02-23 03:00:00,3,21.0,21.0,21.6,4.0,4.0,0.0,0.0,4.0,4.0,27.506,22.303,100.0,100.0,100.0,True
2025-02-23 04:00:00,4,20.0,20.0,20.25,4.0,4.0,0.0,0.0,4.0,4.0,21.116,23.537,100.0,100.0,100.0,True
2025-02-23 05:00:00,5,47.0,47.0,47.667,6.0,3.0,3.0,2.0,2.0,5.0,48.182,20.165,66.667,40.0,33.333,True
2025-02-23 06:00:00,6,61.0,61.0,61.333,5.0,4.0,1.0,0.0,1.0,4.0,72.752,85.282,25.0,25.0,20.0,True
2025-02-23 07:00:00,7,37.0,37.0,37.575,61.0,51.0,10.0,7.0,45.0,58.0,39.83,38.19,88.235,77.586,73.77,True
2025-02-23 08:00:00,8,36.0,36.0,36.474,166.0,145.0,21.0,11.0,125.0,156.0,39.501,33.341,86.207,80.128,75.301,True
2025-02-23 09:00:00,9,62.0,61.0,61.994,225.0,169.0,56.0,48.0,86.0,217.0,63.237,58.913,50.888,39.631,38.222,False
2025-02-23 10:00:00,10,46.0,46.0,46.241,118.0,91.0,27.0,22.0,53.0,113.0,56.926,55.477,58.242,46.903,44.915,True
2025-02-23 11:00:00,11,32.0,32.0,32.891,109.0,92.0,17.0,9.0,88.0,101.0,32.914,32.92,95.652,87.129,80.734,True
2025-02-23 12:00:00,12,25.0,25.0,25.202,241.0,226.0,15.0,10.0,225.0,236.0,26.183,25.307,99.558,95.339,93.361,True
2025-02-23 13:00:00,13,29.0,29.0,29.158,204.0,193.0,11.0,7.0,191.0,200.0,29.809,29.229,98.964,95.5,93.627,True
2025-02-23 14:00:00,14,29.0,29.0,29.286,169.0,161.0,8.0,5.0,158.0,166.0,29.71,27.498,98.137,95.181,93.491,True
2025-02-23 15:00:00,15,29.0,29.0,29.959,136.0,121.0,15.0,10.0,117.0,131.0,30.973,27.089,96.694,89.313,86.029,True
2025-02-23 16:00:00,16,35.0,35.0,35.674,106.0,93.0,13.0,10.0,85.0,103.0,36.073,33.536,91.398,82.524,80.189,True
2025-02-23 17:00:00,17,40.0,40.0,40.108,93.0,82.0,11.0,8.0,66.0,90.0,40.693,30.761,80.488,73.333,70.968,True
2025-02-23 18:00:00,18,37.0,37.0,37.4,65.0,54.0,11.0,9.0,45.0,63.0,38.485,29.712,83.333,71.429,69.231,True
2025-02-23 19:00:00,19,43.0,44.0,44.465,55.0,44.0,11.0,7.0,32.0,51.0,46.188,41.372,72.727,62.745,58.182,False
2025-02-23 20:00:00,20,70.0,70.0,70.762,31.0,21.0,10.0,10.0,6.0,31.0,69.011,70.191,28.571,19.355,19.355,True
2025-02-23 21:00:00,21,65.0,65.0,65.75,18.0,11.0,7.0,7.0,3.0,18.0,66.161,68.214,27.273,16.667,16.667,True
2025-02-23 22:00:00,22,64.0,64.0,64.875,12.0,8.0,4.0,4.0,3.0,12.0,65.585,63.079,37.5,25.0,25.0,True
2025-02-23 23:00:00,23,25.0,25.0,25.75,10.0,8.0,2.0,2.0,8.0,10.0,26.515,26.786,100.0,80.0,80.0,True
2025-02-24 00:00:00,0,46.0,46.0,46.5,4.0,4.0,0.0,0.0,4.0,4.0,46.471,46.14,100.0,100.0,100.0,True
2025-02-24 01:00:00,1,25.0,25.0,25.0,1.0,1.0,0.0,0.0,1.0,1.0,26.013,26.013,100.0,100.0,100.0,True
2025-02-24 02:00:00,2,44.0,44.0,44.0,1.0,1.0,0.0,0.0,1.0,1.0,44.627,44.627,100.0,100.0,100.0,True
2025-02-24 03:00:00,3,32.0,32.0,32.375,8.0,8.0,0.0,0.0,8.0,8.0,32.925,35.794,100.0,100.0,100.0,True
2025-02-24 04:00:00,4,34.0,34.0,34.636,11.0,11.0,0.0,0.0,9.0,11.0,36.627,26.269,81.818,81.818,81.818,True
2025-02-24 05:00:00,5,54.0,54.0,54.458,13.0,11.0,2.0,2.0,3.0,13.0,75.866,78.359,27.273,23.077,23.077,True
2025-02-24 06:00:00,6,53.0,53.0,53.813,44.0,37.0,7.0,4.0,22.0,41.0,60.231,55.369,59.459,53.659,50.0,True
2025-02-24 07:00:00,7,59.0,59.0,59.514,372.0,321.0,51.0,23.0,96.0,344.0,72.073,71.561,29.907,27.907,25.806,True
2025-02-24 08:00:00,8,60.0,60.0,60.408,354.0,298.0,56.0,32.0,90.0,330.0,72.061,70.503,30.201,27.273,25.424,True
2025-02-24 09:00:00,9,50.0,50.0,50.219,324.0,286.0,38.0,28.0,203.0,314.0,51.278,50.106,70.979,64.65,62.654,True
2025-02-24 10:00:00,10,26.0,26.0,26.182,333.0,301.0,32.0,12.0,297.0,313.0,28.345,26.346,98.671,94.888,89.189,True
2025-02-24 11:00:00,11,22.0,22.0,22.171,517.0,492.0,23.0,8.0,491.0,502.0,22.964,21.96,99.797,97.809,94.971,True
2025-02-24 12:00:00,12,20.0,20.0,20.354,539.0,506.0,33.0,18.0,505.0,524.0,20.695,19.507,99.802,96.374,93.692,True
2025-02-24 13:00:00,13,20.0,20.0,20.074,466.0,444.0,22.0,12.0,443.0,456.0,20.496,19.38,99.775,97.149,95.064,True
2025-02-24 14:00:00,14,23.0,23.0,23.319,608.0,559.0,49.0,30.0,554.0,589.0,23.904,22.381,99.106,94.058,91.118,True
2025-02-24 15:00:00,15,36.0,36.0,36.608,619.0,541.0,77.0,43.0,468.0,585.0,37.402,31.916,86.506,80.0,75.606,True
2025-02-24 16:00:00,16,53.0,53.0,53.168,366.0,302.0,63.0,46.0,185.0,349.0,54.478,48.94,61.258,53.009,50.546,True
2025-02-24 17:00:00,17,53.0,53.0,53.759,186.0,144.0,41.0,34.0,92.0,179.0,54.627,47.242,63.889,51.397,49.462,True
2025-02-24 18:00:00,18,45.0,44.0,44.897,89.0,67.0,22.0,15.0,46.0,82.0,44.878,35.759,68.657,56.098,51.685,False
2025-02-24 19:00:00,19,32.0,32.0,32.836,71.0,58.0,13.0,9.0,53.0,67.0,33.81,31.514,91.379,79.104,74.648,True
2025-02-24 20:00:00,20,32.0,32.0,32.909,58.0,52.0,6.0,4.0,49.0,56.0,34.553,33.055,94.231,87.5,84.483,True
2025-02-24 21:00:00,21,29.0,29.0,29.75,21.0,19.0,2.0,1.0,19.0,20.0,30.842,29.882,100.0,95.0,90.476,True
2025-02-24 22:00:00,22,24.0,24.0,24.929,15.0,14.0,1.0,1.0,14.0,15.0,25.131,26.42,100.0,93.333,93.333,True
2025-02-24 23:00:00,23,20.0,20.0,20.4,10.0,8.0,2.0,1.0,8.0,9.0,26.008,26.426,100.0,88.889,80.0,True
2025-02-25 00:00:00,0,36.0,36.0,36.0,3.0,3.0,0.0,0.0,3.0,3.0,36.076,34.733,100.0,100.0,100.0,True
2025-02-25 01:00:00,1,30.0,30.0,30.0,1.0,1.0,0.0,0.0,1.0,1.0,30.211,30.211,100.0,100.0,100.0,True
2025-02-25 02:00:00,2,27.0,27.0,27.0,4.0,4.0,0.0,0.0,4.0,4.0,27.625,22.58,100.0,100.0,100.0,True
2025-02-25 03:00:00,3,15.0,15.0,15.0,1.0,1.0,0.0,0.0,1.0,1.0,31.288,31.288,100.0,100.0,100.0,True
2025-02-25 04:00:00,4,26.0,26.0,26.0,11.0,10.0,1.0,1.0,9.0,11.0,35.412,27.806,90.0,81.818,81.818,True
2025-02-25 05:00:00,5,46.0,46.0,46.955,15.0,14.0,1.0,1.0,9.0,15.0,52.446,26.491,64.286,60.0,60.0,True
2025-02-25 06:00:00,6,52.0,52.0,52.295,36.0,33.0,3.0,1.0,23.0,34.0,53.085,58.419,69.697,67.647,63.889,True
2025-02-25 07:00:00,7,51.0,51.0,51.933,350.0,290.0,60.0,23.0,133.0,313.0,62.376,61.621,45.862,42.492,38.0,True
2025-02-25 08:00:00,8,53.0,54.0,54.027,369.0,309.0,60.0,23.0,137.0,332.0,62.783,63.09,44.337,41.265,37.127,False
2025-02-25 09:00:00,9,45.0,45.0,45.082,322.0,273.0,49.0,32.0,223.0,305.0,46.581,44.797,81.685,73.115,69.255,True
2025-02-25 10:00:00,10,25.0,25.0,25.156,337.0,307.0,30.0,18.0,302.0,325.0,26.428,24.375,98.371,92.923,89.614,True
2025-02-25 11:00:00,11,21.0,21.0,21.78,514.0,486.0,28.0,20.0,485.0,506.0,22.426,21.719,99.794,95.85,94.358,True
2025-02-25 12:00:00,12,20.0,20.0,20.947,552.0,527.0,25.0,16.0,525.0,543.0,21.257,19.82,99.62,96.685,95.109,True
2025-02-25 13:00:00,13,20.0,20.0,20.665,502.0,467.0,35.0,16.0,465.0,483.0,21.231,19.88,99.572,96.273,92.629,True
2025-02-25 14:00:00,14,26.0,26.0,26.211,643.0,595.0,48.0,23.0,584.0,618.0,26.623,24.108,98.151,94.498,90.824,True
2025-02-25 15:00:00,15,42.0,42.0,42.647,604.0,519.0,85.0,53.0,399.0,572.0,43.865,37.162,76.879,69.755,66.06,True
2025-02-25 16:00:00,16,53.0,53.0,53.941,337.0,273.0,64.0,51.0,166.0,324.0,55.709,51.202,60.806,51.235,49.258,True
2025-02-25 17:00:00,17,54.0,54.0,54.211,195.0,154.0,41.0,28.0,94.0,182.0,55.746,46.17,61.039,51.648,48.205,True
2025-02-25 18:00:00,18,41.0,41.0,41.609,78.0,61.0,17.0,14.0,52.0,75.0,41.155,35.369,85.246,69.333,66.667,True
2025-02-25 19:00:00,19,30.0,30.0,30.659,49.0,43.0,6.0,5.0,42.0,48.0,31.617,29.758,97.674,87.5,85.714,True
2025-02-25 20:00:00,20,36.0,37.0,37.0,43.0,38.0,5.0,3.0,32.0,41.0,38.351,33.127,84.211,78.049,74.419,False
2025-02-25 21:00:00,21,42.0,42.0,42.433,39.0,30.0,9.0,8.0,26.0,38.0,42.565,41.282,86.667,68.421,66.667,True
2025-02-25 22:00:00,22,31.0,31.0,31.533,14.0,14.0,0.0,0.0,14.0,14.0,33.532,30.816,100.0,100.0,100.0,True
2025-02-25 23:00:00,23,23.0,23.0,23.0,8.0,8.0,0.0,0.0,8.0,8.0,23.684,24.666,100.0,100.0,100.0,True
2025-02-26 00:00:00,0,38.0,38.0,38.75,9.0,4.0,5.0,4.0,3.0,8.0,39.191,35.73,75.0,37.5,33.333,True
2025-02-26 01:00:00,1,33.0,33.0,33.0,4.0,4.0,0.0,0.0,4.0,4.0,34.113,37.218,100.0,100.0,100.0,True
2025-02-26 02:00:00,2,21.0,21.0,21.0,2.0,2.0,0.0,0.0,2.0,2.0,21.346,21.346,100.0,100.0,100.0,True
2025-02-26 03:00:00,3,33.0,33.0,33.333,3.0,3.0,0.0,0.0,3.0,3.0,33.652,23.567,100.0,100.0,100.0,True
2025-02-26 04:00:00,4,22.0,22.0,22.0,10.0,10.0,0.0,0.0,10.0,10.0,25.188,25.673,100.0,100.0,100.0,True
2025-02-26 05:00:00,5,37.0,37.0,37.091,11.0,9.0,2.0,1.0,8.0,10.0,34.492,26.512,88.889,80.0,72.727,True
2025-02-26 06:00:00,6,55.0,55.0,55.514,42.0,37.0,5.0,2.0,13.0,39.0,64.508,64.968,35.135,33.333,30.952,True
2025-02-26 07:00:00,7,57.0,57.0,57.746,324.0,270.0,54.0,30.0,97.0,300.0,69.943,69.158,35.926,32.333,29.938,True
2025-02-26 08:00:00,8,60.0,60.0,60.138,363.0,303.0,60.0,37.0,107.0,340.0,71.281,71.252,35.314,31.471,29.477,True
2025-02-26 09:00:00,9,48.0,48.0,48.755,295.0,247.0,48.0,33.0,180.0,280.0,49.866,47.972,72.874,64.286,61.017,True
2025-02-26 10:00:00,10,27.0,27.0,27.348,340.0,307.0,33.0,17.0,300.0,324.0,29.02,27.633,97.72,92.593,88.235,True
2025-02-26 11:00:00,11,23.0,23.0,23.421,488.0,458.0,30.0,17.0,455.0,475.0,24.029,22.618,99.345,95.789,93.238,True
2025-02-26 12:00:00,12,22.0,22.0,22.447,555.0,531.0,24.0,9.0,531.0,540.0,22.948,21.87,100.0,98.333,95.676,True
2025-02-26 13:00:00,13,20.0,20.0,20.027,458.0,434.0,24.0,15.0,434.0,449.0,20.312,19.188,100.0,96.659,94.76,True
2025-02-26 14:00:00,14,23.0,23.0,23.31,559.0,522.0,37.0,15.0,517.0,537.0,23.72,22.531,99.042,96.276,92.487,True
2025-02-26 15:00:00,15,39.0,39.0,39.57,622.0,541.0,81.0,49.0,434.0,590.0,40.97,35.287,80.222,73.559,69.775,True
2025-02-26 16:00:00,16,55.0,55.0,55.859,384.0,298.0,86.0,58.0,182.0,356.0,57.328,52.174,61.074,51.124,47.396,True
2025-02-26 17:00:00,17,55.0,55.0,55.522,193.0,146.0,46.0,37.0,88.0,184.0,57.852,51.39,60.274,47.826,45.596,True
2025-02-26 18:00:00,18,44.0,44.0,44.597,77.0,63.0,14.0,10.0,45.0,73.0,46.476,40.941,71.429,61.644,58.442,True
2025-02-26 19:00:00,19,30.0,30.0,30.102,63.0,55.0,8.0,6.0,53.0,61.0,31.714,30.023,96.364,86.885,84.127,True
2025-02-26 20:00:00,20,43.0,43.0,43.551,56.0,48.0,8.0,7.0,40.0,55.0,44.764,42.398,83.333,72.727,71.429,True
2025-02-26 21:00:00,21,42.0,42.0,42.152,44.0,33.0,11.0,8.0,25.0,41.0,42.643,41.939,75.758,60.976,56.818,True
2025-02-26 22:00:00,22,28.0,28.0,28.083,12.0,11.0,1.0,0.0,11.0,11.0,30.412,30.578,100.0,100.0,91.667,True
2025-02-26 23:00:00,23,27.0,33.0,33.429,8.0,7.0,1.0,1.0,6.0,8.0,34.304,30.546,85.714,75.0,75.0,False
2025-02-27 00:00:00,0,33.0,33.0,33.667,5.0,3.0,2.0,2.0,3.0,5.0,34.093,28.576,100.0,60.0,60.0,True
2025-02-27 01:00:00,1,35.0,35.0,35.5,3.0,2.0,1.0,1.0,2.0,3.0,36.765,36.765,100.0,66.667,66.667,True
2025-02-27 02:00:00,2,11.0,11.0,11.0,2.0,1.0,1.0,1.0,1.0,2.0,12.805,12.805,100.0,50.0,50.0,True
2025-02-27 03:00:00,3,25.0,25.0,25.8,5.0,4.0,1.0,1.0,3.0,5.0,32.859,26.65,75.0,60.0,60.0,True
2025-02-27 04:00:00,4,16.0,16.0,16.667,5.0,5.0,0.0,0.0,5.0,5.0,24.375,26.933,100.0,100.0,100.0,True
2025-02-27 05:00:00,5,45.0,45.0,45.261,17.0,14.0,3.0,2.0,11.0,16.0,48.666,43.809,78.571,68.75,64.706,True
2025-02-27 06:00:00,6,50.0,50.0,50.203,40.0,35.0,5.0,3.0,19.0,38.0,55.801,57.763,54.286,50.0,47.5,True
2025-02-27 07:00:00,7,49.0,49.0,49.367,314.0,261.0,53.0,18.0,132.0,279.0,59.526,58.912,50.575,47.312,42.038,True
2025-02-27 08:00:00,8,49.0,49.0,49.312,400.0,319.0,81.0,31.0,180.0,350.0,56.729,55.7,56.426,51.429,45.0,True
2025-02-27 09:00:00,9,38.0,38.0,38.055,314.0,264.0,50.0,25.0,244.0,289.0,38.43,37.49,92.424,84.429,77.707,True
2025-02-27 10:00:00,10,22.0,22.0,22.037,363.0,337.0,26.0,13.0,336.0,350.0,22.78,22.192,99.703,96.0,92.562,True
2025-02-27 11:00:00,11,21.0,21.0,21.48,480.0,463.0,17.0,9.0,462.0,472.0,21.974,20.893,99.784,97.881,96.25,True
2025-02-27 12:00:00,12,21.0,21.0,21.182,545.0,527.0,18.0,11.0,527.0,538.0,21.602,20.644,100.0,97.955,96.697,True
2025-02-27 13:00:00,13,20.0,20.0,20.297,464.0,437.0,26.0,14.0,437.0,452.0,20.61,19.718,100.0,96.681,94.181,True
2025-02-27 14:00:00,14,25.0,25.0,25.229,593.0,549.0,44.0,29.0,535.0,578.0,25.897,23.462,97.45,92.561,90.219,True
2025-02-27 15:00:00,15,38.0,38.0,38.202,597.0,511.0,86.0,47.0,419.0,558.0,39.887,34.382,81.996,75.09,70.184,True
2025-02-27 16:00:00,16,49.0,49.0,49.405,337.0,276.0,61.0,41.0,185.0,317.0,50.785,45.025,67.029,58.36,54.896,True
2025-02-27 17:00:00,17,41.0,41.0,41.422,205.0,174.0,31.0,21.0,140.0,195.0,42.154,34.143,80.46,71.795,68.293,True
2025-02-27 18:00:00,18,36.0,36.0,36.738,91.0,77.0,14.0,7.0,69.0,84.0,38.168,36.566,89.61,82.143,75.824,True
2025-02-27 19:00:00,19,30.0,30.0,30.148,62.0,59.0,3.0,2.0,56.0,61.0,30.541,30.717,94.915,91.803,90.323,True
2025-02-27 20:00:00,20,48.0,48.0,48.538,62.0,50.0,12.0,12.0,33.0,62.0,50.315,48.101,66.0,53.226,53.226,True
2025-02-27 21:00:00,21,45.0,45.0,45.75,39.0,29.0,10.0,9.0,20.0,38.0,45.818,42.385,68.966,52.632,51.282,True
2025-02-27 22:00:00,22,43.0,41.0,41.611,18.0,16.0,2.0,2.0,12.0,18.0,44.485,42.014,75.0,66.667,66.667,False
2025-02-27 23:00:00,23,27.0,27.0,27.857,8.0,6.0,2.0,2.0,6.0,8.0,29.336,33.199,100.0,75.0,75.0,True
2025-02-28 00:00:00,0,31.0,31.0,31.25,6.0,4.0,2.0,1.0,4.0,5.0,31.873,27.059,100.0,80.0,66.667,True
2025-02-28 01:00:00,1,41.0,41.0,41.6,5.0,5.0,0.0,0.0,5.0,5.0,41.788,41.572,100.0,100.0,100.0,True
2025-02-28 02:00:00,2,25.0,25.0,25.667,3.0,3.0,0.0,0.0,3.0,3.0,26.237,26.554,100.0,100.0,100.0,True
2025-02-28 03:00:00,3,29.0,29.0,29.0,4.0,4.0,0.0,0.0,4.0,4.0,28.842,25.109,100.0,100.0,100.0,True
2025-02-28 04:00:00,4,28.0,28.0,28.818,13.0,10.0,3.0,3.0,9.0,13.0,34.648,29.569,90.0,69.231,69.231,True
2025-02-28 05:00:00,5,53.0,53.0,53.897,18.0,15.0,3.0,2.0,5.0,17.0,66.92,70.243,33.333,29.412,27.778,True
2025-02-28 06:00:00,6,57.0,57.0,57.019,30.0,26.0,4.0,3.0,14.0,29.0,62.27,58.633,53.846,48.276,46.667,True
2025-02-28 07:00:00,7,51.0,51.0,51.686,293.0,243.0,50.0,19.0,125.0,262.0,61.133,59.479,51.44,47.71,42.662,True
2025-02-28 08:00:00,8,46.0,46.0,46.332,345.0,295.0,50.0,16.0,184.0,311.0,53.552,52.745,62.373,59.164,53.333,True
2025-02-28 09:00:00,9,40.0,40.0,40.223,368.0,314.0,54.0,32.0,272.0,346.0,41.167,40.159,86.624,78.613,73.913,True
2025-02-28 10:00:00,10,26.0,26.0,26.612,379.0,355.0,24.0,12.0,352.0,367.0,27.813,25.487,99.155,95.913,92.876,True
2025-02-28 11:00:00,11,25.0,25.0,25.337,525.0,488.0,36.0,19.0,488.0,508.0,25.829,24.932,100.0,96.063,92.952,True
2025-02-28 12:00:00,12,24.0,24.0,24.24,527.0,472.0,38.0,21.0,469.0,510.0,25.048,23.803,99.364,91.961,88.994,True
2025-02-28 13:00:00,13,21.0,21.0,21.365,451.0,430.0,21.0,8.0,430.0,438.0,21.736,20.792,100.0,98.174,95.344,True
2025-02-28 14:00:00,14,26.0,26.0,26.295,571.0,515.0,56.0,23.0,508.0,538.0,26.838,25.485,98.641,94.424,88.967,True
2025-02-28 15:00:00,15,43.0,43.0,43.955,591.0,503.0,88.0,58.0,386.0,561.0,45.468,38.494,76.74,68.806,65.313,True
2025-02-28 16:00:00,16,71.0,71.0,71.394,341.0,256.0,85.0,65.0,101.0,321.0,73.429,70.199,39.453,31.464,29.619,True
2025-02-28 17:00:00,17,81.0,80.0,80.703,199.0,131.0,68.0,59.0,45.0,190.0,83.26,81.31,34.351,23.684,22.613,False
2025-02-28 18:00:00,18,72.0,72.0,72.02,88.0,50.0,38.0,34.0,24.0,84.0,72.54,63.202,48.0,28.571,27.273,True
2025-02-28 19:00:00,19,83.0,83.0,83.595,64.0,41.0,23.0,22.0,11.0,63.0,86.055,91.568,26.829,17.46,17.188,True
2025-02-28 20:00:00,20,84.0,84.0,84.312,49.0,32.0,17.0,17.0,6.0,49.0,88.453,95.365,18.75,12.245,12.245,True
2025-02-28 21:00:00,21,88.0,88.0,88.75,34.0,19.0,15.0,14.0,3.0,33.0,87.37,86.993,15.789,9.091,8.824,True
2025-02-28 22:00:00,22,70.0,70.0,70.0,21.0,11.0,10.0,10.0,4.0,21.0,70.71,77.424,36.364,19.048,19.048,True
2025-02-28 23:00:00,23,48.0,48.0,48.857,10.0,7.0,3.0,3.0,4.0,10.0,49.683,41.37,57.143,40.0,40.0,True
2025-03-01 00:00:00,0,39.0,35.0,35.571,9.0,7.0,2.0,2.0,7.0,9.0,36.311,39.269,100.0,77.778,77.778,False
2025-03-01 01:00:00,1,40.0,40.0,40.2,5.0,5.0,0.0,0.0,4.0,5.0,40.163,42.487,80.0,80.0,80.0,True
2025-03-01 02:00:00,2,21.0,21.0,21.0,1.0,1.0,0.0,0.0,1.0,1.0,20.763,20.763,100.0,100.0,100.0,True
2025-03-01 03:00:00,3,35.0,35.0,35.667,3.0,3.0,0.0,0.0,3.0,3.0,36.862,43.244,100.0,100.0,100.0,True
2025-03-01 04:00:00,4,30.0,30.0,30.438,12.0,11.0,1.0,0.0,9.0,11.0,43.21,38.772,81.818,81.818,75.0,True
2025-03-01 05:00:00,5,17.0,17.0,17.556,9.0,7.0,2.0,2.0,7.0,9.0,21.263,20.816,100.0,77.778,77.778,True
2025-03-01 06:00:00,6,54.0,54.0,54.682,16.0,14.0,2.0,2.0,10.0,16.0,56.844,57.064,71.429,62.5,62.5,True
2025-03-01 07:00:00,7,25.0,25.0,25.172,32.0,28.0,4.0,2.0,27.0,30.0,26.982,22.731,96.429,90.0,84.375,True
2025-03-01 08:00:00,8,22.0,23.0,23.019,108.0,93.0,15.0,8.0,93.0,101.0,23.881,23.669,100.0,92.079,86.111,False
2025-03-01 09:00:00,9,27.0,27.0,27.829,139.0,123.0,16.0,11.0,118.0,134.0,29.044,26.789,95.935,88.06,84.892,True
2025-03-01 10:00:00,10,30.0,30.0,30.565,176.0,158.0,17.0,9.0,147.0,168.0,31.802,28.32,93.038,87.5,83.523,True
2025-03-01 11:00:00,11,36.0,36.0,36.689,226.0,204.0,22.0,15.0,196.0,219.0,37.509,35.93,96.078,89.498,86.726,True
2025-03-01 12:00:00,12,28.0,28.0,28.468,177.0,164.0,13.0,7.0,160.0,171.0,29.435,26.708,97.561,93.567,90.395,True
2025-03-01 13:00:00,13,22.0,22.0,22.533,163.0,146.0,17.0,14.0,145.0,160.0,23.19,20.731,99.315,90.625,88.957,True
2025-03-01 14:00:00,14,27.0,27.0,27.433,180.0,171.0,9.0,2.0,166.0,173.0,28.017,24.858,97.076,95.954,92.222,True
2025-03-01 15:00:00,15,28.0,28.0,28.49,169.0,141.0,28.0,17.0,136.0,158.0,29.664,27.631,96.454,86.076,80.473,True
2025-03-01 16:00:00,16,34.0,34.0,34.044,125.0,109.0,16.0,12.0,99.0,121.0,35.349,31.182,90.826,81.818,79.2,True
2025-03-01 17:00:00,17,40.0,40.0,40.8,83.0,65.0,18.0,16.0,55.0,81.0,41.945,36.715,84.615,67.901,66.265,True
2025-03-01 18:00:00,18,29.0,29.0,29.426,77.0,65.0,12.0,8.0,63.0,73.0,29.365,27.451,96.923,86.301,81.818,True
2025-03-01 19:00:00,19,25.0,25.0,25.564,45.0,38.0,7.0,4.0,37.0,42.0,26.615,23.439,97.368,88.095,82.222,True
2025-03-01 20:00:00,20,29.0,29.0,29.906,38.0,32.0,6.0,5.0,32.0,37.0,31.179,31.305,100.0,86.486,84.211,True
2025-03-01 21:00:00,21,29.0,30.0,30.407,30.0,26.0,4.0,4.0,26.0,30.0,30.593,27.983,100.0,86.667,86.667,False
2025-03-01 22:00:00,22,25.0,25.0,25.556,19.0,17.0,2.0,2.0,17.0,19.0,27.082,26.451,100.0,89.474,89.474,True
2025-03-01 23:00:00,23,37.0,37.0,37.833,14.0,13.0,1.0,0.0,13.0,13.0,36.929,36.381,100.0,100.0,92.857,True
2025-03-02 00:00:00,0,38.0,38.0,38.429,7.0,5.0,2.0,2.0,4.0,7.0,49.344,34.848,80.0,57.143,57.143,True
2025-03-02 01:00:00,1,39.0,39.0,39.0,7.0,5.0,2.0,1.0,4.0,6.0,38.966,29.327,80.0,66.667,57.143,True
2025-03-02 02:00:00,2,19.0,19.0,19.0,4.0,3.0,1.0,0.0,3.0,3.0,18.89,19.275,100.0,100.0,75.0,True
2025-03-02 03:00:00,3,22.0,22.0,22.5,3.0,3.0,0.0,0.0,3.0,3.0,28.067,30.95,100.0,100.0,100.0,True
2025-03-02 04:00:00,4,25.0,25.0,25.5,6.0,6.0,0.0,0.0,6.0,6.0,26.234,24.738,100.0,100.0,100.0,True
2025-03-02 05:00:00,5,27.0,27.0,27.857,7.0,7.0,0.0,0.0,7.0,7.0,27.964,28.279,100.0,100.0,100.0,True
2025-03-02 06:00:00,6,63.0,63.0,63.0,2.0,1.0,1.0,0.0,0.0,1.0,63.54,63.54,0.0,0.0,0.0,True
2025-03-02 07:00:00,7,38.0,38.0,38.057,68.0,60.0,8.0,5.0,49.0,65.0,43.057,39.434,81.667,75.385,72.059,True
2025-03-02 08:00:00,8,41.0,41.0,41.718,180.0,152.0,28.0,18.0,118.0,170.0,46.139,38.261,77.632,69.412,65.556,True
2025-03-02 09:00:00,9,60.0,60.0,60.267,173.0,140.0,33.0,25.0,74.0,165.0,61.249,54.444,52.857,44.848,42.775,True
2025-03-02 10:00:00,10,50.0,50.0,50.758,116.0,87.0,29.0,27.0,37.0,114.0,62.967,64.269,42.529,32.456,31.897,True
2025-03-02 11:00:00,11,35.0,35.0,35.535,125.0,112.0,13.0,13.0,106.0,125.0,36.439,33.872,94.643,84.8,84.8,True
2025-03-02 12:00:00,12,26.0,26.0,26.374,219.0,207.0,12.0,9.0,204.0,216.0,27.185,25.974,98.551,94.444,93.151,True
2025-03-02 13:00:00,13,25.0,25.0,25.867,178.0,165.0,13.0,8.0,163.0,173.0,26.675,25.861,98.788,94.22,91.573,True
2025-03-02 14:00:00,14,30.0,30.0,30.678,188.0,172.0,16.0,12.0,162.0,184.0,31.42,27.334,94.186,88.043,86.17,True
2025-03-02 15:00:00,15,47.0,47.0,47.6,159.0,147.0,11.0,8.0,107.0,156.0,49.544,36.447,72.789,68.59,67.296,True
2025-03-02 16:00:00,16,72.0,72.0,72.538,117.0,87.0,30.0,27.0,35.0,114.0,75.369,68.844,40.23,30.702,29.915,True
2025-03-02 17:00:00,17,77.0,77.0,77.323,89.0,61.0,28.0,25.0,27.0,86.0,77.812,67.459,44.262,31.395,30.337,True
2025-03-02 18:00:00,18,64.0,64.0,64.018,71.0,55.0,16.0,15.0,33.0,70.0,64.479,54.163,60.0,47.143,46.479,True
2025-03-02 19:00:00,19,64.0,64.0,64.762,63.0,42.0,21.0,20.0,30.0,62.0,65.094,41.072,71.429,48.387,47.619,True
2025-03-02 20:00:00,20,101.0,101.0,101.938,28.0,15.0,13.0,11.0,2.0,26.0,108.986,102.779,13.333,7.692,7.143,True
2025-03-02 21:00:00,21,94.0,94.0,94.0,22.0,14.0,8.0,7.0,3.0,21.0,94.137,86.171,21.429,14.286,13.636,True
2025-03-02 22:00:00,22,106.0,106.0,106.4,16.0,11.0,5.0,4.0,2.0,15.0,100.103,112.298,18.182,13.333,12.5,True
2025-03-02 23:00:00,23,79.0,79.0,79.75,11.0,6.0,5.0,3.0,2.0,9.0,99.413,106.407,33.333,22.222,18.182,True
2025-03-03 00:00:00,0,51.0,51.0,51.375,9.0,8.0,1.0,1.0,5.0,9.0,51.959,45.902,62.5,55.556,55.556,True
2025-03-03 01:00:00,1,69.0,69.0,69.5,5.0,2.0,3.0,3.0,1.0,5.0,70.454,70.454,50.0,20.0,20.0,True
2025-03-03 02:00:00,2,41.0,41.0,41.0,4.0,3.0,1.0,0.0,3.0,3.0,42.194,37.443,100.0,100.0,75.0,True
2025-03-03 03:00:00,3,31.0,31.0,31.0,2.0,2.0,0.0,0.0,2.0,2.0,31.861,31.861,100.0,100.0,100.0,True
2025-03-03 04:00:00,4,21.0,21.0,21.5,6.0,5.0,1.0,1.0,5.0,6.0,25.041,27.225,100.0,83.333,83.333,True
2025-03-03 05:00:00,5,39.0,39.0,39.882,10.0,8.0,2.0,1.0,6.0,9.0,47.086,33.664,75.0,66.667,60.0,True
2025-03-03 06:00:00,6,76.0,76.0,76.321,20.0,18.0,2.0,2.0,3.0,20.0,78.813,73.756,16.667,15.0,15.0,True
2025-03-03 07:00:00,7,42.0,42.0,42.671,48.0,36.0,12.0,7.0,31.0,43.0,45.051,46.28,86.111,72.093,64.583,True
2025-03-03 08:00:00,8,22.0,22.0,22.642,82.0,66.0,16.0,12.0,66.0,78.0,22.972,21.89,100.0,84.615,80.488,True
2025-03-03 09:00:00,9,21.0,21.0,21.46,138.0,124.0,14.0,8.0,123.0,132.0,22.299,20.649,99.194,93.182,89.13,True
2025-03-03 10:00:00,10,25.0,25.0,25.59,175.0,168.0,7.0,4.0,167.0,172.0,27.035,25.347,99.405,97.093,95.429,True
2025-03-03 11:00:00,11,28.0,28.0,28.394,205.0,189.0,16.0,14.0,186.0,203.0,29.181,28.094,98.413,91.626,90.732,True
2025-03-03 12:00:00,12,19.0,19.0,19.963,170.0,150.0,20.0,11.0,150.0,161.0,20.544,20.14,100.0,93.168,88.235,True
2025-03-03 13:00:00,13,19.0,19.0,19.807,145.0,129.0,16.0,13.0,129.0,142.0,20.642,19.453,100.0,90.845,88.966,True
2025-03-03 14:00:00,14,20.0,20.0,20.895,164.0,152.0,12.0,4.0,152.0,156.0,21.733,20.496,100.0,97.436,92.683,True
2025-03-03 15:00:00,15,22.0,22.0,22.247,174.0,154.0,20.0,9.0,151.0,163.0,22.971,20.491,98.052,92.638,86.782,True
2025-03-03 16:00:00,16,27.0,27.0,27.627,143.0,123.0,20.0,13.0,119.0,136.0,28.269,25.389,96.748,87.5,83.217,True
2025-03-03 17:00:00,17,26.0,26.0,26.956,100.0,87.0,13.0,9.0,85.0,96.0,27.316,26.054,97.701,88.542,85.0,True
2025-03-03 18:00:00,18,28.0,28.0,28.845,76.0,72.0,4.0,2.0,70.0,74.0,29.015,27.069,97.222,94.595,92.105,True
2025-03-03 19:00:00,19,28.0,28.0,28.094,57.0,51.0,6.0,4.0,50.0,55.0,29.276,28.051,98.039,90.909,87.719,True
2025-03-03 20:00:00,20,24.0,24.0,24.241,33.0,27.0,6.0,5.0,27.0,32.0,26.155,26.718,100.0,84.375,81.818,True
2025-03-03 21:00:00,21,30.0,30.0,30.333,22.0,19.0,3.0,3.0,18.0,22.0,29.885,28.156,94.737,81.818,81.818,True
2025-03-03 22:00:00,22,24.0,24.0,24.636,10.0,9.0,1.0,1.0,9.0,10.0,28.926,24.817,100.0,90.0,90.0,True
2025-03-03 23:00:00,23,23.0,23.0,23.625,9.0,8.0,1.0,0.0,8.0,8.0,24.444,22.357,100.0,100.0,88.889,True
2025-03-04 00:00:00,0,45.0,45.0,45.0,2.0,1.0,1.0,1.0,1.0,2.0,46.451,46.451,100.0,50.0,50.0,True
2025-03-04 01:00:00,1,18.0,18.0,18.0,1.0,1.0,0.0,0.0,1.0,1.0,18.333,18.333,100.0,100.0,100.0,True
2025-03-04 02:00:00,2,25.0,25.0,25.0,1.0,1.0,0.0,0.0,1.0,1.0,25.825,25.825,100.0,100.0,100.0,True
2025-03-04 03:00:00,3,22.0,22.0,22.4,4.0,4.0,0.0,0.0,4.0,4.0,29.08,26.331,100.0,100.0,100.0,True
2025-03-04 04:00:00,4,18.0,18.0,18.571,8.0,8.0,0.0,0.0,7.0,8.0,30.4,27.83,87.5,87.5,87.5,True
2025-03-04 05:00:00,5,37.0,37.0,37.706,16.0,8.0,8.0,3.0,7.0,11.0,29.509,17.474,87.5,63.636,43.75,True
2025-03-04 06:00:00,6,54.0,54.0,54.348,44.0,37.0,7.0,3.0,17.0,40.0,61.14,61.319,45.946,42.5,38.636,True
2025-03-04 07:00:00,7,64.0,64.0,64.288,472.0,384.0,88.0,41.0,87.0,425.0,75.463,77.588,22.656,20.471,18.432,True
2025-03-04 08:00:00,8,72.0,72.0,72.578,396.0,316.0,80.0,62.0,17.0,378.0,85.378,85.698,5.38,4.497,4.293,True
2025-03-04 09:00:00,9,61.0,61.0,61.202,298.0,242.0,56.0,44.0,108.0,286.0,62.5,61.585,44.628,37.762,36.242,True
2025-03-04 10:00:00,10,35.0,35.0,35.235,382.0,324.0,58.0,35.0,301.0,359.0,38.659,37.661,92.901,83.844,78.796,True
2025-03-04 11:00:00,11,28.0,28.0,28.456,572.0,529.0,43.0,23.0,524.0,552.0,29.0,27.92,99.055,94.928,91.608,True
2025-03-04 12:00:00,12,27.0,27.0,27.683,614.0,571.0,43.0,20.0,566.0,591.0,28.237,26.987,99.124,95.77,92.182,True
2025-03-04 13:00:00,13,22.0,22.0,22.161,442.0,408.0,34.0,13.0,408.0,421.0,22.491,21.689,100.0,96.912,92.308,True
2025-03-04 14:00:00,14,22.0,22.0,22.855,630.0,566.0,64.0,28.0,563.0,594.0,23.328,21.932,99.47,94.781,89.365,True
2025-03-04 15:00:00,15,36.0,36.0,36.524,637.0,537.0,100.0,51.0,462.0,588.0,37.546,32.92,86.034,78.571,72.527,True
2025-03-04 16:00:00,16,48.0,48.0,48.37,340.0,263.0,77.0,41.0,190.0,304.0,49.922,42.953,72.243,62.5,55.882,True
2025-03-04 17:00:00,17,45.0,44.0,44.904,215.0,169.0,46.0,27.0,134.0,196.0,45.956,37.601,79.29,68.367,62.326,False
2025-03-04 18:00:00,18,39.0,39.0,39.775,87.0,77.0,10.0,7.0,64.0,84.0,39.597,33.602,83.117,76.19,73.563,True
2025-03-04 19:00:00,19,35.0,35.0,35.765,55.0,47.0,8.0,5.0,41.0,52.0,37.694,33.068,87.234,78.846,74.545,True
2025-03-04 20:00:00,20,39.0,40.0,40.206,44.0,33.0,11.0,9.0,30.0,42.0,40.825,36.022,90.909,71.429,68.182,False
2025-03-04 21:00:00,21,37.0,37.0,37.967,35.0,30.0,5.0,4.0,26.0,34.0,38.354,36.327,86.667,76.471,74.286,True
2025-03-04 22:00:00,22,32.0,32.0,32.182,13.0,11.0,2.0,2.0,11.0,13.0,32.589,33.75,100.0,84.615,84.615,True
2025-03-04 23:00:00,23,21.0,21.0,21.5,4.0,4.0,0.0,0.0,4.0,4.0,22.031,20.755,100.0,100.0,100.0,True
2025-03-05 00:00:00,0,37.0,37.0,37.0,4.0,4.0,0.0,0.0,4.0,4.0,37.299,35.772,100.0,100.0,100.0,True
2025-03-05 01:00:00,1,30.0,30.0,30.0,4.0,3.0,1.0,1.0,3.0,4.0,31.044,37.176,100.0,75.0,75.0,True
2025-03-05 02:00:00,2,13.0,13.0,13.0,1.0,1.0,0.0,0.0,1.0,1.0,14.088,14.088,100.0,100.0,100.0,True
2025-03-05 03:00:00,3,26.0,26.0,26.8,5.0,5.0,0.0,0.0,5.0,5.0,27.095,22.863,100.0,100.0,100.0,True
2025-03-05 04:00:00,4,18.0,18.0,18.25,7.0,7.0,0.0,0.0,7.0,7.0,20.441,17.865,100.0,100.0,100.0,True
2025-03-05 05:00:00,5,52.0,52.0,52.786,18.0,15.0,3.0,1.0,7.0,16.0,66.956,76.292,46.667,43.75,38.889,True
2025-03-05 06:00:00,6,51.0,51.0,51.104,40.0,33.0,7.0,4.0,18.0,37.0,60.789,58.064,54.545,48.649,45.0,True
2025-03-05 07:00:00,7,62.0,62.0,62.222,435.0,369.0,66.0,38.0,82.0,407.0,74.949,75.6,22.222,20.147,18.851,True
2025-03-05 08:00:00,8,64.0,64.0,64.223,342.0,286.0,56.0,37.0,47.0,323.0,76.965,78.591,16.434,14.551,13.743,True
2025-03-05 09:00:00,9,51.0,51.0,51.433,296.0,256.0,40.0,27.0,165.0,283.0,52.225,50.796,64.453,58.304,55.743,True
2025-03-05 10:00:00,10,26.0,26.0,26.52,324.0,288.0,36.0,20.0,283.0,308.0,28.706,27.604,98.264,91.883,87.346,True
2025-03-05 11:00:00,11,22.0,22.0,22.367,551.0,506.0,45.0,15.0,506.0,521.0,22.91,21.931,100.0,97.121,91.833,True
2025-03-05 12:00:00,12,22.0,22.0,22.149,580.0,550.0,29.0,10.0,549.0,561.0,22.557,21.906,99.818,97.861,94.655,True
2025-03-05 13:00:00,13,20.0,20.0,20.663,527.0,490.0,37.0,17.0,490.0,507.0,21.166,20.351,100.0,96.647,92.979,True
2025-03-05 14:00:00,14,26.0,26.0,26.92,671.0,617.0,54.0,33.0,598.0,650.0,27.584,25.662,96.921,92.0,89.121,True
2025-03-05 15:00:00,15,41.0,41.0,41.965,642.0,539.0,103.0,59.0,425.0,598.0,43.095,37.954,78.85,71.07,66.199,True
2025-03-05 16:00:00,16,57.0,57.0,57.668,359.0,286.0,73.0,41.0,157.0,327.0,58.942,55.629,54.895,48.012,43.733,True
2025-03-05 17:00:00,17,48.0,48.0,48.935,182.0,145.0,37.0,24.0,105.0,169.0,49.962,40.935,72.414,62.13,57.692,True
2025-03-05 18:00:00,18,41.0,41.0,41.989,97.0,84.0,13.0,7.0,64.0,91.0,43.025,40.907,76.19,70.33,65.979,True
2025-03-05 19:00:00,19,29.0,29.0,29.981,59.0,54.0,5.0,3.0,50.0,57.0,30.241,27.313,92.593,87.719,84.746,True
2025-03-05 20:00:00,20,43.0,43.0,43.284,67.0,64.0,3.0,3.0,51.0,67.0,45.175,39.032,79.688,76.119,76.119,True
2025-03-05 21:00:00,21,45.0,45.0,45.043,32.0,23.0,9.0,7.0,17.0,30.0,45.451,35.129,73.913,56.667,53.125,True
2025-03-05 22:00:00,22,26.0,26.0,26.941,19.0,15.0,4.0,3.0,15.0,18.0,27.935,25.483,100.0,83.333,78.947,True
2025-03-05 23:00:00,23,27.0,27.0,27.429,8.0,6.0,2.0,2.0,6.0,8.0,26.782,25.232,100.0,75.0,75.0,True
2025-03-06 00:00:00,0,34.0,34.0,34.333,5.0,3.0,2.0,2.0,3.0,5.0,34.399,28.222,100.0,60.0,60.0,True
2025-03-06 01:00:00,1,29.0,29.0,29.0,5.0,4.0,1.0,0.0,4.0,4.0,29.212,33.821,100.0,100.0,80.0,True
2025-03-06 02:00:00,2,22.0,22.0,22.2,6.0,4.0,1.0,0.0,4.0,5.0,27.582,23.302,100.0,80.0,66.667,True
2025-03-06 03:00:00,3,17.0,17.0,17.667,2.0,2.0,0.0,0.0,2.0,2.0,27.188,27.188,100.0,100.0,100.0,True
2025-03-06 04:00:00,4,17.0,17.0,17.722,14.0,11.0,3.0,2.0,10.0,13.0,26.846,20.828,90.909,76.923,71.429,True
2025-03-06 05:00:00,5,45.0,45.0,45.1,22.0,13.0,9.0,6.0,9.0,19.0,48.302,39.73,69.231,47.368,40.909,True
2025-03-06 06:00:00,6,51.0,51.0,51.543,46.0,37.0,9.0,3.0,19.0,40.0,54.004,56.213,51.351,47.5,41.304,True
2025-03-06 07:00:00,7,64.0,64.0,64.289,433.0,356.0,77.0,51.0,77.0,407.0,76.488,77.406,21.629,18.919,17.783,True
2025-03-06 08:00:00,8,71.0,71.0,71.15,372.0,303.0,69.0,51.0,21.0,354.0,85.338,85.892,6.931,5.932,5.645,True
2025-03-06 09:00:00,9,63.0,63.0,63.109,252.0,205.0,46.0,38.0,82.0,244.0,64.558,65.814,40.0,33.607,32.54,True
2025-03-06 10:00:00,10,31.0,31.0,31.335,326.0,289.0,37.0,23.0,279.0,312.0,33.465,31.305,96.54,89.423,85.583,True
2025-03-06 11:00:00,11,25.0,25.0,25.675,523.0,495.0,28.0,14.0,495.0,509.0,26.166,25.477,100.0,97.25,94.646,True
2025-03-06 12:00:00,12,21.0,21.0,21.592,509.0,478.0,31.0,12.0,478.0,490.0,22.188,21.89,100.0,97.551,93.91,True
2025-03-06 13:00:00,13,21.0,21.0,21.631,507.0,476.0,31.0,18.0,474.0,494.0,22.246,20.575,99.58,95.951,93.491,True
2025-03-06 14:00:00,14,31.0,31.0,31.101,675.0,602.0,73.0,41.0,560.0,643.0,32.217,28.761,93.023,87.092,82.963,True
2025-03-06 15:00:00,15,46.0,46.0,46.718,643.0,539.0,104.0,67.0,381.0,606.0,47.926,39.46,70.686,62.871,59.253,True
2025-03-06 16:00:00,16,60.0,60.0,60.817,333.0,263.0,70.0,50.0,140.0,313.0,62.158,55.51,53.232,44.728,42.042,True
2025-03-06 17:00:00,17,43.0,43.0,43.465,190.0,158.0,32.0,23.0,119.0,181.0,44.451,40.107,75.316,65.746,62.632,True
2025-03-06 18:00:00,18,36.0,36.0,36.405,86.0,76.0,10.0,6.0,64.0,82.0,37.069,32.699,84.211,78.049,74.419,True
2025-03-06 19:00:00,19,27.0,28.0,28.259,60.0,54.0,6.0,3.0,51.0,57.0,29.461,26.105,94.444,89.474,85.0,False
2025-03-06 20:00:00,20,28.0,28.0,28.415,56.0,51.0,5.0,5.0,51.0,56.0,29.654,25.6,100.0,91.071,91.071,True
2025-03-06 21:00:00,21,34.0,34.0,34.103,29.0,28.0,1.0,1.0,27.0,29.0,34.686,32.868,96.429,93.103,93.103,True
2025-03-06 22:00:00,22,29.0,29.0,29.267,17.0,15.0,2.0,2.0,15.0,17.0,29.537,26.223,100.0,88.235,88.235,True
2025-03-06 23:00:00,23,19.0,19.0,19.875,10.0,8.0,2.0,2.0,8.0,10.0,20.493,18.468,100.0,80.0,80.0,True
2025-03-07 00:00:00,0,35.0,35.0,35.0,2.0,2.0,0.0,0.0,2.0,2.0,35.541,35.541,100.0,100.0,100.0,True
2025-03-07 01:00:00,1,27.0,27.0,27.0,1.0,1.0,0.0,0.0,1.0,1.0,27.426,27.426,100.0,100.0,100.0,True
2025-03-07 02:00:00,2,21.0,21.0,21.667,3.0,3.0,0.0,0.0,3.0,3.0,22.635,17.885,100.0,100.0,100.0,True
2025-03-07 03:00:00,3,25.0,25.0,25.667,6.0,6.0,0.0,0.0,6.0,6.0,26.178,23.968,100.0,100.0,100.0,True
2025-03-07 04:00:00,4,24.0,24.0,24.5,12.0,10.0,2.0,2.0,10.0,12.0,28.531,27.09,100.0,83.333,83.333,True
2025-03-07 05:00:00,5,60.0,60.0,60.714,23.0,17.0,6.0,4.0,6.0,21.0,78.824,66.301,35.294,28.571,26.087,True
2025-03-07 06:00:00,6,56.0,56.0,56.667,35.0,31.0,4.0,2.0,13.0,33.0,66.081,61.516,41.935,39.394,37.143,True
2025-03-07 07:00:00,7,61.0,62.0,62.218,403.0,349.0,54.0,32.0,94.0,381.0,72.983,74.021,26.934,24.672,23.325,False
2025-03-07 08:00:00,8,60.0,60.0,60.216,349.0,287.0,62.0,38.0,62.0,325.0,71.452,71.367,21.603,19.077,17.765,True
2025-03-07 09:00:00,9,47.0,47.0,47.724,287.0,246.0,41.0,29.0,179.0,275.0,49.012,47.183,72.764,65.091,62.369,True
2025-03-07 10:00:00,10,24.0,24.0,24.41,355.0,320.0,35.0,10.0,317.0,330.0,25.876,23.109,99.062,96.061,89.296,True
2025-03-07 11:00:00,11,22.0,22.0,22.273,487.0,459.0,27.0,13.0,457.0,473.0,22.864,21.93,99.564,96.617,93.84,True
2025-03-07 12:00:00,12,21.0,21.0,21.363,528.0,514.0,13.0,5.0,514.0,520.0,21.69,21.126,100.0,98.846,97.348,True
2025-03-07 13:00:00,13,20.0,20.0,20.709,525.0,501.0,24.0,11.0,500.0,512.0,21.233,19.815,99.8,97.656,95.238,True
2025-03-07 14:00:00,14,26.0,26.0,26.092,659.0,613.0,46.0,19.0,606.0,632.0,26.529,24.891,98.858,95.886,91.958,True
2025-03-07 15:00:00,15,39.0,39.0,39.446,602.0,523.0,79.0,48.0,442.0,571.0,40.588,36.157,84.512,77.408,73.422,True
2025-03-07 16:00:00,16,47.0,47.0,47.623,307.0,258.0,49.0,33.0,190.0,291.0,48.601,42.249,73.643,65.292,61.889,True
2025-03-07 17:00:00,17,40.0,40.0,40.365,216.0,172.0,44.0,22.0,146.0,194.0,41.38,38.205,84.884,75.258,67.593,True
2025-03-07 18:00:00,18,34.0,34.0,34.566,113.0,96.0,17.0,10.0,90.0,106.0,35.351,34.186,93.75,84.906,79.646,True
2025-03-07 19:00:00,19,37.0,36.0,36.746,82.0,72.0,10.0,7.0,64.0,79.0,37.327,33.252,88.889,81.013,78.049,False
2025-03-07 20:00:00,20,51.0,51.0,51.771,62.0,45.0,17.0,12.0,31.0,57.0,54.023,49.856,68.889,54.386,50.0,True
2025-03-07 21:00:00,21,49.0,50.0,50.167,36.0,24.0,12.0,11.0,19.0,35.0,50.573,46.293,79.167,54.286,52.778,False
2025-03-07 22:00:00,22,44.0,44.0,44.579,21.0,19.0,2.0,0.0,14.0,19.0,44.962,40.757,73.684,73.684,66.667,True
2025-03-07 23:00:00,23,39.0,39.0,39.2,14.0,10.0,4.0,2.0,9.0,12.0,39.51,39.246,90.0,75.0,64.286,True
2025-03-08 00:00:00,0,33.0,33.0,33.167,8.0,6.0,1.0,0.0,6.0,7.0,33.929,38.2,100.0,85.714,75.0,True
2025-03-08 01:00:00,1,39.0,39.0,39.2,7.0,5.0,2.0,1.0,3.0,6.0,39.71,27.543,60.0,50.0,42.857,True
2025-03-08 02:00:00,2,42.0,42.0,42.0,3.0,2.0,1.0,1.0,2.0,3.0,42.838,42.838,100.0,66.667,66.667,True
2025-03-08 03:00:00,3,24.0,24.0,24.0,2.0,2.0,0.0,0.0,2.0,2.0,24.656,24.656,100.0,100.0,100.0,True
2025-03-08 04:00:00,4,23.0,23.0,23.053,13.0,13.0,0.0,0.0,12.0,13.0,33.233,29.181,92.308,92.308,92.308,True
2025-03-08 05:00:00,5,18.0,18.0,18.3,9.0,8.0,1.0,1.0,8.0,9.0,22.322,22.959,100.0,88.889,88.889,True
2025-03-08 06:00:00,6,64.0,64.0,64.091,29.0,25.0,4.0,3.0,11.0,28.0,64.215,63.467,44.0,39.286,37.931,True
2025-03-08 07:00:00,7,31.0,31.0,31.792,44.0,39.0,5.0,5.0,37.0,44.0,35.608,32.548,94.872,84.091,84.091,True
2025-03-08 08:00:00,8,23.0,23.0,23.708,153.0,142.0,11.0,3.0,141.0,145.0,25.08,23.641,99.296,97.241,92.157,True
2025-03-08 09:00:00,9,32.0,32.0,32.481,225.0,205.0,20.0,16.0,193.0,221.0,33.075,30.13,94.146,87.33,85.778,True
2025-03-08 10:00:00,10,42.0,42.0,42.552,236.0,190.0,46.0,35.0,149.0,225.0,45.811,42.93,78.421,66.222,63.136,True
2025-03-08 11:00:00,11,42.0,42.0,42.656,226.0,197.0,29.0,21.0,167.0,218.0,43.772,43.146,84.772,76.606,73.894,True
2025-03-08 12:00:00,12,28.0,28.0,28.283,217.0,193.0,24.0,18.0,189.0,211.0,29.315,29.047,97.927,89.573,87.097,True
2025-03-08 13:00:00,13,24.0,24.0,24.254,190.0,176.0,14.0,6.0,175.0,182.0,24.934,23.051,99.432,96.154,92.105,True
2025-03-08 14:00:00,14,24.0,24.0,24.857,183.0,169.0,14.0,9.0,167.0,178.0,25.092,22.759,98.817,93.82,91.257,True
2025-03-08 15:00:00,15,27.0,27.0,27.802,176.0,158.0,18.0,10.0,151.0,168.0,28.908,26.521,95.57,89.881,85.795,True
2025-03-08 16:00:00,16,35.0,35.0,35.853,138.0,124.0,14.0,8.0,111.0,132.0,37.14,32.032,89.516,84.091,80.435,True
2025-03-08 17:00:00,17,36.0,36.0,36.522,98.0,90.0,8.0,3.0,81.0,93.0,37.441,34.1,90.0,87.097,82.653,True
2025-03-08 18:00:00,18,33.0,33.0,33.086,83.0,69.0,13.0,9.0,63.0,79.0,33.784,28.693,91.304,79.747,75.904,True
2025-03-08 19:00:00,19,35.0,35.0,35.753,83.0,74.0,9.0,7.0,67.0,81.0,36.432,33.519,90.541,82.716,80.723,True
2025-03-08 20:00:00,20,42.0,42.0,42.683,50.0,39.0,11.0,9.0,32.0,48.0,43.539,39.682,82.051,66.667,64.0,True
2025-03-08 21:00:00,21,35.0,35.0,35.462,32.0,26.0,6.0,3.0,25.0,29.0,35.958,34.551,96.154,86.207,78.125,True
2025-03-08 22:00:00,22,27.0,27.0,27.154,15.0,13.0,2.0,0.0,13.0,13.0,27.67,30.16,100.0,100.0,86.667,True
2025-03-08 23:00:00,23,22.0,22.0,22.214,17.0,14.0,3.0,3.0,14.0,17.0,22.698,20.773,100.0,82.353,82.353,True
2025-03-09 00:00:00,0,50.0,50.0,50.375,12.0,8.0,4.0,4.0,6.0,12.0,50.853,44.086,75.0,50.0,50.0,True
2025-03-09 01:00:00,1,3.0,3.0,3.0,1.0,1.0,0.0,0.0,1.0,1.0,3.423,3.423,100.0,100.0,100.0,True
2025-03-09 03:00:00,3,17.0,17.0,17.8,4.0,4.0,0.0,0.0,4.0,4.0,23.013,21.66,100.0,100.0,100.0,True
2025-03-09 04:00:00,4,26.0,26.0,26.2,5.0,5.0,0.0,0.0,5.0,5.0,26.506,27.856,100.0,100.0,100.0,True
2025-03-09 05:00:00,5,26.0,26.0,26.571,9.0,7.0,2.0,1.0,7.0,8.0,27.192,28.584,100.0,87.5,77.778,True
2025-03-09 06:00:00,6,58.0,58.0,58.5,4.0,3.0,1.0,1.0,2.0,4.0,52.575,49.086,66.667,50.0,50.0,True
2025-03-09 07:00:00,7,31.0,31.0,31.28,60.0,55.0,5.0,5.0,53.0,60.0,34.628,31.214,96.364,88.333,88.333,True
2025-03-09 08:00:00,8,25.0,25.0,25.087,150.0,124.0,26.0,10.0,121.0,134.0,26.375,23.447,97.581,90.299,80.667,True
2025-03-09 09:00:00,9,42.0,42.0,42.253,260.0,194.0,66.0,37.0,144.0,231.0,43.047,36.427,74.227,62.338,55.385,True
2025-03-09 10:00:00,10,36.0,36.0,36.11,135.0,108.0,27.0,22.0,94.0,130.0,42.491,41.8,87.037,72.308,69.63,True
2025-03-09 11:00:00,11,26.0,26.0,26.425,122.0,112.0,10.0,7.0,109.0,119.0,26.807,25.762,97.321,91.597,89.344,True
2025-03-09 12:00:00,12,22.0,22.0,22.353,218.0,208.0,10.0,5.0,207.0,213.0,23.268,21.612,99.519,97.183,94.954,True
2025-03-09 13:00:00,13,24.0,24.0,24.152,232.0,219.0,13.0,11.0,218.0,230.0,24.895,22.259,99.543,94.783,93.966,True
2025-03-09 14:00:00,14,28.0,27.0,27.877,172.0,159.0,13.0,9.0,152.0,168.0,28.649,25.735,95.597,90.476,88.372,False
2025-03-09 15:00:00,15,31.0,30.0,30.823,150.0,127.0,23.0,16.0,118.0,143.0,31.717,26.593,92.913,82.517,78.667,False
2025-03-09 16:00:00,16,36.0,36.0,36.536,105.0,93.0,11.0,8.0,81.0,102.0,38.31,33.131,87.097,79.412,77.143,True
2025-03-09 17:00:00,17,37.0,37.0,37.357,77.0,66.0,11.0,9.0,55.0,75.0,39.513,33.672,83.333,73.333,71.429,True
2025-03-09 18:00:00,18,33.0,33.0,33.522,80.0,68.0,12.0,7.0,59.0,75.0,34.328,30.516,86.765,78.667,73.75,True
2025-03-09 19:00:00,19,29.0,29.0,29.455,38.0,32.0,6.0,4.0,31.0,36.0,31.47,29.086,96.875,86.111,81.579,True
2025-03-09 20:00:00,20,42.0,42.0,42.708,32.0,23.0,9.0,7.0,18.0,30.0,43.995,36.482,78.261,60.0,56.25,True
2025-03-09 21:00:00,21,46.0,46.0,46.812,22.0,16.0,6.0,5.0,12.0,21.0,47.108,38.684,75.0,57.143,54.545,True
2025-03-09 22:00:00,22,28.0,28.0,28.833,7.0,6.0,1.0,1.0,6.0,7.0,29.021,26.684,100.0,85.714,85.714,True
2025-03-09 23:00:00,23,21.0,21.0,21.0,7.0,6.0,0.0,0.0,6.0,7.0,21.634,22.188,100.0,85.714,85.714,True
2025-03-10 00:00:00,0,35.0,35.0,35.0,6.0,4.0,2.0,1.0,4.0,5.0,35.02,34.644,100.0,80.0,66.667,True
2025-03-10 01:00:00,1,26.0,26.0,26.0,2.0,2.0,0.0,0.0,2.0,2.0,27.232,27.232,100.0,100.0,100.0,True
2025-03-10 02:00:00,2,20.0,20.0,20.0,1.0,1.0,0.0,0.0,1.0,1.0,21.099,21.099,100.0,100.0,100.0,True
2025-03-10 03:00:00,3,28.0,28.0,28.5,4.0,4.0,0.0,0.0,4.0,4.0,29.205,29.538,100.0,100.0,100.0,True
2025-03-10 04:00:00,4,28.0,28.0,28.75,8.0,6.0,2.0,2.0,6.0,8.0,37.198,38.137,100.0,75.0,75.0,True
2025-03-10 05:00:00,5,61.0,61.0,61.5,26.0,18.0,8.0,1.0,9.0,19.0,63.559,55.109,50.0,47.368,34.615,True
2025-03-10 06:00:00,6,63.0,63.0,63.654,56.0,45.0,11.0,4.0,13.0,49.0,74.975,76.483,28.889,26.531,23.214,True
2025-03-10 07:00:00,7,71.0,71.0,71.979,463.0,381.0,82.0,46.0,56.0,427.0,84.227,86.058,14.698,13.115,12.095,True
2025-03-10 08:00:00,8,68.0,68.0,68.943,333.0,287.0,46.0,35.0,34.0,322.0,82.858,83.685,11.847,10.559,10.21,True
2025-03-10 09:00:00,9,52.0,52.0,52.331,274.0,233.0,40.0,29.0,154.0,263.0,53.239,52.431,66.094,58.555,56.204,True
2025-03-10 10:00:00,10,28.0,28.0,28.144,345.0,302.0,43.0,26.0,290.0,328.0,30.517,28.745,96.026,88.415,84.058,True
2025-03-10 11:00:00,11,22.0,22.0,22.101,516.0,483.0,32.0,15.0,482.0,499.0,22.735,21.704,99.793,96.593,93.411,True
2025-03-10 12:00:00,12,19.0,19.0,19.928,582.0,545.0,36.0,17.0,545.0,563.0,20.4,18.875,100.0,96.803,93.643,True
2025-03-10 13:00:00,13,19.0,19.0,19.65,481.0,453.0,28.0,13.0,453.0,466.0,20.05,19.492,100.0,97.21,94.179,True
2025-03-10 14:00:00,14,25.0,26.0,26.006,722.0,658.0,64.0,35.0,634.0,693.0,26.941,24.028,96.353,91.486,87.812,False
2025-03-10 15:00:00,15,42.0,42.0,42.237,640.0,554.0,86.0,58.0,430.0,612.0,43.194,36.138,77.617,70.261,67.188,True
2025-03-10 16:00:00,16,54.0,54.0,54.277,319.0,248.0,71.0,50.0,144.0,298.0,56.243,54.26,58.065,48.322,45.141,True
2025-03-10 17:00:00,17,43.0,43.0,43.845,205.0,161.0,44.0,28.0,117.0,189.0,44.707,39.701,72.671,61.905,57.073,True
2025-03-10 18:00:00,18,34.0,34.0,34.837,100.0,84.0,16.0,6.0,76.0,90.0,34.76,32.289,90.476,84.444,76.0,True
2025-03-10 19:00:00,19,25.0,25.0,25.729,70.0,65.0,5.0,5.0,64.0,70.0,26.67,25.641,98.462,91.429,91.429,True
2025-03-10 20:00:00,20,27.0,27.0,27.703,44.0,38.0,6.0,3.0,37.0,41.0,27.77,26.187,97.368,90.244,84.091,True
2025-03-10 21:00:00,21,28.0,28.0,28.074,31.0,26.0,5.0,5.0,26.0,31.0,28.785,27.055,100.0,83.871,83.871,True
2025-03-10 22:00:00,22,25.0,25.0,25.812,18.0,17.0,1.0,1.0,17.0,18.0,26.424,23.368,100.0,94.444,94.444,True
2025-03-10 23:00:00,23,22.0,22.0,22.714,7.0,6.0,1.0,1.0,6.0,7.0,22.062,22.164,100.0,85.714,85.714,True
2025-03-11 00:00:00,0,30.0,30.0,30.0,4.0,4.0,0.0,0.0,4.0,4.0,30.722,32.093,100.0,100.0,100.0,True
2025-03-11 01:00:00,1,12.0,12.0,12.0,3.0,2.0,1.0,1.0,2.0,3.0,12.772,12.772,100.0,66.667,66.667,True
2025-03-11 02:00:00,2,23.0,23.0,23.5,4.0,4.0,0.0,0.0,4.0,4.0,25.14,27.012,100.0,100.0,100.0,True
2025-03-11 03:00:00,3,16.0,16.0,16.0,2.0,2.0,0.0,0.0,2.0,2.0,24.876,24.876,100.0,100.0,100.0,True
2025-03-11 04:00:00,4,24.0,24.0,24.0,8.0,8.0,0.0,0.0,6.0,8.0,40.22,32.702,75.0,75.0,75.0,True
2025-03-11 05:00:00,5,66.0,66.0,66.696,21.0,16.0,5.0,3.0,7.0,19.0,73.069,69.13,43.75,36.842,33.333,True
2025-03-11 06:00:00,6,56.0,56.0,56.203,44.0,38.0,6.0,3.0,19.0,41.0,60.049,57.781,50.0,46.341,43.182,True
2025-03-11 07:00:00,7,61.0,61.0,61.857,456.0,373.0,83.0,38.0,93.0,411.0,73.287,73.293,24.933,22.628,20.395,True
2025-03-11 08:00:00,8,65.0,65.0,65.676,351.0,309.0,42.0,28.0,36.0,337.0,77.02,79.073,11.65,10.682,10.256,True
2025-03-11 09:00:00,9,51.0,51.0,51.076,278.0,236.0,42.0,27.0,163.0,263.0,52.025,53.159,69.068,61.977,58.633,True
2025-03-11 10:00:00,10,26.0,26.0,26.136,302.0,274.0,28.0,11.0,268.0,285.0,28.105,26.073,97.81,94.035,88.742,True
2025-03-11 11:00:00,11,22.0,22.0,22.454,485.0,464.0,21.0,15.0,464.0,479.0,23.069,21.525,100.0,96.868,95.67,True
2025-03-11 12:00:00,12,20.0,20.0,20.874,531.0,505.0,26.0,11.0,505.0,516.0,21.367,20.283,100.0,97.868,95.104,True
2025-03-11 13:00:00,13,20.0,20.0,20.595,492.0,463.0,29.0,11.0,462.0,474.0,21.065,20.084,99.784,97.468,93.902,True
2025-03-11 14:00:00,14,28.0,28.0,28.004,697.0,639.0,58.0,36.0,612.0,675.0,28.682,25.702,95.775,90.667,87.805,True
2025-03-11 15:00:00,15,44.0,44.0,44.531,591.0,507.0,84.0,57.0,364.0,564.0,46.198,39.973,71.795,64.539,61.591,True
2025-03-11 16:00:00,16,53.0,54.0,54.106,298.0,249.0,49.0,36.0,143.0,285.0,55.162,53.141,57.43,50.175,47.987,False
2025-03-11 17:00:00,17,41.0,41.0,41.956,187.0,148.0,39.0,19.0,113.0,167.0,43.655,37.536,76.351,67.665,60.428,True
2025-03-11 18:00:00,18,35.0,35.0,35.99,120.0,102.0,18.0,12.0,92.0,114.0,35.188,34.658,90.196,80.702,76.667,True
2025-03-11 19:00:00,19,32.0,32.0,32.275,67.0,63.0,4.0,4.0,58.0,67.0,33.495,30.304,92.063,86.567,86.567,True
2025-03-11 20:00:00,20,34.0,34.0,34.36,57.0,51.0,6.0,4.0,47.0,55.0,34.829,30.362,92.157,85.455,82.456,True
2025-03-11 21:00:00,21,31.0,31.0,31.971,39.0,35.0,4.0,2.0,34.0,37.0,31.124,28.799,97.143,91.892,87.179,True
2025-03-11 22:00:00,22,29.0,29.0,29.333,18.0,17.0,1.0,1.0,16.0,18.0,30.954,28.112,94.118,88.889,88.889,True
2025-03-11 23:00:00,23,24.0,24.0,24.0,6.0,6.0,0.0,0.0,6.0,6.0,28.95,29.338,100.0,100.0,100.0,True
2025-03-12 00:00:00,0,52.0,52.0,52.333,4.0,3.0,1.0,1.0,3.0,4.0,53.019,54.46,100.0,75.0,75.0,True
2025-03-12 01:00:00,1,22.0,22.0,22.0,2.0,2.0,0.0,0.0,2.0,2.0,23.203,23.203,100.0,100.0,100.0,True
2025-03-12 02:00:00,2,19.0,19.0,19.0,2.0,2.0,0.0,0.0,2.0,2.0,18.772,18.772,100.0,100.0,100.0,True
2025-03-12 03:00:00,3,33.0,33.0,33.0,6.0,4.0,2.0,2.0,3.0,6.0,34.029,26.411,75.0,50.0,50.0,True
2025-03-12 04:00:00,4,33.0,33.0,33.083,10.0,10.0,0.0,0.0,9.0,10.0,38.94,33.836,90.0,90.0,90.0,True
2025-03-12 05:00:00,5,57.0,57.0,57.071,19.0,17.0,2.0,1.0,8.0,18.0,60.93,61.094,47.059,44.444,42.105,True
2025-03-12 06:00:00,6,56.0,56.0,56.43,52.0,42.0,10.0,2.0,15.0,44.0,67.614,68.48,35.714,34.091,28.846,True
2025-03-12 07:00:00,7,66.0,66.0,66.516,410.0,348.0,62.0,44.0,57.0,392.0,79.826,80.804,16.379,14.541,13.902,True
2025-03-12 08:00:00,8,66.0,66.0,66.188,313.0,261.0,52.0,36.0,37.0,297.0,79.807,81.833,14.176,12.458,11.821,True
2025-03-12 09:00:00,9,50.0,50.0,50.697,271.0,229.0,42.0,24.0,148.0,253.0,51.533,51.076,64.629,58.498,54.613,True
2025-03-12 10:00:00,10,23.0,23.0,23.819,283.0,261.0,22.0,13.0,256.0,274.0,25.526,23.124,98.084,93.431,90.459,True
2025-03-12 11:00:00,11,21.0,21.0,21.087,486.0,459.0,27.0,11.0,459.0,470.0,21.637,21.106,100.0,97.66,94.444,True
2025-03-12 12:00:00,12,20.0,20.0,20.964,548.0,519.0,29.0,15.0,519.0,534.0,21.202,19.952,100.0,97.191,94.708,True
2025-03-12 13:00:00,13,21.0,21.0,21.087,535.0,507.0,28.0,15.0,506.0,522.0,21.545,20.551,99.803,96.935,94.579,True
2025-03-12 14:00:00,14,25.0,25.0,25.935,639.0,591.0,48.0,29.0,579.0,620.0,26.58,24.407,97.97,93.387,90.61,True
2025-03-12 15:00:00,15,46.0,46.0,46.826,679.0,566.0,113.0,76.0,414.0,642.0,48.246,37.534,73.145,64.486,60.972,True
2025-03-12 16:00:00,16,58.0,58.0,58.642,368.0,281.0,87.0,61.0,164.0,342.0,60.609,50.7,58.363,47.953,44.565,True
2025-03-12 17:00:00,17,57.0,57.0,57.986,179.0,134.0,45.0,30.0,74.0,164.0,59.425,55.698,55.224,45.122,41.341,True
2025-03-12 18:00:00,18,40.0,41.0,41.397,83.0,65.0,18.0,14.0,49.0,79.0,42.468,38.155,75.385,62.025,59.036,False
2025-03-12 19:00:00,19,33.0,33.0,33.617,52.0,46.0,6.0,4.0,45.0,50.0,34.231,33.777,97.826,90.0,86.538,True
2025-03-12 20:00:00,20,35.0,35.0,35.632,64.0,56.0,8.0,7.0,49.0,63.0,37.04,33.969,87.5,77.778,76.562,True
2025-03-12 21:00:00,21,48.0,48.0,48.621,35.0,27.0,8.0,8.0,17.0,35.0,50.655,56.56,62.963,48.571,48.571,True
2025-03-12 22:00:00,22,36.0,36.0,36.0,23.0,16.0,7.0,4.0,15.0,20.0,36.35,35.002,93.75,75.0,65.217,True
2025-03-12 23:00:00,23,29.0,29.0,29.143,10.0,7.0,3.0,1.0,7.0,8.0,29.391,23.577,100.0,87.5,70.0,True
2025-03-13 00:00:00,0,40.0,40.0,40.667,6.0,6.0,0.0,0.0,5.0,6.0,41.021,37.863,83.333,83.333,83.333,True
2025-03-13 01:00:00,1,30.0,30.0,30.667,3.0,3.0,0.0,0.0,3.0,3.0,31.52,30.763,100.0,100.0,100.0,True
2025-03-13 02:00:00,2,20.0,20.0,20.5,1.0,1.0,0.0,0.0,1.0,1.0,28.555,28.555,100.0,100.0,100.0,True
2025-03-13 03:00:00,3,3.0,3.0,3.0,,,,,,,,,,,,True
2025-03-13 04:00:00,4,18.0,18.0,18.0,11.0,10.0,1.0,0.0,10.0,10.0,25.908,23.659,100.0,100.0,90.909,True
2025-03-13 05:00:00,5,47.0,47.0,47.333,12.0,11.0,1.0,0.0,7.0,11.0,50.02,21.039,63.636,63.636,58.333,True
2025-03-13 06:00:00,6,56.0,56.0,56.177,54.0,49.0,5.0,1.0,21.0,50.0,65.798,68.667,42.857,42.0,38.889,True
2025-03-13 07:00:00,7,67.0,67.0,67.344,429.0,358.0,71.0,51.0,66.0,409.0,80.377,81.106,18.436,16.137,15.385,True
2025-03-13 08:00:00,8,67.0,67.0,67.899,352.0,286.0,65.0,50.0,37.0,337.0,81.067,83.486,12.937,10.979,10.511,True
2025-03-13 09:00:00,9,53.0,53.0,53.31,231.0,201.0,30.0,21.0,125.0,222.0,54.153,54.262,62.189,56.306,54.113,True
2025-03-13 10:00:00,10,26.0,25.0,25.971,331.0,297.0,34.0,17.0,290.0,314.0,28.247,26.182,97.643,92.357,87.613,False
2025-03-13 11:00:00,11,23.0,23.0,23.9,509.0,482.0,27.0,18.0,478.0,500.0,24.415,23.22,99.17,95.6,93.91,True
2025-03-13 12:00:00,12,22.0,22.0,22.113,533.0,513.0,20.0,11.0,512.0,524.0,22.528,21.698,99.805,97.71,96.06,True
2025-03-13 13:00:00,13,19.0,19.0,19.789,531.0,491.0,40.0,19.0,490.0,510.0,20.345,19.104,99.796,96.078,92.279,True
2025-03-13 14:00:00,14,27.0,27.0,27.65,671.0,611.0,60.0,26.0,588.0,637.0,28.302,25.693,96.236,92.308,87.63,True
2025-03-13 15:00:00,15,49.0,49.0,49.297,671.0,552.0,119.0,82.0,365.0,634.0,51.088,40.065,66.123,57.571,54.396,True
2025-03-13 16:00:00,16,57.0,57.0,57.479,324.0,251.0,73.0,51.0,151.0,302.0,59.189,50.521,60.159,50.0,46.605,True
2025-03-13 17:00:00,17,56.0,56.0,56.121,208.0,163.0,45.0,39.0,95.0,202.0,58.015,52.696,58.282,47.03,45.673,True
2025-03-13 18:00:00,18,44.0,44.0,44.044,86.0,65.0,21.0,14.0,49.0,79.0,45.077,39.142,75.385,62.025,56.977,True
2025-03-13 19:00:00,19,34.0,34.0,34.368,67.0,55.0,12.0,9.0,49.0,64.0,34.88,29.388,89.091,76.562,73.134,True
2025-03-13 20:00:00,20,43.0,43.0,43.218,61.0,54.0,7.0,7.0,42.0,61.0,44.374,40.265,77.778,68.852,68.852,True
2025-03-13 21:00:00,21,48.0,48.0,48.342,43.0,37.0,6.0,4.0,25.0,41.0,49.143,46.416,67.568,60.976,58.14,True
2025-03-13 22:00:00,22,34.0,34.0,34.818,12.0,11.0,1.0,1.0,11.0,12.0,34.997,31.664,100.0,91.667,91.667,True
2025-03-13 23:00:00,23,28.0,28.0,28.444,8.0,8.0,0.0,0.0,8.0,8.0,31.198,28.976,100.0,100.0,100.0,True
2025-03-14 00:00:00,0,33.0,33.0,33.75,4.0,4.0,0.0,0.0,4.0,4.0,34.114,31.288,100.0,100.0,100.0,True
2025-03-14 01:00:00,1,41.0,41.0,41.0,1.0,1.0,0.0,0.0,1.0,1.0,41.424,41.424,100.0,100.0,100.0,True
2025-03-14 02:00:00,2,25.0,25.0,25.25,5.0,4.0,1.0,0.0,4.0,4.0,25.847,25.569,100.0,100.0,80.0,True
2025-03-14 03:00:00,3,14.0,14.0,14.667,4.0,3.0,1.0,1.0,3.0,4.0,15.382,13.974,100.0,75.0,75.0,True
2025-03-14 04:00:00,4,22.0,22.0,22.286,13.0,12.0,1.0,1.0,12.0,13.0,25.68,25.111,100.0,92.308,92.308,True
2025-03-14 05:00:00,5,44.0,44.0,44.111,16.0,13.0,3.0,0.0,9.0,13.0,50.117,35.532,69.231,69.231,56.25,True
2025-03-14 06:00:00,6,52.0,52.0,52.277,47.0,42.0,5.0,1.0,20.0,43.0,65.04,61.666,47.619,46.512,42.553,True
2025-03-14 07:00:00,7,64.0,64.0,64.741,443.0,370.0,73.0,45.0,77.0,415.0,76.881,79.98,20.811,18.554,17.381,True
2025-03-14 08:00:00,8,66.0,66.0,66.275,353.0,295.0,58.0,40.0,35.0,335.0,79.288,81.583,11.864,10.448,9.915,True
2025-03-14 09:00:00,9,53.0,53.0,53.777,296.0,246.0,50.0,32.0,155.0,278.0,54.469,53.658,63.008,55.755,52.365,True
2025-03-14 10:00:00,10,27.0,27.0,27.261,314.0,288.0,26.0,10.0,282.0,298.0,28.722,26.523,97.917,94.631,89.809,True
2025-03-14 11:00:00,11,23.0,23.0,23.862,527.0,503.0,23.0,11.0,499.0,515.0,24.431,22.927,99.205,96.893,94.687,True
2025-03-14 12:00:00,12,22.0,22.0,22.623,554.0,523.0,30.0,17.0,520.0,541.0,23.114,21.836,99.426,96.118,93.863,True
2025-03-14 13:00:00,13,19.0,19.0,19.892,511.0,487.0,24.0,9.0,484.0,496.0,20.348,19.228,99.384,97.581,94.716,True
2025-03-14 14:00:00,14,27.0,27.0,27.672,680.0,613.0,67.0,33.0,590.0,646.0,28.237,25.224,96.248,91.331,86.765,True
2025-03-14 15:00:00,15,46.0,46.0,46.285,597.0,505.0,92.0,59.0,371.0,564.0,47.815,40.488,73.465,65.78,62.144,True
2025-03-14 16:00:00,16,62.0,62.0,62.846,312.0,233.0,79.0,58.0,115.0,291.0,64.495,60.527,49.356,39.519,36.859,True
2025-03-14 17:00:00,17,62.0,62.0,62.898,210.0,159.0,51.0,40.0,84.0,199.0,65.256,57.472,52.83,42.211,40.0,True
2025-03-14 18:00:00,18,45.0,46.0,46.164,74.0,58.0,16.0,14.0,43.0,72.0,46.64,41.759,74.138,59.722,58.108,False
2025-03-14 19:00:00,19,43.0,43.0,43.266,76.0,62.0,14.0,10.0,52.0,72.0,44.315,40.533,83.871,72.222,68.421,True
2025-03-14 20:00:00,20,55.0,55.0,55.538,63.0,51.0,12.0,12.0,31.0,63.0,56.831,47.294,60.784,49.206,49.206,True
2025-03-14 21:00:00,21,55.0,55.0,55.9,27.0,20.0,7.0,7.0,11.0,27.0,56.243,48.019,55.0,40.741,40.741,True
2025-03-14 22:00:00,22,47.0,47.0,47.062,20.0,16.0,4.0,3.0,13.0,19.0,47.169,50.591,81.25,68.421,65.0,True
2025-03-14 23:00:00,23,27.0,27.0,27.692,16.0,13.0,3.0,3.0,12.0,16.0,31.264,27.292,92.308,75.0,75.0,True
2025-03-15 00:00:00,0,64.0,64.0,64.667,10.0,8.0,2.0,2.0,2.0,10.0,68.414,74.753,25.0,20.0,20.0,True
2025-03-15 01:00:00,1,40.0,40.0,40.5,4.0,2.0,2.0,2.0,2.0,4.0,40.939,40.939,100.0,50.0,50.0,True
2025-03-15 02:00:00,2,24.0,24.0,24.0,1.0,1.0,0.0,0.0,1.0,1.0,23.904,23.904,100.0,100.0,100.0,True
2025-03-15 03:00:00,3,30.0,30.0,30.0,5.0,5.0,0.0,0.0,5.0,5.0,30.773,29.487,100.0,100.0,100.0,True
2025-03-15 04:00:00,4,20.0,20.0,20.941,14.0,12.0,2.0,2.0,12.0,14.0,29.133,21.059,100.0,85.714,85.714,True
2025-03-15 05:00:00,5,22.0,22.0,22.286,7.0,6.0,1.0,1.0,4.0,7.0,38.277,24.933,66.667,57.143,57.143,True
2025-03-15 06:00:00,6,64.0,64.0,64.556,19.0,16.0,3.0,2.0,5.0,18.0,63.5,65.116,31.25,27.778,26.316,True
2025-03-15 07:00:00,7,28.0,27.0,27.877,51.0,41.0,10.0,6.0,41.0,47.0,27.926,25.983,100.0,87.234,80.392,False
2025-03-15 08:00:00,8,23.0,23.0,23.335,153.0,141.0,12.0,6.0,141.0,147.0,23.941,22.421,100.0,95.918,92.157,True
2025-03-15 09:00:00,9,24.0,24.0,24.805,184.0,167.0,17.0,12.0,165.0,179.0,25.761,24.539,98.802,92.179,89.674,True
2025-03-15 10:00:00,10,33.0,33.0,33.906,252.0,211.0,41.0,26.0,201.0,237.0,35.769,34.143,95.261,84.81,79.762,True
2025-03-15 11:00:00,11,42.0,42.0,42.684,280.0,244.0,36.0,26.0,204.0,270.0,43.938,42.145,83.607,75.556,72.857,True
2025-03-15 12:00:00,12,32.0,32.0,32.904,215.0,196.0,19.0,10.0,187.0,206.0,33.97,32.521,95.408,90.777,86.977,True
2025-03-15 13:00:00,13,28.0,28.0,28.809,188.0,172.0,16.0,9.0,168.0,181.0,29.185,26.094,97.674,92.818,89.362,True
2025-03-15 14:00:00,14,28.0,28.0,28.168,200.0,185.0,15.0,12.0,179.0,197.0,28.68,25.098,96.757,90.863,89.5,True
2025-03-15 15:00:00,15,33.0,33.0,33.689,205.0,172.0,33.0,14.0,157.0,186.0,34.671,28.757,91.279,84.409,76.585,True
2025-03-15 16:00:00,16,52.0,52.0,52.2,162.0,124.0,38.0,32.0,85.0,156.0,52.599,44.759,68.548,54.487,52.469,True
2025-03-15 17:00:00,17,51.0,52.0,52.25,98.0,75.0,23.0,20.0,48.0,95.0,53.127,40.614,64.0,50.526,48.98,False
2025-03-15 18:00:00,18,37.0,37.0,37.953,82.0,63.0,19.0,14.0,55.0,77.0,38.854,33.763,87.302,71.429,67.073,True
2025-03-15 19:00:00,19,34.0,34.0,34.475,70.0,60.0,10.0,8.0,54.0,68.0,35.452,31.702,90.0,79.412,77.143,True
2025-03-15 20:00:00,20,51.0,51.0,51.59,57.0,39.0,18.0,14.0,27.0,53.0,52.056,48.34,69.231,50.943,47.368,True
2025-03-15 21:00:00,21,40.0,40.0,40.895,31.0,19.0,12.0,8.0,15.0,27.0,41.367,35.475,78.947,55.556,48.387,True
2025-03-15 22:00:00,22,23.0,23.0,23.944,20.0,17.0,3.0,1.0,17.0,18.0,25.61,24.102,100.0,94.444,85.0,True
2025-03-15 23:00:00,23,41.0,41.0,41.308,17.0,13.0,4.0,3.0,11.0,16.0,41.468,38.111,84.615,68.75,64.706,True
2025-03-16 00:00:00,0,31.0,31.0,31.0,13.0,7.0,6.0,4.0,6.0,11.0,31.399,29.275,85.714,54.545,46.154,True
2025-03-16 01:00:00,1,28.0,28.0,28.0,2.0,2.0,0.0,0.0,2.0,2.0,29.152,29.152,100.0,100.0,100.0,True
2025-03-16 02:00:00,2,30.0,30.0,30.5,3.0,2.0,1.0,1.0,2.0,3.0,31.351,31.351,100.0,66.667,66.667,True
2025-03-16 03:00:00,3,21.0,21.0,21.5,9.0,7.0,2.0,1.0,7.0,8.0,24.674,23.37,100.0,87.5,77.778,True
2025-03-16 04:00:00,4,24.0,24.0,24.25,8.0,8.0,0.0,0.0,8.0,8.0,24.908,26.268,100.0,100.0,100.0,True
2025-03-16 05:00:00,5,22.0,22.0,22.8,6.0,5.0,1.0,1.0,5.0,6.0,23.756,26.35,100.0,83.333,83.333,True
2025-03-16 06:00:00,6,52.0,52.0,52.0,5.0,3.0,2.0,2.0,2.0,5.0,45.088,43.95,66.667,40.0,40.0,True
2025-03-16 07:00:00,7,38.0,38.0,38.138,66.0,57.0,9.0,5.0,50.0,62.0,40.777,35.582,87.719,80.645,75.758,True
2025-03-16 08:00:00,8,44.0,44.0,44.011,190.0,158.0,32.0,26.0,120.0,184.0,48.041,38.964,75.949,65.217,63.158,True
2025-03-16 09:00:00,9,76.0,77.0,77.021,212.0,138.0,74.0,68.0,43.0,206.0,79.047,87.529,31.159,20.874,20.283,False
2025-03-16 10:00:00,10,56.0,56.0,56.912,119.0,65.0,54.0,44.0,23.0,109.0,73.66,71.211,35.385,21.101,19.328,True
2025-03-16 11:00:00,11,41.0,41.0,41.587,89.0,75.0,14.0,13.0,65.0,88.0,41.969,38.932,86.667,73.864,73.034,True
2025-03-16 12:00:00,12,27.0,27.0,27.529,223.0,204.0,19.0,11.0,203.0,215.0,27.926,26.668,99.51,94.419,91.031,True
2025-03-16 13:00:00,13,28.0,28.0,28.392,208.0,183.0,25.0,17.0,180.0,200.0,28.963,26.074,98.361,90.0,86.538,True
2025-03-16 14:00:00,14,29.0,29.0,29.382,164.0,153.0,11.0,7.0,146.0,160.0,30.033,27.486,95.425,91.25,89.024,True
2025-03-16 15:00:00,15,34.0,34.0,34.906,147.0,133.0,14.0,8.0,115.0,141.0,35.921,31.185,86.466,81.56,78.231,True
2025-03-16 16:00:00,16,45.0,45.0,45.606,120.0,107.0,13.0,11.0,84.0,118.0,46.58,43.565,78.505,71.186,70.0,True
2025-03-16 17:00:00,17,44.0,43.0,43.714,76.0,69.0,7.0,2.0,55.0,71.0,44.921,39.475,79.71,77.465,72.368,False
2025-03-16 18:00:00,18,48.0,48.0,48.603,70.0,56.0,14.0,13.0,43.0,69.0,50.348,38.256,76.786,62.319,61.429,True
2025-03-16 19:00:00,19,47.0,47.0,47.3,58.0,50.0,8.0,6.0,39.0,56.0,47.724,37.098,78.0,69.643,67.241,True
2025-03-16 20:00:00,20,55.0,55.0,55.286,35.0,21.0,14.0,14.0,12.0,35.0,55.257,55.991,57.143,34.286,34.286,True
2025-03-16 21:00:00,21,54.0,54.0,54.636,15.0,11.0,4.0,4.0,5.0,15.0,54.663,61.801,45.455,33.333,33.333,True
2025-03-16 22:00:00,22,44.0,44.0,44.6,7.0,5.0,2.0,1.0,4.0,6.0,44.644,38.017,80.0,66.667,57.143,True
2025-03-16 23:00:00,23,33.0,33.0,33.5,2.0,2.0,0.0,0.0,2.0,2.0,33.995,33.995,100.0,100.0,100.0,True
2025-03-17 00:00:00,0,49.0,49.0,49.5,6.0,4.0,2.0,2.0,3.0,6.0,49.964,53.755,75.0,50.0,50.0,True
2025-03-17 01:00:00,1,37.0,37.0,37.0,1.0,1.0,0.0,0.0,1.0,1.0,38.012,38.012,100.0,100.0,100.0,True
2025-03-17 03:00:00,3,22.0,22.0,22.75,3.0,3.0,0.0,0.0,3.0,3.0,20.192,18.826,100.0,100.0,100.0,True
2025-03-17 04:00:00,4,19.0,19.0,19.0,5.0,5.0,0.0,0.0,5.0,5.0,23.868,24.33,100.0,100.0,100.0,True
2025-03-17 05:00:00,5,44.0,44.0,44.2,22.0,17.0,5.0,4.0,11.0,21.0,57.071,42.902,64.706,52.381,50.0,True
2025-03-17 06:00:00,6,58.0,58.0,58.848,52.0,41.0,11.0,7.0,14.0,48.0,71.153,72.088,34.146,29.167,26.923,True
2025-03-17 07:00:00,7,77.0,78.0,78.117,472.0,394.0,77.0,64.0,26.0,459.0,92.539,95.254,6.599,5.664,5.508,False
2025-03-17 08:00:00,8,77.0,77.0,77.941,325.0,247.0,78.0,63.0,7.0,310.0,94.33,96.2,2.834,2.258,2.154,True
2025-03-17 09:00:00,9,61.0,61.0,61.52,263.0,213.0,50.0,34.0,90.0,247.0,62.5,62.576,42.254,36.437,34.221,True
2025-03-17 10:00:00,10,28.0,28.0,28.84,303.0,273.0,30.0,18.0,260.0,291.0,31.175,28.435,95.238,89.347,85.809,True
2025-03-17 11:00:00,11,22.0,22.0,22.913,501.0,477.0,24.0,12.0,476.0,489.0,23.399,22.811,99.79,97.342,95.01,True
2025-03-17 12:00:00,12,20.0,21.0,21.013,553.0,519.0,34.0,12.0,518.0,531.0,21.345,20.173,99.807,97.552,93.671,False
2025-03-17 13:00:00,13,19.0,19.0,19.375,483.0,444.0,39.0,13.0,444.0,457.0,19.87,19.443,100.0,97.155,91.925,True
2025-03-17 14:00:00,14,24.0,24.0,24.887,668.0,623.0,45.0,20.0,617.0,643.0,25.324,23.42,99.037,95.956,92.365,True
2025-03-17 15:00:00,15,39.0,39.0,39.331,660.0,561.0,98.0,64.0,465.0,626.0,40.756,35.473,82.888,74.281,70.455,True
2025-03-17 16:00:00,16,47.0,47.0,47.891,318.0,257.0,61.0,39.0,187.0,296.0,49.305,44.666,72.763,63.176,58.805,True
2025-03-17 17:00:00,17,42.0,42.0,42.566,226.0,189.0,37.0,17.0,149.0,206.0,43.478,38.985,78.836,72.33,65.929,True
2025-03-17 18:00:00,18,33.0,33.0,33.604,110.0,88.0,22.0,17.0,78.0,105.0,34.039,28.786,88.636,74.286,70.909,True
2025-03-17 19:00:00,19,28.0,28.0,28.846,64.0,62.0,2.0,2.0,60.0,64.0,29.796,27.67,96.774,93.75,93.75,True
2025-03-17 20:00:00,20,25.0,25.0,25.263,43.0,37.0,6.0,4.0,37.0,41.0,25.366,24.737,100.0,90.244,86.047,True
2025-03-17 21:00:00,21,26.0,25.0,25.964,29.0,28.0,1.0,1.0,28.0,29.0,26.171,26.723,100.0,96.552,96.552,False
2025-03-17 22:00:00,22,20.0,20.0,20.643,15.0,15.0,0.0,0.0,15.0,15.0,20.457,20.444,100.0,100.0,100.0,True
2025-03-17 23:00:00,23,18.0,18.0,18.0,6.0,5.0,1.0,1.0,5.0,6.0,18.687,20.117,100.0,83.333,83.333,True
2025-03-18 00:00:00,0,42.0,42.0,42.5,4.0,2.0,2.0,1.0,1.0,3.0,42.548,42.548,50.0,33.333,25.0,True
2025-03-18 01:00:00,1,29.0,29.0,29.0,4.0,3.0,1.0,1.0,3.0,4.0,29.352,34.189,100.0,75.0,75.0,True
2025-03-18 02:00:00,2,25.0,25.0,25.0,3.0,3.0,0.0,0.0,3.0,3.0,25.625,23.79,100.0,100.0,100.0,True
2025-03-18 03:00:00,3,15.0,15.0,15.333,2.0,2.0,0.0,0.0,2.0,2.0,24.315,24.315,100.0,100.0,100.0,True
2025-03-18 04:00:00,4,24.0,24.0,24.353,10.0,10.0,0.0,0.0,10.0,10.0,32.173,30.92,100.0,100.0,100.0,True
2025-03-18 05:00:00,5,54.0,54.0,54.269,24.0,19.0,5.0,4.0,12.0,23.0,54.36,38.09,63.158,52.174,50.0,True
2025-03-18 06:00:00,6,63.0,63.0,63.671,72.0,61.0,11.0,4.0,19.0,65.0,73.721,73.681,31.148,29.231,26.389,True
2025-03-18 07:00:00,7,83.0,83.0,83.473,553.0,437.0,116.0,93.0,29.0,530.0,97.232,102.266,6.636,5.472,5.244,True
2025-03-18 08:00:00,8,82.0,82.0,82.19,324.0,248.0,76.0,60.0,1.0,308.0,99.486,100.842,0.403,0.325,0.309,True
2025-03-18 09:00:00,9,64.0,64.0,64.649,236.0,200.0,36.0,27.0,72.0,227.0,65.117,67.576,36.0,31.718,30.508,True
2025-03-18 10:00:00,10,28.0,28.0,28.264,254.0,221.0,33.0,16.0,214.0,237.0,30.954,28.49,96.833,90.295,84.252,True
2025-03-18 11:00:00,11,21.0,21.0,21.501,465.0,438.0,27.0,8.0,438.0,446.0,21.958,21.364,100.0,98.206,94.194,True
2025-03-18 12:00:00,12,19.0,19.0,19.97,518.0,500.0,18.0,8.0,500.0,508.0,20.332,19.498,100.0,98.425,96.525,True
2025-03-18 13:00:00,13,19.0,19.0,19.167,465.0,439.0,26.0,11.0,437.0,450.0,19.718,19.088,99.544,97.111,93.978,True
2025-03-18 14:00:00,14,24.0,24.0,24.97,651.0,605.0,46.0,16.0,600.0,621.0,25.304,22.965,99.174,96.618,92.166,True
2025-03-18 15:00:00,15,37.0,37.0,37.369,625.0,526.0,99.0,47.0,456.0,573.0,38.185,33.722,86.692,79.581,72.96,True
2025-03-18 16:00:00,16,44.0,44.0,44.201,356.0,277.0,79.0,37.0,216.0,314.0,45.355,42.026,77.978,68.79,60.674,True
2025-03-18 17:00:00,17,39.0,39.0,39.6,220.0,180.0,40.0,19.0,145.0,199.0,40.965,33.858,80.556,72.864,65.909,True
2025-03-18 18:00:00,18,29.0,29.0,29.71,105.0,88.0,17.0,10.0,83.0,98.0,29.879,26.351,94.318,84.694,79.048,True
2025-03-18 19:00:00,19,30.0,30.0,30.785,71.0,62.0,9.0,5.0,57.0,67.0,31.904,30.435,91.935,85.075,80.282,True
2025-03-18 20:00:00,20,31.0,31.0,31.262,47.0,41.0,6.0,5.0,40.0,46.0,32.256,30.124,97.561,86.957,85.106,True
2025-03-18 21:00:00,21,30.0,30.0,30.75,33.0,28.0,5.0,3.0,28.0,31.0,31.149,29.648,100.0,90.323,84.848,True
2025-03-18 22:00:00,22,28.0,28.0,28.846,16.0,13.0,3.0,2.0,13.0,15.0,29.027,29.004,100.0,86.667,81.25,True
2025-03-18 23:00:00,23,27.0,27.0,27.556,10.0,9.0,1.0,1.0,9.0,10.0,27.748,27.1,100.0,90.0,90.0,True
2025-03-19 00:00:00,0,40.0,40.0,40.333,6.0,6.0,0.0,0.0,5.0,6.0,41.061,38.615,83.333,83.333,83.333,True
2025-03-19 01:00:00,1,26.0,26.0,26.5,2.0,2.0,0.0,0.0,2.0,2.0,26.273,26.273,100.0,100.0,100.0,True
2025-03-19 02:00:00,2,25.0,25.0,25.0,5.0,5.0,0.0,0.0,5.0,5.0,26.069,22.059,100.0,100.0,100.0,True
2025-03-19 03:00:00,3,21.0,21.0,21.286,6.0,6.0,0.0,0.0,6.0,6.0,24.868,24.833,100.0,100.0,100.0,True
2025-03-19 04:00:00,4,30.0,30.0,30.0,12.0,8.0,4.0,3.0,7.0,11.0,35.775,28.898,87.5,63.636,58.333,True
2025-03-19 05:00:00,5,58.0,58.0,58.258,19.0,18.0,1.0,1.0,9.0,19.0,70.404,62.432,50.0,47.368,47.368,True
2025-03-19 06:00:00,6,53.0,53.0,53.892,51.0,42.0,9.0,5.0,21.0,47.0,63.048,59.585,50.0,44.681,41.176,True
2025-03-19 07:00:00,7,68.0,68.0,68.283,432.0,373.0,59.0,41.0,63.0,414.0,81.742,85.172,16.89,15.217,14.583,True
2025-03-19 08:00:00,8,64.0,64.0,64.447,305.0,255.0,50.0,30.0,34.0,285.0,79.803,80.757,13.333,11.93,11.148,True
2025-03-19 09:00:00,9,45.0,45.0,45.642,250.0,211.0,39.0,21.0,159.0,232.0,46.37,45.181,75.355,68.534,63.6,True
2025-03-19 10:00:00,10,24.0,24.0,24.368,329.0,311.0,18.0,8.0,301.0,319.0,25.724,23.824,96.785,94.357,91.489,True
2025-03-19 11:00:00,11,22.0,22.0,22.153,492.0,470.0,22.0,9.0,470.0,479.0,22.424,21.746,100.0,98.121,95.528,True
2025-03-19 12:00:00,12,21.0,21.0,21.138,559.0,536.0,23.0,12.0,535.0,548.0,21.52,20.515,99.813,97.628,95.707,True
2025-03-19 13:00:00,13,19.0,19.0,19.784,513.0,483.0,30.0,19.0,483.0,502.0,20.194,19.206,100.0,96.215,94.152,True
2025-03-19 14:00:00,14,23.0,23.0,23.561,628.0,590.0,38.0,12.0,584.0,602.0,24.127,22.877,98.983,97.01,92.994,True
2025-03-19 15:00:00,15,44.0,44.0,44.606,686.0,568.0,118.0,74.0,426.0,642.0,45.687,37.944,75.0,66.355,62.099,True
2025-03-19 16:00:00,16,57.0,57.0,57.857,354.0,283.0,71.0,42.0,162.0,325.0,59.876,52.726,57.244,49.846,45.763,True
2025-03-19 17:00:00,17,52.0,52.0,52.05,186.0,150.0,36.0,28.0,99.0,178.0,53.44,46.039,66.0,55.618,53.226,True
2025-03-19 18:00:00,18,40.0,40.0,40.147,84.0,70.0,14.0,6.0,54.0,76.0,41.363,34.045,77.143,71.053,64.286,True
2025-03-19 19:00:00,19,32.0,32.0,32.742,70.0,59.0,11.0,7.0,58.0,66.0,33.284,31.822,98.305,87.879,82.857,True
2025-03-19 20:00:00,20,45.0,45.0,45.105,74.0,56.0,18.0,14.0,44.0,70.0,46.201,45.131,78.571,62.857,59.459,True
2025-03-19 21:00:00,21,52.0,52.0,52.739,34.0,23.0,11.0,9.0,17.0,32.0,52.99,51.318,73.913,53.125,50.0,True
2025-03-19 22:00:00,22,37.0,37.0,37.786,17.0,14.0,3.0,3.0,13.0,17.0,38.08,32.967,92.857,76.471,76.471,True
2025-03-19 23:00:00,23,27.0,27.0,27.25,10.0,9.0,1.0,0.0,9.0,9.0,27.927,30.136,100.0,100.0,90.0,True
2025-03-20 00:00:00,0,40.0,40.0,40.0,3.0,2.0,1.0,1.0,2.0,3.0,43.35,43.35,100.0,66.667,66.667,True
2025-03-20 01:00:00,1,22.0,22.0,22.5,2.0,2.0,0.0,0.0,2.0,2.0,23.148,23.148,100.0,100.0,100.0,True
2025-03-20 02:00:00,2,28.0,28.0,28.5,2.0,2.0,0.0,0.0,2.0,2.0,28.393,28.393,100.0,100.0,100.0,True
2025-03-20 03:00:00,3,25.0,25.0,25.333,5.0,5.0,0.0,0.0,5.0,5.0,31.061,31.436,100.0,100.0,100.0,True
2025-03-20 04:00:00,4,19.0,19.0,19.786,7.0,7.0,0.0,0.0,7.0,7.0,34.444,34.624,100.0,100.0,100.0,True
2025-03-20 05:00:00,5,56.0,56.0,56.957,18.0,16.0,2.0,1.0,9.0,17.0,59.319,51.41,56.25,52.941,50.0,True
2025-03-20 06:00:00,6,54.0,54.0,54.382,46.0,39.0,7.0,3.0,20.0,42.0,61.776,59.574,51.282,47.619,43.478,True
2025-03-20 07:00:00,7,62.0,62.0,62.727,424.0,348.0,76.0,39.0,84.0,387.0,74.856,74.269,24.138,21.705,19.811,True
2025-03-20 08:00:00,8,61.0,61.0,61.217,328.0,274.0,54.0,32.0,71.0,306.0,74.037,74.266,25.912,23.203,21.646,True
2025-03-20 09:00:00,9,46.0,46.0,46.025,264.0,223.0,41.0,20.0,168.0,243.0,47.027,45.058,75.336,69.136,63.636,True
2025-03-20 10:00:00,10,25.0,25.0,25.168,335.0,305.0,30.0,17.0,301.0,322.0,26.367,24.634,98.689,93.478,89.851,True
2025-03-20 11:00:00,11,23.0,23.0,23.676,531.0,499.0,31.0,18.0,499.0,518.0,24.211,22.935,100.0,96.332,93.974,True
2025-03-20 12:00:00,12,22.0,22.0,22.692,492.0,476.0,16.0,11.0,474.0,487.0,23.085,21.661,99.58,97.331,96.341,True
2025-03-20 13:00:00,13,20.0,20.0,20.705,506.0,474.0,32.0,13.0,474.0,487.0,21.126,20.286,100.0,97.331,93.676,True
2025-03-20 14:00:00,14,29.0,29.0,29.215,674.0,628.0,46.0,24.0,597.0,652.0,29.963,26.62,95.064,91.564,88.576,True
2025-03-20 15:00:00,15,52.0,52.0,52.127,624.0,518.0,106.0,80.0,333.0,598.0,54.106,46.681,64.286,55.686,53.365,True
2025-03-20 16:00:00,16,64.0,64.0,64.017,305.0,226.0,79.0,59.0,115.0,285.0,65.861,58.53,50.885,40.351,37.705,True
2025-03-20 17:00:00,17,60.0,60.0,60.43,218.0,157.0,61.0,46.0,83.0,203.0,62.946,55.131,52.866,40.887,38.073,True
2025-03-20 18:00:00,18,53.0,53.0,53.676,84.0,62.0,22.0,14.0,40.0,76.0,53.628,42.754,64.516,52.632,47.619,True
2025-03-20 19:00:00,19,58.0,58.0,58.348,86.0,64.0,22.0,19.0,36.0,83.0,58.79,55.089,56.25,43.373,41.86,True
2025-03-20 20:00:00,20,60.0,60.0,60.903,41.0,31.0,10.0,9.0,14.0,40.0,60.928,65.377,45.161,35.0,34.146,True
2025-03-20 21:00:00,21,60.0,60.0,60.292,37.0,24.0,13.0,11.0,11.0,35.0,60.54,61.9,45.833,31.429,29.73,True
2025-03-20 22:00:00,22,33.0,33.0,33.727,12.0,11.0,1.0,1.0,10.0,12.0,34.179,33.896,90.909,83.333,83.333,True
2025-03-20 23:00:00,23,34.0,34.0,34.7,12.0,10.0,2.0,2.0,10.0,12.0,35.371,34.264,100.0,83.333,83.333,True
2025-03-21 00:00:00,0,34.0,34.0,34.75,5.0,4.0,1.0,1.0,4.0,5.0,35.448,33.135,100.0,80.0,80.0,True
2025-03-21 01:00:00,1,26.0,26.0,26.0,5.0,3.0,2.0,2.0,3.0,5.0,26.814,29.156,100.0,60.0,60.0,True
2025-03-21 02:00:00,2,23.0,23.0,23.75,5.0,4.0,1.0,1.0,4.0,5.0,24.137,21.714,100.0,80.0,80.0,True
2025-03-21 03:00:00,3,25.0,25.0,25.6,5.0,5.0,0.0,0.0,5.0,5.0,26.041,29.172,100.0,100.0,100.0,True
2025-03-21 04:00:00,4,27.0,27.0,27.0,11.0,11.0,0.0,0.0,11.0,11.0,29.854,32.916,100.0,100.0,100.0,True
2025-03-21 05:00:00,5,61.0,61.0,61.833,18.0,16.0,2.0,2.0,6.0,18.0,78.792,85.682,37.5,33.333,33.333,True
2025-03-21 06:00:00,6,59.0,59.0,59.818,43.0,36.0,7.0,2.0,14.0,38.0,71.418,73.242,38.889,36.842,32.558,True
2025-03-21 07:00:00,7,65.0,65.0,65.344,404.0,332.0,72.0,42.0,48.0,374.0,78.028,79.682,14.458,12.834,11.881,True
2025-03-21 08:00:00,8,63.0,64.0,64.034,339.0,281.0,58.0,42.0,49.0,323.0,76.478,77.161,17.438,15.17,14.454,False
2025-03-21 09:00:00,9,50.0,50.0,50.191,244.0,206.0,38.0,24.0,142.0,230.0,51.114,50.828,68.932,61.739,58.197,True
2025-03-21 10:00:00,10,24.0,24.0,24.852,343.0,309.0,33.0,14.0,307.0,324.0,25.868,24.83,99.353,94.753,89.504,True
2025-03-21 11:00:00,11,23.0,23.0,23.647,540.0,508.0,32.0,15.0,507.0,523.0,24.134,23.24,99.803,96.941,93.889,True
2025-03-21 12:00:00,12,22.0,22.0,22.247,543.0,526.0,17.0,8.0,525.0,534.0,22.629,21.448,99.81,98.315,96.685,True
2025-03-21 13:00:00,13,20.0,20.0,20.638,484.0,468.0,16.0,8.0,468.0,476.0,21.265,19.592,100.0,98.319,96.694,True
2025-03-21 14:00:00,14,28.0,28.0,28.022,659.0,605.0,54.0,33.0,589.0,638.0,28.662,26.344,97.355,92.32,89.378,True
2025-03-21 15:00:00,15,46.0,46.0,46.377,636.0,528.0,108.0,73.0,377.0,601.0,48.124,39.719,71.402,62.729,59.277,True
2025-03-21 16:00:00,16,60.0,60.0,60.933,330.0,269.0,61.0,40.0,143.0,309.0,62.276,56.433,53.16,46.278,43.333,True
2025-03-21 17:00:00,17,68.0,68.0,68.09,191.0,135.0,56.0,42.0,65.0,177.0,69.819,63.371,48.148,36.723,34.031,True
2025-03-21 18:00:00,18,55.0,56.0,56.205,109.0,81.0,28.0,17.0,49.0,98.0,57.764,49.498,60.494,50.0,44.954,False
2025-03-21 19:00:00,19,70.0,70.0,70.094,88.0,61.0,27.0,22.0,27.0,83.0,72.762,72.385,44.262,32.53,30.682,True
2025-03-21 20:00:00,20,76.0,76.0,76.086,51.0,33.0,18.0,15.0,8.0,48.0,80.297,82.8,24.242,16.667,15.686,True
2025-03-21 21:00:00,21,78.0,78.0,78.842,32.0,19.0,13.0,12.0,4.0,31.0,79.34,78.628,21.053,12.903,12.5,True
2025-03-21 22:00:00,22,63.0,63.0,63.105,23.0,19.0,4.0,4.0,9.0,23.0,63.615,61.458,47.368,39.13,39.13,True
2025-03-21 23:00:00,23,52.0,52.0,52.25,12.0,8.0,4.0,4.0,5.0,12.0,52.755,47.354,62.5,41.667,41.667,True
2025-03-22 00:00:00,0,36.0,36.0,36.571,8.0,6.0,2.0,1.0,6.0,7.0,43.122,45.199,100.0,85.714,75.0,True
2025-03-22 01:00:00,1,32.0,32.0,32.5,2.0,2.0,0.0,0.0,2.0,2.0,33.973,33.973,100.0,100.0,100.0,True
2025-03-22 02:00:00,2,31.0,31.0,31.5,2.0,2.0,0.0,0.0,2.0,2.0,31.753,31.753,100.0,100.0,100.0,True
2025-03-22 03:00:00,3,29.0,29.0,29.667,6.0,6.0,0.0,0.0,6.0,6.0,30.225,30.237,100.0,100.0,100.0,True
2025-03-22 04:00:00,4,22.0,22.0,22.75,12.0,11.0,1.0,1.0,11.0,12.0,28.99,31.832,100.0,91.667,91.667,True
2025-03-22 05:00:00,5,32.0,32.0,32.9,8.0,8.0,0.0,0.0,7.0,8.0,34.872,20.793,87.5,87.5,87.5,True
2025-03-22 06:00:00,6,60.0,60.0,60.567,25.0,22.0,3.0,1.0,11.0,23.0,60.712,60.749,50.0,47.826,44.0,True
2025-03-22 07:00:00,7,31.0,31.0,31.92,54.0,48.0,6.0,0.0,46.0,48.0,34.423,31.782,95.833,95.833,85.185,True
2025-03-22 08:00:00,8,29.0,29.0,29.138,145.0,123.0,22.0,12.0,118.0,135.0,31.787,28.662,95.935,87.407,81.379,True
2025-03-22 09:00:00,9,36.0,36.0,36.571,203.0,174.0,29.0,20.0,156.0,194.0,37.373,32.466,89.655,80.412,76.847,True
2025-03-22 10:00:00,10,49.0,49.0,49.364,230.0,186.0,44.0,41.0,110.0,227.0,53.736,53.095,59.14,48.458,47.826,True
2025-03-22 11:00:00,11,53.0,53.0,53.509,260.0,205.0,55.0,50.0,135.0,255.0,54.874,53.101,65.854,52.941,51.923,True
2025-03-22 12:00:00,12,36.0,36.0,36.635,217.0,191.0,26.0,21.0,174.0,212.0,37.841,34.652,91.099,82.075,80.184,True
2025-03-22 13:00:00,13,29.0,29.0,29.171,180.0,165.0,15.0,9.0,156.0,174.0,30.415,27.255,94.545,89.655,86.667,True
2025-03-22 14:00:00,14,29.0,29.0,29.405,167.0,153.0,14.0,9.0,143.0,162.0,30.474,27.485,93.464,88.272,85.629,True
2025-03-22 15:00:00,15,33.0,33.0,33.818,175.0,158.0,17.0,8.0,148.0,166.0,34.471,31.755,93.671,89.157,84.571,True
2025-03-22 16:00:00,16,41.0,41.0,41.805,152.0,126.0,26.0,19.0,97.0,145.0,44.399,37.731,76.984,66.897,63.816,True
2025-03-22 17:00:00,17,50.0,50.0,50.471,94.0,81.0,13.0,10.0,54.0,91.0,51.489,44.876,66.667,59.341,57.447,True
2025-03-22 18:00:00,18,39.0,39.0,39.944,83.0,71.0,12.0,10.0,61.0,81.0,40.828,36.073,85.915,75.309,73.494,True
2025-03-22 19:00:00,19,34.0,34.0,34.875,58.0,47.0,11.0,6.0,46.0,53.0,35.407,33.835,97.872,86.792,79.31,True
2025-03-22 20:00:00,20,38.0,38.0,38.079,44.0,38.0,6.0,5.0,35.0,43.0,38.322,39.19,92.105,81.395,79.545,True
2025-03-22 21:00:00,21,41.0,41.0,41.371,44.0,35.0,9.0,6.0,29.0,41.0,41.991,40.478,82.857,70.732,65.909,True
2025-03-22 22:00:00,22,31.0,31.0,31.364,16.0,12.0,4.0,3.0,12.0,15.0,31.701,28.794,100.0,80.0,75.0,True
2025-03-22 23:00:00,23,38.0,37.0,37.143,14.0,13.0,1.0,1.0,12.0,14.0,38.529,36.441,92.308,85.714,85.714,False
2025-03-23 00:00:00,0,33.0,33.0,33.25,10.0,8.0,2.0,2.0,8.0,10.0,33.596,35.047,100.0,80.0,80.0,True
2025-03-23 01:00:00,1,32.0,32.0,32.75,4.0,4.0,0.0,0.0,4.0,4.0,33.45,34.11,100.0,100.0,100.0,True
2025-03-23 02:00:00,2,37.0,37.0,37.0,3.0,2.0,1.0,1.0,2.0,3.0,38.166,38.166,100.0,66.667,66.667,True
2025-03-23 03:00:00,3,22.0,22.0,22.6,4.0,4.0,0.0,0.0,4.0,4.0,28.89,28.081,100.0,100.0,100.0,True
2025-03-23 04:00:00,4,21.0,21.0,21.25,4.0,4.0,0.0,0.0,4.0,4.0,22.183,22.135,100.0,100.0,100.0,True
2025-03-23 05:00:00,5,20.0,20.0,20.778,11.0,9.0,2.0,1.0,9.0,10.0,21.082,17.721,100.0,90.0,81.818,True
2025-03-23 06:00:00,6,56.0,56.0,56.0,4.0,3.0,1.0,1.0,2.0,4.0,57.335,55.734,66.667,50.0,50.0,True
2025-03-23 07:00:00,7,33.0,33.0,33.976,65.0,58.0,7.0,3.0,52.0,61.0,37.657,35.03,89.655,85.246,80.0,True
2025-03-23 08:00:00,8,34.0,34.0,34.814,202.0,158.0,44.0,23.0,131.0,181.0,37.302,28.188,82.911,72.376,64.851,True
2025-03-23 09:00:00,9,52.0,51.0,51.769,215.0,165.0,50.0,36.0,108.0,201.0,52.772,48.245,65.455,53.731,50.233,False
2025-03-23 10:00:00,10,40.0,40.0,40.492,115.0,88.0,27.0,20.0,58.0,108.0,48.375,48.429,65.909,53.704,50.435,True
2025-03-23 11:00:00,11,31.0,32.0,32.044,151.0,135.0,16.0,10.0,129.0,145.0,32.551,29.331,95.556,88.966,85.43,False
2025-03-23 12:00:00,12,24.0,24.0,24.966,252.0,233.0,19.0,11.0,231.0,244.0,25.58,24.049,99.142,94.672,91.667,True
2025-03-23 13:00:00,13,30.0,29.0,29.69,214.0,195.0,19.0,14.0,183.0,209.0,30.936,28.717,93.846,87.56,85.514,False
2025-03-23 14:00:00,14,32.0,32.0,32.669,193.0,175.0,18.0,9.0,165.0,184.0,33.246,29.993,94.286,89.674,85.492,True
2025-03-23 15:00:00,15,41.0,41.0,41.285,160.0,135.0,25.0,16.0,107.0,151.0,42.364,38.977,79.259,70.861,66.875,True
2025-03-23 16:00:00,16,48.0,49.0,49.826,118.0,90.0,28.0,16.0,60.0,106.0,51.525,51.868,66.667,56.604,50.847,False
2025-03-23 17:00:00,17,39.0,40.0,40.154,80.0,60.0,20.0,11.0,50.0,71.0,41.954,39.692,83.333,70.423,62.5,False
2025-03-23 18:00:00,18,37.0,37.0,37.115,73.0,60.0,13.0,6.0,52.0,66.0,37.806,32.02,86.667,78.788,71.233,True
2025-03-23 19:00:00,19,34.0,34.0,34.195,43.0,41.0,2.0,2.0,37.0,43.0,34.729,29.554,90.244,86.047,86.047,True
2025-03-23 20:00:00,20,55.0,55.0,55.417,32.0,24.0,8.0,7.0,12.0,31.0,55.678,59.876,50.0,38.71,37.5,True
2025-03-23 21:00:00,21,73.0,73.0,73.263,34.0,19.0,15.0,14.0,7.0,33.0,73.501,70.511,36.842,21.212,20.588,True
2025-03-23 22:00:00,22,50.0,50.0,50.375,9.0,8.0,1.0,1.0,4.0,9.0,50.92,50.251,50.0,44.444,44.444,True
2025-03-23 23:00:00,23,42.0,42.0,42.333,5.0,3.0,2.0,2.0,3.0,5.0,42.941,46.058,100.0,60.0,60.0,True
2025-03-24 00:00:00,0,52.0,52.0,52.0,3.0,2.0,1.0,1.0,2.0,3.0,52.019,52.019,100.0,66.667,66.667,True
2025-03-24 01:00:00,1,18.0,18.0,18.333,4.0,3.0,1.0,1.0,3.0,4.0,19.213,21.187,100.0,75.0,75.0,True
2025-03-24 02:00:00,2,24.0,24.0,24.0,2.0,2.0,0.0,0.0,2.0,2.0,25.171,25.171,100.0,100.0,100.0,True
2025-03-24 03:00:00,3,28.0,28.0,28.0,3.0,3.0,0.0,0.0,3.0,3.0,28.937,22.575,100.0,100.0,100.0,True
2025-03-24 04:00:00,4,30.0,30.0,30.417,13.0,11.0,2.0,2.0,10.0,13.0,35.771,31.615,90.909,76.923,76.923,True
2025-03-24 05:00:00,5,53.0,53.0,53.667,13.0,11.0,2.0,0.0,4.0,11.0,76.508,80.16,36.364,36.364,30.769,True
2025-03-24 06:00:00,6,60.0,60.0,60.413,54.0,45.0,9.0,7.0,15.0,52.0,73.628,70.87,33.333,28.846,27.778,True
2025-03-24 07:00:00,7,81.0,81.0,81.738,445.0,369.0,76.0,57.0,15.0,426.0,96.809,99.222,4.065,3.521,3.371,True
2025-03-24 08:00:00,8,80.0,80.0,80.715,319.0,261.0,58.0,52.0,6.0,313.0,97.66,98.779,2.299,1.917,1.881,True
2025-03-24 09:00:00,9,66.0,65.0,65.908,217.0,175.0,42.0,33.0,60.0,208.0,66.85,66.97,34.286,28.846,27.65,False
2025-03-24 10:00:00,10,32.0,32.0,32.045,311.0,280.0,31.0,22.0,266.0,302.0,34.282,32.961,95.0,88.079,85.531,True
2025-03-24 11:00:00,11,23.0,23.0,23.624,467.0,443.0,24.0,8.0,443.0,451.0,24.337,23.35,100.0,98.226,94.861,True
2025-03-24 12:00:00,12,19.0,19.0,19.989,543.0,515.0,28.0,11.0,515.0,526.0,20.421,19.947,100.0,97.909,94.843,True
2025-03-24 13:00:00,13,19.0,19.0,19.947,519.0,496.0,23.0,13.0,492.0,509.0,20.375,19.275,99.194,96.66,94.798,True
2025-03-24 14:00:00,14,29.0,29.0,29.055,691.0,635.0,55.0,31.0,602.0,667.0,29.81,26.667,94.803,90.255,87.12,True
2025-03-24 15:00:00,15,42.0,42.0,42.961,645.0,568.0,77.0,51.0,434.0,619.0,44.213,37.705,76.408,70.113,67.287,True
2025-03-24 16:00:00,16,49.0,49.0,49.889,324.0,258.0,66.0,42.0,164.0,300.0,51.782,43.783,63.566,54.667,50.617,True
2025-03-24 17:00:00,17,42.0,42.0,42.59,210.0,177.0,32.0,18.0,132.0,196.0,42.738,36.753,74.576,67.347,62.857,True
2025-03-24 18:00:00,18,34.0,34.0,34.603,97.0,75.0,22.0,14.0,72.0,89.0,35.102,33.457,96.0,80.899,74.227,True
2025-03-24 19:00:00,19,28.0,28.0,28.061,75.0,65.0,10.0,7.0,65.0,72.0,28.778,27.731,100.0,90.278,86.667,True
2025-03-24 20:00:00,20,34.0,34.0,34.429,47.0,42.0,5.0,4.0,41.0,46.0,34.579,36.011,97.619,89.13,87.234,True
2025-03-24 21:00:00,21,22.0,22.0,22.4,27.0,20.0,7.0,5.0,20.0,25.0,22.792,18.511,100.0,80.0,74.074,True
2025-03-24 22:00:00,22,20.0,20.0,20.857,18.0,15.0,3.0,2.0,15.0,17.0,21.276,21.42,100.0,88.235,83.333,True
2025-03-24 23:00:00,23,27.0,28.0,28.5,11.0,11.0,0.0,0.0,10.0,11.0,29.594,24.911,90.909,90.909,90.909,False
2025-03-25 00:00:00,0,47.0,47.0,47.5,2.0,2.0,0.0,0.0,2.0,2.0,48.552,48.552,100.0,100.0,100.0,True
2025-03-25 01:00:00,1,43.0,43.0,43.0,1.0,1.0,0.0,0.0,1.0,1.0,44.517,44.517,100.0,100.0,100.0,True
2025-03-25 02:00:00,2,28.0,28.0,28.5,2.0,2.0,0.0,0.0,2.0,2.0,28.527,28.527,100.0,100.0,100.0,True
2025-03-25 03:00:00,3,21.0,21.0,21.75,3.0,3.0,0.0,0.0,3.0,3.0,29.954,31.753,100.0,100.0,100.0,True
2025-03-25 04:00:00,4,14.0,14.0,14.643,9.0,9.0,0.0,0.0,9.0,9.0,25.763,23.478,100.0,100.0,100.0,True
2025-03-25 05:00:00,5,52.0,52.0,52.833,21.0,17.0,4.0,3.0,10.0,20.0,57.815,40.388,58.824,50.0,47.619,True
2025-03-25 06:00:00,6,60.0,60.0,60.309,65.0,56.0,9.0,4.0,21.0,60.0,66.917,68.858,37.5,35.0,32.308,True
2025-03-25 07:00:00,7,71.0,71.0,71.623,437.0,377.0,59.0,39.0,34.0,417.0,85.26,87.156,9.019,8.153,7.78,True
2025-03-25 08:00:00,8,72.0,72.0,72.432,320.0,268.0,52.0,38.0,20.0,306.0,87.944,89.69,7.463,6.536,6.25,True
2025-03-25 09:00:00,9,56.0,56.0,56.874,265.0,223.0,42.0,30.0,115.0,253.0,58.095,59.477,51.57,45.455,43.396,True
2025-03-25 10:00:00,10,27.0,27.0,27.506,269.0,245.0,24.0,12.0,232.0,257.0,29.435,26.833,94.694,90.272,86.245,True
2025-03-25 11:00:00,11,22.0,22.0,22.196,529.0,506.0,23.0,8.0,505.0,514.0,22.725,21.812,99.802,98.249,95.463,True
2025-03-25 12:00:00,12,20.0,20.0,20.688,504.0,479.0,25.0,16.0,478.0,495.0,20.95,19.98,99.791,96.566,94.841,True
2025-03-25 13:00:00,13,19.0,19.0,19.397,543.0,523.0,20.0,13.0,522.0,536.0,19.907,18.67,99.809,97.388,96.133,True
2025-03-25 14:00:00,14,25.0,25.0,25.717,673.0,615.0,56.0,32.0,600.0,649.0,26.196,23.936,97.561,92.45,89.153,True
2025-03-25 15:00:00,15,41.0,41.0,41.744,641.0,541.0,100.0,53.0,419.0,594.0,42.971,36.411,77.449,70.539,65.367,True
2025-03-25 16:00:00,16,52.0,52.0,52.915,325.0,254.0,69.0,47.0,166.0,303.0,54.867,45.445,65.354,54.785,51.077,True
2025-03-25 17:00:00,17,49.0,49.0,49.494,202.0,153.0,48.0,34.0,106.0,188.0,50.277,42.321,69.281,56.383,52.475,True
2025-03-25 18:00:00,18,36.0,36.0,36.921,84.0,72.0,12.0,9.0,61.0,81.0,37.084,30.516,84.722,75.309,72.619,True
2025-03-25 19:00:00,19,31.0,31.0,31.0,66.0,61.0,4.0,1.0,59.0,63.0,32.035,32.322,96.721,93.651,89.394,True
2025-03-25 20:00:00,20,34.0,34.0,34.591,49.0,43.0,6.0,5.0,38.0,48.0,37.256,33.742,88.372,79.167,77.551,True
2025-03-25 21:00:00,21,41.0,41.0,41.893,30.0,27.0,3.0,3.0,25.0,30.0,41.116,36.116,92.593,83.333,83.333,True
2025-03-25 22:00:00,22,31.0,31.0,31.714,23.0,21.0,2.0,2.0,21.0,23.0,32.086,34.481,100.0,91.304,91.304,True
2025-03-25 23:00:00,23,21.0,21.0,21.125,11.0,7.0,4.0,4.0,7.0,11.0,23.826,25.249,100.0,63.636,63.636,True
2025-03-26 00:00:00,0,28.0,28.0,28.25,4.0,4.0,0.0,0.0,4.0,4.0,28.094,26.359,100.0,100.0,100.0,True
2025-03-26 01:00:00,1,43.0,43.0,43.0,1.0,1.0,0.0,0.0,1.0,1.0,44.271,44.271,100.0,100.0,100.0,True
2025-03-26 02:00:00,2,29.0,29.0,29.5,2.0,2.0,0.0,0.0,2.0,2.0,30.142,30.142,100.0,100.0,100.0,True
2025-03-26 03:00:00,3,27.0,27.0,27.6,5.0,5.0,0.0,0.0,5.0,5.0,28.232,29.939,100.0,100.0,100.0,True
2025-03-26 04:00:00,4,23.0,23.0,23.4,8.0,8.0,0.0,0.0,8.0,8.0,28.741,24.095,100.0,100.0,100.0,True
2025-03-26 05:00:00,5,50.0,50.0,50.375,22.0,17.0,5.0,5.0,9.0,22.0,65.559,56.039,52.941,40.909,40.909,True
2025-03-26 06:00:00,6,55.0,55.0,55.066,55.0,45.0,10.0,7.0,17.0,52.0,68.026,66.136,37.778,32.692,30.909,True
2025-03-26 07:00:00,7,71.0,71.0,71.944,453.0,379.0,74.0,54.0,44.0,433.0,85.503,89.083,11.609,10.162,9.713,True
2025-03-26 08:00:00,8,70.0,70.0,70.663,284.0,232.0,52.0,43.0,19.0,275.0,86.422,89.417,8.19,6.909,6.69,True
2025-03-26 09:00:00,9,56.0,56.0,56.545,260.0,218.0,42.0,24.0,125.0,242.0,57.049,56.77,57.339,51.653,48.077,True
2025-03-26 10:00:00,10,28.0,28.0,28.244,302.0,273.0,28.0,20.0,265.0,294.0,30.755,29.005,97.07,90.136,87.748,True
2025-03-26 11:00:00,11,23.0,23.0,23.111,497.0,471.0,25.0,16.0,470.0,488.0,23.605,22.526,99.788,96.311,94.567,True
2025-03-26 12:00:00,12,23.0,23.0,23.348,550.0,517.0,32.0,12.0,514.0,530.0,23.846,23.198,99.42,96.981,93.455,True
2025-03-26 13:00:00,13,21.0,21.0,21.64,523.0,492.0,29.0,15.0,491.0,509.0,21.968,21.195,99.797,96.464,93.881,True
2025-03-26 14:00:00,14,29.0,29.0,29.276,638.0,586.0,51.0,28.0,559.0,615.0,30.114,27.092,95.392,90.894,87.618,True
2025-03-26 15:00:00,15,49.0,49.0,49.102,622.0,500.0,122.0,82.0,354.0,582.0,50.619,40.599,70.8,60.825,56.913,True
2025-03-26 16:00:00,16,64.0,65.0,65.0,324.0,256.0,68.0,51.0,126.0,307.0,66.796,60.756,49.219,41.042,38.889,False
2025-03-26 17:00:00,17,57.0,57.0,57.608,161.0,120.0,40.0,35.0,65.0,156.0,60.681,56.266,54.167,41.667,40.373,True
2025-03-26 18:00:00,18,42.0,42.0,42.078,68.0,58.0,10.0,10.0,42.0,68.0,42.254,38.025,72.414,61.765,61.765,True
2025-03-26 19:00:00,19,33.0,33.0,33.836,74.0,67.0,7.0,5.0,64.0,72.0,34.162,32.428,95.522,88.889,86.486,True
2025-03-26 20:00:00,20,45.0,45.0,45.763,72.0,58.0,14.0,11.0,43.0,69.0,46.802,45.446,74.138,62.319,59.722,True
2025-03-26 21:00:00,21,46.0,46.0,46.917,31.0,24.0,7.0,5.0,20.0,29.0,47.265,44.203,83.333,68.966,64.516,True
2025-03-26 22:00:00,22,35.0,35.0,35.6,13.0,10.0,3.0,3.0,10.0,13.0,35.741,35.107,100.0,76.923,76.923,True
2025-03-26 23:00:00,23,34.0,35.0,35.2,11.0,10.0,1.0,1.0,10.0,11.0,35.103,33.994,100.0,90.909,90.909,False
2025-03-27 00:00:00,0,36.0,36.0,36.8,5.0,5.0,0.0,0.0,5.0,5.0,37.319,40.922,100.0,100.0,100.0,True
2025-03-27 01:00:00,1,12.0,12.0,12.0,1.0,1.0,0.0,0.0,1.0,1.0,12.719,12.719,100.0,100.0,100.0,True
2025-03-27 02:00:00,2,22.0,22.0,22.0,2.0,1.0,1.0,1.0,1.0,2.0,23.081,23.081,100.0,50.0,50.0,True
2025-03-27 03:00:00,3,21.0,21.0,21.429,6.0,6.0,0.0,0.0,6.0,6.0,25.639,25.927,100.0,100.0,100.0,True
2025-03-27 04:00:00,4,27.0,27.0,27.933,8.0,8.0,0.0,0.0,7.0,8.0,46.936,43.992,87.5,87.5,87.5,True
2025-03-27 05:00:00,5,60.0,60.0,60.826,21.0,16.0,5.0,4.0,7.0,20.0,66.413,68.367,43.75,35.0,33.333,True
2025-03-27 06:00:00,6,53.0,53.0,53.55,67.0,55.0,12.0,7.0,31.0,62.0,58.603,57.596,56.364,50.0,46.269,True
2025-03-27 07:00:00,7,67.0,67.0,67.497,443.0,373.0,68.0,48.0,65.0,423.0,81.223,83.547,17.426,15.366,14.673,True
2025-03-27 08:00:00,8,68.0,68.0,68.994,319.0,258.0,61.0,41.0,28.0,299.0,83.376,85.097,10.853,9.365,8.777,True
2025-03-27 09:00:00,9,51.0,51.0,51.594,218.0,178.0,40.0,28.0,120.0,206.0,51.957,50.997,67.416,58.252,55.046,True
2025-03-27 10:00:00,10,25.0,25.0,25.762,303.0,271.0,31.0,14.0,265.0,286.0,27.306,24.678,97.786,92.657,87.459,True
2025-03-27 11:00:00,11,21.0,21.0,21.698,451.0,428.0,22.0,15.0,428.0,444.0,22.024,21.144,100.0,96.396,94.9,True
2025-03-27 12:00:00,12,20.0,20.0,20.562,483.0,460.0,23.0,8.0,459.0,468.0,21.035,20.031,99.783,98.077,95.031,True
2025-03-27 13:00:00,13,20.0,20.0,20.731,480.0,454.0,25.0,13.0,450.0,468.0,21.135,19.5,99.119,96.154,93.75,True
2025-03-27 14:00:00,14,27.0,27.0,27.415,629.0,573.0,56.0,27.0,549.0,600.0,27.964,24.916,95.812,91.5,87.281,True
2025-03-27 15:00:00,15,49.0,49.0,49.436,631.0,541.0,89.0,63.0,357.0,605.0,50.895,42.169,65.989,59.008,56.577,True
2025-03-27 16:00:00,16,57.0,57.0,57.351,287.0,228.0,59.0,50.0,129.0,278.0,58.458,52.014,56.579,46.403,44.948,True
2025-03-27 17:00:00,17,49.0,49.0,49.803,191.0,148.0,43.0,32.0,99.0,180.0,50.853,47.866,66.892,55.0,51.832,True
2025-03-27 18:00:00,18,35.0,35.0,35.403,82.0,65.0,17.0,12.0,56.0,77.0,35.921,29.699,86.154,72.727,68.293,True
2025-03-27 19:00:00,19,31.0,31.0,31.423,57.0,48.0,9.0,7.0,46.0,55.0,32.961,31.8,95.833,83.636,80.702,True
2025-03-27 20:00:00,20,39.0,39.0,39.761,51.0,45.0,6.0,5.0,35.0,50.0,40.905,36.106,77.778,70.0,68.627,True
2025-03-27 21:00:00,21,53.0,53.0,53.138,36.0,28.0,8.0,7.0,17.0,35.0,54.262,54.22,60.714,48.571,47.222,True
2025-03-27 22:00:00,22,32.0,32.0,32.7,13.0,10.0,3.0,2.0,10.0,12.0,32.978,30.557,100.0,83.333,76.923,True
2025-03-27 23:00:00,23,21.0,21.0,21.5,9.0,5.0,4.0,3.0,5.0,8.0,25.959,26.955,100.0,62.5,55.556,True
2025-03-28 00:00:00,0,30.0,30.0,30.25,14.0,4.0,10.0,4.0,4.0,8.0,30.468,36.286,100.0,50.0,28.571,True
2025-03-28 01:00:00,1,21.0,21.0,21.0,2.0,2.0,0.0,0.0,2.0,2.0,32.206,32.206,100.0,100.0,100.0,True
2025-03-28 02:00:00,2,34.0,34.0,34.0,2.0,2.0,0.0,0.0,2.0,2.0,35.078,35.078,100.0,100.0,100.0,True
2025-03-28 03:00:00,3,22.0,22.0,22.0,4.0,4.0,0.0,0.0,4.0,4.0,22.193,20.47,100.0,100.0,100.0,True
2025-03-28 04:00:00,4,21.0,21.0,21.111,8.0,7.0,1.0,0.0,7.0,7.0,27.36,26.131,100.0,100.0,87.5,True
2025-03-28 05:00:00,5,57.0,57.0,57.375,22.0,19.0,3.0,0.0,7.0,19.0,73.312,80.691,36.842,36.842,31.818,True
2025-03-28 06:00:00,6,57.0,57.0,57.606,43.0,37.0,5.0,2.0,13.0,40.0,68.766,71.367,35.135,32.5,30.233,True
2025-03-28 07:00:00,7,65.0,65.0,65.138,388.0,327.0,59.0,33.0,62.0,362.0,77.27,78.68,18.96,17.127,15.979,True
2025-03-28 08:00:00,8,60.0,60.0,60.545,318.0,277.0,41.0,20.0,71.0,297.0,72.256,71.816,25.632,23.906,22.327,True
2025-03-28 09:00:00,9,48.0,48.0,48.893,263.0,210.0,53.0,33.0,154.0,243.0,49.591,48.256,73.333,63.374,58.555,True
2025-03-28 10:00:00,10,24.0,24.0,24.201,331.0,303.0,28.0,16.0,301.0,319.0,25.066,23.224,99.34,94.357,90.937,True
2025-03-28 11:00:00,11,22.0,22.0,22.981,491.0,458.0,33.0,21.0,457.0,479.0,23.471,22.205,99.782,95.407,93.075,True
2025-03-28 12:00:00,12,22.0,22.0,22.793,589.0,556.0,33.0,12.0,553.0,568.0,23.314,22.29,99.46,97.359,93.888,True
2025-03-28 13:00:00,13,22.0,22.0,22.673,484.0,448.0,36.0,16.0,445.0,464.0,22.747,21.22,99.33,95.905,91.942,True
2025-03-28 14:00:00,14,32.0,32.0,32.003,678.0,612.0,66.0,40.0,559.0,652.0,32.787,28.511,91.34,85.736,82.448,True
2025-03-28 15:00:00,15,57.0,57.0,57.783,602.0,482.0,120.0,98.0,266.0,580.0,60.304,54.586,55.187,45.862,44.186,True
2025-03-28 16:00:00,16,94.0,94.0,94.922,331.0,217.0,113.0,101.0,34.0,319.0,97.985,99.369,15.668,10.658,10.272,True
2025-03-28 17:00:00,17,90.0,90.0,90.143,148.0,93.0,55.0,47.0,20.0,140.0,92.409,92.477,21.505,14.286,13.514,True
2025-03-28 18:00:00,18,78.0,79.0,79.969,89.0,60.0,29.0,27.0,21.0,87.0,82.897,85.387,35.0,24.138,23.596,False
2025-03-28 19:00:00,19,77.0,76.0,76.707,70.0,41.0,29.0,26.0,14.0,67.0,79.027,83.536,34.146,20.896,20.0,False
2025-03-28 20:00:00,20,76.0,76.0,76.382,61.0,31.0,30.0,27.0,11.0,58.0,81.046,77.781,35.484,18.966,18.033,True
2025-03-28 21:00:00,21,84.0,84.0,84.25,36.0,20.0,16.0,15.0,4.0,35.0,84.864,94.651,20.0,11.429,11.111,True
2025-03-28 22:00:00,22,50.0,50.0,50.7,15.0,10.0,5.0,4.0,7.0,14.0,51.132,44.442,70.0,50.0,46.667,True
2025-03-28 23:00:00,23,46.0,46.0,46.462,15.0,13.0,2.0,2.0,8.0,15.0,47.147,43.429,61.538,53.333,53.333,True
2025-03-29 00:00:00,0,36.0,36.0,36.1,10.0,9.0,1.0,1.0,9.0,10.0,40.316,43.994,100.0,90.0,90.0,True
2025-03-29 01:00:00,1,23.0,23.0,23.0,3.0,2.0,1.0,0.0,2.0,2.0,33.669,33.669,100.0,100.0,66.667,True
2025-03-29 02:00:00,2,16.0,16.0,16.0,3.0,2.0,1.0,1.0,2.0,3.0,16.898,16.898,100.0,66.667,66.667,True
2025-03-29 03:00:00,3,20.0,20.0,20.25,4.0,4.0,0.0,0.0,4.0,4.0,21.13,19.263,100.0,100.0,100.0,True
2025-03-29 04:00:00,4,29.0,29.0,29.684,15.0,14.0,1.0,1.0,12.0,15.0,38.969,35.257,85.714,80.0,80.0,True
2025-03-29 05:00:00,5,38.0,38.0,38.1,10.0,8.0,2.0,2.0,6.0,10.0,48.127,30.083,75.0,60.0,60.0,True
2025-03-29 06:00:00,6,70.0,70.0,70.893,22.0,18.0,4.0,2.0,6.0,20.0,73.99,73.911,33.333,30.0,27.273,True
2025-03-29 07:00:00,7,31.0,31.0,31.437,56.0,36.0,20.0,9.0,36.0,45.0,31.731,29.755,100.0,80.0,64.286,True
2025-03-29 08:00:00,8,28.0,27.0,27.969,158.0,136.0,22.0,8.0,134.0,144.0,29.548,27.752,98.529,93.056,84.81,False
2025-03-29 09:00:00,9,45.0,45.0,45.401,234.0,189.0,45.0,34.0,138.0,223.0,46.43,39.929,73.016,61.883,58.974,True
2025-03-29 10:00:00,10,60.0,60.0,60.075,248.0,184.0,64.0,57.0,73.0,241.0,67.835,69.078,39.674,30.29,29.435,True
2025-03-29 11:00:00,11,59.0,59.0,59.239,265.0,193.0,72.0,60.0,99.0,253.0,60.399,59.319,51.295,39.13,37.358,True
2025-03-29 12:00:00,12,40.0,40.0,40.858,205.0,169.0,36.0,24.0,136.0,193.0,42.523,36.603,80.473,70.466,66.341,True
2025-03-29 13:00:00,13,29.0,29.0,29.305,183.0,160.0,23.0,14.0,157.0,174.0,30.227,28.166,98.125,90.23,85.792,True
2025-03-29 14:00:00,14,25.0,25.0,25.711,181.0,160.0,21.0,15.0,158.0,175.0,26.565,23.65,98.75,90.286,87.293,True
2025-03-29 15:00:00,15,27.0,27.0,27.715,174.0,144.0,30.0,16.0,138.0,160.0,28.354,25.511,95.833,86.25,79.31,True
2025-03-29 16:00:00,16,37.0,37.0,37.928,168.0,135.0,33.0,26.0,112.0,161.0,39.227,32.116,82.963,69.565,66.667,True
2025-03-29 17:00:00,17,36.0,36.0,36.319,105.0,91.0,14.0,11.0,76.0,102.0,37.516,32.261,83.516,74.51,72.381,True
2025-03-29 18:00:00,18,32.0,32.0,32.364,76.0,64.0,12.0,11.0,61.0,75.0,33.117,31.734,95.312,81.333,80.263,True
2025-03-29 19:00:00,19,24.0,24.0,24.589,59.0,56.0,3.0,1.0,56.0,57.0,25.13,23.389,100.0,98.246,94.915,True
2025-03-29 20:00:00,20,34.0,34.0,34.044,50.0,43.0,7.0,5.0,37.0,48.0,36.074,33.59,86.047,77.083,74.0,True
2025-03-29 21:00:00,21,40.0,40.0,40.423,36.0,26.0,10.0,8.0,25.0,34.0,40.77,40.952,96.154,73.529,69.444,True
2025-03-29 22:00:00,22,31.0,31.0,31.4,17.0,14.0,3.0,2.0,13.0,16.0,34.006,31.538,92.857,81.25,76.471,True
2025-03-29 23:00:00,23,31.0,32.0,32.286,14.0,14.0,0.0,0.0,13.0,14.0,32.526,22.42,92.857,92.857,92.857,False
2025-03-30 00:00:00,0,40.0,40.0,40.8,8.0,5.0,3.0,3.0,3.0,8.0,41.288,34.787,60.0,37.5,37.5,True
2025-03-30 01:00:00,1,54.0,54.0,54.0,3.0,2.0,1.0,1.0,1.0,3.0,55.053,55.053,50.0,33.333,33.333,True
2025-03-30 02:00:00,2,25.0,25.0,25.0,6.0,5.0,1.0,0.0,5.0,5.0,25.896,24.997,100.0,100.0,83.333,True
2025-03-30 03:00:00,3,15.0,15.0,15.833,5.0,5.0,0.0,0.0,5.0,5.0,19.561,16.687,100.0,100.0,100.0,True
2025-03-30 04:00:00,4,23.0,23.0,23.571,7.0,7.0,0.0,0.0,7.0,7.0,24.235,24.198,100.0,100.0,100.0,True
2025-03-30 05:00:00,5,25.0,25.0,25.8,7.0,5.0,2.0,2.0,5.0,7.0,26.557,26.36,100.0,71.429,71.429,True
2025-03-30 06:00:00,6,47.0,47.0,47.5,4.0,3.0,1.0,1.0,1.0,4.0,61.101,65.405,33.333,25.0,25.0,True
2025-03-30 07:00:00,7,37.0,36.0,36.988,63.0,56.0,7.0,3.0,48.0,59.0,39.568,38.603,85.714,81.356,76.19,False
2025-03-30 08:00:00,8,40.0,40.0,40.201,208.0,175.0,33.0,23.0,139.0,198.0,43.696,36.851,79.429,70.202,66.827,True
2025-03-30 09:00:00,9,61.0,61.0,61.095,207.0,156.0,51.0,44.0,78.0,200.0,62.542,60.003,50.0,39.0,37.681,True
2025-03-30 10:00:00,10,55.0,55.0,55.41,130.0,99.0,31.0,27.0,42.0,126.0,65.873,64.862,42.424,33.333,32.308,True
2025-03-30 11:00:00,11,38.0,38.0,38.654,131.0,106.0,25.0,16.0,93.0,122.0,39.453,36.832,87.736,76.23,70.992,True
2025-03-30 12:00:00,12,30.0,30.0,30.471,252.0,233.0,19.0,14.0,224.0,247.0,31.42,28.925,96.137,90.688,88.889,True
2025-03-30 13:00:00,13,32.0,32.0,32.771,197.0,176.0,21.0,15.0,167.0,191.0,33.306,29.822,94.886,87.435,84.772,True
2025-03-30 14:00:00,14,34.0,34.0,34.486,196.0,174.0,21.0,13.0,153.0,188.0,35.15,28.746,87.931,81.383,78.061,True
2025-03-30 15:00:00,15,43.0,43.0,43.772,144.0,120.0,24.0,19.0,93.0,139.0,44.61,38.293,77.5,66.906,64.583,True
2025-03-30 16:00:00,16,40.0,40.0,40.612,95.0,78.0,17.0,11.0,67.0,89.0,41.705,35.331,85.897,75.281,70.526,True
2025-03-30 17:00:00,17,35.0,36.0,36.155,90.0,69.0,21.0,14.0,64.0,83.0,36.897,35.725,92.754,77.108,71.111,False
2025-03-30 18:00:00,18,41.0,41.0,41.133,68.0,60.0,8.0,7.0,49.0,67.0,41.368,36.27,81.667,73.134,72.059,True
2025-03-30 19:00:00,19,40.0,40.0,40.532,50.0,47.0,3.0,3.0,37.0,50.0,40.861,30.718,78.723,74.0,74.0,True
2025-03-30 20:00:00,20,57.0,57.0,57.048,34.0,21.0,13.0,12.0,10.0,33.0,57.49,60.692,47.619,30.303,29.412,True
2025-03-30 21:00:00,21,88.0,88.0,88.125,33.0,16.0,17.0,17.0,3.0,33.0,88.431,88.559,18.75,9.091,9.091,True
2025-03-30 22:00:00,22,48.0,48.0,48.625,10.0,8.0,2.0,1.0,7.0,9.0,49.167,48.002,87.5,77.778,70.0,True
2025-03-30 23:00:00,23,40.0,40.0,40.286,6.0,6.0,0.0,0.0,4.0,6.0,47.493,41.379,66.667,66.667,66.667,True
2025-03-31 00:00:00,0,39.0,39.0,39.75,6.0,4.0,2.0,2.0,4.0,6.0,40.397,41.937,100.0,66.667,66.667,True
2025-03-31 01:00:00,1,67.0,67.0,67.0,3.0,3.0,0.0,0.0,0.0,3.0,67.329,67.458,0.0,0.0,0.0,True
2025-03-31 02:00:00,2,46.0,46.0,46.0,1.0,1.0,0.0,0.0,1.0,1.0,45.894,45.894,100.0,100.0,100.0,True
2025-03-31 03:00:00,3,26.0,26.0,26.5,4.0,4.0,0.0,0.0,4.0,4.0,26.847,26.396,100.0,100.0,100.0,True
2025-03-31 04:00:00,4,23.0,23.0,23.727,11.0,9.0,2.0,2.0,9.0,11.0,27.827,28.848,100.0,81.818,81.818,True
2025-03-31 05:00:00,5,64.0,64.0,64.441,21.0,19.0,2.0,2.0,7.0,21.0,74.955,81.557,36.842,33.333,33.333,True
2025-03-31 06:00:00,6,64.0,64.0,64.067,50.0,42.0,8.0,6.0,11.0,48.0,73.097,76.955,26.19,22.917,22.0,True
2025-03-31 07:00:00,7,76.0,76.0,76.533,455.0,379.0,76.0,51.0,21.0,430.0,89.794,91.464,5.541,4.884,4.615,True
2025-03-31 08:00:00,8,70.0,70.0,70.231,295.0,239.0,56.0,43.0,20.0,282.0,86.096,87.465,8.368,7.092,6.78,True
2025-03-31 09:00:00,9,56.0,56.0,56.186,239.0,188.0,51.0,41.0,102.0,229.0,56.634,58.389,54.255,44.541,42.678,True
2025-03-31 10:00:00,10,26.0,26.0,26.353,289.0,270.0,19.0,12.0,265.0,282.0,27.378,24.757,98.148,93.972,91.696,True
2025-03-31 11:00:00,11,21.0,21.0,21.359,459.0,427.0,31.0,18.0,427.0,446.0,21.99,20.886,100.0,95.74,93.028,True
2025-03-31 12:00:00,12,20.0,20.0,20.167,522.0,497.0,24.0,14.0,497.0,512.0,20.576,20.117,100.0,97.07,95.211,True
2025-03-31 13:00:00,13,19.0,19.0,19.133,444.0,421.0,23.0,6.0,420.0,427.0,19.565,18.82,99.762,98.361,94.595,True
2025-03-31 14:00:00,14,29.0,29.0,29.268,694.0,633.0,61.0,33.0,581.0,666.0,30.531,25.462,91.785,87.237,83.718,True
2025-03-31 15:00:00,15,47.0,47.0,47.291,656.0,540.0,116.0,76.0,387.0,616.0,48.5,37.496,71.667,62.825,58.994,True
2025-03-31 16:00:00,16,66.0,66.0,66.835,314.0,226.0,88.0,71.0,102.0,297.0,68.601,65.079,45.133,34.343,32.484,True
2025-03-31 17:00:00,17,61.0,61.0,61.137,196.0,148.0,48.0,42.0,74.0,190.0,62.952,59.663,50.0,38.947,37.755,True
2025-03-31 18:00:00,18,49.0,49.0,49.145,88.0,66.0,22.0,18.0,41.0,84.0,50.048,46.175,62.121,48.81,46.591,True
2025-03-31 19:00:00,19,32.0,32.0,32.0,55.0,48.0,7.0,2.0,45.0,50.0,32.791,31.823,93.75,90.0,81.818,True
2025-03-31 20:00:00,20,30.0,30.0,30.396,49.0,44.0,5.0,3.0,44.0,47.0,32.652,31.912,100.0,93.617,89.796,True
2025-03-31 21:00:00,21,37.0,37.0,37.469,35.0,32.0,3.0,2.0,30.0,34.0,37.698,36.343,93.75,88.235,85.714,True
2025-03-31 22:00:00,22,23.0,23.0,23.714,16.0,14.0,2.0,1.0,14.0,15.0,23.959,24.078,100.0,93.333,87.5,True
2025-03-31 23:00:00,23,29.0,29.0,29.5,5.0,4.0,1.0,0.0,4.0,4.0,29.817,29.219,100.0,100.0,80.0,True
2025-04-01 00:00:00,0,33.0,30.0,30.5,7.0,6.0,1.0,0.0,5.0,6.0,31.634,22.248,83.333,83.333,71.429,False
2025-04-01 01:00:00,1,29.0,29.0,29.75,4.0,4.0,0.0,0.0,4.0,4.0,30.31,31.977,100.0,100.0,100.0,True
2025-04-01 02:00:00,2,25.0,25.0,25.5,4.0,4.0,0.0,0.0,4.0,4.0,26.264,28.888,100.0,100.0,100.0,True
2025-04-01 03:00:00,3,17.0,17.0,17.857,6.0,6.0,0.0,0.0,6.0,6.0,21.442,24.277,100.0,100.0,100.0,True
2025-04-01 04:00:00,4,25.0,25.0,25.538,12.0,10.0,2.0,2.0,10.0,12.0,31.909,32.473,100.0,83.333,83.333,True
2025-04-01 05:00:00,5,62.0,62.0,62.591,18.0,16.0,2.0,1.0,8.0,17.0,61.245,60.626,50.0,47.059,44.444,True
2025-04-01 06:00:00,6,55.0,55.0,55.87,50.0,42.0,8.0,4.0,26.0,46.0,58.354,56.744,61.905,56.522,52.0,True
2025-04-01 07:00:00,7,63.0,63.0,63.491,414.0,343.0,71.0,34.0,72.0,377.0,76.45,78.996,20.991,19.098,17.391,True
2025-04-01 08:00:00,8,65.0,65.0,65.554,310.0,267.0,43.0,29.0,32.0,296.0,79.122,78.336,11.985,10.811,10.323,True
2025-04-01 09:00:00,9,53.0,53.0,53.563,277.0,235.0,42.0,30.0,150.0,265.0,54.842,53.317,63.83,56.604,54.152,True
2025-04-01 10:00:00,10,25.0,25.0,25.491,293.0,265.0,28.0,18.0,261.0,283.0,27.191,25.645,98.491,92.226,89.078,True
2025-04-01 11:00:00,11,22.0,22.0,22.777,469.0,446.0,23.0,14.0,445.0,460.0,23.176,22.441,99.776,96.739,94.883,True
2025-04-01 12:00:00,12,20.0,20.0,20.555,518.0,493.0,25.0,10.0,493.0,503.0,21.062,20.438,100.0,98.012,95.174,True
2025-04-01 13:00:00,13,19.0,19.0,19.505,487.0,459.0,28.0,9.0,459.0,468.0,19.998,18.451,100.0,98.077,94.251,True
2025-04-01 14:00:00,14,26.0,26.0,26.458,627.0,586.0,41.0,23.0,575.0,609.0,27.072,25.006,98.123,94.417,91.707,True
2025-04-01 15:00:00,15,43.0,43.0,43.648,659.0,562.0,97.0,61.0,423.0,623.0,45.671,40.677,75.267,67.897,64.188,True
2025-04-01 16:00:00,16,59.0,59.0,59.899,310.0,251.0,59.0,43.0,129.0,294.0,61.047,58.511,51.394,43.878,41.613,True
2025-04-01 17:00:00,17,60.0,60.0,60.687,195.0,153.0,42.0,31.0,77.0,184.0,61.761,59.449,50.327,41.848,39.487,True
2025-04-01 18:00:00,18,38.0,38.0,38.703,77.0,61.0,16.0,8.0,49.0,69.0,39.823,33.07,80.328,71.014,63.636,True
2025-04-01 19:00:00,19,27.0,27.0,27.831,70.0,62.0,8.0,3.0,61.0,65.0,29.062,27.47,98.387,93.846,87.143,True
2025-04-01 20:00:00,20,36.0,37.0,37.4,69.0,60.0,9.0,5.0,54.0,65.0,37.715,35.686,90.0,83.077,78.261,False
2025-04-01 21:00:00,21,48.0,48.0,48.231,34.0,27.0,7.0,6.0,18.0,33.0,49.184,48.795,66.667,54.545,52.941,True
2025-04-01 22:00:00,22,32.0,32.0,32.833,13.0,11.0,2.0,1.0,11.0,12.0,29.781,30.54,100.0,91.667,84.615,True
2025-04-01 23:00:00,23,28.0,28.0,28.286,14.0,14.0,0.0,0.0,14.0,14.0,28.885,26.986,100.0,100.0,100.0,True
2025-04-02 00:00:00,0,43.0,43.0,43.5,2.0,2.0,0.0,0.0,2.0,2.0,43.96,43.96,100.0,100.0,100.0,True
2025-04-02 01:00:00,1,48.0,48.0,48.0,3.0,2.0,1.0,1.0,2.0,3.0,48.264,48.264,100.0,66.667,66.667,True
2025-04-02 03:00:00,3,26.0,26.0,26.5,4.0,4.0,0.0,0.0,4.0,4.0,26.807,23.534,100.0,100.0,100.0,True
2025-04-02 04:00:00,4,23.0,23.0,23.417,10.0,10.0,0.0,0.0,10.0,10.0,28.122,30.861,100.0,100.0,100.0,True
2025-04-02 05:00:00,5,53.0,53.0,53.964,24.0,17.0,7.0,3.0,9.0,20.0,64.736,56.269,52.941,45.0,37.5,True
2025-04-02 06:00:00,6,50.0,50.0,50.104,54.0,42.0,12.0,6.0,24.0,48.0,58.193,54.88,57.143,50.0,44.444,True
2025-04-02 07:00:00,7,56.0,56.0,56.663,444.0,364.0,79.0,25.0,141.0,390.0,67.888,68.535,38.736,36.154,31.757,True
2025-04-02 08:00:00,8,56.0,56.0,56.891,349.0,283.0,66.0,37.0,85.0,320.0,68.891,68.233,30.035,26.562,24.355,True
2025-04-02 09:00:00,9,38.0,38.0,38.262,262.0,221.0,41.0,20.0,193.0,241.0,38.983,36.336,87.33,80.083,73.664,True
2025-04-02 10:00:00,10,21.0,21.0,21.359,336.0,306.0,30.0,11.0,305.0,317.0,22.359,21.04,99.673,96.215,90.774,True
2025-04-02 11:00:00,11,21.0,21.0,21.844,487.0,467.0,20.0,14.0,465.0,481.0,22.328,21.474,99.572,96.674,95.483,True
2025-04-02 12:00:00,12,20.0,20.0,20.238,558.0,525.0,33.0,20.0,525.0,545.0,20.564,19.714,100.0,96.33,94.086,True
2025-04-02 13:00:00,13,20.0,20.0,20.006,504.0,474.0,30.0,11.0,473.0,485.0,20.41,19.243,99.789,97.526,93.849,True
2025-04-02 14:00:00,14,28.0,28.0,28.425,712.0,656.0,56.0,28.0,612.0,684.0,29.167,24.516,93.293,89.474,85.955,True
2025-04-02 15:00:00,15,48.0,48.0,48.76,657.0,544.0,113.0,81.0,376.0,625.0,50.369,40.295,69.118,60.16,57.23,True
2025-04-02 16:00:00,16,65.0,65.0,65.913,375.0,270.0,105.0,79.0,126.0,349.0,68.249,63.448,46.667,36.103,33.6,True
2025-04-02 17:00:00,17,56.0,55.0,55.811,180.0,137.0,43.0,33.0,82.0,170.0,57.775,54.115,59.854,48.235,45.556,False
2025-04-02 18:00:00,18,39.0,39.0,39.725,86.0,73.0,13.0,10.0,62.0,83.0,41.107,38.965,84.932,74.699,72.093,True
2025-04-02 19:00:00,19,34.0,34.0,34.52,57.0,50.0,7.0,2.0,47.0,52.0,35.441,34.138,94.0,90.385,82.456,True
2025-04-02 20:00:00,20,34.0,34.0,34.169,72.0,62.0,10.0,5.0,58.0,67.0,35.34,32.972,93.548,86.567,80.556,True
2025-04-02 21:00:00,21,40.0,41.0,41.2,33.0,25.0,8.0,3.0,21.0,28.0,41.679,38.44,84.0,75.0,63.636,False
2025-04-02 22:00:00,22,25.0,25.0,25.833,27.0,25.0,2.0,2.0,25.0,27.0,26.806,24.625,100.0,92.593,92.593,True
2025-04-02 23:00:00,23,35.0,35.0,35.111,8.0,8.0,0.0,0.0,8.0,8.0,35.372,35.533,100.0,100.0,100.0,True
2025-04-03 00:00:00,0,26.0,26.0,26.5,2.0,2.0,0.0,0.0,2.0,2.0,27.258,27.258,100.0,100.0,100.0,True
2025-04-03 01:00:00,1,38.0,38.0,38.5,2.0,2.0,0.0,0.0,2.0,2.0,39.087,39.087,100.0,100.0,100.0,True
2025-04-03 02:00:00,2,22.0,22.0,22.25,4.0,4.0,0.0,0.0,4.0,4.0,22.758,23.708,100.0,100.0,100.0,True
2025-04-03 03:00:00,3,26.0,26.0,26.167,7.0,6.0,1.0,1.0,6.0,7.0,26.932,27.714,100.0,85.714,85.714,True
2025-04-03 04:00:00,4,20.0,20.0,20.867,10.0,9.0,1.0,1.0,8.0,10.0,31.726,25.536,88.889,80.0,80.0,True
2025-04-03 05:00:00,5,56.0,56.0,56.312,14.0,11.0,3.0,1.0,7.0,12.0,53.922,33.65,63.636,58.333,50.0,True
2025-04-03 06:00:00,6,47.0,47.0,47.646,56.0,45.0,11.0,3.0,33.0,48.0,48.291,51.086,73.333,68.75,58.929,True
2025-04-03 07:00:00,7,51.0,51.0,51.97,406.0,322.0,84.0,28.0,130.0,350.0,63.813,64.597,40.373,37.143,32.02,True
2025-04-03 08:00:00,8,55.0,55.0,55.905,362.0,298.0,64.0,33.0,100.0,331.0,66.507,67.299,33.557,30.211,27.624,True
2025-04-03 09:00:00,9,40.0,40.0,40.549,256.0,215.0,41.0,17.0,194.0,232.0,41.089,40.188,90.233,83.621,75.781,True
2025-04-03 10:00:00,10,21.0,21.0,21.254,302.0,279.0,23.0,9.0,277.0,288.0,22.28,20.869,99.283,96.181,91.722,True
2025-04-03 11:00:00,11,21.0,21.0,21.233,485.0,455.0,28.0,15.0,454.0,472.0,21.658,19.981,99.78,96.186,93.608,True
2025-04-03 12:00:00,12,20.0,20.0,20.664,507.0,481.0,26.0,12.0,481.0,493.0,21.06,19.869,100.0,97.566,94.872,True
2025-04-03 13:00:00,13,19.0,19.0,19.237,509.0,476.0,32.0,15.0,476.0,492.0,19.723,18.592,100.0,96.748,93.517,True
2025-04-03 14:00:00,14,27.0,27.0,27.301,654.0,593.0,60.0,31.0,570.0,625.0,28.046,25.109,96.121,91.2,87.156,True
2025-04-03 15:00:00,15,41.0,41.0,41.456,607.0,501.0,106.0,71.0,393.0,572.0,43.457,35.532,78.443,68.706,64.745,True
2025-04-03 16:00:00,16,51.0,51.0,51.377,327.0,261.0,66.0,48.0,164.0,309.0,53.009,46.402,62.835,53.074,50.153,True
2025-04-03 17:00:00,17,46.0,46.0,46.481,191.0,148.0,43.0,25.0,106.0,173.0,47.548,42.355,71.622,61.272,55.497,True
2025-04-03 18:00:00,18,37.0,37.0,37.325,95.0,78.0,17.0,13.0,63.0,91.0,37.885,32.886,80.769,69.231,66.316,True
2025-04-03 19:00:00,19,27.0,27.0,27.312,71.0,62.0,9.0,8.0,62.0,70.0,28.562,28.546,100.0,88.571,87.324,True
2025-04-03 20:00:00,20,32.0,32.0,32.318,45.0,44.0,1.0,1.0,40.0,45.0,33.778,28.052,90.909,88.889,88.889,True
2025-04-03 21:00:00,21,32.0,32.0,32.37,31.0,25.0,6.0,5.0,24.0,30.0,30.896,30.948,96.0,80.0,77.419,True
2025-04-03 22:00:00,22,26.0,26.0,26.667,13.0,12.0,1.0,1.0,12.0,13.0,26.717,22.892,100.0,92.308,92.308,True
2025-04-03 23:00:00,23,23.0,22.0,22.0,7.0,5.0,2.0,2.0,5.0,7.0,22.291,22.398,100.0,71.429,71.429,False
2025-04-04 00:00:00,0,35.0,35.0,35.286,8.0,7.0,1.0,1.0,7.0,8.0,36.196,37.864,100.0,87.5,87.5,True
2025-04-04 01:00:00,1,25.0,25.0,25.0,5.0,4.0,1.0,1.0,4.0,5.0,29.881,29.58,100.0,80.0,80.0,True
2025-04-04 02:00:00,2,31.0,31.0,31.0,3.0,2.0,1.0,1.0,2.0,3.0,31.33,31.33,100.0,66.667,66.667,True
2025-04-04 03:00:00,3,23.0,23.0,23.333,6.0,6.0,0.0,0.0,6.0,6.0,23.77,22.267,100.0,100.0,100.0,True
2025-04-04 04:00:00,4,20.0,20.0,20.273,12.0,11.0,1.0,0.0,11.0,11.0,23.369,22.491,100.0,100.0,91.667,True
2025-04-04 05:00:00,5,52.0,52.0,52.185,16.0,14.0,2.0,1.0,6.0,15.0,75.871,70.831,42.857,40.0,37.5,True
2025-04-04 06:00:00,6,50.0,50.0,50.627,42.0,35.0,7.0,3.0,19.0,38.0,55.71,57.289,54.286,50.0,45.238,True
2025-04-04 07:00:00,7,53.0,53.0,53.404,371.0,304.0,67.0,20.0,137.0,324.0,64.458,63.121,45.066,42.284,36.927,True
2025-04-04 08:00:00,8,53.0,53.0,53.323,337.0,262.0,75.0,32.0,116.0,294.0,63.837,62.156,44.275,39.456,34.421,True
2025-04-04 09:00:00,9,39.0,39.0,39.873,299.0,257.0,42.0,19.0,222.0,276.0,40.563,37.997,86.381,80.435,74.247,True
2025-04-04 10:00:00,10,22.0,22.0,22.819,330.0,301.0,29.0,14.0,301.0,315.0,23.686,22.514,100.0,95.556,91.212,True
2025-04-04 11:00:00,11,22.0,22.0,22.775,498.0,488.0,10.0,7.0,488.0,495.0,23.098,22.016,100.0,98.586,97.992,True
2025-04-04 12:00:00,12,20.0,20.0,20.864,499.0,471.0,28.0,15.0,470.0,486.0,21.198,20.111,99.788,96.708,94.188,True
2025-04-04 13:00:00,13,20.0,20.0,20.248,475.0,454.0,21.0,12.0,454.0,466.0,20.7,19.756,100.0,97.425,95.579,True
2025-04-04 14:00:00,14,29.0,29.0,29.097,608.0,567.0,41.0,17.0,537.0,584.0,29.99,26.237,94.709,91.952,88.322,True
2025-04-04 15:00:00,15,44.0,44.0,44.217,556.0,438.0,118.0,78.0,329.0,516.0,46.004,38.021,75.114,63.76,59.173,True
2025-04-04 16:00:00,16,59.0,59.0,59.85,331.0,250.0,81.0,53.0,129.0,303.0,61.021,57.237,51.6,42.574,38.973,True
2025-04-04 17:00:00,17,55.0,56.0,56.164,180.0,137.0,43.0,31.0,81.0,168.0,57.905,50.279,59.124,48.214,45.0,False
2025-04-04 18:00:00,18,44.0,44.0,44.329,98.0,78.0,20.0,17.0,56.0,95.0,45.456,36.233,71.795,58.947,57.143,True
2025-04-04 19:00:00,19,44.0,44.0,44.46,73.0,62.0,11.0,7.0,44.0,69.0,45.02,42.995,70.968,63.768,60.274,True
2025-04-04 20:00:00,20,54.0,54.0,54.022,60.0,45.0,15.0,14.0,27.0,59.0,54.243,53.974,60.0,45.763,45.0,True
2025-04-04 21:00:00,21,60.0,60.0,60.676,43.0,32.0,11.0,9.0,15.0,41.0,64.394,60.769,46.875,36.585,34.884,True
2025-04-04 22:00:00,22,42.0,42.0,42.692,18.0,12.0,6.0,5.0,9.0,17.0,46.468,43.351,75.0,52.941,50.0,True
2025-04-04 23:00:00,23,34.0,34.0,34.286,12.0,7.0,4.0,2.0,7.0,10.0,34.951,34.834,100.0,70.0,58.333,True
2025-04-05 00:00:00,0,45.0,48.0,48.167,7.0,6.0,0.0,0.0,3.0,7.0,48.507,49.551,50.0,42.857,42.857,False
2025-04-05 01:00:00,1,45.0,45.0,45.667,4.0,3.0,1.0,0.0,3.0,3.0,45.55,46.854,100.0,100.0,75.0,True
2025-04-05 02:00:00,2,29.0,29.0,29.6,6.0,5.0,1.0,0.0,5.0,5.0,30.087,31.139,100.0,100.0,83.333,True
2025-04-05 03:00:00,3,27.0,27.0,27.667,4.0,3.0,1.0,1.0,3.0,4.0,27.907,26.438,100.0,75.0,75.0,True
2025-04-05 04:00:00,4,26.0,26.0,26.533,12.0,11.0,1.0,1.0,10.0,12.0,33.14,33.867,90.909,83.333,83.333,True
2025-04-05 05:00:00,5,36.0,36.0,36.0,13.0,11.0,2.0,2.0,10.0,13.0,41.834,36.518,90.909,76.923,76.923,True
2025-04-05 06:00:00,6,67.0,67.0,67.815,18.0,16.0,2.0,2.0,5.0,18.0,69.937,69.538,31.25,27.778,27.778,True
2025-04-05 07:00:00,7,36.0,36.0,36.018,70.0,56.0,14.0,10.0,46.0,66.0,44.011,40.579,82.143,69.697,65.714,True
2025-04-05 08:00:00,8,28.0,28.0,28.899,156.0,129.0,27.0,13.0,126.0,142.0,30.486,28.562,97.674,88.732,80.769,True
2025-04-05 09:00:00,9,31.0,31.0,31.764,181.0,157.0,24.0,13.0,147.0,170.0,32.662,30.369,93.631,86.471,81.215,True
2025-04-05 10:00:00,10,40.0,40.0,40.826,215.0,172.0,43.0,35.0,138.0,207.0,44.743,41.125,80.233,66.667,64.186,True
2025-04-05 11:00:00,11,45.0,45.0,45.429,242.0,203.0,39.0,33.0,158.0,236.0,45.842,43.673,77.833,66.949,65.289,True
2025-04-05 12:00:00,12,37.0,37.0,37.202,208.0,171.0,37.0,23.0,154.0,194.0,38.666,35.315,90.058,79.381,74.038,True
2025-04-05 13:00:00,13,29.0,29.0,29.289,180.0,153.0,27.0,17.0,151.0,170.0,29.549,28.352,98.693,88.824,83.889,True
2025-04-05 14:00:00,14,27.0,27.0,27.825,171.0,149.0,22.0,8.0,146.0,157.0,28.717,27.591,97.987,92.994,85.38,True
2025-04-05 15:00:00,15,44.0,44.0,44.782,221.0,190.0,31.0,22.0,147.0,212.0,45.523,34.052,77.368,69.34,66.516,True
2025-04-05 16:00:00,16,53.0,53.0,53.273,126.0,93.0,33.0,25.0,58.0,118.0,56.406,43.376,62.366,49.153,46.032,True
2025-04-05 17:00:00,17,45.0,46.0,46.077,85.0,63.0,22.0,19.0,43.0,82.0,47.28,37.338,68.254,52.439,50.588,False
2025-04-05 18:00:00,18,38.0,38.0,38.95,72.0,59.0,13.0,9.0,49.0,68.0,39.926,33.893,83.051,72.059,68.056,True
2025-04-05 19:00:00,19,43.0,43.0,43.298,80.0,57.0,23.0,20.0,44.0,77.0,43.628,40.056,77.193,57.143,55.0,True
2025-04-05 20:00:00,20,51.0,52.0,52.267,36.0,30.0,6.0,6.0,19.0,36.0,52.67,51.637,63.333,52.778,52.778,False
2025-04-05 21:00:00,21,35.0,35.0,35.619,24.0,20.0,4.0,1.0,18.0,21.0,37.699,35.891,90.0,85.714,75.0,True
2025-04-05 22:00:00,22,27.0,27.0,27.667,8.0,6.0,2.0,2.0,6.0,8.0,28.07,25.49,100.0,75.0,75.0,True
2025-04-05 23:00:00,23,22.0,22.0,22.667,7.0,6.0,1.0,1.0,6.0,7.0,22.635,20.129,100.0,85.714,85.714,True
2025-04-06 00:00:00,0,28.0,28.0,28.571,7.0,7.0,0.0,0.0,7.0,7.0,29.009,30.013,100.0,100.0,100.0,True
2025-04-06 01:00:00,1,46.0,46.0,46.5,2.0,2.0,0.0,0.0,1.0,2.0,46.75,46.75,50.0,50.0,50.0,True
2025-04-06 02:00:00,2,31.0,31.0,31.0,3.0,2.0,1.0,1.0,2.0,3.0,31.299,31.299,100.0,66.667,66.667,True
2025-04-06 03:00:00,3,22.0,22.0,22.25,4.0,4.0,0.0,0.0,4.0,4.0,22.702,24.34,100.0,100.0,100.0,True
2025-04-06 04:00:00,4,22.0,22.0,22.875,8.0,8.0,0.0,0.0,8.0,8.0,23.812,24.09,100.0,100.0,100.0,True
2025-04-06 05:00:00,5,14.0,14.0,14.0,6.0,4.0,2.0,2.0,4.0,6.0,15.078,13.64,100.0,66.667,66.667,True
2025-04-06 06:00:00,6,58.0,58.0,58.0,5.0,4.0,1.0,1.0,2.0,5.0,58.182,61.836,50.0,40.0,40.0,True
2025-04-06 07:00:00,7,43.0,43.0,43.89,73.0,58.0,15.0,13.0,42.0,71.0,45.889,38.876,72.414,59.155,57.534,True
2025-04-06 08:00:00,8,52.0,51.0,51.9,199.0,150.0,49.0,42.0,91.0,192.0,58.459,46.261,60.667,47.396,45.729,False
2025-04-06 09:00:00,9,76.0,75.0,75.986,193.0,132.0,61.0,52.0,43.0,184.0,77.687,80.774,32.576,23.37,22.28,False
2025-04-06 10:00:00,10,58.0,58.0,58.653,124.0,88.0,36.0,34.0,25.0,122.0,70.733,69.379,28.409,20.492,20.161,True
2025-04-06 11:00:00,11,49.0,49.0,49.398,147.0,116.0,31.0,23.0,83.0,139.0,50.629,51.754,71.552,59.712,56.463,True
2025-04-06 12:00:00,12,32.0,32.0,32.995,243.0,212.0,31.0,19.0,202.0,231.0,33.857,30.95,95.283,87.446,83.128,True
2025-04-06 13:00:00,13,38.0,37.0,37.807,215.0,197.0,18.0,14.0,168.0,211.0,38.123,34.101,85.279,79.621,78.14,False
2025-04-06 14:00:00,14,35.0,35.0,35.156,156.0,138.0,18.0,15.0,124.0,153.0,36.321,31.517,89.855,81.046,79.487,True
2025-04-06 15:00:00,15,42.0,42.0,42.732,146.0,122.0,24.0,16.0,91.0,138.0,44.928,35.538,74.59,65.942,62.329,True
2025-04-06 16:00:00,16,52.0,52.0,52.35,125.0,97.0,28.0,21.0,60.0,118.0,52.46,44.235,61.856,50.847,48.0,True
2025-04-06 17:00:00,17,56.0,56.0,56.838,95.0,67.0,28.0,22.0,37.0,89.0,58.417,54.124,55.224,41.573,38.947,True
2025-04-06 18:00:00,18,49.0,50.0,50.1,60.0,49.0,11.0,10.0,35.0,59.0,50.524,39.728,71.429,59.322,58.333,False
2025-04-06 19:00:00,19,55.0,55.0,55.812,66.0,47.0,19.0,17.0,28.0,64.0,57.343,42.439,59.574,43.75,42.424,True
2025-04-06 20:00:00,20,80.0,80.0,80.0,36.0,22.0,14.0,14.0,7.0,36.0,80.482,88.185,31.818,19.444,19.444,True
2025-04-06 21:00:00,21,91.0,91.0,91.0,12.0,3.0,9.0,9.0,0.0,12.0,91.869,97.822,0.0,0.0,0.0,True
2025-04-06 22:00:00,22,59.0,57.0,57.933,19.0,15.0,3.0,3.0,10.0,19.0,58.575,52.196,66.667,52.632,52.632,False
2025-04-06 23:00:00,23,26.0,26.0,26.2,5.0,5.0,0.0,0.0,5.0,5.0,26.866,25.481,100.0,100.0,100.0,True
2025-04-07 00:00:00,0,43.0,43.0,43.833,7.0,6.0,1.0,1.0,6.0,7.0,44.344,49.9,100.0,85.714,85.714,True
2025-04-07 01:00:00,1,32.0,32.0,32.667,4.0,3.0,1.0,1.0,3.0,4.0,33.436,37.862,100.0,75.0,75.0,True
2025-04-07 02:00:00,2,37.0,37.0,37.0,2.0,1.0,1.0,1.0,1.0,2.0,37.162,37.162,100.0,50.0,50.0,True
2025-04-07 03:00:00,3,31.0,31.0,31.667,3.0,3.0,0.0,0.0,3.0,3.0,32.376,27.338,100.0,100.0,100.0,True
2025-04-07 04:00:00,4,21.0,21.0,21.625,6.0,6.0,0.0,0.0,6.0,6.0,28.025,30.078,100.0,100.0,100.0,True
2025-04-07 05:00:00,5,48.0,48.0,48.656,22.0,19.0,3.0,2.0,11.0,21.0,56.836,48.061,57.895,52.381,50.0,True
2025-04-07 06:00:00,6,56.0,56.0,56.378,40.0,32.0,8.0,5.0,10.0,37.0,72.094,67.16,31.25,27.027,25.0,True
2025-04-07 07:00:00,7,72.0,72.0,72.941,477.0,413.0,64.0,43.0,56.0,456.0,87.124,91.322,13.559,12.281,11.74,True
2025-04-07 08:00:00,8,72.0,72.0,72.782,285.0,248.0,37.0,34.0,21.0,282.0,89.014,90.003,8.468,7.447,7.368,True
2025-04-07 09:00:00,9,58.0,58.0,58.415,250.0,214.0,36.0,26.0,111.0,240.0,59.74,58.533,51.869,46.25,44.4,True
2025-04-07 10:00:00,10,28.0,28.0,28.326,339.0,306.0,33.0,23.0,297.0,329.0,30.594,28.831,97.059,90.274,87.611,True
2025-04-07 11:00:00,11,23.0,23.0,23.565,479.0,453.0,26.0,15.0,453.0,468.0,24.331,23.628,100.0,96.795,94.572,True
2025-04-07 12:00:00,12,19.0,20.0,20.009,527.0,506.0,21.0,12.0,506.0,518.0,20.354,19.216,100.0,97.683,96.015,False
2025-04-07 13:00:00,13,19.0,19.0,19.945,491.0,465.0,26.0,9.0,463.0,474.0,20.48,19.366,99.57,97.679,94.297,True
2025-04-07 14:00:00,14,27.0,27.0,27.692,691.0,648.0,43.0,26.0,628.0,674.0,28.217,25.317,96.914,93.175,90.883,True
2025-04-07 15:00:00,15,43.0,43.0,43.431,603.0,519.0,83.0,61.0,401.0,581.0,44.589,37.194,77.264,69.019,66.501,True
2025-04-07 16:00:00,16,54.0,54.0,54.36,325.0,260.0,65.0,42.0,150.0,302.0,56.088,52.623,57.692,49.669,46.154,True
2025-04-07 17:00:00,17,44.0,44.0,44.784,200.0,162.0,38.0,24.0,114.0,186.0,46.859,44.707,70.37,61.29,57.0,True
2025-04-07 18:00:00,18,36.0,36.0,36.427,98.0,82.0,16.0,10.0,73.0,92.0,36.906,34.727,89.024,79.348,74.49,True
2025-04-07 19:00:00,19,31.0,31.0,31.057,57.0,49.0,8.0,5.0,47.0,54.0,32.638,29.952,95.918,87.037,82.456,True
2025-04-07 20:00:00,20,34.0,34.0,34.635,56.0,50.0,6.0,4.0,48.0,54.0,35.121,33.511,96.0,88.889,85.714,True
2025-04-07 21:00:00,21,37.0,37.0,37.64,30.0,25.0,5.0,4.0,24.0,29.0,37.955,36.779,96.0,82.759,80.0,True
2025-04-07 22:00:00,22,19.0,19.0,19.375,10.0,8.0,2.0,2.0,8.0,10.0,19.544,16.253,100.0,80.0,80.0,True
2025-04-07 23:00:00,23,23.0,23.0,23.125,10.0,8.0,2.0,2.0,8.0,10.0,23.241,21.093,100.0,80.0,80.0,True
2025-04-08 00:00:00,0,29.0,29.0,29.2,7.0,5.0,2.0,2.0,5.0,7.0,29.974,30.436,100.0,71.429,71.429,True
2025-04-08 01:00:00,1,51.0,51.0,51.0,1.0,1.0,0.0,0.0,1.0,1.0,50.27,50.27,100.0,100.0,100.0,True
2025-04-08 02:00:00,2,20.0,20.0,20.0,2.0,2.0,0.0,0.0,2.0,2.0,20.977,20.977,100.0,100.0,100.0,True
2025-04-08 03:00:00,3,15.0,15.0,15.0,2.0,2.0,0.0,0.0,2.0,2.0,16.444,16.444,100.0,100.0,100.0,True
2025-04-08 04:00:00,4,20.0,20.0,20.0,10.0,8.0,2.0,1.0,8.0,9.0,32.629,30.694,100.0,88.889,80.0,True
2025-04-08 05:00:00,5,58.0,58.0,58.739,19.0,18.0,1.0,1.0,9.0,19.0,60.845,53.553,50.0,47.368,47.368,True
2025-04-08 06:00:00,6,53.0,53.0,53.184,49.0,44.0,5.0,2.0,24.0,46.0,56.992,58.278,54.545,52.174,48.98,True
2025-04-08 07:00:00,7,61.0,61.0,61.334,419.0,358.0,61.0,31.0,95.0,389.0,73.853,74.543,26.536,24.422,22.673,True
2025-04-08 08:00:00,8,60.0,60.0,60.473,341.0,283.0,58.0,37.0,64.0,320.0,72.07,72.645,22.615,20.0,18.768,True
2025-04-08 09:00:00,9,46.0,46.0,46.547,263.0,210.0,53.0,37.0,157.0,247.0,47.7,44.865,74.762,63.563,59.696,True
2025-04-08 10:00:00,10,21.0,21.0,21.886,317.0,292.0,25.0,6.0,292.0,298.0,22.523,21.664,100.0,97.987,92.114,True
2025-04-08 11:00:00,11,21.0,21.0,21.784,500.0,483.0,17.0,5.0,481.0,488.0,22.156,20.871,99.586,98.566,96.2,True
2025-04-08 12:00:00,12,20.0,20.0,20.373,516.0,504.0,12.0,9.0,504.0,513.0,20.645,19.755,100.0,98.246,97.674,True
2025-04-08 13:00:00,13,19.0,19.0,19.86,499.0,472.0,26.0,18.0,471.0,491.0,20.462,19.177,99.788,95.927,94.389,True
2025-04-08 14:00:00,14,24.0,24.0,24.859,710.0,651.0,59.0,34.0,641.0,685.0,25.433,23.204,98.464,93.577,90.282,True
2025-04-08 15:00:00,15,39.0,39.0,39.051,634.0,546.0,88.0,42.0,453.0,588.0,40.357,35.263,82.967,77.041,71.451,True
2025-04-08 16:00:00,16,47.0,47.0,47.871,348.0,279.0,69.0,49.0,201.0,328.0,48.767,44.499,72.043,61.28,57.759,True
2025-04-08 17:00:00,17,41.0,41.0,41.417,207.0,168.0,39.0,19.0,137.0,187.0,42.659,35.962,81.548,73.262,66.184,True
2025-04-08 18:00:00,18,35.0,35.0,35.707,104.0,92.0,12.0,9.0,81.0,101.0,36.641,33.256,88.043,80.198,77.885,True
2025-04-08 19:00:00,19,35.0,35.0,35.875,89.0,77.0,12.0,4.0,67.0,81.0,37.048,32.121,87.013,82.716,75.281,True
2025-04-08 20:00:00,20,55.0,54.0,54.5,71.0,52.0,19.0,18.0,32.0,70.0,55.308,52.961,61.538,45.714,45.07,False
2025-04-08 21:00:00,21,47.0,47.0,47.69,33.0,29.0,4.0,4.0,24.0,33.0,48.028,44.39,82.759,72.727,72.727,True
2025-04-08 22:00:00,22,39.0,38.0,38.667,12.0,12.0,0.0,0.0,10.0,12.0,39.096,39.095,83.333,83.333,83.333,False
2025-04-08 23:00:00,23,42.0,42.0,42.75,8.0,8.0,0.0,0.0,7.0,8.0,43.206,39.333,87.5,87.5,87.5,True
2025-04-09 00:00:00,0,57.0,57.0,57.0,8.0,6.0,2.0,2.0,3.0,8.0,57.291,59.313,50.0,37.5,37.5,True
2025-04-09 01:00:00,1,50.0,50.0,50.0,3.0,3.0,0.0,0.0,2.0,3.0,49.898,44.402,66.667,66.667,66.667,True
2025-04-09 02:00:00,2,42.0,42.0,42.333,3.0,3.0,0.0,0.0,2.0,3.0,42.261,30.697,66.667,66.667,66.667,True
2025-04-09 03:00:00,3,17.0,17.0,17.667,3.0,2.0,1.0,1.0,2.0,3.0,26.001,26.001,100.0,66.667,66.667,True
2025-04-09 04:00:00,4,33.0,33.0,33.786,12.0,12.0,0.0,0.0,10.0,12.0,37.708,31.551,83.333,83.333,83.333,True
2025-04-09 05:00:00,5,55.0,55.0,55.806,24.0,19.0,5.0,3.0,10.0,22.0,67.793,58.067,52.632,45.455,41.667,True
2025-04-09 06:00:00,6,53.0,53.0,53.329,42.0,36.0,6.0,2.0,18.0,38.0,64.248,60.822,50.0,47.368,42.857,True
2025-04-09 07:00:00,7,65.0,65.0,65.063,466.0,396.0,70.0,41.0,104.0,437.0,77.923,79.891,26.263,23.799,22.318,True
2025-04-09 08:00:00,8,65.0,66.0,66.015,334.0,287.0,47.0,34.0,59.0,321.0,80.005,82.974,20.557,18.38,17.665,False
2025-04-09 09:00:00,9,48.0,47.0,47.995,228.0,196.0,32.0,21.0,144.0,217.0,48.271,48.327,73.469,66.359,63.158,False
2025-04-09 10:00:00,10,25.0,25.0,25.444,326.0,298.0,28.0,13.0,292.0,311.0,27.2,25.33,97.987,93.891,89.571,True
2025-04-09 11:00:00,11,21.0,22.0,22.004,484.0,455.0,29.0,11.0,454.0,466.0,22.505,22.186,99.78,97.425,93.802,False
2025-04-09 12:00:00,12,21.0,21.0,21.321,547.0,526.0,21.0,11.0,526.0,537.0,21.71,21.392,100.0,97.952,96.161,True
2025-04-09 13:00:00,13,20.0,20.0,20.493,491.0,465.0,26.0,13.0,464.0,478.0,20.916,19.413,99.785,97.071,94.501,True
2025-04-09 14:00:00,14,29.0,29.0,29.668,689.0,619.0,69.0,45.0,578.0,665.0,30.508,27.092,93.376,86.917,83.89,True
2025-04-09 15:00:00,15,52.0,52.0,52.428,694.0,551.0,143.0,111.0,358.0,662.0,54.432,45.979,64.973,54.079,51.585,True
2025-04-09 16:00:00,16,77.0,77.0,77.392,313.0,225.0,88.0,71.0,88.0,296.0,79.944,72.238,39.111,29.73,28.115,True
2025-04-09 17:00:00,17,56.0,56.0,56.412,177.0,120.0,57.0,39.0,70.0,159.0,59.051,46.612,58.333,44.025,39.548,True
2025-04-09 18:00:00,18,43.0,42.0,42.911,103.0,83.0,20.0,12.0,62.0,95.0,43.859,36.227,74.699,65.263,60.194,False
2025-04-09 19:00:00,19,40.0,40.0,40.903,90.0,72.0,18.0,14.0,60.0,86.0,41.688,38.242,83.333,69.767,66.667,True
2025-04-09 20:00:00,20,47.0,47.0,47.414,72.0,57.0,15.0,11.0,39.0,68.0,47.636,47.05,68.421,57.353,54.167,True
2025-04-09 21:00:00,21,37.0,37.0,37.25,27.0,19.0,8.0,7.0,15.0,26.0,39.452,36.172,78.947,57.692,55.556,True
2025-04-09 22:00:00,22,31.0,31.0,31.062,18.0,16.0,2.0,1.0,16.0,17.0,31.569,31.518,100.0,94.118,88.889,True
2025-04-09 23:00:00,23,22.0,22.0,22.8,5.0,5.0,0.0,0.0,5.0,5.0,23.267,22.807,100.0,100.0,100.0,True
2025-04-10 00:00:00,0,47.0,47.0,47.25,5.0,4.0,1.0,1.0,3.0,5.0,47.973,47.662,75.0,60.0,60.0,True
2025-04-10 01:00:00,1,22.0,22.0,22.0,3.0,3.0,0.0,0.0,3.0,3.0,22.923,18.681,100.0,100.0,100.0,True
2025-04-10 02:00:00,2,26.0,26.0,26.0,2.0,2.0,0.0,0.0,2.0,2.0,26.155,26.155,100.0,100.0,100.0,True
2025-04-10 03:00:00,3,14.0,14.0,14.5,2.0,2.0,0.0,0.0,2.0,2.0,15.448,15.448,100.0,100.0,100.0,True
2025-04-10 04:00:00,4,14.0,14.0,14.231,8.0,7.0,1.0,1.0,7.0,8.0,24.301,22.646,100.0,87.5,87.5,True
2025-04-10 05:00:00,5,54.0,54.0,54.154,19.0,19.0,0.0,0.0,11.0,19.0,54.316,43.426,57.895,57.895,57.895,True
2025-04-10 06:00:00,6,52.0,52.0,52.554,52.0,41.0,11.0,3.0,26.0,44.0,54.577,52.966,63.415,59.091,50.0,True
2025-04-10 07:00:00,7,48.0,48.0,48.372,414.0,320.0,94.0,26.0,179.0,346.0,57.998,57.003,55.937,51.734,43.237,True
2025-04-10 08:00:00,8,52.0,52.0,52.767,367.0,295.0,72.0,34.0,135.0,329.0,61.571,61.961,45.763,41.033,36.785,True
2025-04-10 09:00:00,9,35.0,35.0,35.703,293.0,247.0,46.0,22.0,228.0,269.0,36.445,33.912,92.308,84.758,77.816,True
2025-04-10 10:00:00,10,21.0,21.0,21.329,348.0,322.0,26.0,12.0,321.0,334.0,22.1,20.937,99.689,96.108,92.241,True
2025-04-10 11:00:00,11,21.0,21.0,21.573,474.0,459.0,15.0,11.0,458.0,470.0,22.187,20.658,99.782,97.447,96.624,True
2025-04-10 12:00:00,12,21.0,21.0,21.298,546.0,517.0,28.0,18.0,517.0,536.0,21.734,20.71,100.0,96.455,94.689,True
2025-04-10 13:00:00,13,20.0,20.0,20.276,504.0,477.0,27.0,13.0,477.0,490.0,20.808,19.614,100.0,97.347,94.643,True
2025-04-10 14:00:00,14,27.0,27.0,27.233,695.0,630.0,65.0,43.0,603.0,673.0,27.872,24.721,95.714,89.599,86.763,True
2025-04-10 15:00:00,15,48.0,48.0,48.077,668.0,545.0,122.0,89.0,382.0,635.0,49.593,42.967,70.092,60.157,57.186,True
2025-04-10 16:00:00,16,60.0,60.0,60.215,291.0,228.0,62.0,45.0,120.0,274.0,61.889,57.597,52.632,43.796,41.237,True
2025-04-10 17:00:00,17,47.0,47.0,47.216,187.0,153.0,33.0,22.0,110.0,176.0,47.895,41.85,71.895,62.5,58.824,True
2025-04-10 18:00:00,18,37.0,37.0,37.143,98.0,79.0,19.0,13.0,68.0,92.0,38.297,35.226,86.076,73.913,69.388,True
2025-04-10 19:00:00,19,33.0,33.0,33.507,74.0,63.0,11.0,6.0,58.0,69.0,34.863,31.562,92.063,84.058,78.378,True
2025-04-10 20:00:00,20,51.0,51.0,51.804,70.0,56.0,14.0,11.0,37.0,67.0,51.863,47.637,66.071,55.224,52.857,True
2025-04-10 21:00:00,21,46.0,46.0,46.217,31.0,22.0,9.0,9.0,17.0,31.0,47.63,43.661,77.273,54.839,54.839,True
2025-04-10 22:00:00,22,39.0,39.0,39.625,17.0,16.0,1.0,1.0,14.0,17.0,39.756,32.088,87.5,82.353,82.353,True
2025-04-10 23:00:00,23,23.0,23.0,23.5,3.0,2.0,1.0,1.0,2.0,3.0,24.358,24.358,100.0,66.667,66.667,True
2025-04-11 00:00:00,0,34.0,34.0,34.5,6.0,4.0,2.0,2.0,4.0,6.0,34.846,34.978,100.0,66.667,66.667,True
2025-04-11 01:00:00,1,36.0,36.0,36.0,2.0,2.0,0.0,0.0,2.0,2.0,36.872,36.872,100.0,100.0,100.0,True
2025-04-11 02:00:00,2,30.0,30.0,30.2,5.0,5.0,0.0,0.0,5.0,5.0,30.726,27.614,100.0,100.0,100.0,True
2025-04-11 03:00:00,3,38.0,38.0,38.333,3.0,3.0,0.0,0.0,3.0,3.0,38.565,37.251,100.0,100.0,100.0,True
2025-04-11 04:00:00,4,22.0,22.0,22.182,9.0,9.0,0.0,0.0,9.0,9.0,27.416,25.295,100.0,100.0,100.0,True
2025-04-11 05:00:00,5,57.0,57.0,57.034,22.0,18.0,4.0,3.0,10.0,21.0,60.427,44.912,55.556,47.619,45.455,True
2025-04-11 06:00:00,6,52.0,52.0,52.765,51.0,42.0,9.0,6.0,22.0,48.0,59.946,57.267,52.381,45.833,43.137,True
2025-04-11 07:00:00,7,59.0,59.0,59.863,433.0,365.0,68.0,34.0,111.0,399.0,72.58,73.575,30.411,27.82,25.635,True
2025-04-11 08:00:00,8,54.0,54.0,54.888,322.0,273.0,49.0,29.0,104.0,302.0,66.0,66.872,38.095,34.437,32.298,True
2025-04-11 09:00:00,9,43.0,43.0,43.146,308.0,266.0,42.0,18.0,216.0,284.0,43.67,41.163,81.203,76.056,70.13,True
2025-04-11 10:00:00,10,25.0,25.0,25.265,350.0,320.0,30.0,17.0,317.0,337.0,26.871,25.809,99.062,94.065,90.571,True
2025-04-11 11:00:00,11,23.0,23.0,23.17,507.0,483.0,23.0,12.0,479.0,496.0,23.586,22.678,99.172,96.573,94.477,True
2025-04-11 12:00:00,12,23.0,23.0,23.454,658.0,626.0,32.0,20.0,622.0,646.0,23.871,22.5,99.361,96.285,94.529,True
2025-04-11 13:00:00,13,21.0,21.0,21.925,515.0,485.0,30.0,12.0,484.0,497.0,22.554,21.495,99.794,97.384,93.981,True
2025-04-11 14:00:00,14,31.0,31.0,31.71,666.0,594.0,72.0,50.0,549.0,644.0,32.82,28.86,92.424,85.248,82.432,True
2025-04-11 15:00:00,15,58.0,58.0,58.627,663.0,529.0,134.0,105.0,310.0,634.0,60.933,49.649,58.601,48.896,46.757,True
2025-04-11 16:00:00,16,75.0,75.0,75.019,290.0,205.0,85.0,66.0,77.0,271.0,77.144,67.745,37.561,28.413,26.552,True
2025-04-11 17:00:00,17,71.0,71.0,71.434,147.0,102.0,45.0,34.0,42.0,136.0,74.556,73.018,41.176,30.882,28.571,True
2025-04-11 18:00:00,18,49.0,49.0,49.962,97.0,76.0,21.0,13.0,51.0,89.0,50.519,44.783,67.105,57.303,52.577,True
2025-04-11 19:00:00,19,48.0,48.0,48.06,88.0,65.0,23.0,17.0,43.0,82.0,49.759,46.192,66.154,52.439,48.864,True
2025-04-11 20:00:00,20,65.0,65.0,65.517,81.0,58.0,23.0,19.0,30.0,77.0,67.291,59.326,51.724,38.961,37.037,True
2025-04-11 21:00:00,21,81.0,81.0,81.808,44.0,24.0,20.0,20.0,6.0,44.0,84.945,86.826,25.0,13.636,13.636,True
2025-04-11 22:00:00,22,81.0,81.0,81.0,16.0,10.0,6.0,4.0,3.0,14.0,79.686,92.269,30.0,21.429,18.75,True
2025-04-11 23:00:00,23,67.0,67.0,67.778,13.0,9.0,4.0,2.0,3.0,11.0,67.942,73.2,33.333,27.273,23.077,True
2025-04-12 00:00:00,0,50.0,50.0,50.9,10.0,10.0,0.0,0.0,7.0,10.0,51.409,46.653,70.0,70.0,70.0,True
2025-04-12 01:00:00,1,39.0,39.0,39.0,6.0,4.0,2.0,2.0,4.0,6.0,39.591,38.325,100.0,66.667,66.667,True
2025-04-12 02:00:00,2,29.0,29.0,29.0,1.0,1.0,0.0,0.0,1.0,1.0,28.918,28.918,100.0,100.0,100.0,True
2025-04-12 03:00:00,3,30.0,30.0,30.0,6.0,6.0,0.0,0.0,6.0,6.0,30.737,31.235,100.0,100.0,100.0,True
2025-04-12 04:00:00,4,20.0,20.0,20.722,15.0,14.0,1.0,1.0,14.0,15.0,26.362,24.703,100.0,93.333,93.333,True
2025-04-12 05:00:00,5,19.0,19.0,19.222,8.0,6.0,2.0,2.0,6.0,8.0,23.012,22.87,100.0,75.0,75.0,True
2025-04-12 06:00:00,6,62.0,62.0,62.963,20.0,18.0,2.0,2.0,7.0,20.0,64.672,65.049,38.889,35.0,35.0,True
2025-04-12 07:00:00,7,37.0,37.0,37.984,80.0,64.0,16.0,6.0,56.0,70.0,41.804,40.214,87.5,80.0,70.0,True
2025-04-12 08:00:00,8,27.0,27.0,27.916,153.0,127.0,26.0,14.0,122.0,141.0,30.383,28.577,96.063,86.525,79.739,True
2025-04-12 09:00:00,9,34.0,34.0,34.618,242.0,197.0,45.0,29.0,180.0,226.0,35.057,30.744,91.371,79.646,74.38,True
2025-04-12 10:00:00,10,37.0,37.0,37.954,207.0,180.0,27.0,22.0,150.0,202.0,40.446,34.843,83.333,74.257,72.464,True
2025-04-12 11:00:00,11,37.0,37.0,37.628,227.0,189.0,38.0,26.0,175.0,215.0,39.085,37.237,92.593,81.395,77.093,True
2025-04-12 12:00:00,12,30.0,30.0,30.451,226.0,204.0,22.0,15.0,200.0,219.0,31.232,28.225,98.039,91.324,88.496,True
2025-04-12 13:00:00,13,28.0,28.0,28.911,227.0,198.0,29.0,19.0,193.0,217.0,29.665,27.983,97.475,88.94,85.022,True
2025-04-12 14:00:00,14,34.0,34.0,34.612,196.0,171.0,25.0,17.0,156.0,188.0,35.574,33.023,91.228,82.979,79.592,True
2025-04-12 15:00:00,15,44.0,44.0,44.437,183.0,148.0,35.0,23.0,114.0,171.0,45.509,42.163,77.027,66.667,62.295,True
2025-04-12 16:00:00,16,64.0,64.0,64.337,142.0,93.0,49.0,37.0,51.0,130.0,65.121,51.999,54.839,39.231,35.915,True
2025-04-12 17:00:00,17,54.0,55.0,55.024,107.0,80.0,27.0,22.0,47.0,102.0,56.756,50.252,58.75,46.078,43.925,False
2025-04-12 18:00:00,18,47.0,47.0,47.653,62.0,50.0,12.0,12.0,38.0,62.0,47.988,38.239,76.0,61.29,61.29,True
2025-04-12 19:00:00,19,49.0,49.0,49.623,84.0,64.0,20.0,17.0,38.0,81.0,53.046,49.842,59.375,46.914,45.238,True
2025-04-12 20:00:00,20,64.0,64.0,64.515,47.0,33.0,14.0,14.0,18.0,47.0,64.89,58.573,54.545,38.298,38.298,True
2025-04-12 21:00:00,21,67.0,67.0,67.231,23.0,14.0,9.0,7.0,6.0,21.0,65.908,62.298,42.857,28.571,26.087,True
2025-04-12 22:00:00,22,49.0,49.0,49.25,21.0,15.0,6.0,5.0,11.0,20.0,50.126,42.744,73.333,55.0,52.381,True
2025-04-12 23:00:00,23,45.0,45.0,45.429,13.0,7.0,6.0,5.0,7.0,12.0,46.091,47.85,100.0,58.333,53.846,True
2025-04-13 00:00:00,0,54.0,54.0,54.571,10.0,7.0,3.0,2.0,4.0,9.0,54.836,53.328,57.143,44.444,40.0,True
2025-04-13 01:00:00,1,26.0,26.0,26.75,4.0,3.0,1.0,1.0,3.0,4.0,35.846,33.735,100.0,75.0,75.0,True
2025-04-13 03:00:00,3,15.0,15.0,15.0,2.0,1.0,1.0,1.0,1.0,2.0,16.076,16.076,100.0,50.0,50.0,True
2025-04-13 04:00:00,4,24.0,24.0,24.167,6.0,6.0,0.0,0.0,6.0,6.0,24.573,25.371,100.0,100.0,100.0,True
2025-04-13 05:00:00,5,21.0,21.0,21.0,6.0,5.0,1.0,0.0,5.0,5.0,21.739,23.282,100.0,100.0,83.333,True
2025-04-13 06:00:00,6,81.0,81.0,81.5,2.0,2.0,0.0,0.0,0.0,2.0,82.61,82.61,0.0,0.0,0.0,True
2025-04-13 07:00:00,7,37.0,37.0,37.87,78.0,65.0,13.0,10.0,57.0,75.0,41.185,34.849,87.692,76.0,73.077,True
2025-04-13 08:00:00,8,44.0,44.0,44.617,191.0,161.0,30.0,22.0,117.0,183.0,48.422,39.966,72.671,63.934,61.257,True
2025-04-13 09:00:00,9,64.0,64.0,64.856,172.0,132.0,40.0,36.0,68.0,168.0,67.451,58.592,51.515,40.476,39.535,True
2025-04-13 10:00:00,10,50.0,51.0,51.135,118.0,89.0,29.0,26.0,44.0,115.0,60.397,60.155,49.438,38.261,37.288,False
2025-04-13 11:00:00,11,34.0,34.0,34.755,112.0,95.0,17.0,14.0,92.0,109.0,35.148,32.628,96.842,84.404,82.143,True
2025-04-13 12:00:00,12,25.0,25.0,25.68,213.0,191.0,22.0,17.0,189.0,208.0,26.565,24.983,98.953,90.865,88.732,True
2025-04-13 13:00:00,13,28.0,28.0,28.427,175.0,161.0,14.0,8.0,157.0,169.0,29.337,26.461,97.516,92.899,89.714,True
2025-04-13 14:00:00,14,35.0,35.0,35.844,202.0,176.0,26.0,19.0,153.0,195.0,37.076,30.787,86.932,78.462,75.743,True
2025-04-13 15:00:00,15,43.0,43.0,43.336,132.0,109.0,23.0,18.0,85.0,127.0,44.019,36.07,77.982,66.929,64.394,True
2025-04-13 16:00:00,16,45.0,45.0,45.864,92.0,76.0,16.0,16.0,58.0,92.0,47.786,42.768,76.316,63.043,63.043,True
2025-04-13 17:00:00,17,34.0,34.0,34.707,71.0,56.0,15.0,12.0,52.0,68.0,35.972,36.346,92.857,76.471,73.239,True
2025-04-13 18:00:00,18,35.0,35.0,35.373,58.0,49.0,9.0,4.0,43.0,53.0,37.109,33.117,87.755,81.132,74.138,True
2025-04-13 19:00:00,19,33.0,33.0,33.533,52.0,46.0,6.0,4.0,43.0,50.0,33.867,28.127,93.478,86.0,82.692,True
2025-04-13 20:00:00,20,36.0,36.0,36.619,27.0,20.0,7.0,4.0,20.0,24.0,37.552,33.592,100.0,83.333,74.074,True
2025-04-13 21:00:00,21,41.0,41.0,41.231,17.0,13.0,4.0,4.0,13.0,17.0,41.456,37.629,100.0,76.471,76.471,True
2025-04-13 22:00:00,22,24.0,24.0,24.8,5.0,5.0,0.0,0.0,5.0,5.0,24.989,23.082,100.0,100.0,100.0,True
2025-04-13 23:00:00,23,31.0,31.0,31.0,2.0,2.0,0.0,0.0,2.0,2.0,30.692,30.692,100.0,100.0,100.0,True
2025-04-14 00:00:00,0,43.0,43.0,43.8,6.0,5.0,1.0,1.0,4.0,6.0,44.342,50.8,80.0,66.667,66.667,True
2025-04-14 02:00:00,2,20.0,20.0,20.0,1.0,1.0,0.0,0.0,1.0,1.0,21.386,21.386,100.0,100.0,100.0,True
2025-04-14 03:00:00,3,28.0,28.0,28.333,3.0,3.0,0.0,0.0,3.0,3.0,28.878,28.763,100.0,100.0,100.0,True
2025-04-14 04:00:00,4,26.0,26.0,26.545,13.0,9.0,4.0,2.0,9.0,11.0,28.57,25.543,100.0,81.818,69.231,True
2025-04-14 05:00:00,5,53.0,53.0,53.567,17.0,16.0,1.0,0.0,8.0,16.0,63.547,60.889,50.0,50.0,47.059,True
2025-04-14 06:00:00,6,57.0,57.0,57.023,66.0,51.0,15.0,7.0,20.0,58.0,66.838,63.738,39.216,34.483,30.303,True
2025-04-14 07:00:00,7,61.0,61.0,61.709,496.0,397.0,99.0,48.0,103.0,445.0,75.635,76.777,25.945,23.146,20.766,True
2025-04-14 08:00:00,8,60.0,60.0,60.586,326.0,270.0,56.0,32.0,64.0,302.0,72.23,71.909,23.704,21.192,19.632,True
2025-04-14 09:00:00,9,41.0,41.0,41.163,281.0,225.0,56.0,28.0,192.0,253.0,41.7,40.441,85.333,75.889,68.327,True
2025-04-14 10:00:00,10,22.0,22.0,22.443,335.0,302.0,33.0,14.0,301.0,316.0,23.558,21.697,99.669,95.253,89.851,True
2025-04-14 11:00:00,11,24.0,24.0,24.72,545.0,510.0,35.0,19.0,506.0,529.0,25.316,23.608,99.216,95.652,92.844,True
2025-04-14 12:00:00,12,24.0,24.0,24.151,569.0,541.0,28.0,14.0,538.0,555.0,24.611,23.058,99.445,96.937,94.552,True
2025-04-14 13:00:00,13,21.0,21.0,21.249,459.0,428.0,31.0,20.0,427.0,448.0,21.842,20.457,99.766,95.312,93.028,True
2025-04-14 14:00:00,14,29.0,29.0,29.843,705.0,651.0,53.0,30.0,609.0,682.0,30.422,25.624,93.548,89.296,86.383,True
2025-04-14 15:00:00,15,54.0,53.0,53.917,676.0,545.0,131.0,98.0,343.0,643.0,55.309,46.294,62.936,53.344,50.74,False
2025-04-14 16:00:00,16,63.0,63.0,63.376,338.0,250.0,88.0,61.0,116.0,311.0,65.207,64.334,46.4,37.299,34.32,True
2025-04-14 17:00:00,17,54.0,54.0,54.476,198.0,157.0,41.0,26.0,85.0,183.0,55.507,49.253,54.14,46.448,42.929,True
2025-04-14 18:00:00,18,44.0,44.0,44.68,99.0,73.0,26.0,14.0,56.0,87.0,45.139,41.594,76.712,64.368,56.566,True
2025-04-14 19:00:00,19,28.0,28.0,28.218,64.0,55.0,9.0,5.0,54.0,60.0,28.774,26.101,98.182,90.0,84.375,True
2025-04-14 20:00:00,20,39.0,39.0,39.447,52.0,45.0,7.0,6.0,40.0,51.0,40.801,39.339,88.889,78.431,76.923,True
2025-04-14 21:00:00,21,30.0,30.0,30.062,19.0,17.0,2.0,2.0,17.0,19.0,29.817,30.078,100.0,89.474,89.474,True
2025-04-14 22:00:00,22,23.0,23.0,23.4,12.0,9.0,3.0,1.0,9.0,10.0,23.369,20.128,100.0,90.0,75.0,True
2025-04-14 23:00:00,23,22.0,22.0,22.667,11.0,9.0,2.0,1.0,9.0,10.0,23.02,21.788,100.0,90.0,81.818,True
2025-04-15 00:00:00,0,17.0,17.0,17.0,1.0,1.0,0.0,0.0,1.0,1.0,17.941,17.941,100.0,100.0,100.0,True
2025-04-15 01:00:00,1,43.0,43.0,43.0,1.0,1.0,0.0,0.0,1.0,1.0,43.449,43.449,100.0,100.0,100.0,True
2025-04-15 02:00:00,2,12.0,12.0,12.0,1.0,1.0,0.0,0.0,1.0,1.0,12.545,12.545,100.0,100.0,100.0,True
2025-04-15 03:00:00,3,27.0,27.0,27.286,7.0,7.0,0.0,0.0,7.0,7.0,27.962,28.777,100.0,100.0,100.0,True
2025-04-15 04:00:00,4,24.0,24.0,24.2,12.0,9.0,3.0,2.0,8.0,11.0,35.815,27.092,88.889,72.727,66.667,True
2025-04-15 05:00:00,5,59.0,59.0,59.8,20.0,18.0,2.0,0.0,9.0,18.0,62.273,52.633,50.0,50.0,45.0,True
2025-04-15 06:00:00,6,51.0,51.0,51.385,51.0,45.0,6.0,0.0,26.0,45.0,56.907,58.831,57.778,57.778,50.98,True
2025-04-15 07:00:00,7,59.0,59.0,59.128,444.0,367.0,77.0,32.0,116.0,399.0,71.455,73.354,31.608,29.073,26.126,True
2025-04-15 08:00:00,8,64.0,64.0,64.646,361.0,304.0,57.0,37.0,57.0,341.0,77.136,75.621,18.75,16.716,15.789,True
2025-04-15 09:00:00,9,51.0,51.0,51.504,262.0,227.0,34.0,25.0,155.0,253.0,51.869,51.224,68.282,61.265,59.16,True
2025-04-15 10:00:00,10,26.0,26.0,26.656,307.0,286.0,21.0,13.0,274.0,299.0,28.452,25.957,95.804,91.639,89.251,True
2025-04-15 11:00:00,11,24.0,24.0,24.256,503.0,477.0,26.0,15.0,476.0,492.0,24.676,23.673,99.79,96.748,94.632,True
2025-04-15 12:00:00,12,22.0,22.0,22.865,557.0,520.0,36.0,21.0,520.0,542.0,23.33,21.68,100.0,95.941,93.357,True
2025-04-15 13:00:00,13,19.0,19.0,19.797,484.0,449.0,34.0,21.0,449.0,471.0,20.193,19.028,100.0,95.329,92.769,True
2025-04-15 14:00:00,14,26.0,26.0,26.455,680.0,623.0,57.0,31.0,608.0,654.0,27.057,24.845,97.592,92.966,89.412,True
2025-04-15 15:00:00,15,43.0,43.0,43.628,651.0,535.0,115.0,67.0,418.0,603.0,44.881,39.881,78.131,69.32,64.209,True
2025-04-15 16:00:00,16,50.0,50.0,50.092,323.0,263.0,60.0,34.0,171.0,297.0,53.24,49.602,65.019,57.576,52.941,True
2025-04-15 17:00:00,17,44.0,44.0,44.475,218.0,175.0,43.0,18.0,133.0,193.0,45.205,38.77,76.0,68.912,61.009,True
2025-04-15 18:00:00,18,38.0,38.0,38.625,105.0,91.0,14.0,8.0,73.0,99.0,39.102,33.979,80.22,73.737,69.524,True
2025-04-15 19:00:00,19,29.0,29.0,29.125,64.0,54.0,10.0,7.0,53.0,61.0,30.103,27.864,98.148,86.885,82.812,True
2025-04-15 20:00:00,20,40.0,40.0,40.71,77.0,62.0,15.0,15.0,53.0,77.0,40.913,38.376,85.484,68.831,68.831,True
2025-04-15 21:00:00,21,50.0,50.0,50.257,41.0,37.0,4.0,3.0,27.0,40.0,50.658,48.657,72.973,67.5,65.854,True
2025-04-15 22:00:00,22,40.0,40.0,40.2,13.0,13.0,0.0,0.0,11.0,13.0,38.14,32.946,84.615,84.615,84.615,True
2025-04-15 23:00:00,23,23.0,23.0,23.2,10.0,10.0,0.0,0.0,10.0,10.0,23.38,23.961,100.0,100.0,100.0,True
2025-04-16 00:00:00,0,50.0,50.0,50.0,6.0,5.0,1.0,1.0,4.0,6.0,50.462,47.076,80.0,66.667,66.667,True
2025-04-16 01:00:00,1,39.0,39.0,39.8,5.0,5.0,0.0,0.0,5.0,5.0,39.718,38.911,100.0,100.0,100.0,True
2025-04-16 02:00:00,2,29.0,29.0,29.5,2.0,2.0,0.0,0.0,2.0,2.0,30.73,30.73,100.0,100.0,100.0,True
2025-04-16 03:00:00,3,32.0,32.0,32.0,5.0,5.0,0.0,0.0,5.0,5.0,32.78,31.464,100.0,100.0,100.0,True
2025-04-16 04:00:00,4,30.0,30.0,30.571,14.0,12.0,2.0,2.0,10.0,14.0,34.756,28.195,83.333,71.429,71.429,True
2025-04-16 05:00:00,5,54.0,54.0,54.793,22.0,19.0,3.0,0.0,7.0,19.0,74.239,72.568,36.842,36.842,31.818,True
2025-04-16 06:00:00,6,53.0,53.0,53.515,42.0,37.0,5.0,3.0,20.0,40.0,62.844,59.777,54.054,50.0,47.619,True
2025-04-16 07:00:00,7,57.0,57.0,57.75,446.0,393.0,53.0,33.0,135.0,426.0,69.717,70.928,34.351,31.69,30.269,True
2025-04-16 08:00:00,8,55.0,55.0,55.765,315.0,259.0,56.0,31.0,89.0,290.0,67.559,67.008,34.363,30.69,28.254,True
2025-04-16 09:00:00,9,38.0,38.0,38.66,291.0,242.0,48.0,24.0,211.0,267.0,39.647,35.24,87.19,79.026,72.509,True
2025-04-16 10:00:00,10,22.0,22.0,22.968,346.0,322.0,24.0,16.0,319.0,338.0,23.727,21.284,99.068,94.379,92.197,True
2025-04-16 11:00:00,11,23.0,23.0,23.211,514.0,484.0,30.0,14.0,483.0,498.0,23.96,22.826,99.793,96.988,93.969,True
2025-04-16 12:00:00,12,23.0,23.0,23.485,558.0,532.0,26.0,12.0,531.0,544.0,23.744,22.906,99.812,97.61,95.161,True
2025-04-16 13:00:00,13,21.0,21.0,21.087,485.0,460.0,25.0,15.0,460.0,475.0,21.517,20.113,100.0,96.842,94.845,True
2025-04-16 14:00:00,14,27.0,27.0,27.297,672.0,610.0,62.0,43.0,582.0,653.0,27.97,24.181,95.41,89.127,86.607,True
2025-04-16 15:00:00,15,50.0,50.0,50.313,661.0,507.0,153.0,105.0,338.0,613.0,52.11,43.947,66.667,55.139,51.135,True
2025-04-16 16:00:00,16,62.0,62.0,62.731,336.0,248.0,88.0,68.0,128.0,316.0,64.081,57.979,51.613,40.506,38.095,True
2025-04-16 17:00:00,17,67.0,67.0,67.74,213.0,166.0,47.0,39.0,75.0,205.0,70.15,66.654,45.181,36.585,35.211,True
2025-04-16 18:00:00,18,62.0,62.0,62.577,89.0,68.0,21.0,17.0,40.0,85.0,65.006,45.744,58.824,47.059,44.944,True
2025-04-16 19:00:00,19,63.0,63.0,63.439,63.0,41.0,22.0,19.0,22.0,60.0,63.719,53.159,53.659,36.667,34.921,True
2025-04-16 20:00:00,20,78.0,78.0,78.972,57.0,34.0,23.0,21.0,14.0,55.0,83.923,90.346,41.176,25.455,24.561,True
2025-04-16 21:00:00,21,61.0,62.0,62.333,33.0,21.0,12.0,12.0,11.0,33.0,62.58,57.5,52.381,33.333,33.333,False
2025-04-16 22:00:00,22,46.0,47.0,47.167,16.0,12.0,4.0,4.0,10.0,16.0,47.617,43.625,83.333,62.5,62.5,False
2025-04-16 23:00:00,23,39.0,39.0,39.25,4.0,4.0,0.0,0.0,4.0,4.0,39.278,38.822,100.0,100.0,100.0,True
2025-04-17 00:00:00,0,23.0,23.0,23.5,5.0,5.0,0.0,0.0,5.0,5.0,28.182,28.539,100.0,100.0,100.0,True
2025-04-17 01:00:00,1,35.0,35.0,35.0,2.0,2.0,0.0,0.0,2.0,2.0,35.637,35.637,100.0,100.0,100.0,True
2025-04-17 02:00:00,2,36.0,36.0,36.0,5.0,3.0,2.0,1.0,3.0,4.0,36.33,29.347,100.0,75.0,60.0,True
2025-04-17 03:00:00,3,33.0,33.0,33.125,8.0,8.0,0.0,0.0,8.0,8.0,33.59,28.912,100.0,100.0,100.0,True
2025-04-17 04:00:00,4,17.0,17.0,17.286,12.0,9.0,3.0,3.0,9.0,12.0,28.763,29.024,100.0,75.0,75.0,True
2025-04-17 05:00:00,5,50.0,50.0,50.895,14.0,13.0,1.0,0.0,8.0,13.0,52.118,41.966,61.538,61.538,57.143,True
2025-04-17 06:00:00,6,48.0,48.0,48.11,49.0,42.0,7.0,2.0,33.0,44.0,49.754,47.058,78.571,75.0,67.347,True
2025-04-17 07:00:00,7,44.0,44.0,44.799,434.0,331.0,103.0,23.0,219.0,354.0,53.124,51.48,66.163,61.864,50.461,True
2025-04-17 08:00:00,8,46.0,46.0,46.481,383.0,315.0,67.0,29.0,221.0,345.0,52.504,51.997,70.159,64.058,57.702,True
2025-04-17 09:00:00,9,28.0,28.0,28.176,283.0,232.0,51.0,14.0,228.0,246.0,28.842,26.073,98.276,92.683,80.565,True
2025-04-17 10:00:00,10,21.0,21.0,21.041,377.0,346.0,31.0,14.0,345.0,360.0,21.799,20.889,99.711,95.833,91.512,True
2025-04-17 11:00:00,11,22.0,22.0,22.136,528.0,503.0,25.0,14.0,503.0,517.0,22.588,21.825,100.0,97.292,95.265,True
2025-04-17 12:00:00,12,21.0,21.0,21.236,517.0,495.0,21.0,5.0,494.0,501.0,21.426,20.674,99.798,98.603,95.551,True
2025-04-17 13:00:00,13,18.0,18.0,18.968,518.0,478.0,39.0,18.0,478.0,497.0,19.494,18.659,100.0,96.177,92.278,True
2025-04-17 14:00:00,14,27.0,27.0,27.559,688.0,629.0,58.0,34.0,606.0,664.0,28.349,25.632,96.343,91.265,88.081,True
2025-04-17 15:00:00,15,46.0,46.0,46.868,650.0,534.0,114.0,67.0,384.0,603.0,48.399,41.457,71.91,63.682,59.077,True
2025-04-17 16:00:00,16,51.0,51.0,51.249,285.0,222.0,63.0,37.0,152.0,259.0,52.251,45.956,68.468,58.687,53.333,True
2025-04-17 17:00:00,17,44.0,44.0,44.492,234.0,182.0,50.0,24.0,139.0,208.0,45.634,39.718,76.374,66.827,59.402,True
2025-04-17 18:00:00,18,34.0,34.0,34.133,94.0,72.0,22.0,14.0,64.0,86.0,35.887,32.091,88.889,74.419,68.085,True
2025-04-17 19:00:00,19,31.0,31.0,31.852,71.0,59.0,12.0,9.0,57.0,68.0,31.564,31.246,96.61,83.824,80.282,True
2025-04-17 20:00:00,20,47.0,47.0,47.333,69.0,55.0,13.0,12.0,42.0,68.0,48.936,42.509,76.364,61.765,60.87,True
2025-04-17 21:00:00,21,54.0,54.0,54.0,31.0,25.0,6.0,6.0,16.0,31.0,54.039,47.836,64.0,51.613,51.613,True
2025-04-17 22:00:00,22,32.0,31.0,31.857,12.0,12.0,0.0,0.0,12.0,12.0,33.43,33.603,100.0,100.0,100.0,False
2025-04-17 23:00:00,23,39.0,39.0,39.3,10.0,10.0,0.0,0.0,9.0,10.0,39.678,38.413,90.0,90.0,90.0,True
2025-04-18 00:00:00,0,25.0,25.0,25.2,6.0,4.0,2.0,1.0,4.0,5.0,31.611,32.828,100.0,80.0,66.667,True
2025-04-18 01:00:00,1,26.0,26.0,26.833,6.0,5.0,1.0,1.0,5.0,6.0,32.346,34.937,100.0,83.333,83.333,True
2025-04-18 02:00:00,2,19.0,19.0,19.667,3.0,3.0,0.0,0.0,3.0,3.0,19.882,19.604,100.0,100.0,100.0,True
2025-04-18 03:00:00,3,31.0,31.0,31.0,9.0,9.0,0.0,0.0,9.0,9.0,31.737,28.212,100.0,100.0,100.0,True
2025-04-18 04:00:00,4,28.0,28.0,28.182,11.0,9.0,2.0,2.0,9.0,11.0,33.404,31.365,100.0,81.818,81.818,True
2025-04-18 05:00:00,5,63.0,63.0,63.636,25.0,23.0,2.0,1.0,7.0,24.0,72.971,75.823,30.435,29.167,28.0,True
2025-04-18 06:00:00,6,55.0,55.0,55.684,39.0,34.0,5.0,1.0,18.0,35.0,56.071,57.967,52.941,51.429,46.154,True
2025-04-18 07:00:00,7,51.0,51.0,51.095,423.0,336.0,87.0,29.0,162.0,365.0,61.394,60.896,48.214,44.384,38.298,True
2025-04-18 08:00:00,8,55.0,55.0,55.616,366.0,306.0,60.0,30.0,131.0,336.0,65.292,64.66,42.81,38.988,35.792,True
2025-04-18 09:00:00,9,43.0,42.0,42.982,332.0,271.0,61.0,39.0,219.0,310.0,43.558,42.309,80.812,70.645,65.964,False
2025-04-18 10:00:00,10,26.0,26.0,26.09,372.0,336.0,36.0,24.0,331.0,360.0,27.782,26.094,98.512,91.944,88.978,True
2025-04-18 11:00:00,11,26.0,26.0,26.229,508.0,477.0,31.0,15.0,472.0,492.0,26.858,25.519,98.952,95.935,92.913,True
2025-04-18 12:00:00,12,22.0,22.0,22.788,614.0,578.0,36.0,26.0,578.0,604.0,23.223,22.328,100.0,95.695,94.137,True
2025-04-18 13:00:00,13,22.0,22.0,22.446,532.0,499.0,33.0,18.0,497.0,517.0,23.119,22.424,99.599,96.132,93.421,True
2025-04-18 14:00:00,14,31.0,31.0,31.131,676.0,609.0,67.0,39.0,577.0,648.0,31.736,28.519,94.745,89.043,85.355,True
2025-04-18 15:00:00,15,52.0,52.0,52.562,604.0,485.0,119.0,94.0,319.0,579.0,55.024,48.53,65.773,55.095,52.815,True
2025-04-18 16:00:00,16,62.0,62.0,62.304,340.0,265.0,75.0,44.0,125.0,309.0,63.539,61.623,47.17,40.453,36.765,True
2025-04-18 17:00:00,17,54.0,54.0,54.138,178.0,131.0,47.0,39.0,82.0,170.0,55.68,45.829,62.595,48.235,46.067,True
2025-04-18 18:00:00,18,40.0,40.0,40.488,87.0,75.0,12.0,9.0,60.0,84.0,40.734,35.932,80.0,71.429,68.966,True
2025-04-18 19:00:00,19,37.0,37.0,37.081,75.0,58.0,17.0,13.0,49.0,71.0,39.685,32.829,84.483,69.014,65.333,True
2025-04-18 20:00:00,20,46.0,46.0,46.373,68.0,58.0,10.0,8.0,46.0,66.0,47.477,39.184,79.31,69.697,67.647,True
2025-04-18 21:00:00,21,62.0,62.0,62.333,53.0,31.0,22.0,20.0,15.0,51.0,66.697,64.21,48.387,29.412,28.302,True
2025-04-18 22:00:00,22,66.0,66.0,66.882,23.0,17.0,6.0,4.0,7.0,21.0,67.269,62.266,41.176,33.333,30.435,True
2025-04-18 23:00:00,23,63.0,60.0,60.909,20.0,11.0,9.0,8.0,5.0,19.0,61.407,62.33,45.455,26.316,25.0,False
2025-04-19 00:00:00,0,49.0,49.0,49.727,13.0,11.0,2.0,2.0,7.0,13.0,50.276,36.553,63.636,53.846,53.846,True
2025-04-19 01:00:00,1,107.0,107.0,107.0,3.0,1.0,2.0,2.0,0.0,3.0,107.892,107.892,0.0,0.0,0.0,True
2025-04-19 02:00:00,2,35.0,35.0,35.0,2.0,2.0,0.0,0.0,2.0,2.0,35.509,35.509,100.0,100.0,100.0,True
2025-04-19 03:00:00,3,30.0,30.0,30.25,4.0,4.0,0.0,0.0,4.0,4.0,30.979,25.824,100.0,100.0,100.0,True
2025-04-19 04:00:00,4,27.0,27.0,27.5,7.0,7.0,0.0,0.0,6.0,7.0,38.539,36.403,85.714,85.714,85.714,True
2025-04-19 05:00:00,5,33.0,33.0,33.4,16.0,8.0,8.0,7.0,7.0,15.0,41.022,31.936,87.5,46.667,43.75,True
2025-04-19 06:00:00,6,70.0,70.0,70.87,20.0,18.0,2.0,2.0,7.0,20.0,66.145,69.642,38.889,35.0,35.0,True
2025-04-19 07:00:00,7,37.0,37.0,37.602,73.0,63.0,10.0,8.0,53.0,71.0,41.368,38.958,84.127,74.648,72.603,True
2025-04-19 08:00:00,8,41.0,41.0,41.539,174.0,143.0,31.0,23.0,110.0,166.0,46.282,42.759,76.923,66.265,63.218,True
2025-04-19 09:00:00,9,57.0,57.0,57.886,202.0,147.0,55.0,45.0,81.0,192.0,59.025,52.133,55.102,42.188,40.099,True
2025-04-19 10:00:00,10,62.0,61.0,61.98,221.0,156.0,65.0,58.0,59.0,214.0,70.026,71.689,37.821,27.57,26.697,False
2025-04-19 11:00:00,11,66.0,66.0,66.095,250.0,182.0,68.0,59.0,57.0,241.0,68.008,67.378,31.319,23.651,22.8,True
2025-04-19 12:00:00,12,55.0,55.0,55.399,245.0,181.0,64.0,52.0,102.0,233.0,57.788,54.751,56.354,43.777,41.633,True
2025-04-19 13:00:00,13,41.0,40.0,40.893,171.0,142.0,29.0,19.0,116.0,161.0,42.634,37.709,81.69,72.05,67.836,False
2025-04-19 14:00:00,14,44.0,44.0,44.401,219.0,178.0,41.0,22.0,140.0,200.0,44.872,41.225,78.652,70.0,63.927,True
2025-04-19 15:00:00,15,67.0,67.0,67.77,203.0,159.0,44.0,35.0,72.0,194.0,71.581,65.5,45.283,37.113,35.468,True
2025-04-19 16:00:00,16,88.0,88.0,88.549,150.0,89.0,61.0,54.0,23.0,143.0,88.167,88.436,25.843,16.084,15.333,True
2025-04-19 17:00:00,17,76.0,76.0,76.723,98.0,65.0,33.0,27.0,20.0,92.0,77.384,80.249,30.769,21.739,20.408,True
2025-04-19 18:00:00,18,59.0,59.0,59.509,74.0,56.0,18.0,17.0,29.0,73.0,60.365,57.83,51.786,39.726,39.189,True
2025-04-19 19:00:00,19,51.0,50.0,50.217,58.0,46.0,12.0,7.0,30.0,53.0,50.702,48.504,65.217,56.604,51.724,False
2025-04-19 20:00:00,20,59.0,59.0,59.793,36.0,29.0,7.0,4.0,15.0,33.0,60.124,57.043,51.724,45.455,41.667,True
2025-04-19 21:00:00,21,59.0,60.0,60.105,25.0,19.0,6.0,3.0,11.0,22.0,60.339,55.238,57.895,50.0,44.0,False
2025-04-19 22:00:00,22,44.0,44.0,44.667,20.0,15.0,5.0,4.0,13.0,19.0,45.058,42.91,86.667,68.421,65.0,True
2025-04-19 23:00:00,23,42.0,42.0,42.818,14.0,11.0,3.0,3.0,9.0,14.0,43.27,43.72,81.818,64.286,64.286,True
2025-04-20 00:00:00,0,96.0,99.0,99.1,12.0,10.0,2.0,2.0,3.0,12.0,99.238,99.885,30.0,25.0,25.0,False
2025-04-20 02:00:00,2,25.0,25.0,25.667,3.0,3.0,0.0,0.0,3.0,3.0,25.956,27.312,100.0,100.0,100.0,True
2025-04-20 03:00:00,3,17.0,17.0,17.0,5.0,5.0,0.0,0.0,5.0,5.0,17.75,14.008,100.0,100.0,100.0,True
2025-04-20 04:00:00,4,29.0,29.0,29.2,10.0,10.0,0.0,0.0,10.0,10.0,29.967,29.509,100.0,100.0,100.0,True
2025-04-20 05:00:00,5,21.0,21.0,21.286,8.0,7.0,1.0,1.0,7.0,8.0,22.046,21.284,100.0,87.5,87.5,True
2025-04-20 06:00:00,6,58.0,58.0,58.167,8.0,6.0,2.0,1.0,3.0,7.0,59.043,59.829,50.0,42.857,37.5,True
2025-04-20 07:00:00,7,33.0,34.0,34.057,100.0,84.0,16.0,11.0,76.0,95.0,36.912,34.036,90.476,80.0,76.0,False
2025-04-20 08:00:00,8,35.0,35.0,35.336,237.0,186.0,51.0,17.0,158.0,203.0,38.265,30.868,84.946,77.833,66.667,True
2025-04-20 09:00:00,9,47.0,47.0,47.808,267.0,209.0,58.0,33.0,156.0,242.0,48.995,44.435,74.641,64.463,58.427,True
2025-04-20 10:00:00,10,33.0,34.0,34.202,171.0,128.0,43.0,23.0,114.0,151.0,39.353,36.485,89.062,75.497,66.667,False
2025-04-20 11:00:00,11,26.0,26.0,26.327,183.0,163.0,20.0,14.0,161.0,177.0,27.219,26.16,98.773,90.96,87.978,True
2025-04-20 12:00:00,12,26.0,26.0,26.521,345.0,322.0,23.0,14.0,318.0,336.0,27.286,25.328,98.758,94.643,92.174,True
2025-04-20 13:00:00,13,32.0,32.0,32.018,296.0,266.0,30.0,20.0,251.0,286.0,33.022,29.759,94.361,87.762,84.797,True
2025-04-20 14:00:00,14,31.0,31.0,31.673,208.0,190.0,18.0,16.0,176.0,206.0,33.163,30.59,92.632,85.437,84.615,True
2025-04-20 15:00:00,15,36.0,36.0,36.523,201.0,180.0,21.0,14.0,147.0,194.0,40.418,31.954,81.667,75.773,73.134,True
2025-04-20 16:00:00,16,52.0,52.0,52.443,181.0,142.0,39.0,30.0,88.0,172.0,53.235,46.682,61.972,51.163,48.619,True
2025-04-20 17:00:00,17,61.0,61.0,61.431,136.0,106.0,30.0,23.0,56.0,129.0,63.098,58.237,52.83,43.411,41.176,True
2025-04-20 18:00:00,18,63.0,63.0,63.185,107.0,77.0,30.0,25.0,44.0,102.0,67.299,50.983,57.143,43.137,41.121,True
2025-04-20 19:00:00,19,95.0,98.0,98.804,108.0,50.0,58.0,57.0,22.0,107.0,103.946,77.896,44.0,20.561,20.37,False
2025-04-20 20:00:00,20,142.0,135.0,135.733,45.0,11.0,33.0,32.0,1.0,44.0,167.087,175.982,9.091,2.273,2.222,False
2025-04-20 21:00:00,21,59.0,59.0,59.0,13.0,2.0,11.0,11.0,1.0,13.0,59.985,59.985,50.0,7.692,7.692,True
2025-04-20 22:00:00,22,107.0,107.0,107.375,16.0,8.0,7.0,7.0,1.0,16.0,107.775,101.486,12.5,6.25,6.25,True
2025-04-20 23:00:00,23,75.0,75.0,75.75,5.0,4.0,1.0,1.0,0.0,5.0,76.501,74.858,0.0,0.0,0.0,True
2025-04-21 00:00:00,0,33.0,33.0,33.5,8.0,4.0,4.0,3.0,4.0,7.0,33.697,38.779,100.0,57.143,50.0,True
2025-04-21 01:00:00,1,66.0,66.0,66.4,5.0,5.0,0.0,0.0,2.0,5.0,66.526,71.958,40.0,40.0,40.0,True
2025-04-21 02:00:00,2,37.0,37.0,37.0,1.0,1.0,0.0,0.0,1.0,1.0,38.1,38.1,100.0,100.0,100.0,True
2025-04-21 03:00:00,3,45.0,45.0,45.333,4.0,3.0,1.0,0.0,2.0,3.0,46.183,30.647,66.667,66.667,50.0,True
2025-04-21 04:00:00,4,26.0,26.0,26.1,11.0,8.0,3.0,3.0,8.0,11.0,32.077,31.75,100.0,72.727,72.727,True
2025-04-21 05:00:00,5,53.0,53.0,53.893,20.0,16.0,4.0,3.0,6.0,19.0,63.677,63.572,37.5,31.579,30.0,True
2025-04-21 06:00:00,6,54.0,54.0,54.364,41.0,32.0,9.0,2.0,19.0,34.0,56.963,55.109,59.375,55.882,46.341,True
2025-04-21 07:00:00,7,62.0,62.0,62.234,487.0,420.0,66.0,31.0,116.0,452.0,75.037,78.723,27.619,25.664,23.819,True
2025-04-21 08:00:00,8,64.0,64.0,64.045,314.0,262.0,52.0,31.0,49.0,293.0,77.597,79.001,18.702,16.724,15.605,True
2025-04-21 09:00:00,9,47.0,47.0,47.701,279.0,233.0,46.0,31.0,178.0,264.0,48.012,45.885,76.395,67.424,63.799,True
2025-04-21 10:00:00,10,23.0,23.0,23.37,315.0,292.0,23.0,7.0,290.0,299.0,25.356,24.412,99.315,96.99,92.063,True
2025-04-21 11:00:00,11,22.0,22.0,22.902,495.0,459.0,36.0,25.0,459.0,484.0,23.433,22.093,100.0,94.835,92.727,True
2025-04-21 12:00:00,12,21.0,21.0,21.792,572.0,541.0,31.0,21.0,541.0,562.0,22.189,21.243,100.0,96.263,94.58,True
2025-04-21 13:00:00,13,20.0,20.0,20.904,495.0,470.0,25.0,13.0,470.0,483.0,21.406,20.012,100.0,97.308,94.949,True
2025-04-21 14:00:00,14,31.0,31.0,31.27,700.0,639.0,61.0,41.0,587.0,680.0,32.179,27.916,91.862,86.324,83.857,True
2025-04-21 15:00:00,15,47.0,47.0,47.518,664.0,556.0,108.0,78.0,384.0,634.0,48.975,43.713,69.065,60.568,57.831,True
2025-04-21 16:00:00,16,52.0,52.0,52.224,334.0,269.0,65.0,36.0,165.0,305.0,53.642,49.981,61.338,54.098,49.401,True
2025-04-21 17:00:00,17,41.0,41.0,41.36,207.0,164.0,43.0,25.0,124.0,189.0,42.291,37.335,75.61,65.608,59.903,True
2025-04-21 18:00:00,18,30.0,29.0,29.979,102.0,91.0,11.0,4.0,87.0,95.0,30.457,27.52,95.604,91.579,85.294,False
2025-04-21 19:00:00,19,29.0,29.0,29.776,72.0,59.0,13.0,7.0,57.0,66.0,30.435,29.687,96.61,86.364,79.167,True
2025-04-21 20:00:00,20,40.0,40.0,40.458,54.0,45.0,9.0,4.0,38.0,49.0,42.618,42.138,84.444,77.551,70.37,True
2025-04-21 21:00:00,21,38.0,39.0,39.091,28.0,22.0,6.0,4.0,19.0,26.0,39.357,34.962,86.364,73.077,67.857,False
2025-04-21 22:00:00,22,33.0,33.0,33.312,16.0,15.0,1.0,1.0,12.0,16.0,35.824,32.458,80.0,75.0,75.0,True
2025-04-21 23:00:00,23,28.0,28.0,28.8,6.0,5.0,1.0,1.0,5.0,6.0,29.701,26.618,100.0,83.333,83.333,True
2025-04-22 00:00:00,0,25.0,25.0,25.625,7.0,7.0,0.0,0.0,7.0,7.0,29.486,20.672,100.0,100.0,100.0,True
2025-04-22 01:00:00,1,27.0,27.0,27.0,2.0,2.0,0.0,0.0,2.0,2.0,27.094,27.094,100.0,100.0,100.0,True
2025-04-22 02:00:00,2,19.0,19.0,19.0,1.0,1.0,0.0,0.0,1.0,1.0,19.428,19.428,100.0,100.0,100.0,True
2025-04-22 03:00:00,3,24.0,24.0,24.5,6.0,6.0,0.0,0.0,6.0,6.0,24.791,24.467,100.0,100.0,100.0,True
2025-04-22 04:00:00,4,26.0,26.0,26.143,9.0,8.0,1.0,1.0,7.0,9.0,45.755,27.594,87.5,77.778,77.778,True
2025-04-22 05:00:00,5,48.0,48.0,48.48,27.0,20.0,7.0,2.0,13.0,22.0,48.45,30.14,65.0,59.091,48.148,True
2025-04-22 06:00:00,6,55.0,55.0,55.455,77.0,59.0,18.0,9.0,32.0,68.0,58.51,56.583,54.237,47.059,41.558,True
2025-04-22 07:00:00,7,67.0,67.0,67.477,556.0,444.0,112.0,65.0,99.0,509.0,80.813,82.125,22.297,19.45,17.806,True
2025-04-22 08:00:00,8,71.0,71.0,71.806,345.0,278.0,67.0,52.0,12.0,330.0,86.213,86.759,4.317,3.636,3.478,True
2025-04-22 09:00:00,9,61.0,61.0,61.996,276.0,226.0,50.0,43.0,109.0,269.0,62.84,61.848,48.23,40.52,39.493,True
2025-04-22 10:00:00,10,31.0,31.0,31.319,312.0,273.0,39.0,25.0,254.0,298.0,34.416,31.96,93.04,85.235,81.41,True
2025-04-22 11:00:00,11,27.0,27.0,27.052,541.0,507.0,33.0,19.0,506.0,527.0,27.826,26.771,99.803,96.015,93.53,True
2025-04-22 12:00:00,12,29.0,29.0,29.065,561.0,535.0,26.0,19.0,530.0,554.0,29.811,28.824,99.065,95.668,94.474,True
2025-04-22 13:00:00,13,26.0,26.0,26.555,501.0,464.0,36.0,19.0,457.0,484.0,27.059,24.597,98.491,94.421,91.218,True
2025-04-22 14:00:00,14,38.0,38.0,38.541,707.0,625.0,80.0,55.0,517.0,682.0,39.409,32.349,82.72,75.806,73.126,True
2025-04-22 15:00:00,15,62.0,62.0,62.571,640.0,488.0,151.0,119.0,255.0,608.0,64.249,58.422,52.254,41.941,39.844,True
2025-04-22 16:00:00,16,65.0,66.0,66.097,315.0,222.0,93.0,63.0,98.0,285.0,67.16,64.039,44.144,34.386,31.111,False
2025-04-22 17:00:00,17,48.0,48.0,48.154,169.0,130.0,39.0,32.0,89.0,162.0,49.319,44.22,68.462,54.938,52.663,True
2025-04-22 18:00:00,18,33.0,33.0,33.389,83.0,70.0,13.0,9.0,63.0,79.0,33.946,27.439,90.0,79.747,75.904,True
2025-04-22 19:00:00,19,27.0,27.0,27.208,54.0,51.0,3.0,2.0,51.0,53.0,28.237,27.327,100.0,96.226,94.444,True
2025-04-22 20:00:00,20,34.0,34.0,34.211,42.0,38.0,3.0,2.0,37.0,41.0,34.367,33.129,97.368,90.244,88.095,True
2025-04-22 21:00:00,21,33.0,33.0,33.095,24.0,21.0,3.0,2.0,21.0,23.0,33.289,30.286,100.0,91.304,87.5,True
2025-04-22 22:00:00,22,26.0,25.0,25.5,20.0,16.0,4.0,3.0,16.0,19.0,25.762,23.026,100.0,84.211,80.0,False
2025-04-22 23:00:00,23,32.0,32.0,32.0,8.0,8.0,0.0,0.0,8.0,8.0,32.175,36.132,100.0,100.0,100.0,True
2025-04-23 00:00:00,0,39.0,39.0,39.333,6.0,3.0,3.0,3.0,3.0,6.0,39.531,42.045,100.0,50.0,50.0,True
2025-04-23 01:00:00,1,43.0,43.0,43.667,3.0,3.0,0.0,0.0,3.0,3.0,44.11,39.641,100.0,100.0,100.0,True
2025-04-23 02:00:00,2,20.0,20.0,20.0,3.0,2.0,1.0,0.0,2.0,2.0,20.969,20.969,100.0,100.0,66.667,True
2025-04-23 03:00:00,3,38.0,38.0,38.8,5.0,5.0,0.0,0.0,5.0,5.0,39.276,44.879,100.0,100.0,100.0,True
2025-04-23 04:00:00,4,42.0,42.0,42.0,10.0,9.0,1.0,1.0,8.0,10.0,51.474,34.053,88.889,80.0,80.0,True
2025-04-23 05:00:00,5,56.0,56.0,56.467,22.0,20.0,2.0,2.0,9.0,22.0,68.587,69.887,45.0,40.909,40.909,True
2025-04-23 06:00:00,6,50.0,50.0,50.521,39.0,35.0,4.0,1.0,21.0,36.0,57.08,57.914,60.0,58.333,53.846,True
2025-04-23 07:00:00,7,54.0,54.0,54.653,459.0,364.0,95.0,38.0,144.0,402.0,66.505,66.679,39.56,35.821,31.373,True
2025-04-23 08:00:00,8,62.0,62.0,62.753,357.0,300.0,57.0,36.0,57.0,336.0,75.118,77.811,19.0,16.964,15.966,True
2025-04-23 09:00:00,9,50.0,50.0,50.356,301.0,258.0,43.0,29.0,173.0,287.0,51.435,49.802,67.054,60.279,57.475,True
2025-04-23 10:00:00,10,27.0,27.0,27.196,337.0,308.0,29.0,15.0,295.0,323.0,29.318,26.49,95.779,91.331,87.537,True
2025-04-23 11:00:00,11,26.0,26.0,26.171,551.0,505.0,46.0,27.0,500.0,532.0,26.817,25.625,99.01,93.985,90.744,True
2025-04-23 12:00:00,12,25.0,25.0,25.505,570.0,530.0,40.0,23.0,527.0,553.0,26.282,25.165,99.434,95.298,92.456,True
2025-04-23 13:00:00,13,21.0,21.0,21.748,542.0,511.0,31.0,17.0,511.0,528.0,22.239,21.392,100.0,96.78,94.28,True
2025-04-23 14:00:00,14,29.0,30.0,30.016,667.0,603.0,64.0,41.0,567.0,644.0,30.582,27.114,94.03,88.043,85.007,False
2025-04-23 15:00:00,15,49.0,49.0,49.622,697.0,555.0,142.0,101.0,394.0,656.0,51.351,45.378,70.991,60.061,56.528,True
2025-04-23 16:00:00,16,55.0,55.0,55.7,325.0,236.0,89.0,60.0,140.0,296.0,57.235,51.548,59.322,47.297,43.077,True
2025-04-23 17:00:00,17,41.0,41.0,41.602,214.0,166.0,48.0,27.0,133.0,193.0,42.45,37.729,80.12,68.912,62.15,True
2025-04-23 18:00:00,18,31.0,31.0,31.51,101.0,88.0,13.0,9.0,85.0,97.0,33.124,30.587,96.591,87.629,84.158,True
2025-04-23 19:00:00,19,28.0,28.0,28.517,62.0,57.0,5.0,2.0,57.0,59.0,29.226,27.663,100.0,96.61,91.935,True
2025-04-23 20:00:00,20,40.0,40.0,40.525,64.0,58.0,6.0,4.0,47.0,62.0,41.571,36.984,81.034,75.806,73.438,True
2025-04-23 21:00:00,21,44.0,44.0,44.714,34.0,28.0,6.0,4.0,24.0,32.0,44.946,43.155,85.714,75.0,70.588,True
2025-04-23 22:00:00,22,51.0,52.0,52.125,20.0,16.0,3.0,3.0,11.0,20.0,52.333,41.847,68.75,55.0,55.0,False
2025-04-23 23:00:00,23,40.0,40.0,40.667,3.0,3.0,0.0,0.0,2.0,3.0,41.291,36.455,66.667,66.667,66.667,True
2025-04-24 00:00:00,0,51.0,51.0,51.2,6.0,5.0,1.0,1.0,4.0,6.0,51.798,47.818,80.0,66.667,66.667,True
2025-04-24 01:00:00,1,40.0,40.0,40.0,6.0,4.0,2.0,2.0,4.0,6.0,39.832,37.123,100.0,66.667,66.667,True
2025-04-24 02:00:00,2,22.0,22.0,22.25,4.0,4.0,0.0,0.0,4.0,4.0,23.089,23.541,100.0,100.0,100.0,True
2025-04-24 03:00:00,3,31.0,31.0,31.0,3.0,3.0,0.0,0.0,3.0,3.0,31.602,29.714,100.0,100.0,100.0,True
2025-04-24 04:00:00,4,23.0,23.0,23.235,12.0,11.0,1.0,1.0,11.0,12.0,34.045,36.713,100.0,91.667,91.667,True
2025-04-24 05:00:00,5,51.0,51.0,51.087,22.0,18.0,4.0,1.0,10.0,19.0,53.737,43.686,55.556,52.632,45.455,True
2025-04-24 06:00:00,6,50.0,50.0,50.192,48.0,44.0,4.0,2.0,29.0,46.0,51.661,51.667,65.909,63.043,60.417,True
2025-04-24 07:00:00,7,44.0,44.0,44.984,428.0,318.0,110.0,32.0,200.0,350.0,53.944,53.482,62.893,57.143,46.729,True
2025-04-24 08:00:00,8,53.0,53.0,53.062,369.0,298.0,71.0,34.0,138.0,332.0,61.687,61.424,46.309,41.566,37.398,True
2025-04-24 09:00:00,9,38.0,38.0,38.245,304.0,262.0,42.0,21.0,235.0,283.0,38.488,37.058,89.695,83.039,77.303,True
2025-04-24 10:00:00,10,24.0,24.0,24.757,376.0,358.0,18.0,6.0,356.0,364.0,25.902,24.762,99.441,97.802,94.681,True
2025-04-24 11:00:00,11,27.0,27.0,27.342,518.0,493.0,25.0,15.0,487.0,508.0,28.181,26.064,98.783,95.866,94.015,True
2025-04-24 12:00:00,12,27.0,27.0,27.93,565.0,537.0,28.0,20.0,529.0,557.0,28.56,26.675,98.51,94.973,93.628,True
2025-04-24 13:00:00,13,24.0,24.0,24.622,477.0,441.0,35.0,21.0,437.0,463.0,25.231,24.772,99.093,94.384,91.614,True
2025-04-24 14:00:00,14,33.0,33.0,33.924,680.0,610.0,70.0,48.0,547.0,658.0,34.932,30.468,89.672,83.131,80.441,True
2025-04-24 15:00:00,15,58.0,58.0,58.277,639.0,513.0,126.0,94.0,289.0,607.0,59.846,55.238,56.335,47.611,45.227,True
2025-04-24 16:00:00,16,67.0,67.0,67.538,292.0,225.0,67.0,50.0,103.0,275.0,69.595,64.187,45.778,37.455,35.274,True
2025-04-24 17:00:00,17,59.0,59.0,59.762,200.0,153.0,47.0,38.0,80.0,191.0,61.603,58.151,52.288,41.885,40.0,True
2025-04-24 18:00:00,18,49.0,49.0,49.39,91.0,75.0,16.0,13.0,53.0,88.0,50.486,38.774,70.667,60.227,58.242,True
2025-04-24 19:00:00,19,41.0,41.0,41.62,83.0,68.0,15.0,13.0,53.0,81.0,42.142,36.652,77.941,65.432,63.855,True
2025-04-24 20:00:00,20,57.0,57.0,57.089,61.0,43.0,18.0,14.0,26.0,57.0,60.04,53.536,60.465,45.614,42.623,True
2025-04-24 21:00:00,21,59.0,59.0,59.143,30.0,21.0,9.0,9.0,12.0,30.0,59.318,54.73,57.143,40.0,40.0,True
2025-04-24 22:00:00,22,48.0,48.0,48.846,15.0,13.0,2.0,2.0,10.0,15.0,49.179,48.354,76.923,66.667,66.667,True
2025-04-24 23:00:00,23,41.0,41.0,41.667,7.0,6.0,1.0,1.0,6.0,7.0,41.997,46.396,100.0,85.714,85.714,True
2025-04-25 00:00:00,0,44.0,44.0,44.4,6.0,5.0,1.0,1.0,4.0,6.0,44.699,41.583,80.0,66.667,66.667,True
2025-04-25 01:00:00,1,38.0,38.0,38.5,8.0,6.0,2.0,1.0,6.0,7.0,39.284,41.125,100.0,85.714,75.0,True
2025-04-25 02:00:00,2,16.0,16.0,16.5,3.0,3.0,0.0,0.0,3.0,3.0,22.025,23.831,100.0,100.0,100.0,True
2025-04-25 03:00:00,3,35.0,35.0,35.4,5.0,5.0,0.0,0.0,5.0,5.0,35.836,39.018,100.0,100.0,100.0,True
2025-04-25 04:00:00,4,28.0,28.0,28.909,9.0,9.0,0.0,0.0,9.0,9.0,35.04,32.874,100.0,100.0,100.0,True
2025-04-25 05:00:00,5,55.0,55.0,55.786,17.0,17.0,0.0,0.0,6.0,17.0,69.758,79.583,35.294,35.294,35.294,True
2025-04-25 06:00:00,6,51.0,51.0,51.69,36.0,32.0,4.0,0.0,16.0,32.0,60.31,59.854,50.0,50.0,44.444,True
2025-04-25 07:00:00,7,52.0,52.0,52.881,415.0,337.0,78.0,30.0,142.0,367.0,64.054,62.741,42.136,38.692,34.217,True
2025-04-25 08:00:00,8,58.0,58.0,58.933,333.0,290.0,43.0,27.0,99.0,317.0,68.797,69.731,34.138,31.23,29.73,True
2025-04-25 09:00:00,9,49.0,49.0,49.644,297.0,252.0,45.0,20.0,182.0,272.0,50.674,50.064,72.222,66.912,61.279,True
2025-04-25 10:00:00,10,29.0,29.0,29.146,372.0,329.0,43.0,25.0,319.0,354.0,31.541,29.569,96.96,90.113,85.753,True
2025-04-25 11:00:00,11,28.0,28.0,28.74,518.0,487.0,31.0,23.0,481.0,510.0,29.285,28.804,98.768,94.314,92.857,True
2025-04-25 12:00:00,12,29.0,29.0,29.176,560.0,514.0,45.0,30.0,503.0,545.0,30.06,28.674,97.86,92.294,89.821,True
2025-04-25 13:00:00,13,24.0,24.0,24.859,520.0,479.0,41.0,22.0,474.0,501.0,25.271,23.142,98.956,94.611,91.154,True
2025-04-25 14:00:00,14,40.0,40.0,40.44,698.0,590.0,108.0,75.0,484.0,665.0,41.594,35.154,82.034,72.782,69.341,True
2025-04-25 15:00:00,15,60.0,60.0,60.479,592.0,455.0,137.0,106.0,254.0,561.0,62.773,55.673,55.824,45.276,42.905,True
2025-04-25 16:00:00,16,82.0,82.0,82.176,357.0,249.0,108.0,85.0,70.0,334.0,84.243,83.911,28.112,20.958,19.608,True
2025-04-25 17:00:00,17,67.0,67.0,67.675,178.0,119.0,59.0,49.0,51.0,168.0,69.555,63.97,42.857,30.357,28.652,True
2025-04-25 18:00:00,18,50.0,50.0,50.737,100.0,73.0,27.0,16.0,47.0,89.0,52.751,49.371,64.384,52.809,47.0,True
2025-04-25 19:00:00,19,46.0,46.0,46.794,85.0,67.0,18.0,14.0,46.0,81.0,48.059,39.804,68.657,56.79,54.118,True
2025-04-25 20:00:00,20,77.0,77.0,77.8,66.0,43.0,23.0,21.0,13.0,64.0,78.82,74.097,30.233,20.312,19.697,True
2025-04-25 21:00:00,21,98.0,98.0,98.143,39.0,21.0,18.0,18.0,2.0,39.0,98.528,101.913,9.524,5.128,5.128,True
2025-04-25 22:00:00,22,73.0,73.0,73.556,12.0,9.0,3.0,3.0,4.0,12.0,73.859,75.757,44.444,33.333,33.333,True
2025-04-25 23:00:00,23,66.0,66.0,66.167,15.0,12.0,3.0,3.0,5.0,15.0,66.812,63.375,41.667,33.333,33.333,True
2025-04-26 00:00:00,0,43.0,43.0,43.429,7.0,6.0,1.0,0.0,4.0,6.0,48.864,41.827,66.667,66.667,57.143,True
2025-04-26 01:00:00,1,50.0,50.0,50.0,4.0,4.0,0.0,0.0,3.0,4.0,50.453,49.121,75.0,75.0,75.0,True
2025-04-26 02:00:00,2,47.0,47.0,47.0,3.0,1.0,2.0,2.0,1.0,3.0,47.179,47.179,100.0,33.333,33.333,True
2025-04-26 03:00:00,3,29.0,29.0,29.0,6.0,6.0,0.0,0.0,6.0,6.0,29.851,25.339,100.0,100.0,100.0,True
2025-04-26 04:00:00,4,25.0,25.0,25.562,13.0,12.0,1.0,1.0,12.0,13.0,35.397,33.057,100.0,92.308,92.308,True
2025-04-26 05:00:00,5,21.0,21.0,21.786,13.0,11.0,2.0,2.0,11.0,13.0,24.698,24.812,100.0,84.615,84.615,True
2025-04-26 06:00:00,6,95.0,95.0,95.1,21.0,15.0,6.0,6.0,2.0,21.0,94.658,96.669,13.333,9.524,9.524,True
2025-04-26 07:00:00,7,59.0,59.0,59.392,97.0,80.0,17.0,13.0,37.0,93.0,63.762,61.942,46.25,39.785,38.144,True
2025-04-26 08:00:00,8,45.0,44.0,44.865,145.0,110.0,35.0,25.0,72.0,135.0,52.784,44.374,65.455,53.333,49.655,False
2025-04-26 09:00:00,9,70.0,70.0,70.219,213.0,142.0,71.0,63.0,59.0,205.0,71.584,70.955,41.549,28.78,27.7,True
2025-04-26 10:00:00,10,77.0,77.0,77.357,218.0,149.0,69.0,64.0,32.0,213.0,91.251,97.143,21.477,15.023,14.679,True
2025-04-26 11:00:00,11,71.0,70.0,70.698,242.0,186.0,56.0,46.0,45.0,232.0,72.562,71.342,24.194,19.397,18.595,False
2025-04-26 12:00:00,12,54.0,54.0,54.707,218.0,160.0,58.0,44.0,87.0,204.0,57.099,56.924,54.375,42.647,39.908,True
2025-04-26 13:00:00,13,44.0,44.0,44.955,184.0,152.0,32.0,24.0,123.0,176.0,45.693,42.835,80.921,69.886,66.848,True
2025-04-26 14:00:00,14,39.0,39.0,39.608,218.0,176.0,42.0,28.0,150.0,204.0,40.243,35.191,85.227,73.529,68.807,True
2025-04-26 15:00:00,15,51.0,51.0,51.244,229.0,172.0,57.0,42.0,116.0,214.0,53.86,50.415,67.442,54.206,50.655,True
2025-04-26 16:00:00,16,75.0,75.0,75.658,161.0,115.0,46.0,41.0,29.0,156.0,80.652,81.616,25.217,18.59,18.012,True
2025-04-26 17:00:00,17,85.0,85.0,85.225,119.0,86.0,33.0,29.0,21.0,115.0,84.519,83.83,24.419,18.261,17.647,True
2025-04-26 18:00:00,18,71.0,72.0,72.091,89.0,54.0,35.0,29.0,24.0,83.0,72.036,66.402,44.444,28.916,26.966,False
2025-04-26 19:00:00,19,68.0,68.0,68.178,68.0,45.0,23.0,18.0,21.0,63.0,68.58,61.706,46.667,33.333,30.882,True
2025-04-26 20:00:00,20,80.0,80.0,80.452,46.0,30.0,16.0,16.0,8.0,46.0,83.503,96.258,26.667,17.391,17.391,True
2025-04-26 21:00:00,21,74.0,74.0,74.632,29.0,17.0,12.0,12.0,4.0,29.0,83.144,96.911,23.529,13.793,13.793,True
2025-04-26 22:00:00,22,68.0,68.0,68.0,22.0,10.0,12.0,8.0,4.0,18.0,68.177,67.829,40.0,22.222,18.182,True
2025-04-26 23:00:00,23,42.0,42.0,42.167,12.0,6.0,6.0,5.0,5.0,11.0,42.288,41.155,83.333,45.455,41.667,True
2025-04-27 00:00:00,0,46.0,46.0,46.889,11.0,9.0,2.0,2.0,7.0,11.0,47.342,46.883,77.778,63.636,63.636,True
2025-04-27 01:00:00,1,65.0,65.0,65.0,5.0,4.0,1.0,1.0,1.0,5.0,66.149,65.937,25.0,20.0,20.0,True
2025-04-27 02:00:00,2,57.0,57.0,57.667,4.0,3.0,1.0,1.0,2.0,4.0,58.115,56.35,66.667,50.0,50.0,True
2025-04-27 03:00:00,3,29.0,29.0,29.857,7.0,7.0,0.0,0.0,7.0,7.0,30.756,30.873,100.0,100.0,100.0,True
2025-04-27 04:00:00,4,29.0,29.0,29.25,6.0,4.0,2.0,1.0,4.0,5.0,30.014,33.373,100.0,80.0,66.667,True
2025-04-27 05:00:00,5,33.0,33.0,33.0,7.0,6.0,1.0,1.0,6.0,7.0,33.785,33.092,100.0,85.714,85.714,True
2025-04-27 06:00:00,6,55.0,55.0,55.8,8.0,7.0,1.0,1.0,2.0,8.0,62.821,67.15,28.571,25.0,25.0,True
2025-04-27 07:00:00,7,48.0,48.0,48.439,87.0,78.0,9.0,5.0,53.0,83.0,54.432,52.609,67.949,63.855,60.92,True
2025-04-27 08:00:00,8,52.0,52.0,52.573,177.0,141.0,36.0,30.0,83.0,171.0,58.936,51.673,58.865,48.538,46.893,True
2025-04-27 09:00:00,9,67.0,67.0,67.349,183.0,123.0,60.0,52.0,47.0,175.0,68.87,70.721,38.211,26.857,25.683,True
2025-04-27 10:00:00,10,46.0,47.0,47.27,105.0,79.0,26.0,24.0,43.0,103.0,59.16,57.22,54.43,41.748,40.952,False
2025-04-27 11:00:00,11,40.0,40.0,40.364,150.0,129.0,21.0,16.0,102.0,145.0,41.449,37.329,79.07,70.345,68.0,True
2025-04-27 12:00:00,12,32.0,32.0,32.977,240.0,217.0,23.0,14.0,206.0,231.0,33.621,31.188,94.931,89.177,85.833,True
2025-04-27 13:00:00,13,34.0,34.0,34.984,208.0,187.0,21.0,16.0,170.0,203.0,36.002,32.592,90.909,83.744,81.731,True
2025-04-27 14:00:00,14,36.0,36.0,36.491,178.0,162.0,16.0,9.0,148.0,171.0,37.407,35.165,91.358,86.55,83.146,True
2025-04-27 15:00:00,15,45.0,45.0,45.306,138.0,119.0,19.0,13.0,91.0,132.0,45.871,39.843,76.471,68.939,65.942,True
2025-04-27 16:00:00,16,48.0,48.0,48.978,111.0,87.0,24.0,17.0,56.0,104.0,50.052,45.314,64.368,53.846,50.45,True
2025-04-27 17:00:00,17,63.0,62.0,62.57,98.0,78.0,20.0,17.0,44.0,95.0,63.381,53.613,56.41,46.316,44.898,False
2025-04-27 18:00:00,18,53.0,53.0,53.607,79.0,60.0,19.0,16.0,38.0,76.0,54.915,43.546,63.333,50.0,48.101,True
2025-04-27 19:00:00,19,71.0,69.0,69.639,50.0,36.0,14.0,12.0,18.0,48.0,70.201,57.407,50.0,37.5,36.0,False
2025-04-27 20:00:00,20,94.0,94.0,94.214,35.0,14.0,21.0,20.0,3.0,34.0,94.415,100.579,21.429,8.824,8.571,True
2025-04-27 21:00:00,21,101.0,101.0,101.182,18.0,11.0,7.0,5.0,2.0,16.0,101.427,98.111,18.182,12.5,11.111,True
2025-04-27 22:00:00,22,79.0,79.0,79.875,13.0,8.0,5.0,5.0,0.0,13.0,80.317,72.559,0.0,0.0,0.0,True
2025-04-27 23:00:00,23,46.0,46.0,46.0,4.0,4.0,0.0,0.0,3.0,4.0,46.681,42.231,75.0,75.0,75.0,True
2025-04-28 00:00:00,0,45.0,45.0,45.333,5.0,3.0,2.0,1.0,3.0,4.0,45.523,43.711,100.0,75.0,60.0,True
2025-04-28 01:00:00,1,23.0,23.0,23.333,4.0,3.0,1.0,0.0,3.0,3.0,23.416,26.719,100.0,100.0,75.0,True
2025-04-28 02:00:00,2,27.0,27.0,27.4,5.0,5.0,0.0,0.0,5.0,5.0,28.115,24.177,100.0,100.0,100.0,True
2025-04-28 03:00:00,3,24.0,24.0,24.0,8.0,8.0,0.0,0.0,8.0,8.0,24.137,22.885,100.0,100.0,100.0,True
2025-04-28 04:00:00,4,23.0,23.0,23.0,6.0,5.0,1.0,1.0,5.0,6.0,30.371,28.135,100.0,83.333,83.333,True
2025-04-28 05:00:00,5,61.0,61.0,61.548,20.0,18.0,2.0,2.0,5.0,20.0,78.863,85.73,27.778,25.0,25.0,True
2025-04-28 06:00:00,6,58.0,58.0,58.519,42.0,39.0,3.0,1.0,18.0,40.0,57.937,60.994,46.154,45.0,42.857,True
2025-04-28 07:00:00,7,61.0,61.0,61.798,458.0,369.0,89.0,43.0,99.0,412.0,76.062,78.975,26.829,24.029,21.616,True
2025-04-28 08:00:00,8,68.0,68.0,68.479,359.0,296.0,63.0,43.0,33.0,339.0,81.183,82.839,11.149,9.735,9.192,True
2025-04-28 09:00:00,9,57.0,57.0,57.346,264.0,217.0,47.0,32.0,116.0,249.0,58.785,57.501,53.456,46.586,43.939,True
2025-04-28 10:00:00,10,31.0,31.0,31.606,310.0,282.0,28.0,18.0,270.0,300.0,34.003,32.799,95.745,90.0,87.097,True
2025-04-28 11:00:00,11,28.0,28.0,28.47,509.0,477.0,32.0,19.0,464.0,496.0,29.555,27.294,97.275,93.548,91.159,True
2025-04-28 12:00:00,12,26.0,26.0,26.801,552.0,505.0,47.0,28.0,502.0,533.0,27.127,25.007,99.406,94.184,90.942,True
2025-04-28 13:00:00,13,22.0,22.0,22.301,508.0,467.0,41.0,22.0,467.0,489.0,22.735,22.143,100.0,95.501,91.929,True
2025-04-28 14:00:00,14,37.0,37.0,37.202,704.0,607.0,97.0,76.0,518.0,683.0,38.374,32.654,85.338,75.842,73.58,True
2025-04-28 15:00:00,15,56.0,56.0,56.013,621.0,498.0,123.0,97.0,281.0,595.0,58.063,52.773,56.426,47.227,45.25,True
2025-04-28 16:00:00,16,61.0,61.0,61.874,323.0,241.0,82.0,55.0,127.0,296.0,63.643,57.16,52.697,42.905,39.319,True
2025-04-28 17:00:00,17,49.0,49.0,49.382,209.0,157.0,52.0,32.0,103.0,189.0,50.527,38.299,65.605,54.497,49.282,True
2025-04-28 18:00:00,18,38.0,38.0,38.678,103.0,87.0,16.0,11.0,73.0,98.0,39.315,36.404,83.908,74.49,70.874,True
2025-04-28 19:00:00,19,27.0,27.0,27.481,55.0,48.0,6.0,2.0,47.0,51.0,28.77,26.422,97.917,92.157,85.455,True
2025-04-28 20:00:00,20,28.0,28.0,28.028,35.0,34.0,1.0,1.0,34.0,35.0,29.359,31.008,100.0,97.143,97.143,True
2025-04-28 21:00:00,21,29.0,28.0,28.929,29.0,28.0,1.0,1.0,28.0,29.0,29.125,29.223,100.0,96.552,96.552,False
2025-04-28 22:00:00,22,20.0,20.0,20.778,12.0,9.0,3.0,2.0,9.0,11.0,21.104,21.403,100.0,81.818,75.0,True
2025-04-28 23:00:00,23,28.0,28.0,28.889,10.0,9.0,1.0,1.0,8.0,10.0,29.318,22.646,88.889,80.0,80.0,True
2025-04-29 00:00:00,0,39.0,39.0,39.5,5.0,4.0,1.0,1.0,4.0,5.0,39.628,40.917,100.0,80.0,80.0,True
2025-04-29 01:00:00,1,27.0,27.0,27.0,3.0,2.0,1.0,1.0,2.0,3.0,28.2,28.2,100.0,66.667,66.667,True
2025-04-29 02:00:00,2,17.0,17.0,17.0,2.0,1.0,1.0,1.0,1.0,2.0,17.812,17.812,100.0,50.0,50.0,True
2025-04-29 03:00:00,3,22.0,22.0,22.0,3.0,3.0,0.0,0.0,3.0,3.0,21.006,17.573,100.0,100.0,100.0,True
2025-04-29 04:00:00,4,22.0,22.0,22.789,14.0,12.0,2.0,2.0,12.0,14.0,32.52,34.787,100.0,85.714,85.714,True
2025-04-29 05:00:00,5,46.0,46.0,46.227,19.0,16.0,3.0,0.0,11.0,16.0,43.759,28.767,68.75,68.75,57.895,True
2025-04-29 06:00:00,6,50.0,50.0,50.91,38.0,35.0,3.0,1.0,23.0,36.0,50.881,51.618,65.714,63.889,60.526,True
2025-04-29 07:00:00,7,56.0,56.0,56.888,489.0,400.0,89.0,48.0,155.0,448.0,68.811,67.739,38.75,34.598,31.697,True
2025-04-29 08:00:00,8,63.0,63.0,63.301,368.0,303.0,65.0,46.0,62.0,349.0,74.262,75.232,20.462,17.765,16.848,True
2025-04-29 09:00:00,9,49.0,49.0,49.921,290.0,243.0,46.0,33.0,176.0,277.0,50.598,48.731,72.428,63.538,60.69,True
2025-04-29 10:00:00,10,27.0,27.0,27.073,328.0,300.0,28.0,14.0,293.0,314.0,29.174,27.239,97.667,93.312,89.329,True
2025-04-29 11:00:00,11,27.0,27.0,27.459,528.0,492.0,35.0,21.0,482.0,514.0,28.154,26.816,97.967,93.774,91.288,True
2025-04-29 12:00:00,12,26.0,26.0,26.193,535.0,500.0,35.0,23.0,496.0,523.0,26.778,25.03,99.2,94.837,92.71,True
2025-04-29 13:00:00,13,24.0,24.0,24.099,502.0,467.0,35.0,22.0,462.0,489.0,24.526,22.997,98.929,94.479,92.032,True
2025-04-29 14:00:00,14,39.0,39.0,39.642,733.0,640.0,93.0,70.0,532.0,710.0,40.769,32.813,83.125,74.93,72.578,True
2025-04-29 15:00:00,15,63.0,63.0,63.924,613.0,494.0,119.0,89.0,259.0,583.0,66.2,56.389,52.429,44.425,42.251,True
2025-04-29 16:00:00,16,77.0,77.0,77.692,293.0,213.0,80.0,72.0,70.0,285.0,79.001,75.852,32.864,24.561,23.891,True
2025-04-29 17:00:00,17,67.0,67.0,67.5,180.0,136.0,44.0,35.0,57.0,171.0,71.484,72.461,41.912,33.333,31.667,True
2025-04-29 18:00:00,18,49.0,49.0,49.738,110.0,83.0,27.0,17.0,60.0,100.0,50.304,46.095,72.289,60.0,54.545,True
2025-04-29 19:00:00,19,53.0,53.0,53.371,79.0,62.0,17.0,14.0,42.0,76.0,53.709,44.253,67.742,55.263,53.165,True
2025-04-29 20:00:00,20,75.0,75.0,75.8,68.0,40.0,28.0,25.0,11.0,65.0,79.207,85.109,27.5,16.923,16.176,True
2025-04-29 21:00:00,21,65.0,65.0,65.667,34.0,22.0,12.0,11.0,11.0,33.0,66.425,59.738,50.0,33.333,32.353,True
2025-04-29 22:00:00,22,47.0,47.0,47.571,18.0,14.0,4.0,4.0,9.0,18.0,47.784,46.469,64.286,50.0,50.0,True
2025-04-29 23:00:00,23,44.0,44.0,44.444,9.0,9.0,0.0,0.0,7.0,9.0,44.888,41.264,77.778,77.778,77.778,True
2025-04-30 00:00:00,0,53.0,53.0,53.4,7.0,5.0,2.0,2.0,4.0,7.0,53.998,46.551,80.0,57.143,57.143,True
2025-04-30 01:00:00,1,49.0,49.0,49.0,5.0,5.0,0.0,0.0,5.0,5.0,48.958,46.634,100.0,100.0,100.0,True
2025-04-30 02:00:00,2,26.0,26.0,26.0,3.0,3.0,0.0,0.0,3.0,3.0,35.073,32.154,100.0,100.0,100.0,True
2025-04-30 03:00:00,3,25.0,25.0,25.8,5.0,5.0,0.0,0.0,5.0,5.0,26.274,27.808,100.0,100.0,100.0,True
2025-04-30 04:00:00,4,25.0,25.0,25.778,7.0,7.0,0.0,0.0,7.0,7.0,28.545,22.385,100.0,100.0,100.0,True
2025-04-30 05:00:00,5,61.0,61.0,61.067,19.0,18.0,1.0,0.0,3.0,18.0,76.432,82.328,16.667,16.667,15.789,True
2025-04-30 06:00:00,6,57.0,57.0,57.548,37.0,32.0,5.0,1.0,13.0,33.0,63.084,61.632,40.625,39.394,35.135,True
2025-04-30 07:00:00,7,57.0,57.0,57.569,436.0,365.0,71.0,43.0,128.0,408.0,68.668,67.74,35.068,31.373,29.358,True
2025-04-30 08:00:00,8,64.0,64.0,64.841,344.0,287.0,57.0,34.0,55.0,321.0,77.879,78.132,19.164,17.134,15.988,True
2025-04-30 09:00:00,9,51.0,51.0,51.29,245.0,207.0,38.0,20.0,140.0,227.0,52.199,49.302,67.633,61.674,57.143,True
2025-04-30 10:00:00,10,29.0,29.0,29.07,312.0,286.0,26.0,14.0,275.0,300.0,31.131,29.994,96.154,91.667,88.141,True
2025-04-30 11:00:00,11,32.0,32.0,32.251,545.0,504.0,41.0,29.0,492.0,533.0,33.204,31.571,97.619,92.308,90.275,True
2025-04-30 12:00:00,12,30.0,30.0,30.797,547.0,497.0,50.0,36.0,480.0,533.0,31.451,29.641,96.579,90.056,87.751,True
2025-04-30 13:00:00,13,27.0,27.0,27.513,517.0,481.0,36.0,23.0,474.0,504.0,28.124,26.687,98.545,94.048,91.683,True
2025-04-30 14:00:00,14,42.0,41.0,41.816,716.0,620.0,95.0,69.0,508.0,690.0,42.977,36.906,81.935,73.623,70.95,False
2025-04-30 15:00:00,15,63.0,64.0,64.01,609.0,468.0,141.0,116.0,208.0,584.0,66.798,63.896,44.444,35.616,34.154,False
2025-04-30 16:00:00,16,81.0,80.0,80.898,315.0,243.0,72.0,57.0,57.0,300.0,82.816,85.963,23.457,19.0,18.095,False
2025-04-30 17:00:00,17,69.0,70.0,70.234,174.0,128.0,45.0,40.0,46.0,169.0,74.058,74.497,35.938,27.219,26.437,False
2025-04-30 18:00:00,18,52.0,51.0,51.321,96.0,77.0,19.0,11.0,52.0,88.0,50.215,47.037,67.532,59.091,54.167,False
2025-04-30 19:00:00,19,34.0,34.0,34.5,73.0,58.0,15.0,12.0,50.0,70.0,34.742,31.527,86.207,71.429,68.493,True
2025-04-30 20:00:00,20,50.0,49.0,49.788,71.0,50.0,21.0,16.0,33.0,66.0,51.456,46.085,66.0,50.0,46.479,False
2025-04-30 21:00:00,21,47.0,47.0,47.565,28.0,23.0,5.0,3.0,17.0,26.0,47.985,45.734,73.913,65.385,60.714,True
2025-04-30 22:00:00,22,28.0,28.0,28.786,15.0,14.0,1.0,1.0,14.0,15.0,28.823,29.054,100.0,93.333,93.333,True
2025-04-30 23:00:00,23,37.0,41.0,41.5,6.0,2.0,2.0,2.0,2.0,6.0,42.013,42.013,100.0,33.333,33.333,False
2025-05-01 00:00:00,0,52.0,52.0,52.75,9.0,8.0,1.0,1.0,4.0,9.0,53.069,53.478,50.0,44.444,44.444,True
2025-05-01 01:00:00,1,41.0,41.0,41.0,9.0,4.0,5.0,5.0,3.0,9.0,47.541,45.665,75.0,33.333,33.333,True
2025-05-01 02:00:00,2,28.0,28.0,28.5,5.0,4.0,1.0,1.0,4.0,5.0,29.182,31.823,100.0,80.0,80.0,True
2025-05-01 03:00:00,3,25.0,25.0,25.5,4.0,4.0,0.0,0.0,4.0,4.0,25.862,27.706,100.0,100.0,100.0,True
2025-05-01 04:00:00,4,22.0,22.0,22.067,12.0,10.0,2.0,2.0,10.0,12.0,31.722,29.324,100.0,83.333,83.333,True
2025-05-01 05:00:00,5,34.0,34.0,34.167,16.0,14.0,2.0,2.0,12.0,16.0,40.913,31.715,85.714,75.0,75.0,True
2025-05-01 06:00:00,6,49.0,49.0,49.667,18.0,17.0,1.0,0.0,13.0,17.0,51.945,52.532,76.471,76.471,72.222,True
2025-05-01 07:00:00,7,26.0,26.0,26.283,71.0,49.0,22.0,11.0,48.0,60.0,29.455,29.811,97.959,80.0,67.606,True
2025-05-01 08:00:00,8,22.0,22.0,22.338,127.0,100.0,27.0,11.0,100.0,111.0,22.436,21.12,100.0,90.09,78.74,True
2025-05-01 09:00:00,9,24.0,24.0,24.855,191.0,163.0,28.0,16.0,159.0,179.0,26.306,24.158,97.546,88.827,83.246,True
2025-05-01 10:00:00,10,25.0,25.0,25.879,225.0,206.0,19.0,11.0,204.0,217.0,27.345,25.988,99.029,94.009,90.667,True
2025-05-01 11:00:00,11,28.0,29.0,29.044,236.0,217.0,19.0,9.0,210.0,226.0,29.62,28.953,96.774,92.92,88.983,False
2025-05-01 12:00:00,12,23.0,23.0,23.386,219.0,200.0,19.0,13.0,200.0,213.0,23.985,23.247,100.0,93.897,91.324,True
2025-05-01 13:00:00,13,23.0,23.0,23.483,211.0,198.0,13.0,7.0,196.0,205.0,23.931,22.274,98.99,95.61,92.891,True
2025-05-01 14:00:00,14,22.0,22.0,22.556,174.0,165.0,9.0,5.0,164.0,170.0,23.368,21.992,99.394,96.471,94.253,True
2025-05-01 15:00:00,15,25.0,25.0,25.397,202.0,171.0,31.0,16.0,168.0,187.0,26.267,24.533,98.246,89.84,83.168,True
2025-05-01 16:00:00,16,27.0,27.0,27.453,169.0,134.0,35.0,19.0,127.0,153.0,27.801,23.466,94.776,83.007,75.148,True
2025-05-01 17:00:00,17,24.0,24.0,24.434,117.0,98.0,19.0,8.0,98.0,106.0,24.977,22.81,100.0,92.453,83.761,True
2025-05-01 18:00:00,18,27.0,27.0,27.459,75.0,61.0,14.0,7.0,59.0,68.0,27.792,24.181,96.721,86.765,78.667,True
2025-05-01 19:00:00,19,28.0,28.0,28.291,60.0,54.0,6.0,4.0,53.0,58.0,29.094,27.373,98.148,91.379,88.333,True
2025-05-01 20:00:00,20,41.0,40.0,40.083,50.0,36.0,14.0,8.0,33.0,44.0,40.37,39.466,91.667,75.0,66.0,False
2025-05-01 21:00:00,21,40.0,40.0,40.6,29.0,20.0,9.0,6.0,19.0,26.0,40.724,42.116,95.0,73.077,65.517,True
2025-05-01 22:00:00,22,34.0,34.0,34.727,11.0,11.0,0.0,0.0,11.0,11.0,35.165,37.379,100.0,100.0,100.0,True
2025-05-01 23:00:00,23,24.0,24.0,24.286,9.0,7.0,2.0,2.0,7.0,9.0,24.865,22.38,100.0,77.778,77.778,True
2025-05-02 00:00:00,0,51.0,51.0,51.75,5.0,4.0,1.0,1.0,2.0,5.0,52.301,57.347,50.0,40.0,40.0,True
2025-05-02 01:00:00,1,26.0,26.0,26.0,4.0,3.0,1.0,1.0,3.0,4.0,25.981,24.19,100.0,75.0,75.0,True
2025-05-02 02:00:00,2,29.0,29.0,29.5,2.0,2.0,0.0,0.0,2.0,2.0,29.913,29.913,100.0,100.0,100.0,True
2025-05-02 03:00:00,3,19.0,19.0,19.333,3.0,3.0,0.0,0.0,3.0,3.0,19.731,20.043,100.0,100.0,100.0,True
2025-05-02 04:00:00,4,25.0,25.0,25.0,9.0,7.0,2.0,2.0,7.0,9.0,30.965,28.36,100.0,77.778,77.778,True
2025-05-02 05:00:00,5,46.0,46.0,46.4,16.0,14.0,2.0,0.0,5.0,14.0,64.726,67.041,35.714,35.714,31.25,True
2025-05-02 06:00:00,6,47.0,47.0,47.877,37.0,33.0,4.0,0.0,21.0,33.0,50.001,50.552,63.636,63.636,56.757,True
2025-05-02 07:00:00,7,28.0,28.0,28.781,234.0,158.0,76.0,27.0,146.0,185.0,31.895,30.31,92.405,78.919,62.393,True
2025-05-02 08:00:00,8,25.0,25.0,25.268,408.0,316.0,92.0,26.0,315.0,342.0,26.64,25.201,99.684,92.105,77.206,True
2025-05-02 09:00:00,9,21.0,21.0,21.362,380.0,340.0,40.0,13.0,340.0,353.0,21.689,20.809,100.0,96.317,89.474,True
2025-05-02 10:00:00,10,20.0,20.0,20.881,401.0,367.0,33.0,8.0,366.0,376.0,21.787,21.26,99.728,97.34,91.272,True
2025-05-02 11:00:00,11,24.0,24.0,24.425,487.0,462.0,24.0,17.0,456.0,480.0,24.951,23.508,98.701,95.0,93.634,True
2025-05-02 12:00:00,12,23.0,23.0,23.809,544.0,517.0,27.0,14.0,516.0,531.0,24.361,22.917,99.807,97.175,94.853,True
2025-05-02 13:00:00,13,21.0,21.0,21.542,482.0,460.0,22.0,15.0,457.0,475.0,22.188,20.874,99.348,96.211,94.813,True
2025-05-02 14:00:00,14,29.0,29.0,29.789,570.0,503.0,67.0,44.0,475.0,547.0,30.627,26.46,94.433,86.837,83.333,True
2025-05-02 15:00:00,15,46.0,46.0,46.954,541.0,464.0,77.0,50.0,333.0,514.0,48.593,43.758,71.767,64.786,61.553,True
2025-05-02 16:00:00,16,56.0,56.0,56.967,287.0,228.0,59.0,36.0,124.0,264.0,58.286,57.366,54.386,46.97,43.206,True
2025-05-02 17:00:00,17,42.0,42.0,42.539,184.0,144.0,40.0,20.0,116.0,164.0,43.065,39.239,80.556,70.732,63.043,True
2025-05-02 18:00:00,18,32.0,33.0,33.082,111.0,93.0,18.0,8.0,88.0,101.0,33.633,33.806,94.624,87.129,79.279,False
2025-05-02 19:00:00,19,31.0,31.0,31.324,72.0,70.0,2.0,2.0,68.0,72.0,31.875,29.171,97.143,94.444,94.444,True
2025-05-02 20:00:00,20,36.0,36.0,36.312,54.0,47.0,7.0,5.0,43.0,52.0,37.361,36.892,91.489,82.692,79.63,True
2025-05-02 21:00:00,21,45.0,45.0,45.036,35.0,28.0,7.0,6.0,21.0,34.0,45.505,44.959,75.0,61.765,60.0,True
2025-05-02 22:00:00,22,44.0,44.0,44.444,26.0,19.0,7.0,5.0,16.0,24.0,44.43,44.262,84.211,66.667,61.538,True
2025-05-02 23:00:00,23,31.0,33.0,33.556,14.0,8.0,4.0,4.0,8.0,14.0,33.356,28.948,100.0,57.143,57.143,False
2025-05-03 00:00:00,0,39.0,39.0,39.375,11.0,8.0,3.0,2.0,6.0,10.0,39.824,32.221,75.0,60.0,54.545,True
2025-05-03 01:00:00,1,59.0,59.0,59.2,5.0,5.0,0.0,0.0,3.0,5.0,59.804,58.55,60.0,60.0,60.0,True
2025-05-03 02:00:00,2,40.0,40.0,40.333,3.0,3.0,0.0,0.0,2.0,3.0,40.701,34.151,66.667,66.667,66.667,True
2025-05-03 03:00:00,3,21.0,21.0,21.0,2.0,2.0,0.0,0.0,2.0,2.0,21.537,21.537,100.0,100.0,100.0,True
2025-05-03 04:00:00,4,28.0,28.0,28.0,14.0,14.0,0.0,0.0,13.0,14.0,33.782,30.541,92.857,92.857,92.857,True
2025-05-03 05:00:00,5,20.0,20.0,20.25,13.0,9.0,4.0,4.0,9.0,13.0,27.052,27.124,100.0,69.231,69.231,True
2025-05-03 06:00:00,6,62.0,62.0,62.424,30.0,27.0,3.0,2.0,13.0,29.0,59.275,60.746,48.148,44.828,43.333,True
2025-05-03 07:00:00,7,35.0,35.0,35.768,51.0,44.0,7.0,6.0,40.0,50.0,38.701,36.792,90.909,80.0,78.431,True
2025-05-03 08:00:00,8,31.0,31.0,31.538,126.0,108.0,18.0,10.0,98.0,118.0,34.127,29.075,90.741,83.051,77.778,True
2025-05-03 09:00:00,9,33.0,33.0,33.391,181.0,160.0,21.0,10.0,148.0,170.0,33.603,30.743,92.5,87.059,81.768,True
2025-05-03 10:00:00,10,42.0,42.0,42.195,188.0,159.0,29.0,19.0,121.0,178.0,46.751,41.217,76.101,67.978,64.362,True
2025-05-03 11:00:00,11,49.0,49.0,49.098,256.0,213.0,43.0,29.0,145.0,242.0,50.365,47.586,68.075,59.917,56.641,True
2025-05-03 12:00:00,12,39.0,39.0,39.556,179.0,147.0,32.0,21.0,128.0,168.0,40.995,37.344,87.075,76.19,71.508,True
2025-05-03 13:00:00,13,30.0,30.0,30.893,179.0,156.0,23.0,11.0,152.0,167.0,30.906,28.854,97.436,91.018,84.916,True
2025-05-03 14:00:00,14,29.0,29.0,29.637,179.0,162.0,17.0,9.0,156.0,171.0,30.658,28.397,96.296,91.228,87.151,True
2025-05-03 15:00:00,15,31.0,31.0,31.521,179.0,159.0,20.0,13.0,146.0,172.0,33.066,28.193,91.824,84.884,81.564,True
2025-05-03 16:00:00,16,35.0,35.0,35.735,134.0,115.0,19.0,13.0,101.0,128.0,36.759,33.755,87.826,78.906,75.373,True
2025-05-03 17:00:00,17,33.0,33.0,33.047,90.0,79.0,11.0,9.0,72.0,88.0,34.223,32.269,91.139,81.818,80.0,True
2025-05-03 18:00:00,18,31.0,30.0,30.969,79.0,65.0,14.0,10.0,62.0,75.0,32.793,31.519,95.385,82.667,78.481,False
2025-05-03 19:00:00,19,32.0,32.0,32.918,52.0,47.0,5.0,4.0,46.0,51.0,32.939,32.434,97.872,90.196,88.462,True
2025-05-03 20:00:00,20,40.0,40.0,40.059,65.0,49.0,16.0,14.0,39.0,63.0,41.952,37.113,79.592,61.905,60.0,True
2025-05-03 21:00:00,21,47.0,47.0,47.679,33.0,28.0,5.0,5.0,22.0,33.0,48.152,49.671,78.571,66.667,66.667,True
2025-05-03 22:00:00,22,38.0,38.0,38.118,21.0,17.0,4.0,1.0,16.0,18.0,38.46,34.11,94.118,88.889,76.19,True
2025-05-03 23:00:00,23,31.0,31.0,31.9,10.0,10.0,0.0,0.0,10.0,10.0,32.457,30.733,100.0,100.0,100.0,True
2025-05-04 00:00:00,0,28.0,28.0,28.0,4.0,3.0,1.0,1.0,3.0,4.0,28.844,28.553,100.0,75.0,75.0,True
2025-05-04 01:00:00,1,0.0,0.0,0.0,,,,,,,,,,,,True
2025-05-04 02:00:00,2,45.0,45.0,45.0,1.0,1.0,0.0,0.0,1.0,1.0,45.568,45.568,100.0,100.0,100.0,True
2025-05-04 03:00:00,3,21.0,21.0,21.333,6.0,6.0,0.0,0.0,6.0,6.0,21.749,21.12,100.0,100.0,100.0,True
2025-05-04 04:00:00,4,21.0,21.0,21.833,6.0,6.0,0.0,0.0,6.0,6.0,22.608,22.056,100.0,100.0,100.0,True
2025-05-04 05:00:00,5,38.0,38.0,38.857,7.0,7.0,0.0,0.0,6.0,7.0,39.577,19.04,85.714,85.714,85.714,True
2025-05-04 06:00:00,6,77.0,77.0,77.0,5.0,4.0,1.0,1.0,3.0,5.0,40.352,31.337,75.0,60.0,60.0,True
2025-05-04 07:00:00,7,41.0,41.0,41.589,90.0,73.0,17.0,11.0,53.0,84.0,46.259,42.812,72.603,63.095,58.889,True
2025-05-04 08:00:00,8,46.0,46.0,46.598,210.0,169.0,41.0,29.0,122.0,198.0,51.552,42.914,72.189,61.616,58.095,True
2025-05-04 09:00:00,9,75.0,75.0,75.221,208.0,160.0,48.0,43.0,60.0,203.0,77.224,78.54,37.5,29.557,28.846,True
2025-05-04 10:00:00,10,55.0,55.0,55.542,108.0,78.0,30.0,28.0,30.0,106.0,71.44,74.583,38.462,28.302,27.778,True
2025-05-04 11:00:00,11,46.0,46.0,46.606,154.0,127.0,27.0,21.0,93.0,148.0,47.252,43.86,73.228,62.838,60.39,True
2025-05-04 12:00:00,12,45.0,45.0,45.935,226.0,197.0,29.0,23.0,145.0,220.0,47.251,43.332,73.604,65.909,64.159,True
2025-05-04 13:00:00,13,49.0,49.0,49.595,227.0,188.0,39.0,32.0,123.0,220.0,50.598,47.262,65.426,55.909,54.185,True
2025-05-04 14:00:00,14,56.0,56.0,56.448,212.0,161.0,50.0,42.0,101.0,204.0,57.385,53.362,62.733,49.51,47.642,True
2025-05-04 15:00:00,15,61.0,61.0,61.566,148.0,110.0,38.0,34.0,56.0,144.0,63.416,58.684,50.909,38.889,37.838,True
2025-05-04 16:00:00,16,67.0,66.0,66.378,113.0,75.0,38.0,31.0,33.0,106.0,67.491,63.652,44.0,31.132,29.204,False
2025-05-04 17:00:00,17,66.0,65.0,65.744,103.0,78.0,25.0,17.0,37.0,95.0,67.628,63.127,47.436,38.947,35.922,False
2025-05-04 18:00:00,18,70.0,70.0,70.23,85.0,60.0,25.0,20.0,29.0,80.0,71.477,61.473,48.333,36.25,34.118,True
2025-05-04 19:00:00,19,65.0,65.0,65.361,59.0,36.0,23.0,22.0,21.0,58.0,65.707,43.417,58.333,36.207,35.593,True
2025-05-04 20:00:00,20,110.0,110.0,110.45,32.0,19.0,13.0,12.0,5.0,31.0,116.493,131.17,26.316,16.129,15.625,True
2025-05-04 21:00:00,21,128.0,128.0,128.222,20.0,10.0,10.0,10.0,1.0,20.0,131.605,139.264,10.0,5.0,5.0,True
2025-05-04 22:00:00,22,125.0,125.0,125.75,13.0,3.0,10.0,10.0,0.0,13.0,116.966,116.983,0.0,0.0,0.0,True
2025-05-04 23:00:00,23,56.0,56.0,56.444,11.0,9.0,2.0,2.0,5.0,11.0,57.214,57.754,55.556,45.455,45.455,True
2025-05-05 00:00:00,0,34.0,34.0,34.75,4.0,4.0,0.0,0.0,4.0,4.0,35.043,34.665,100.0,100.0,100.0,True
2025-05-05 01:00:00,1,39.0,39.0,39.0,4.0,4.0,0.0,0.0,4.0,4.0,39.86,39.999,100.0,100.0,100.0,True
2025-05-05 02:00:00,2,48.0,48.0,48.0,1.0,1.0,0.0,0.0,1.0,1.0,47.883,47.883,100.0,100.0,100.0,True
2025-05-05 03:00:00,3,30.0,30.0,30.333,7.0,6.0,1.0,1.0,6.0,7.0,30.838,27.361,100.0,85.714,85.714,True
2025-05-05 04:00:00,4,33.0,33.0,33.5,5.0,5.0,0.0,0.0,5.0,5.0,36.891,32.364,100.0,100.0,100.0,True
2025-05-05 05:00:00,5,45.0,45.0,45.867,14.0,8.0,6.0,5.0,6.0,13.0,53.67,37.619,75.0,46.154,42.857,True
2025-05-05 06:00:00,6,90.0,90.0,90.75,10.0,7.0,3.0,2.0,0.0,9.0,102.473,108.295,0.0,0.0,0.0,True
2025-05-05 07:00:00,7,44.0,44.0,44.164,37.0,28.0,9.0,2.0,18.0,30.0,50.926,47.814,64.286,60.0,48.649,True
2025-05-05 08:00:00,8,29.0,29.0,29.829,68.0,59.0,9.0,3.0,54.0,62.0,32.831,25.8,91.525,87.097,79.412,True
2025-05-05 09:00:00,9,35.0,36.0,36.055,170.0,144.0,26.0,19.0,124.0,163.0,36.768,28.687,86.111,76.074,72.941,False
2025-05-05 10:00:00,10,55.0,54.0,54.743,186.0,146.0,40.0,39.0,78.0,185.0,62.556,56.297,53.425,42.162,41.935,False
2025-05-05 11:00:00,11,46.0,46.0,46.535,184.0,137.0,47.0,40.0,95.0,177.0,48.803,45.073,69.343,53.672,51.63,True
2025-05-05 12:00:00,12,31.0,31.0,31.164,170.0,150.0,19.0,14.0,144.0,165.0,32.098,30.08,96.0,87.273,84.706,True
2025-05-05 13:00:00,13,25.0,25.0,25.594,149.0,129.0,20.0,13.0,126.0,142.0,26.063,24.162,97.674,88.732,84.564,True
2025-05-05 14:00:00,14,25.0,25.0,25.092,163.0,138.0,25.0,16.0,137.0,154.0,26.021,23.257,99.275,88.961,84.049,True
2025-05-05 15:00:00,15,30.0,30.0,30.647,198.0,162.0,36.0,21.0,153.0,183.0,31.358,26.264,94.444,83.607,77.273,True
2025-05-05 16:00:00,16,46.0,46.0,46.733,165.0,132.0,33.0,24.0,98.0,156.0,47.937,42.594,74.242,62.821,59.394,True
2025-05-05 17:00:00,17,43.0,44.0,44.175,77.0,62.0,15.0,12.0,49.0,74.0,44.929,43.647,79.032,66.216,63.636,False
2025-05-05 18:00:00,18,34.0,34.0,34.74,66.0,50.0,16.0,7.0,45.0,57.0,35.139,30.802,90.0,78.947,68.182,True
2025-05-05 19:00:00,19,32.0,32.0,32.105,45.0,37.0,8.0,8.0,33.0,45.0,33.252,31.312,89.189,73.333,73.333,True
2025-05-05 20:00:00,20,55.0,55.0,55.261,60.0,44.0,16.0,14.0,23.0,58.0,57.109,56.197,52.273,39.655,38.333,True
2025-05-05 21:00:00,21,79.0,79.0,79.286,30.0,21.0,9.0,8.0,5.0,29.0,79.945,75.271,23.81,17.241,16.667,True
2025-05-05 22:00:00,22,44.0,44.0,44.429,12.0,7.0,5.0,2.0,6.0,9.0,44.569,36.335,85.714,66.667,50.0,True
2025-05-05 23:00:00,23,43.0,43.0,43.25,14.0,12.0,2.0,2.0,10.0,14.0,43.751,32.307,83.333,71.429,71.429,True
2025-05-06 00:00:00,0,49.0,49.0,49.5,7.0,4.0,3.0,3.0,3.0,7.0,50.121,41.799,75.0,42.857,42.857,True
2025-05-06 01:00:00,1,52.0,52.0,52.8,7.0,5.0,2.0,2.0,3.0,7.0,53.719,43.522,60.0,42.857,42.857,True
2025-05-06 02:00:00,2,31.0,31.0,31.667,3.0,3.0,0.0,0.0,3.0,3.0,32.219,38.683,100.0,100.0,100.0,True
2025-05-06 03:00:00,3,27.0,27.0,27.0,2.0,1.0,1.0,1.0,1.0,2.0,28.073,28.073,100.0,50.0,50.0,True
2025-05-06 04:00:00,4,28.0,28.0,28.0,11.0,8.0,3.0,3.0,7.0,11.0,40.455,37.75,87.5,63.636,63.636,True
2025-05-06 05:00:00,5,32.0,32.0,32.7,9.0,8.0,1.0,1.0,7.0,9.0,33.391,24.615,87.5,77.778,77.778,True
2025-05-06 06:00:00,6,67.0,67.0,67.821,21.0,16.0,5.0,5.0,6.0,21.0,71.308,77.063,37.5,28.571,28.571,True
2025-05-06 07:00:00,7,37.0,37.0,37.059,36.0,28.0,8.0,6.0,25.0,34.0,37.732,35.559,89.286,73.529,69.444,True
2025-05-06 08:00:00,8,21.0,21.0,21.388,92.0,74.0,18.0,8.0,74.0,82.0,21.469,20.028,100.0,90.244,80.435,True
2025-05-06 09:00:00,9,26.0,26.0,26.434,165.0,149.0,16.0,10.0,147.0,159.0,27.24,25.838,98.658,92.453,89.091,True
2025-05-06 10:00:00,10,31.0,31.0,31.703,181.0,160.0,21.0,12.0,156.0,172.0,33.722,32.809,97.5,90.698,86.188,True
2025-05-06 11:00:00,11,34.0,34.0,34.26,218.0,185.0,33.0,22.0,179.0,207.0,35.095,33.34,96.757,86.473,82.11,True
2025-05-06 12:00:00,12,23.0,23.0,23.486,180.0,169.0,11.0,6.0,167.0,175.0,24.416,23.036,98.817,95.429,92.778,True
2025-05-06 13:00:00,13,21.0,21.0,21.51,162.0,152.0,10.0,5.0,152.0,157.0,22.131,21.546,100.0,96.815,93.827,True
2025-05-06 14:00:00,14,23.0,23.0,23.102,186.0,171.0,15.0,5.0,171.0,176.0,24.224,22.917,100.0,97.159,91.935,True
2025-05-06 15:00:00,15,28.0,28.0,28.651,178.0,158.0,20.0,10.0,153.0,168.0,30.078,28.03,96.835,91.071,85.955,True
2025-05-06 16:00:00,16,31.0,31.0,31.642,139.0,118.0,21.0,12.0,107.0,130.0,32.928,31.44,90.678,82.308,76.978,True
2025-05-06 17:00:00,17,37.0,37.0,37.105,106.0,86.0,20.0,16.0,76.0,102.0,37.531,32.114,88.372,74.51,71.698,True
2025-05-06 18:00:00,18,30.0,30.0,30.397,75.0,62.0,13.0,8.0,62.0,70.0,31.163,31.016,100.0,88.571,82.667,True
2025-05-06 19:00:00,19,34.0,34.0,34.727,64.0,55.0,9.0,7.0,47.0,62.0,35.125,28.001,85.455,75.806,73.438,True
2025-05-06 20:00:00,20,43.0,43.0,43.32,40.0,25.0,15.0,10.0,18.0,35.0,43.426,45.649,72.0,51.429,45.0,True
2025-05-06 21:00:00,21,40.0,40.0,40.5,30.0,24.0,6.0,3.0,20.0,27.0,40.999,34.723,83.333,74.074,66.667,True
2025-05-06 22:00:00,22,39.0,39.0,39.688,17.0,16.0,1.0,1.0,14.0,17.0,40.336,36.486,87.5,82.353,82.353,True
2025-05-06 23:00:00,23,38.0,38.0,38.714,10.0,7.0,3.0,3.0,7.0,10.0,38.945,39.881,100.0,70.0,70.0,True
2025-05-07 00:00:00,0,35.0,35.0,35.0,4.0,4.0,0.0,0.0,4.0,4.0,35.532,37.068,100.0,100.0,100.0,True
2025-05-07 01:00:00,1,28.0,28.0,28.0,2.0,2.0,0.0,0.0,2.0,2.0,28.444,28.444,100.0,100.0,100.0,True
2025-05-07 02:00:00,2,40.0,40.0,40.333,3.0,3.0,0.0,0.0,3.0,3.0,41.145,41.482,100.0,100.0,100.0,True
2025-05-07 03:00:00,3,22.0,22.0,22.75,5.0,4.0,1.0,1.0,4.0,5.0,23.574,25.028,100.0,80.0,80.0,True
2025-05-07 04:00:00,4,25.0,25.0,25.2,13.0,8.0,5.0,3.0,8.0,11.0,29.761,21.144,100.0,72.727,61.538,True
2025-05-07 05:00:00,5,52.0,52.0,52.067,22.0,19.0,3.0,2.0,9.0,21.0,65.326,71.936,47.368,42.857,40.909,True
2025-05-07 06:00:00,6,49.0,49.0,49.914,41.0,35.0,6.0,1.0,20.0,36.0,57.176,58.56,57.143,55.556,48.78,True
2025-05-07 07:00:00,7,53.0,53.0,53.574,432.0,343.0,89.0,32.0,160.0,375.0,65.505,62.493,46.647,42.667,37.037,True
2025-05-07 08:00:00,8,61.0,61.0,61.1,372.0,312.0,60.0,49.0,94.0,361.0,72.809,70.064,30.128,26.039,25.269,True
2025-05-07 09:00:00,9,48.0,48.0,48.061,322.0,265.0,57.0,33.0,199.0,298.0,49.136,44.793,75.094,66.779,61.801,True
2025-05-07 10:00:00,10,29.0,29.0,29.535,338.0,310.0,28.0,20.0,292.0,330.0,31.81,28.258,94.194,88.485,86.391,True
2025-05-07 11:00:00,11,27.0,27.0,27.031,539.0,502.0,37.0,15.0,499.0,517.0,27.86,26.435,99.402,96.518,92.579,True
2025-05-07 12:00:00,12,27.0,27.0,27.341,580.0,544.0,36.0,25.0,540.0,569.0,28.069,26.774,99.265,94.903,93.103,True
2025-05-07 13:00:00,13,25.0,25.0,25.408,561.0,520.0,41.0,28.0,518.0,548.0,26.106,24.967,99.615,94.526,92.335,True
2025-05-07 14:00:00,14,34.0,34.0,34.71,678.0,610.0,67.0,49.0,550.0,660.0,35.493,30.839,90.164,83.333,81.121,True
2025-05-07 15:00:00,15,57.0,57.0,57.407,649.0,524.0,125.0,99.0,289.0,623.0,59.633,56.331,55.153,46.388,44.53,True
2025-05-07 16:00:00,16,62.0,62.0,62.833,321.0,246.0,75.0,50.0,121.0,296.0,63.977,60.38,49.187,40.878,37.695,True
2025-05-07 17:00:00,17,47.0,47.0,47.623,191.0,154.0,37.0,23.0,112.0,177.0,48.514,43.31,72.727,63.277,58.639,True
2025-05-07 18:00:00,18,31.0,31.0,31.2,86.0,75.0,11.0,7.0,72.0,82.0,33.015,31.553,96.0,87.805,83.721,True
2025-05-07 19:00:00,19,23.0,23.0,23.491,64.0,54.0,10.0,7.0,54.0,61.0,24.628,24.464,100.0,88.525,84.375,True
2025-05-07 20:00:00,20,36.0,36.0,36.095,73.0,62.0,11.0,7.0,57.0,69.0,36.407,33.437,91.935,82.609,78.082,True
2025-05-07 21:00:00,21,39.0,39.0,39.824,21.0,17.0,4.0,3.0,16.0,20.0,40.172,36.775,94.118,80.0,76.19,True
2025-05-07 22:00:00,22,28.0,28.0,28.6,22.0,20.0,2.0,2.0,20.0,22.0,28.816,27.836,100.0,90.909,90.909,True
2025-05-07 23:00:00,23,28.0,28.0,28.909,11.0,11.0,0.0,0.0,11.0,11.0,29.114,25.74,100.0,100.0,100.0,True
2025-05-08 00:00:00,0,38.0,38.0,38.0,5.0,3.0,2.0,2.0,3.0,5.0,38.542,33.951,100.0,60.0,60.0,True
2025-05-08 01:00:00,1,30.0,30.0,30.0,2.0,1.0,1.0,1.0,1.0,2.0,30.576,30.576,100.0,50.0,50.0,True
2025-05-08 03:00:00,3,28.0,28.0,28.0,4.0,3.0,1.0,1.0,3.0,4.0,28.703,30.796,100.0,75.0,75.0,True
2025-05-08 04:00:00,4,21.0,21.0,21.375,13.0,12.0,1.0,1.0,12.0,13.0,28.542,27.546,100.0,92.308,92.308,True
2025-05-08 05:00:00,5,42.0,42.0,42.81,23.0,16.0,7.0,4.0,12.0,20.0,41.278,32.868,75.0,60.0,52.174,True
2025-05-08 06:00:00,6,50.0,50.0,50.697,43.0,39.0,4.0,2.0,21.0,41.0,55.528,58.276,53.846,51.22,48.837,True
2025-05-08 07:00:00,7,49.0,49.0,49.93,399.0,325.0,73.0,37.0,154.0,363.0,61.165,60.818,47.385,42.424,38.596,True
2025-05-08 08:00:00,8,54.0,54.0,54.271,359.0,303.0,56.0,25.0,128.0,328.0,64.138,63.628,42.244,39.024,35.655,True
2025-05-08 09:00:00,9,39.0,39.0,39.954,310.0,268.0,42.0,21.0,228.0,289.0,40.773,38.917,85.075,78.893,73.548,True
2025-05-08 10:00:00,10,22.0,23.0,23.003,340.0,316.0,24.0,12.0,315.0,328.0,24.148,23.62,99.684,96.037,92.647,False
2025-05-08 11:00:00,11,25.0,25.0,25.52,528.0,495.0,33.0,19.0,492.0,514.0,26.157,25.001,99.394,95.72,93.182,True
2025-05-08 12:00:00,12,25.0,25.0,25.187,589.0,552.0,37.0,25.0,549.0,577.0,25.83,24.522,99.457,95.147,93.209,True
2025-05-08 13:00:00,13,22.0,22.0,22.354,471.0,454.0,17.0,10.0,449.0,464.0,22.992,21.265,98.899,96.767,95.329,True
2025-05-08 14:00:00,14,32.0,32.0,32.867,689.0,603.0,85.0,57.0,544.0,661.0,34.027,28.561,90.216,82.3,78.955,True
2025-05-08 15:00:00,15,57.0,57.0,57.264,630.0,493.0,137.0,103.0,282.0,596.0,58.901,51.653,57.201,47.315,44.762,True
2025-05-08 16:00:00,16,63.0,63.0,63.217,338.0,259.0,79.0,62.0,118.0,321.0,65.397,62.38,45.56,36.76,34.911,True
2025-05-08 17:00:00,17,60.0,60.0,60.224,187.0,148.0,39.0,25.0,84.0,173.0,62.064,52.129,56.757,48.555,44.92,True
2025-05-08 18:00:00,18,42.0,42.0,42.594,83.0,63.0,20.0,14.0,52.0,77.0,43.423,34.416,82.54,67.532,62.651,True
2025-05-08 19:00:00,19,37.0,37.0,37.459,73.0,60.0,13.0,10.0,50.0,70.0,36.579,28.733,83.333,71.429,68.493,True
2025-05-08 20:00:00,20,71.0,71.0,71.135,70.0,51.0,19.0,18.0,21.0,69.0,72.928,79.606,41.176,30.435,30.0,True
2025-05-08 21:00:00,21,78.0,80.0,80.294,37.0,17.0,20.0,20.0,6.0,37.0,80.888,76.17,35.294,16.216,16.216,False
2025-05-08 22:00:00,22,47.0,47.0,47.4,12.0,5.0,7.0,6.0,3.0,11.0,47.732,50.393,60.0,27.273,25.0,True
2025-05-08 23:00:00,23,32.0,32.0,32.9,11.0,10.0,1.0,1.0,10.0,11.0,32.964,30.275,100.0,90.909,90.909,True
2025-05-09 00:00:00,0,29.0,29.0,29.0,5.0,4.0,1.0,1.0,4.0,5.0,29.728,26.253,100.0,80.0,80.0,True
2025-05-09 01:00:00,1,38.0,38.0,38.0,5.0,5.0,0.0,0.0,5.0,5.0,40.371,43.426,100.0,100.0,100.0,True
2025-05-09 02:00:00,2,37.0,37.0,37.0,5.0,5.0,0.0,0.0,5.0,5.0,35.326,29.317,100.0,100.0,100.0,True
2025-05-09 03:00:00,3,24.0,24.0,24.6,4.0,4.0,0.0,0.0,4.0,4.0,27.775,29.27,100.0,100.0,100.0,True
2025-05-09 04:00:00,4,25.0,25.0,25.375,11.0,7.0,4.0,4.0,7.0,11.0,29.644,27.698,100.0,63.636,63.636,True
2025-05-09 05:00:00,5,49.0,49.0,49.207,21.0,18.0,3.0,2.0,9.0,20.0,60.848,56.69,50.0,45.0,42.857,True
2025-05-09 06:00:00,6,50.0,50.0,50.803,38.0,35.0,3.0,2.0,20.0,37.0,56.234,53.038,57.143,54.054,52.632,True
2025-05-09 07:00:00,7,53.0,53.0,53.944,469.0,389.0,80.0,44.0,163.0,433.0,65.535,64.259,41.902,37.644,34.755,True
2025-05-09 08:00:00,8,60.0,60.0,60.866,365.0,297.0,68.0,50.0,79.0,347.0,72.448,71.73,26.599,22.767,21.644,True
2025-05-09 09:00:00,9,47.0,47.0,47.089,281.0,242.0,39.0,18.0,183.0,260.0,47.333,46.648,75.62,70.385,65.125,True
2025-05-09 10:00:00,10,25.0,25.0,25.127,341.0,307.0,34.0,10.0,302.0,317.0,26.616,24.402,98.371,95.268,88.563,True
2025-05-09 11:00:00,11,26.0,26.0,26.192,502.0,483.0,19.0,11.0,478.0,494.0,26.734,25.079,98.965,96.761,95.219,True
2025-05-09 12:00:00,12,26.0,26.0,26.167,548.0,520.0,28.0,12.0,512.0,532.0,26.583,24.856,98.462,96.241,93.431,True
2025-05-09 13:00:00,13,27.0,27.0,27.496,578.0,522.0,56.0,34.0,510.0,556.0,27.998,26.916,97.701,91.727,88.235,True
2025-05-09 14:00:00,14,50.0,51.0,51.062,734.0,620.0,114.0,86.0,422.0,706.0,52.178,44.883,68.065,59.773,57.493,False
2025-05-09 15:00:00,15,90.0,90.0,90.913,631.0,451.0,178.0,150.0,82.0,603.0,95.273,95.005,18.182,13.599,12.995,True
2025-05-09 16:00:00,16,111.0,111.0,111.758,303.0,177.0,126.0,111.0,12.0,288.0,113.635,111.018,6.78,4.167,3.96,True
2025-05-09 17:00:00,17,98.0,98.0,98.529,160.0,98.0,62.0,52.0,16.0,150.0,101.363,103.057,16.327,10.667,10.0,True
2025-05-09 18:00:00,18,85.0,86.0,86.54,84.0,61.0,23.0,20.0,16.0,81.0,88.214,84.545,26.23,19.753,19.048,False
2025-05-09 19:00:00,19,73.0,73.0,73.367,60.0,29.0,31.0,25.0,11.0,54.0,76.239,68.977,37.931,20.37,18.333,True
2025-05-09 20:00:00,20,91.0,90.0,90.75,54.0,36.0,18.0,15.0,8.0,51.0,90.915,100.599,22.222,15.686,14.815,False
2025-05-09 21:00:00,21,87.0,87.0,87.875,24.0,16.0,8.0,8.0,3.0,24.0,88.184,86.419,18.75,12.5,12.5,True
2025-05-09 22:00:00,22,56.0,56.0,56.556,14.0,9.0,5.0,3.0,4.0,12.0,56.815,60.291,44.444,33.333,28.571,True
2025-05-09 23:00:00,23,33.0,33.0,33.5,4.0,4.0,0.0,0.0,4.0,4.0,34.056,30.753,100.0,100.0,100.0,True
2025-05-10 00:00:00,0,55.0,55.0,55.875,9.0,7.0,2.0,1.0,3.0,8.0,64.36,64.446,42.857,37.5,33.333,True
2025-05-10 01:00:00,1,43.0,43.0,43.0,5.0,1.0,4.0,1.0,1.0,2.0,42.989,42.989,100.0,50.0,20.0,True
2025-05-10 02:00:00,2,28.0,28.0,28.4,5.0,5.0,0.0,0.0,5.0,5.0,28.714,26.75,100.0,100.0,100.0,True
2025-05-10 03:00:00,3,41.0,41.0,41.0,3.0,3.0,0.0,0.0,3.0,3.0,41.952,37.126,100.0,100.0,100.0,True
2025-05-10 04:00:00,4,27.0,27.0,27.688,16.0,13.0,3.0,2.0,12.0,15.0,30.944,28.416,92.308,80.0,75.0,True
2025-05-10 05:00:00,5,20.0,20.0,20.556,10.0,8.0,2.0,2.0,8.0,10.0,23.562,23.285,100.0,80.0,80.0,True
2025-05-10 06:00:00,6,56.0,56.0,56.862,23.0,21.0,2.0,1.0,15.0,22.0,54.253,55.966,71.429,68.182,65.217,True
2025-05-10 07:00:00,7,25.0,25.0,25.42,70.0,56.0,14.0,6.0,54.0,62.0,27.464,25.606,96.429,87.097,77.143,True
2025-05-10 08:00:00,8,28.0,28.0,28.722,150.0,133.0,17.0,8.0,127.0,141.0,30.807,27.792,95.489,90.071,84.667,True
2025-05-10 09:00:00,9,31.0,31.0,31.627,214.0,187.0,27.0,9.0,175.0,196.0,32.037,28.826,93.583,89.286,81.776,True
2025-05-10 10:00:00,10,35.0,35.0,35.967,232.0,201.0,31.0,19.0,179.0,220.0,39.493,36.811,89.055,81.364,77.155,True
2025-05-10 11:00:00,11,40.0,40.0,40.123,259.0,228.0,31.0,23.0,199.0,251.0,40.542,38.284,87.281,79.283,76.834,True
2025-05-10 12:00:00,12,32.0,32.0,32.875,195.0,166.0,29.0,18.0,162.0,184.0,34.326,34.343,97.59,88.043,83.077,True
2025-05-10 13:00:00,13,25.0,25.0,25.669,154.0,141.0,13.0,6.0,138.0,147.0,26.435,24.232,97.872,93.878,89.61,True
2025-05-10 14:00:00,14,28.0,28.0,28.142,168.0,152.0,16.0,11.0,143.0,163.0,28.736,25.829,94.079,87.73,85.119,True
2025-05-10 15:00:00,15,43.0,43.0,43.724,185.0,149.0,36.0,23.0,118.0,172.0,44.698,36.563,79.195,68.605,63.784,True
2025-05-10 16:00:00,16,62.0,62.0,62.472,149.0,107.0,42.0,36.0,55.0,143.0,64.211,55.658,51.402,38.462,36.913,True
2025-05-10 17:00:00,17,57.0,57.0,57.694,98.0,59.0,39.0,38.0,36.0,97.0,58.867,49.217,61.017,37.113,36.735,True
2025-05-10 18:00:00,18,43.0,43.0,43.511,52.0,45.0,7.0,4.0,35.0,49.0,43.993,37.575,77.778,71.429,67.308,True
2025-05-10 19:00:00,19,38.0,38.0,38.48,62.0,50.0,12.0,11.0,44.0,61.0,38.929,37.919,88.0,72.131,70.968,True
2025-05-10 20:00:00,20,49.0,49.0,49.636,26.0,22.0,4.0,4.0,17.0,26.0,49.633,39.316,77.273,65.385,65.385,True
2025-05-10 21:00:00,21,39.0,39.0,39.85,27.0,20.0,7.0,2.0,17.0,22.0,40.094,35.655,85.0,77.273,62.963,True
2025-05-10 22:00:00,22,33.0,33.0,33.0,16.0,11.0,5.0,4.0,11.0,15.0,33.065,30.021,100.0,73.333,68.75,True
2025-05-10 23:00:00,23,44.0,44.0,44.0,12.0,11.0,1.0,1.0,9.0,12.0,44.524,42.322,81.818,75.0,75.0,True
2025-05-11 00:00:00,0,40.0,40.0,40.0,11.0,9.0,2.0,2.0,8.0,11.0,40.53,38.595,88.889,72.727,72.727,True
2025-05-11 01:00:00,1,23.0,23.0,23.0,2.0,2.0,0.0,0.0,2.0,2.0,23.507,23.507,100.0,100.0,100.0,True
2025-05-11 02:00:00,2,40.0,40.0,40.667,2.0,2.0,0.0,0.0,2.0,2.0,36.151,36.151,100.0,100.0,100.0,True
2025-05-11 03:00:00,3,12.0,12.0,12.0,2.0,2.0,0.0,0.0,2.0,2.0,19.205,19.205,100.0,100.0,100.0,True
2025-05-11 04:00:00,4,34.0,34.0,34.625,10.0,8.0,2.0,1.0,7.0,9.0,34.972,31.937,87.5,77.778,70.0,True
2025-05-11 05:00:00,5,37.0,37.0,37.5,3.0,2.0,1.0,1.0,2.0,3.0,38.242,38.242,100.0,66.667,66.667,True
2025-05-11 06:00:00,6,22.0,22.0,22.0,6.0,4.0,2.0,2.0,4.0,6.0,22.553,22.71,100.0,66.667,66.667,True
2025-05-11 07:00:00,7,44.0,44.0,44.04,80.0,67.0,13.0,11.0,47.0,78.0,47.945,47.03,70.149,60.256,58.75,True
2025-05-11 08:00:00,8,45.0,45.0,45.21,191.0,161.0,30.0,18.0,121.0,179.0,49.044,43.071,75.155,67.598,63.351,True
2025-05-11 09:00:00,9,66.0,66.0,66.68,193.0,142.0,51.0,42.0,52.0,184.0,68.483,68.859,36.62,28.261,26.943,True
2025-05-11 10:00:00,10,48.0,48.0,48.492,115.0,86.0,29.0,23.0,48.0,109.0,57.111,54.233,55.814,44.037,41.739,True
2025-05-11 11:00:00,11,40.0,40.0,40.772,165.0,145.0,20.0,17.0,128.0,162.0,41.557,40.769,88.276,79.012,77.576,True
2025-05-11 12:00:00,12,31.0,31.0,31.314,232.0,214.0,18.0,12.0,207.0,226.0,32.05,30.75,96.729,91.593,89.224,True
2025-05-11 13:00:00,13,33.0,33.0,33.324,216.0,195.0,21.0,16.0,188.0,211.0,34.452,32.318,96.41,89.1,87.037,True
2025-05-11 14:00:00,14,36.0,36.0,36.599,189.0,168.0,21.0,15.0,151.0,183.0,36.912,31.965,89.881,82.514,79.894,True
2025-05-11 15:00:00,15,49.0,49.0,49.98,189.0,146.0,43.0,34.0,97.0,180.0,52.668,44.91,66.438,53.889,51.323,True
2025-05-11 16:00:00,16,58.0,59.0,59.413,116.0,88.0,28.0,22.0,47.0,110.0,60.196,51.91,53.409,42.727,40.517,False
2025-05-11 17:00:00,17,54.0,54.0,54.547,87.0,62.0,25.0,15.0,38.0,77.0,56.37,49.881,61.29,49.351,43.678,True
2025-05-11 18:00:00,18,36.0,36.0,36.14,67.0,58.0,9.0,6.0,51.0,64.0,36.874,36.543,87.931,79.688,76.119,True
2025-05-11 19:00:00,19,39.0,39.0,39.391,61.0,45.0,16.0,14.0,37.0,59.0,40.719,35.869,82.222,62.712,60.656,True
2025-05-11 20:00:00,20,66.0,66.0,66.353,50.0,32.0,18.0,16.0,13.0,48.0,69.3,72.886,40.625,27.083,26.0,True
2025-05-11 21:00:00,21,84.0,84.0,84.308,20.0,13.0,7.0,7.0,1.0,20.0,84.558,90.599,7.692,5.0,5.0,True
2025-05-11 22:00:00,22,67.0,67.0,67.333,11.0,9.0,2.0,2.0,4.0,11.0,67.555,61.681,44.444,36.364,36.364,True
2025-05-11 23:00:00,23,34.0,34.0,34.4,11.0,10.0,1.0,1.0,10.0,11.0,35.142,35.045,100.0,90.909,90.909,True
2025-05-12 00:00:00,0,47.0,47.0,47.0,5.0,4.0,1.0,1.0,3.0,5.0,47.477,38.301,75.0,60.0,60.0,True
2025-05-12 01:00:00,1,38.0,38.0,38.0,1.0,1.0,0.0,0.0,1.0,1.0,38.338,38.338,100.0,100.0,100.0,True
2025-05-12 02:00:00,2,27.0,27.0,27.0,2.0,2.0,0.0,0.0,2.0,2.0,27.851,27.851,100.0,100.0,100.0,True
2025-05-12 03:00:00,3,30.0,30.0,30.0,2.0,2.0,0.0,0.0,2.0,2.0,30.414,30.414,100.0,100.0,100.0,True
2025-05-12 04:00:00,4,19.0,19.0,19.6,9.0,8.0,1.0,1.0,8.0,9.0,23.307,22.948,100.0,88.889,88.889,True
2025-05-12 05:00:00,5,44.0,44.0,44.857,18.0,15.0,3.0,0.0,8.0,15.0,60.682,57.371,53.333,53.333,44.444,True
2025-05-12 06:00:00,6,54.0,54.0,54.175,42.0,37.0,5.0,1.0,21.0,38.0,59.671,55.565,56.757,55.263,50.0,True
2025-05-12 07:00:00,7,56.0,56.0,56.412,461.0,374.0,86.0,35.0,125.0,410.0,69.224,69.574,33.422,30.488,27.115,True
2025-05-12 08:00:00,8,59.0,59.0,59.247,331.0,274.0,57.0,30.0,74.0,304.0,71.933,71.593,27.007,24.342,22.356,True
2025-05-12 09:00:00,9,40.0,40.0,40.602,280.0,243.0,36.0,18.0,220.0,262.0,40.9,38.814,90.535,83.969,78.571,True
2025-05-12 10:00:00,10,22.0,22.0,22.666,336.0,303.0,33.0,12.0,302.0,315.0,23.498,22.263,99.67,95.873,89.881,True
2025-05-12 11:00:00,11,23.0,23.0,23.413,488.0,466.0,22.0,10.0,464.0,476.0,24.039,22.746,99.571,97.479,95.082,True
2025-05-12 12:00:00,12,20.0,20.0,20.976,523.0,503.0,19.0,11.0,502.0,515.0,21.481,20.712,99.801,97.476,95.985,True
2025-05-12 13:00:00,13,20.0,20.0,20.663,507.0,484.0,22.0,10.0,481.0,495.0,21.199,20.399,99.38,97.172,94.872,True
2025-05-12 14:00:00,14,35.0,35.0,35.273,729.0,659.0,69.0,50.0,566.0,710.0,36.175,29.482,85.888,79.718,77.641,True
2025-05-12 15:00:00,15,51.0,51.0,51.311,605.0,486.0,118.0,79.0,329.0,566.0,53.608,46.831,67.695,58.127,54.38,True
2025-05-12 16:00:00,16,52.0,52.0,52.517,335.0,259.0,76.0,40.0,162.0,299.0,54.384,52.34,62.548,54.181,48.358,True
2025-05-12 17:00:00,17,37.0,37.0,37.844,192.0,149.0,43.0,21.0,118.0,170.0,38.895,35.131,79.195,69.412,61.458,True
2025-05-12 18:00:00,18,29.0,28.0,28.962,95.0,77.0,18.0,12.0,75.0,89.0,29.958,28.111,97.403,84.27,78.947,False
2025-05-12 19:00:00,19,26.0,26.0,26.34,60.0,51.0,9.0,6.0,50.0,57.0,27.52,24.674,98.039,87.719,83.333,True
2025-05-12 20:00:00,20,40.0,40.0,40.397,63.0,58.0,5.0,5.0,48.0,63.0,40.602,38.22,82.759,76.19,76.19,True
2025-05-12 21:00:00,21,41.0,41.0,41.4,22.0,20.0,2.0,2.0,17.0,22.0,41.675,38.461,85.0,77.273,77.273,True
2025-05-12 22:00:00,22,29.0,29.0,29.6,21.0,20.0,1.0,1.0,20.0,21.0,29.797,28.943,100.0,95.238,95.238,True
2025-05-12 23:00:00,23,39.0,39.0,39.167,9.0,6.0,3.0,3.0,5.0,9.0,39.799,37.51,83.333,55.556,55.556,True
2025-05-13 00:00:00,0,38.0,38.0,38.0,4.0,3.0,1.0,1.0,3.0,4.0,38.59,40.944,100.0,75.0,75.0,True
2025-05-13 01:00:00,1,29.0,29.0,29.5,4.0,4.0,0.0,0.0,4.0,4.0,30.367,29.631,100.0,100.0,100.0,True
2025-05-13 02:00:00,2,26.0,26.0,26.0,4.0,3.0,1.0,0.0,3.0,3.0,22.786,23.625,100.0,100.0,75.0,True
2025-05-13 03:00:00,3,24.0,24.0,24.5,5.0,5.0,0.0,0.0,5.0,5.0,27.579,21.616,100.0,100.0,100.0,True
2025-05-13 04:00:00,4,24.0,24.0,24.267,12.0,10.0,2.0,2.0,9.0,12.0,34.437,23.885,90.0,75.0,75.0,True
2025-05-13 05:00:00,5,49.0,49.0,49.138,24.0,22.0,2.0,1.0,15.0,23.0,52.765,43.493,68.182,65.217,62.5,True
2025-05-13 06:00:00,6,46.0,46.0,46.459,36.0,31.0,5.0,1.0,26.0,32.0,46.47,51.784,83.871,81.25,72.222,True
2025-05-13 07:00:00,7,42.0,42.0,42.88,409.0,310.0,99.0,26.0,200.0,336.0,52.295,51.683,64.516,59.524,48.9,True
2025-05-13 08:00:00,8,51.0,51.0,51.402,388.0,335.0,53.0,24.0,171.0,359.0,60.314,59.645,51.045,47.632,44.072,True
2025-05-13 09:00:00,9,37.0,37.0,37.798,296.0,260.0,36.0,12.0,240.0,272.0,38.496,36.666,92.308,88.235,81.081,True
2025-05-13 10:00:00,10,23.0,23.0,23.712,360.0,332.0,28.0,14.0,332.0,346.0,25.512,24.612,100.0,95.954,92.222,True
2025-05-13 11:00:00,11,24.0,24.0,24.14,502.0,486.0,16.0,12.0,483.0,498.0,24.695,23.425,99.383,96.988,96.215,True
2025-05-13 12:00:00,12,25.0,25.0,25.566,574.0,544.0,28.0,14.0,541.0,560.0,26.346,25.364,99.449,96.607,94.251,True
2025-05-13 13:00:00,13,24.0,24.0,24.198,532.0,485.0,47.0,34.0,483.0,519.0,24.997,23.277,99.588,93.064,90.789,True
2025-05-13 14:00:00,14,37.0,37.0,37.753,730.0,643.0,87.0,56.0,551.0,699.0,38.956,33.494,85.692,78.827,75.479,True
2025-05-13 15:00:00,15,65.0,65.0,65.755,664.0,510.0,154.0,117.0,224.0,627.0,67.919,64.11,43.922,35.726,33.735,True
2025-05-13 16:00:00,16,74.0,74.0,74.593,284.0,198.0,86.0,65.0,68.0,263.0,77.161,72.61,34.343,25.856,23.944,True
2025-05-13 17:00:00,17,65.0,65.0,65.088,179.0,137.0,41.0,28.0,56.0,166.0,67.854,69.892,40.876,33.735,31.285,True
2025-05-13 18:00:00,18,42.0,43.0,43.296,89.0,76.0,13.0,9.0,56.0,85.0,44.657,39.406,73.684,65.882,62.921,False
2025-05-13 19:00:00,19,34.0,34.0,34.071,67.0,53.0,14.0,12.0,47.0,65.0,34.798,30.173,88.679,72.308,70.149,True
2025-05-13 20:00:00,20,51.0,51.0,51.36,57.0,49.0,8.0,7.0,29.0,56.0,52.601,53.968,59.184,51.786,50.877,True
2025-05-13 21:00:00,21,47.0,47.0,47.458,29.0,24.0,5.0,5.0,17.0,29.0,47.664,47.626,70.833,58.621,58.621,True
2025-05-13 22:00:00,22,46.0,46.0,46.833,23.0,18.0,5.0,3.0,13.0,21.0,47.027,43.536,72.222,61.905,56.522,True
2025-05-13 23:00:00,23,32.0,32.0,32.333,10.0,9.0,1.0,1.0,8.0,10.0,32.886,29.062,88.889,80.0,80.0,True
2025-05-14 00:00:00,0,49.0,49.0,49.286,7.0,7.0,0.0,0.0,5.0,7.0,49.562,41.233,71.429,71.429,71.429,True
2025-05-14 01:00:00,1,31.0,31.0,31.667,2.0,2.0,0.0,0.0,2.0,2.0,45.518,45.518,100.0,100.0,100.0,True
2025-05-14 02:00:00,2,42.0,42.0,42.0,2.0,1.0,1.0,0.0,1.0,1.0,41.51,41.51,100.0,100.0,50.0,True
2025-05-14 03:00:00,3,27.0,27.0,27.667,7.0,7.0,0.0,0.0,7.0,7.0,27.648,26.755,100.0,100.0,100.0,True
2025-05-14 04:00:00,4,21.0,21.0,21.167,9.0,8.0,1.0,1.0,8.0,9.0,27.03,25.565,100.0,88.889,88.889,True
2025-05-14 05:00:00,5,39.0,39.0,39.56,19.0,15.0,4.0,3.0,9.0,18.0,53.576,33.527,60.0,50.0,47.368,True
2025-05-14 06:00:00,6,49.0,49.0,49.271,35.0,32.0,3.0,2.0,18.0,34.0,54.934,56.678,56.25,52.941,51.429,True
2025-05-14 07:00:00,7,47.0,47.0,47.646,416.0,352.0,64.0,27.0,198.0,379.0,58.286,55.87,56.25,52.243,47.596,True
2025-05-14 08:00:00,8,53.0,53.0,53.379,379.0,318.0,61.0,33.0,135.0,351.0,62.817,63.857,42.453,38.462,35.62,True
2025-05-14 09:00:00,9,40.0,40.0,40.473,305.0,252.0,52.0,27.0,225.0,280.0,40.935,40.172,89.286,80.357,73.77,True
2025-05-14 10:00:00,10,23.0,23.0,23.778,381.0,357.0,24.0,13.0,356.0,370.0,24.857,22.887,99.72,96.216,93.438,True
2025-05-14 11:00:00,11,25.0,24.0,24.929,516.0,491.0,25.0,13.0,490.0,504.0,25.407,24.213,99.796,97.222,94.961,False
2025-05-14 12:00:00,12,26.0,26.0,26.481,603.0,565.0,38.0,20.0,558.0,585.0,27.19,25.398,98.761,95.385,92.537,True
2025-05-14 13:00:00,13,25.0,25.0,25.062,512.0,482.0,30.0,16.0,477.0,498.0,25.395,24.412,98.963,95.783,93.164,True
2025-05-14 14:00:00,14,35.0,35.0,35.055,692.0,615.0,75.0,53.0,543.0,670.0,35.984,30.495,88.293,81.045,78.468,True
2025-05-14 15:00:00,15,56.0,56.0,56.791,663.0,526.0,136.0,101.0,307.0,628.0,58.835,53.256,58.365,48.885,46.305,True
2025-05-14 16:00:00,16,63.0,63.0,63.257,316.0,225.0,91.0,64.0,101.0,289.0,65.285,62.614,44.889,34.948,31.962,True
2025-05-14 17:00:00,17,45.0,45.0,45.718,177.0,141.0,36.0,20.0,108.0,161.0,46.066,43.13,76.596,67.081,61.017,True
2025-05-14 18:00:00,18,32.0,32.0,32.128,83.0,76.0,7.0,7.0,71.0,83.0,32.647,30.155,93.421,85.542,85.542,True
2025-05-14 19:00:00,19,25.0,25.0,25.083,51.0,47.0,4.0,2.0,47.0,49.0,26.003,26.148,100.0,95.918,92.157,True
2025-05-14 20:00:00,20,40.0,40.0,40.492,68.0,57.0,11.0,8.0,49.0,65.0,41.936,40.339,85.965,75.385,72.059,True
2025-05-14 21:00:00,21,37.0,37.0,37.615,30.0,26.0,4.0,4.0,25.0,30.0,37.919,41.053,96.154,83.333,83.333,True
2025-05-14 22:00:00,22,36.0,36.0,36.3,19.0,19.0,0.0,0.0,18.0,19.0,38.545,40.63,94.737,94.737,94.737,True
2025-05-14 23:00:00,23,34.0,34.0,34.5,10.0,8.0,2.0,2.0,8.0,10.0,34.715,34.345,100.0,80.0,80.0,True
2025-05-15 00:00:00,0,80.0,80.0,80.0,2.0,2.0,0.0,0.0,0.0,2.0,80.522,80.522,0.0,0.0,0.0,True
2025-05-15 01:00:00,1,53.0,53.0,53.667,6.0,4.0,2.0,2.0,2.0,6.0,50.283,51.363,50.0,33.333,33.333,True
2025-05-15 02:00:00,2,39.0,39.0,39.0,,,,,,,,,,,,True
2025-05-15 03:00:00,3,31.0,31.0,31.857,7.0,7.0,0.0,0.0,6.0,7.0,32.255,23.963,85.714,85.714,85.714,True
2025-05-15 04:00:00,4,34.0,34.0,34.667,11.0,11.0,0.0,0.0,9.0,11.0,45.552,39.128,81.818,81.818,81.818,True
2025-05-15 05:00:00,5,56.0,56.0,56.913,20.0,15.0,5.0,2.0,7.0,17.0,57.206,63.22,46.667,41.176,35.0,True
2025-05-15 06:00:00,6,51.0,51.0,51.462,49.0,43.0,6.0,2.0,31.0,45.0,52.163,52.268,72.093,68.889,63.265,True
2025-05-15 07:00:00,7,52.0,52.0,52.418,449.0,358.0,91.0,36.0,169.0,394.0,63.116,62.033,47.207,42.893,37.639,True
2025-05-15 08:00:00,8,58.0,58.0,58.533,376.0,301.0,75.0,49.0,93.0,350.0,70.155,69.948,30.897,26.571,24.734,True
2025-05-15 09:00:00,9,40.0,40.0,40.395,241.0,209.0,32.0,21.0,184.0,230.0,40.836,38.949,88.038,80.0,76.349,True
2025-05-15 10:00:00,10,22.0,22.0,22.868,284.0,258.0,26.0,18.0,257.0,276.0,23.211,22.279,99.612,93.116,90.493,True
2025-05-15 11:00:00,11,22.0,22.0,22.185,452.0,429.0,23.0,9.0,429.0,438.0,22.57,21.926,100.0,97.945,94.912,True
2025-05-15 12:00:00,12,22.0,22.0,22.643,559.0,532.0,27.0,20.0,531.0,552.0,23.047,22.471,99.812,96.196,94.991,True
2025-05-15 13:00:00,13,23.0,23.0,23.104,484.0,459.0,25.0,17.0,458.0,476.0,23.608,23.091,99.782,96.218,94.628,True
2025-05-15 14:00:00,14,34.0,34.0,34.846,680.0,601.0,79.0,55.0,526.0,656.0,35.922,29.539,87.521,80.183,77.353,True
2025-05-15 15:00:00,15,54.0,54.0,54.488,535.0,433.0,102.0,73.0,271.0,506.0,56.323,48.14,62.587,53.557,50.654,True
2025-05-15 16:00:00,16,56.0,56.0,56.191,327.0,253.0,74.0,45.0,149.0,298.0,57.786,50.161,58.893,50.0,45.566,True
2025-05-15 17:00:00,17,49.0,49.0,49.2,175.0,146.0,29.0,23.0,96.0,169.0,50.336,46.819,65.753,56.805,54.857,True
2025-05-15 18:00:00,18,30.0,30.0,30.338,84.0,69.0,15.0,7.0,66.0,76.0,30.748,28.995,95.652,86.842,78.571,True
2025-05-15 19:00:00,19,25.0,25.0,25.809,72.0,63.0,9.0,5.0,62.0,68.0,27.331,26.717,98.413,91.176,86.111,True
2025-05-15 20:00:00,20,41.0,41.0,41.636,56.0,43.0,13.0,8.0,35.0,51.0,42.79,39.972,81.395,68.627,62.5,True
2025-05-15 21:00:00,21,45.0,45.0,45.086,43.0,34.0,9.0,6.0,23.0,40.0,46.841,43.956,67.647,57.5,53.488,True
2025-05-15 22:00:00,22,33.0,33.0,33.182,13.0,11.0,2.0,1.0,9.0,12.0,33.691,31.925,81.818,75.0,69.231,True
2025-05-15 23:00:00,23,37.0,37.0,37.692,12.0,12.0,0.0,0.0,10.0,12.0,41.493,35.522,83.333,83.333,83.333,True
2025-05-16 00:00:00,0,36.0,36.0,36.0,4.0,3.0,1.0,1.0,2.0,4.0,41.323,36.894,66.667,50.0,50.0,True
2025-05-16 01:00:00,1,28.0,28.0,28.667,3.0,3.0,0.0,0.0,3.0,3.0,29.679,27.827,100.0,100.0,100.0,True
2025-05-16 02:00:00,2,26.0,26.0,26.714,7.0,7.0,0.0,0.0,7.0,7.0,27.365,29.243,100.0,100.0,100.0,True
2025-05-16 03:00:00,3,20.0,20.0,20.667,7.0,6.0,1.0,1.0,6.0,7.0,21.331,25.694,100.0,85.714,85.714,True
2025-05-16 04:00:00,4,18.0,18.0,18.0,10.0,9.0,1.0,0.0,9.0,9.0,25.076,25.734,100.0,100.0,90.0,True
2025-05-16 05:00:00,5,50.0,50.0,50.321,17.0,17.0,0.0,0.0,8.0,17.0,64.98,69.932,47.059,47.059,47.059,True
2025-05-16 06:00:00,6,51.0,51.0,51.925,41.0,34.0,7.0,2.0,17.0,36.0,58.978,59.255,50.0,47.222,41.463,True
2025-05-16 07:00:00,7,45.0,46.0,46.124,427.0,348.0,79.0,31.0,207.0,379.0,55.159,54.345,59.483,54.617,48.478,False
2025-05-16 08:00:00,8,51.0,51.0,51.172,388.0,310.0,78.0,42.0,153.0,352.0,60.25,60.642,49.355,43.466,39.433,True
2025-05-16 09:00:00,9,33.0,33.0,33.983,333.0,281.0,52.0,23.0,268.0,304.0,34.429,33.079,95.374,88.158,80.48,True
2025-05-16 10:00:00,10,25.0,25.0,25.688,388.0,353.0,35.0,18.0,350.0,371.0,26.748,25.712,99.15,94.34,90.206,True
2025-05-16 11:00:00,11,26.0,26.0,26.2,562.0,518.0,44.0,31.0,518.0,549.0,26.819,26.343,100.0,94.353,92.171,True
2025-05-16 12:00:00,12,26.0,26.0,26.19,581.0,551.0,30.0,15.0,549.0,566.0,26.693,25.014,99.637,96.996,94.492,True
2025-05-16 13:00:00,13,24.0,24.0,24.087,510.0,476.0,34.0,24.0,471.0,500.0,24.671,22.76,98.95,94.2,92.353,True
2025-05-16 14:00:00,14,39.0,39.0,39.792,713.0,629.0,84.0,56.0,528.0,685.0,40.759,34.009,83.943,77.08,74.053,True
2025-05-16 15:00:00,15,74.0,74.0,74.64,702.0,504.0,197.0,159.0,221.0,664.0,76.862,68.471,43.849,33.283,31.481,True
2025-05-16 16:00:00,16,106.0,106.0,106.196,376.0,227.0,149.0,110.0,43.0,337.0,107.442,100.002,18.943,12.76,11.436,True
2025-05-16 17:00:00,17,104.0,104.0,104.093,195.0,97.0,98.0,87.0,22.0,184.0,108.922,105.794,22.68,11.957,11.282,True
2025-05-16 18:00:00,18,80.0,80.0,80.426,98.0,52.0,46.0,39.0,22.0,91.0,83.287,78.137,42.308,24.176,22.449,True
2025-05-16 19:00:00,19,94.0,91.0,91.362,82.0,47.0,35.0,29.0,12.0,76.0,95.336,100.478,25.532,15.789,14.634,False
2025-05-16 20:00:00,20,103.0,103.0,103.643,52.0,26.0,26.0,25.0,5.0,51.0,105.175,118.013,19.231,9.804,9.615,True
2025-05-16 21:00:00,21,103.0,99.0,99.667,25.0,15.0,9.0,9.0,0.0,25.0,100.023,100.436,0.0,0.0,0.0,False
2025-05-16 22:00:00,22,95.0,95.0,95.6,19.0,10.0,9.0,5.0,1.0,15.0,96.063,89.775,10.0,6.667,5.263,True
2025-05-16 23:00:00,23,44.0,44.0,44.429,14.0,6.0,8.0,7.0,4.0,13.0,51.07,46.868,66.667,30.769,28.571,True
2025-05-17 00:00:00,0,55.0,55.0,55.0,6.0,5.0,1.0,1.0,3.0,6.0,55.275,49.46,60.0,50.0,50.0,True
2025-05-17 01:00:00,1,87.0,87.0,87.2,8.0,5.0,3.0,2.0,1.0,7.0,87.59,91.527,20.0,14.286,12.5,True
2025-05-17 02:00:00,2,41.0,41.0,41.0,4.0,3.0,1.0,1.0,3.0,4.0,40.972,39.374,100.0,75.0,75.0,True
2025-05-17 03:00:00,3,39.0,39.0,39.0,4.0,4.0,0.0,0.0,3.0,4.0,39.951,33.034,75.0,75.0,75.0,True
2025-05-17 04:00:00,4,26.0,26.0,26.538,9.0,8.0,1.0,0.0,7.0,8.0,32.163,30.65,87.5,87.5,77.778,True
2025-05-17 05:00:00,5,40.0,40.0,40.062,17.0,15.0,2.0,2.0,12.0,17.0,41.724,30.159,80.0,70.588,70.588,True
2025-05-17 06:00:00,6,61.0,61.0,61.048,14.0,13.0,1.0,1.0,7.0,14.0,56.901,56.829,53.846,50.0,50.0,True
2025-05-17 07:00:00,7,33.0,33.0,33.761,76.0,70.0,6.0,3.0,66.0,73.0,36.765,34.857,94.286,90.411,86.842,True
2025-05-17 08:00:00,8,34.0,34.0,34.022,168.0,150.0,18.0,10.0,133.0,160.0,37.238,33.149,88.667,83.125,79.167,True
2025-05-17 09:00:00,9,46.0,46.0,46.114,209.0,182.0,27.0,24.0,136.0,206.0,46.923,41.544,74.725,66.019,65.072,True
2025-05-17 10:00:00,10,57.0,57.0,57.042,186.0,151.0,35.0,31.0,73.0,182.0,64.326,60.438,48.344,40.11,39.247,True
2025-05-17 11:00:00,11,56.0,56.0,56.028,265.0,211.0,54.0,37.0,135.0,248.0,56.485,53.967,63.981,54.435,50.943,True
2025-05-17 12:00:00,12,43.0,43.0,43.044,212.0,186.0,26.0,23.0,148.0,209.0,45.281,43.993,79.57,70.813,69.811,True
2025-05-17 13:00:00,13,34.0,34.0,34.75,200.0,173.0,27.0,17.0,164.0,190.0,35.71,32.648,94.798,86.316,82.0,True
2025-05-17 14:00:00,14,30.0,30.0,30.761,199.0,175.0,24.0,16.0,172.0,191.0,31.67,29.172,98.286,90.052,86.432,True
2025-05-17 15:00:00,15,39.0,39.0,39.517,191.0,166.0,25.0,11.0,140.0,177.0,41.074,36.732,84.337,79.096,73.298,True
2025-05-17 16:00:00,16,60.0,60.0,60.839,162.0,123.0,39.0,33.0,71.0,156.0,61.744,53.616,57.724,45.513,43.827,True
2025-05-17 17:00:00,17,73.0,73.0,73.716,123.0,79.0,44.0,32.0,26.0,111.0,75.682,76.211,32.911,23.423,21.138,True
2025-05-17 18:00:00,18,67.0,67.0,67.818,99.0,66.0,33.0,27.0,29.0,93.0,69.449,64.695,43.939,31.183,29.293,True
2025-05-17 19:00:00,19,69.0,69.0,69.585,57.0,39.0,18.0,17.0,17.0,56.0,71.407,65.438,43.59,30.357,29.825,True
2025-05-17 20:00:00,20,66.0,66.0,66.667,43.0,27.0,16.0,14.0,11.0,41.0,66.921,62.406,40.741,26.829,25.581,True
2025-05-17 21:00:00,21,62.0,62.0,62.5,26.0,16.0,10.0,8.0,9.0,24.0,62.998,57.984,56.25,37.5,34.615,True
2025-05-17 22:00:00,22,37.0,37.0,37.8,20.0,14.0,6.0,4.0,12.0,18.0,40.755,41.637,85.714,66.667,60.0,True
2025-05-17 23:00:00,23,52.0,52.0,52.5,13.0,12.0,1.0,1.0,7.0,13.0,52.885,51.051,58.333,53.846,53.846,True
2025-05-18 00:00:00,0,41.0,41.0,41.143,8.0,7.0,1.0,1.0,6.0,8.0,41.804,40.442,85.714,75.0,75.0,True
2025-05-18 01:00:00,1,30.0,30.0,30.5,3.0,2.0,1.0,1.0,2.0,3.0,30.893,30.893,100.0,66.667,66.667,True
2025-05-18 02:00:00,2,26.0,26.0,26.5,2.0,2.0,0.0,0.0,2.0,2.0,25.927,25.927,100.0,100.0,100.0,True
2025-05-18 03:00:00,3,31.0,31.0,31.667,6.0,6.0,0.0,0.0,6.0,6.0,32.375,33.49,100.0,100.0,100.0,True
2025-05-18 04:00:00,4,25.0,25.0,25.5,8.0,8.0,0.0,0.0,8.0,8.0,26.319,25.305,100.0,100.0,100.0,True
2025-05-18 05:00:00,5,25.0,25.0,25.0,8.0,6.0,2.0,2.0,6.0,8.0,25.584,25.986,100.0,75.0,75.0,True
2025-05-18 06:00:00,6,74.0,74.0,74.333,4.0,3.0,1.0,1.0,2.0,4.0,75.264,58.261,66.667,50.0,50.0,True
2025-05-18 07:00:00,7,36.0,35.0,35.74,80.0,76.0,4.0,3.0,64.0,79.0,38.47,33.875,84.211,81.013,80.0,False
2025-05-18 08:00:00,8,38.0,38.0,38.321,214.0,181.0,33.0,18.0,149.0,199.0,41.591,35.115,82.32,74.874,69.626,True
2025-05-18 09:00:00,9,53.0,53.0,53.189,194.0,156.0,38.0,29.0,100.0,185.0,54.114,48.192,64.103,54.054,51.546,True
2025-05-18 10:00:00,10,39.0,39.0,39.957,121.0,101.0,20.0,15.0,76.0,116.0,46.043,44.58,75.248,65.517,62.81,True
2025-05-18 11:00:00,11,28.0,28.0,28.866,141.0,127.0,14.0,11.0,127.0,138.0,29.405,28.575,100.0,92.029,90.071,True
2025-05-18 12:00:00,12,26.0,26.0,26.457,264.0,242.0,22.0,12.0,236.0,254.0,27.226,25.079,97.521,92.913,89.394,True
2025-05-18 13:00:00,13,27.0,27.0,27.879,222.0,200.0,22.0,16.0,194.0,216.0,28.528,25.785,97.0,89.815,87.387,True
2025-05-18 14:00:00,14,27.0,27.0,27.443,179.0,155.0,24.0,9.0,151.0,164.0,28.401,26.513,97.419,92.073,84.358,True
2025-05-18 15:00:00,15,32.0,32.0,32.448,156.0,141.0,15.0,8.0,128.0,149.0,33.516,27.859,90.78,85.906,82.051,True
2025-05-18 16:00:00,16,39.0,40.0,40.095,129.0,102.0,27.0,16.0,83.0,118.0,40.91,32.345,81.373,70.339,64.341,False
2025-05-18 17:00:00,17,46.0,46.0,46.644,111.0,85.0,26.0,18.0,65.0,103.0,47.526,40.773,76.471,63.107,58.559,True
2025-05-18 18:00:00,18,35.0,36.0,36.017,71.0,58.0,13.0,10.0,50.0,68.0,36.016,31.179,86.207,73.529,70.423,False
2025-05-18 19:00:00,19,54.0,54.0,54.377,87.0,60.0,27.0,21.0,40.0,81.0,55.714,44.02,66.667,49.383,45.977,True
2025-05-18 20:00:00,20,117.0,117.0,117.0,42.0,25.0,17.0,15.0,3.0,40.0,122.2,134.113,12.0,7.5,7.143,True
2025-05-18 21:00:00,21,131.0,131.0,131.167,21.0,12.0,9.0,9.0,1.0,21.0,131.495,139.094,8.333,4.762,4.762,True
2025-05-18 22:00:00,22,118.0,114.0,114.0,17.0,4.0,12.0,12.0,0.0,17.0,114.145,119.525,0.0,0.0,0.0,False
2025-05-18 23:00:00,23,73.0,73.0,73.5,9.0,6.0,3.0,3.0,2.0,9.0,73.874,77.095,33.333,22.222,22.222,True
2025-05-19 00:00:00,0,39.0,39.0,39.667,3.0,3.0,0.0,0.0,3.0,3.0,39.664,43.988,100.0,100.0,100.0,True
2025-05-19 02:00:00,2,40.0,40.0,40.5,4.0,4.0,0.0,0.0,4.0,4.0,40.972,41.004,100.0,100.0,100.0,True
2025-05-19 03:00:00,3,32.0,32.0,32.5,5.0,4.0,1.0,1.0,4.0,5.0,33.089,31.704,100.0,80.0,80.0,True
2025-05-19 04:00:00,4,21.0,21.0,21.25,9.0,8.0,1.0,1.0,8.0,9.0,29.26,28.046,100.0,88.889,88.889,True
2025-05-19 05:00:00,5,40.0,40.0,40.037,18.0,14.0,4.0,2.0,8.0,16.0,53.739,39.507,57.143,50.0,44.444,True
2025-05-19 06:00:00,6,50.0,50.0,50.594,35.0,32.0,3.0,1.0,20.0,33.0,50.487,54.538,62.5,60.606,57.143,True
2025-05-19 07:00:00,7,43.0,43.0,43.242,454.0,336.0,117.0,31.0,235.0,368.0,50.877,49.148,69.94,63.859,51.762,True
2025-05-19 08:00:00,8,44.0,44.0,44.565,416.0,315.0,101.0,31.0,230.0,346.0,50.105,48.29,73.016,66.474,55.288,True
2025-05-19 09:00:00,9,29.0,29.0,29.704,294.0,265.0,29.0,10.0,251.0,275.0,30.207,28.435,94.717,91.273,85.374,True
2025-05-19 10:00:00,10,18.0,18.0,18.856,340.0,319.0,21.0,7.0,319.0,326.0,19.389,18.178,100.0,97.853,93.824,True
2025-05-19 11:00:00,11,21.0,21.0,21.523,503.0,474.0,29.0,16.0,474.0,490.0,22.092,21.138,100.0,96.735,94.235,True
2025-05-19 12:00:00,12,20.0,20.0,20.437,548.0,521.0,27.0,12.0,521.0,533.0,20.826,19.771,100.0,97.749,95.073,True
2025-05-19 13:00:00,13,19.0,19.0,19.667,456.0,431.0,25.0,13.0,431.0,444.0,20.124,18.729,100.0,97.072,94.518,True
2025-05-19 14:00:00,14,27.0,27.0,27.511,699.0,635.0,64.0,30.0,601.0,665.0,28.251,24.392,94.646,90.376,85.98,True
2025-05-19 15:00:00,15,40.0,40.0,40.515,625.0,530.0,95.0,53.0,435.0,583.0,41.554,36.474,82.075,74.614,69.6,True
2025-05-19 16:00:00,16,43.0,43.0,43.085,301.0,229.0,72.0,32.0,176.0,261.0,44.504,39.03,76.856,67.433,58.472,True
2025-05-19 17:00:00,17,37.0,37.0,37.295,220.0,177.0,43.0,18.0,154.0,195.0,37.974,35.214,87.006,78.974,70.0,True
2025-05-19 18:00:00,18,29.0,29.0,29.229,105.0,94.0,11.0,9.0,90.0,103.0,30.002,26.851,95.745,87.379,85.714,True
2025-05-19 19:00:00,19,27.0,27.0,27.273,69.0,64.0,5.0,3.0,63.0,67.0,28.164,26.723,98.438,94.03,91.304,True
2025-05-19 20:00:00,20,34.0,34.0,34.731,58.0,50.0,8.0,6.0,46.0,56.0,35.143,33.215,92.0,82.143,79.31,True
2025-05-19 21:00:00,21,37.0,37.0,37.136,28.0,22.0,6.0,4.0,20.0,26.0,37.459,34.516,90.909,76.923,71.429,True
2025-05-19 22:00:00,22,25.0,25.0,25.923,14.0,13.0,1.0,1.0,13.0,14.0,26.144,26.65,100.0,92.857,92.857,True
2025-05-19 23:00:00,23,21.0,21.0,21.25,8.0,8.0,0.0,0.0,8.0,8.0,21.508,22.253,100.0,100.0,100.0,True
2025-05-20 00:00:00,0,34.0,34.0,34.667,4.0,3.0,1.0,1.0,3.0,4.0,35.181,33.261,100.0,75.0,75.0,True
2025-05-20 01:00:00,1,30.0,30.0,30.667,5.0,4.0,1.0,1.0,4.0,5.0,27.132,26.734,100.0,80.0,80.0,True
2025-05-20 02:00:00,2,18.0,18.0,18.0,,,,,,,,,,,,True
2025-05-20 03:00:00,3,32.0,32.0,32.0,7.0,7.0,0.0,0.0,7.0,7.0,32.258,35.282,100.0,100.0,100.0,True
2025-05-20 04:00:00,4,18.0,18.0,18.231,7.0,7.0,0.0,0.0,7.0,7.0,30.072,30.236,100.0,100.0,100.0,True
2025-05-20 05:00:00,5,47.0,47.0,47.276,23.0,22.0,1.0,0.0,15.0,22.0,47.351,33.162,68.182,68.182,65.217,True
2025-05-20 06:00:00,6,46.0,46.0,46.378,47.0,41.0,6.0,3.0,34.0,44.0,45.981,43.274,82.927,77.273,72.34,True
2025-05-20 07:00:00,7,35.0,35.0,35.527,348.0,253.0,95.0,21.0,215.0,274.0,41.157,38.904,84.98,78.467,61.782,True
2025-05-20 08:00:00,8,42.0,42.0,42.612,444.0,371.0,72.0,27.0,289.0,399.0,47.826,46.717,77.898,72.431,65.09,True
2025-05-20 09:00:00,9,32.0,32.0,32.468,345.0,291.0,54.0,19.0,276.0,310.0,33.019,30.729,94.845,89.032,80.0,True
2025-05-20 10:00:00,10,22.0,22.0,22.087,383.0,339.0,44.0,13.0,339.0,352.0,22.492,21.348,100.0,96.307,88.512,True
2025-05-20 11:00:00,11,21.0,21.0,21.163,505.0,478.0,27.0,12.0,477.0,490.0,21.623,20.19,99.791,97.347,94.455,True
2025-05-20 12:00:00,12,22.0,22.0,22.909,554.0,535.0,17.0,9.0,535.0,546.0,23.391,22.048,100.0,97.985,96.57,True
2025-05-20 13:00:00,13,21.0,21.0,21.158,522.0,499.0,23.0,9.0,495.0,508.0,21.606,20.749,99.198,97.441,94.828,True
2025-05-20 14:00:00,14,30.0,30.0,30.914,694.0,626.0,68.0,39.0,570.0,665.0,31.932,26.897,91.054,85.714,82.133,True
2025-05-20 15:00:00,15,54.0,53.0,53.96,662.0,558.0,104.0,74.0,348.0,632.0,55.754,50.324,62.366,55.063,52.568,False
2025-05-20 16:00:00,16,60.0,60.0,60.036,270.0,207.0,63.0,48.0,99.0,255.0,62.586,60.967,47.826,38.824,36.667,True
2025-05-20 17:00:00,17,46.0,46.0,46.288,177.0,147.0,30.0,12.0,105.0,159.0,47.013,41.514,71.429,66.038,59.322,True
2025-05-20 18:00:00,18,30.0,30.0,30.153,91.0,83.0,8.0,4.0,78.0,87.0,30.217,27.712,93.976,89.655,85.714,True
2025-05-20 19:00:00,19,34.0,34.0,34.446,86.0,77.0,9.0,5.0,71.0,82.0,36.607,32.757,92.208,86.585,82.558,True
2025-05-20 20:00:00,20,46.0,47.0,47.065,58.0,46.0,12.0,11.0,33.0,57.0,47.418,43.821,71.739,57.895,56.897,False
2025-05-20 21:00:00,21,39.0,39.0,39.448,34.0,29.0,5.0,4.0,28.0,33.0,39.655,37.788,96.552,84.848,82.353,True
2025-05-20 22:00:00,22,34.0,34.0,34.5,19.0,16.0,3.0,3.0,16.0,19.0,35.16,30.443,100.0,84.211,84.211,True
2025-05-20 23:00:00,23,30.0,30.0,30.0,11.0,10.0,1.0,1.0,10.0,11.0,33.173,36.436,100.0,90.909,90.909,True
2025-05-21 00:00:00,0,24.0,24.0,24.4,6.0,5.0,1.0,1.0,5.0,6.0,25.379,18.718,100.0,83.333,83.333,True
2025-05-21 01:00:00,1,31.0,31.0,31.0,2.0,2.0,0.0,0.0,2.0,2.0,38.109,38.109,100.0,100.0,100.0,True
2025-05-21 02:00:00,2,26.0,26.0,26.0,2.0,2.0,0.0,0.0,2.0,2.0,26.938,26.938,100.0,100.0,100.0,True
2025-05-21 03:00:00,3,34.0,34.0,34.333,3.0,3.0,0.0,0.0,3.0,3.0,34.351,33.956,100.0,100.0,100.0,True
2025-05-21 04:00:00,4,26.0,26.0,26.0,10.0,9.0,1.0,1.0,8.0,10.0,33.67,33.636,88.889,80.0,80.0,True
2025-05-21 05:00:00,5,51.0,51.0,51.607,18.0,16.0,2.0,1.0,7.0,17.0,67.408,70.833,43.75,41.176,38.889,True
2025-05-21 06:00:00,6,46.0,46.0,46.211,36.0,34.0,2.0,1.0,24.0,35.0,50.89,55.183,70.588,68.571,66.667,True
2025-05-21 07:00:00,7,47.0,47.0,47.731,394.0,324.0,70.0,27.0,176.0,351.0,58.883,57.545,54.321,50.142,44.67,True
2025-05-21 08:00:00,8,57.0,57.0,57.584,376.0,317.0,59.0,38.0,109.0,355.0,68.911,67.759,34.385,30.704,28.989,True
2025-05-21 09:00:00,9,44.0,44.0,44.496,287.0,251.0,36.0,17.0,202.0,268.0,44.641,42.561,80.478,75.373,70.383,True
2025-05-21 10:00:00,10,25.0,25.0,25.351,381.0,349.0,32.0,12.0,349.0,361.0,27.164,26.601,100.0,96.676,91.601,True
2025-05-21 11:00:00,11,26.0,26.0,26.428,537.0,504.0,33.0,20.0,500.0,524.0,27.044,26.353,99.206,95.42,93.11,True
2025-05-21 12:00:00,12,27.0,27.0,27.163,594.0,558.0,36.0,25.0,550.0,583.0,27.858,26.731,98.566,94.34,92.593,True
2025-05-21 13:00:00,13,24.0,24.0,24.72,509.0,477.0,32.0,19.0,475.0,496.0,25.181,23.619,99.581,95.766,93.32,True
2025-05-21 14:00:00,14,36.0,36.0,36.661,685.0,600.0,85.0,68.0,518.0,668.0,37.582,31.367,86.333,77.545,75.62,True
2025-05-21 15:00:00,15,58.0,58.0,58.158,631.0,502.0,129.0,97.0,283.0,599.0,60.591,55.816,56.375,47.245,44.849,True
2025-05-21 16:00:00,16,70.0,70.0,70.981,312.0,245.0,67.0,53.0,78.0,298.0,72.89,70.997,31.837,26.174,25.0,True
2025-05-21 17:00:00,17,55.0,55.0,55.05,170.0,130.0,40.0,30.0,75.0,160.0,57.013,48.656,57.692,46.875,44.118,True
2025-05-21 18:00:00,18,40.0,40.0,40.158,108.0,89.0,19.0,11.0,73.0,100.0,41.552,38.578,82.022,73.0,67.593,True
2025-05-21 19:00:00,19,36.0,36.0,36.134,80.0,65.0,15.0,9.0,56.0,74.0,37.264,31.574,86.154,75.676,70.0,True
2025-05-21 20:00:00,20,61.0,62.0,62.382,74.0,55.0,19.0,15.0,29.0,70.0,62.709,56.86,52.727,41.429,39.189,False
2025-05-21 21:00:00,21,70.0,68.0,68.423,36.0,25.0,11.0,9.0,13.0,34.0,71.598,56.293,52.0,38.235,36.111,False
2025-05-21 22:00:00,22,41.0,41.0,41.0,13.0,9.0,4.0,3.0,9.0,12.0,41.255,46.097,100.0,75.0,69.231,True
2025-05-21 23:00:00,23,21.0,21.0,21.8,6.0,4.0,2.0,2.0,4.0,6.0,27.748,27.941,100.0,66.667,66.667,True
2025-05-22 00:00:00,0,24.0,24.0,24.2,7.0,5.0,2.0,2.0,5.0,7.0,24.929,25.453,100.0,71.429,71.429,True
2025-05-22 01:00:00,1,31.0,31.0,31.0,3.0,3.0,0.0,0.0,3.0,3.0,31.422,31.006,100.0,100.0,100.0,True
2025-05-22 02:00:00,2,17.0,17.0,17.0,2.0,2.0,0.0,0.0,2.0,2.0,17.309,17.309,100.0,100.0,100.0,True
2025-05-22 03:00:00,3,36.0,36.0,36.0,3.0,3.0,0.0,0.0,3.0,3.0,36.569,28.742,100.0,100.0,100.0,True
2025-05-22 04:00:00,4,16.0,16.0,16.214,9.0,8.0,1.0,1.0,8.0,9.0,28.016,26.594,100.0,88.889,88.889,True
2025-05-22 05:00:00,5,43.0,43.0,43.516,25.0,23.0,2.0,1.0,16.0,24.0,45.395,32.972,69.565,66.667,64.0,True
2025-05-22 06:00:00,6,50.0,50.0,50.324,41.0,36.0,5.0,1.0,29.0,37.0,47.835,47.572,80.556,78.378,70.732,True
2025-05-22 07:00:00,7,49.0,49.0,49.661,388.0,315.0,73.0,29.0,171.0,344.0,60.792,56.997,54.286,49.709,44.072,True
2025-05-22 08:00:00,8,55.0,55.0,55.296,375.0,313.0,62.0,30.0,128.0,343.0,64.925,64.816,40.895,37.318,34.133,True
2025-05-22 09:00:00,9,40.0,40.0,40.935,290.0,252.0,38.0,22.0,209.0,274.0,41.726,37.537,82.937,76.277,72.069,True
2025-05-22 10:00:00,10,23.0,23.0,23.869,354.0,328.0,26.0,7.0,328.0,335.0,25.007,23.683,100.0,97.91,92.655,True
2025-05-22 11:00:00,11,25.0,25.0,25.448,514.0,487.0,26.0,15.0,484.0,503.0,26.135,24.576,99.384,96.223,94.163,True
2025-05-22 12:00:00,12,25.0,25.0,25.154,549.0,526.0,23.0,12.0,526.0,538.0,25.746,24.887,100.0,97.77,95.811,True
2025-05-22 13:00:00,13,23.0,23.0,23.03,507.0,479.0,27.0,16.0,477.0,496.0,23.603,22.031,99.582,96.169,94.083,True
2025-05-22 14:00:00,14,34.0,34.0,34.636,649.0,577.0,72.0,46.0,510.0,623.0,35.845,29.9,88.388,81.862,78.582,True
2025-05-22 15:00:00,15,53.0,53.0,53.971,630.0,519.0,111.0,80.0,316.0,599.0,55.423,50.185,60.886,52.755,50.159,True
2025-05-22 16:00:00,16,54.0,54.0,54.714,275.0,212.0,63.0,42.0,128.0,254.0,56.057,51.228,60.377,50.394,46.545,True
2025-05-22 17:00:00,17,47.0,47.0,47.423,185.0,152.0,33.0,14.0,104.0,166.0,48.709,42.189,68.421,62.651,56.216,True
2025-05-22 18:00:00,18,31.0,31.0,31.368,101.0,86.0,15.0,8.0,84.0,94.0,31.813,29.775,97.674,89.362,83.168,True
2025-05-22 19:00:00,19,28.0,28.0,28.667,73.0,64.0,9.0,6.0,63.0,70.0,29.357,28.592,98.438,90.0,86.301,True
2025-05-22 20:00:00,20,35.0,35.0,35.865,40.0,37.0,3.0,2.0,34.0,39.0,36.939,34.796,91.892,87.179,85.0,True
2025-05-22 21:00:00,21,42.0,42.0,42.833,36.0,29.0,7.0,7.0,24.0,36.0,42.162,36.864,82.759,66.667,66.667,True
2025-05-22 22:00:00,22,34.0,34.0,34.923,19.0,13.0,6.0,4.0,13.0,17.0,35.035,34.176,100.0,76.471,68.421,True
2025-05-22 23:00:00,23,37.0,38.0,38.636,12.0,11.0,0.0,0.0,9.0,12.0,39.429,38.818,81.818,75.0,75.0,False
2025-05-23 00:00:00,0,32.0,32.0,32.833,7.0,6.0,1.0,1.0,6.0,7.0,33.687,32.711,100.0,85.714,85.714,True
2025-05-23 01:00:00,1,43.0,43.0,43.0,5.0,3.0,2.0,2.0,3.0,5.0,43.013,41.59,100.0,60.0,60.0,True
2025-05-23 02:00:00,2,32.0,32.0,32.0,2.0,2.0,0.0,0.0,2.0,2.0,32.147,32.147,100.0,100.0,100.0,True
2025-05-23 03:00:00,3,28.0,28.0,28.667,3.0,3.0,0.0,0.0,3.0,3.0,29.738,32.15,100.0,100.0,100.0,True
2025-05-23 04:00:00,4,24.0,24.0,24.615,10.0,10.0,0.0,0.0,10.0,10.0,30.684,30.906,100.0,100.0,100.0,True
2025-05-23 05:00:00,5,50.0,50.0,50.7,22.0,19.0,3.0,2.0,10.0,21.0,63.577,57.953,52.632,47.619,45.455,True
2025-05-23 06:00:00,6,46.0,46.0,46.213,33.0,23.0,10.0,2.0,13.0,25.0,56.164,57.91,56.522,52.0,39.394,True
2025-05-23 07:00:00,7,42.0,42.0,42.365,365.0,288.0,77.0,21.0,207.0,309.0,50.15,47.158,71.875,66.99,56.712,True
2025-05-23 08:00:00,8,48.0,48.0,48.182,427.0,353.0,74.0,38.0,215.0,391.0,54.742,53.377,60.907,54.987,50.351,True
2025-05-23 09:00:00,9,33.0,33.0,33.48,305.0,270.0,35.0,16.0,261.0,286.0,33.787,31.29,96.667,91.259,85.574,True
2025-05-23 10:00:00,10,20.0,20.0,20.899,357.0,332.0,25.0,8.0,332.0,340.0,21.261,20.5,100.0,97.647,92.997,True
2025-05-23 11:00:00,11,23.0,23.0,23.849,569.0,542.0,27.0,12.0,538.0,554.0,24.308,22.856,99.262,97.112,94.552,True
2025-05-23 12:00:00,12,24.0,24.0,24.148,548.0,521.0,27.0,14.0,516.0,535.0,24.706,22.968,99.04,96.449,94.161,True
2025-05-23 13:00:00,13,23.0,23.0,23.02,536.0,499.0,37.0,17.0,497.0,516.0,23.532,21.791,99.599,96.318,92.724,True
2025-05-23 14:00:00,14,37.0,37.0,37.243,709.0,613.0,95.0,54.0,521.0,668.0,38.527,32.942,84.992,77.994,73.484,True
2025-05-23 15:00:00,15,62.0,62.0,62.07,592.0,483.0,108.0,86.0,245.0,570.0,63.538,59.48,50.725,42.982,41.385,True
2025-05-23 16:00:00,16,74.0,74.0,74.199,312.0,218.0,94.0,68.0,81.0,286.0,76.143,75.467,37.156,28.322,25.962,True
2025-05-23 17:00:00,17,59.0,59.0,59.406,164.0,122.0,42.0,31.0,67.0,153.0,60.77,53.386,54.918,43.791,40.854,True
2025-05-23 18:00:00,18,43.0,43.0,43.483,105.0,84.0,21.0,14.0,66.0,98.0,45.243,38.623,78.571,67.347,62.857,True
2025-05-23 19:00:00,19,45.0,44.0,44.412,99.0,79.0,20.0,15.0,64.0,94.0,44.836,36.395,81.013,68.085,64.646,False
2025-05-23 20:00:00,20,66.0,67.0,67.34,69.0,42.0,27.0,21.0,20.0,63.0,75.545,61.133,47.619,31.746,28.986,False
2025-05-23 21:00:00,21,78.0,78.0,78.821,53.0,28.0,25.0,21.0,12.0,49.0,79.172,69.581,42.857,24.49,22.642,True
2025-05-23 22:00:00,22,80.0,80.0,80.714,28.0,14.0,14.0,11.0,6.0,25.0,81.21,81.958,42.857,24.0,21.429,True
2025-05-23 23:00:00,23,75.0,75.0,75.5,18.0,13.0,5.0,5.0,2.0,18.0,77.991,78.589,15.385,11.111,11.111,True
2025-05-24 00:00:00,0,56.0,56.0,56.25,4.0,3.0,1.0,1.0,2.0,4.0,41.506,23.817,66.667,50.0,50.0,True
2025-05-24 01:00:00,1,63.0,63.0,63.333,6.0,3.0,3.0,2.0,2.0,5.0,63.688,54.751,66.667,40.0,33.333,True
2025-05-24 02:00:00,2,39.0,39.0,39.0,3.0,3.0,0.0,0.0,3.0,3.0,39.063,36.288,100.0,100.0,100.0,True
2025-05-24 03:00:00,3,29.0,29.0,29.75,4.0,4.0,0.0,0.0,4.0,4.0,30.375,29.971,100.0,100.0,100.0,True
2025-05-24 04:00:00,4,18.0,18.0,18.462,10.0,8.0,2.0,2.0,8.0,10.0,24.598,22.602,100.0,80.0,80.0,True
2025-05-24 05:00:00,5,37.0,37.0,37.75,21.0,18.0,3.0,2.0,14.0,20.0,42.453,26.38,77.778,70.0,66.667,True
2025-05-24 06:00:00,6,67.0,67.0,67.28,18.0,16.0,2.0,1.0,5.0,17.0,65.962,67.668,31.25,29.412,27.778,True
2025-05-24 07:00:00,7,36.0,36.0,36.127,63.0,56.0,7.0,4.0,47.0,60.0,43.358,41.322,83.929,78.333,74.603,True
2025-05-24 08:00:00,8,37.0,37.0,37.7,165.0,146.0,19.0,15.0,120.0,161.0,42.656,36.008,82.192,74.534,72.727,True
2025-05-24 09:00:00,9,50.0,50.0,50.178,210.0,156.0,54.0,43.0,109.0,199.0,50.878,43.657,69.872,54.774,51.905,True
2025-05-24 10:00:00,10,57.0,57.0,57.759,218.0,167.0,51.0,43.0,72.0,210.0,64.676,66.352,43.114,34.286,33.028,True
2025-05-24 11:00:00,11,60.0,60.0,60.352,252.0,205.0,47.0,37.0,97.0,242.0,60.731,61.087,47.317,40.083,38.492,True
2025-05-24 12:00:00,12,44.0,44.0,44.284,179.0,146.0,33.0,22.0,108.0,168.0,45.804,42.639,73.973,64.286,60.335,True
2025-05-24 13:00:00,13,31.0,31.0,31.904,167.0,146.0,21.0,15.0,138.0,161.0,33.502,32.158,94.521,85.714,82.635,True
2025-05-24 14:00:00,14,25.0,25.0,25.708,176.0,158.0,18.0,13.0,158.0,171.0,26.661,25.316,100.0,92.398,89.773,True
2025-05-24 15:00:00,15,39.0,39.0,39.536,220.0,185.0,35.0,20.0,155.0,205.0,41.182,37.338,83.784,75.61,70.455,True
2025-05-24 16:00:00,16,59.0,59.0,59.173,156.0,124.0,32.0,24.0,71.0,148.0,59.908,54.217,57.258,47.973,45.513,True
2025-05-24 17:00:00,17,62.0,62.0,62.253,99.0,72.0,27.0,23.0,38.0,95.0,64.157,56.594,52.778,40.0,38.384,True
2025-05-24 18:00:00,18,40.0,40.0,40.207,71.0,56.0,15.0,9.0,48.0,65.0,41.958,40.874,85.714,73.846,67.606,True
2025-05-24 19:00:00,19,33.0,33.0,33.353,82.0,68.0,14.0,12.0,67.0,80.0,33.703,31.78,98.529,83.75,81.707,True
2025-05-24 20:00:00,20,43.0,43.0,43.979,53.0,45.0,8.0,7.0,39.0,52.0,46.271,45.352,86.667,75.0,73.585,True
2025-05-24 21:00:00,21,56.0,56.0,56.115,34.0,26.0,8.0,8.0,17.0,34.0,56.4,58.003,65.385,50.0,50.0,True
2025-05-24 22:00:00,22,38.0,38.0,38.5,14.0,12.0,2.0,2.0,10.0,14.0,38.875,31.913,83.333,71.429,71.429,True
2025-05-24 23:00:00,23,35.0,35.0,35.0,8.0,7.0,1.0,1.0,7.0,8.0,35.327,39.469,100.0,87.5,87.5,True
2025-05-25 00:00:00,0,53.0,57.0,57.143,10.0,7.0,2.0,2.0,4.0,10.0,57.633,58.039,57.143,40.0,40.0,False
2025-05-25 01:00:00,1,38.0,38.0,38.6,5.0,4.0,1.0,1.0,4.0,5.0,45.911,43.516,100.0,80.0,80.0,True
2025-05-25 02:00:00,2,29.0,29.0,29.0,5.0,3.0,2.0,2.0,3.0,5.0,29.82,28.539,100.0,60.0,60.0,True
2025-05-25 03:00:00,3,24.0,24.0,24.25,4.0,4.0,0.0,0.0,4.0,4.0,25.466,23.125,100.0,100.0,100.0,True
2025-05-25 04:00:00,4,22.0,22.0,22.667,6.0,6.0,0.0,0.0,6.0,6.0,23.321,22.511,100.0,100.0,100.0,True
2025-05-25 05:00:00,5,33.0,33.0,33.833,6.0,6.0,0.0,0.0,6.0,6.0,34.582,37.372,100.0,100.0,100.0,True
2025-05-25 06:00:00,6,43.0,43.0,43.0,2.0,2.0,0.0,0.0,2.0,2.0,43.434,43.434,100.0,100.0,100.0,True
2025-05-25 07:00:00,7,40.0,40.0,40.317,92.0,79.0,13.0,8.0,67.0,87.0,44.404,37.393,84.81,77.011,72.826,True
2025-05-25 08:00:00,8,44.0,44.0,44.264,194.0,161.0,33.0,20.0,120.0,181.0,48.228,34.946,74.534,66.298,61.856,True
2025-05-25 09:00:00,9,53.0,53.0,53.908,195.0,159.0,36.0,30.0,96.0,189.0,55.407,51.192,60.377,50.794,49.231,True
2025-05-25 10:00:00,10,45.0,45.0,45.148,144.0,115.0,29.0,18.0,74.0,133.0,53.457,50.67,64.348,55.639,51.389,True
2025-05-25 11:00:00,11,36.0,36.0,36.104,150.0,131.0,19.0,13.0,122.0,144.0,36.682,34.641,93.13,84.722,81.333,True
2025-05-25 12:00:00,12,29.0,29.0,29.78,273.0,247.0,26.0,16.0,240.0,263.0,30.495,28.334,97.166,91.255,87.912,True
2025-05-25 13:00:00,13,32.0,32.0,32.14,197.0,181.0,16.0,11.0,174.0,192.0,32.692,30.815,96.133,90.625,88.325,True
2025-05-25 14:00:00,14,33.0,33.0,33.858,205.0,180.0,25.0,20.0,168.0,200.0,34.896,33.531,93.333,84.0,81.951,True
2025-05-25 15:00:00,15,51.0,51.0,51.153,182.0,146.0,36.0,29.0,96.0,175.0,52.939,46.984,65.753,54.857,52.747,True
2025-05-25 16:00:00,16,59.0,60.0,60.517,113.0,88.0,25.0,23.0,39.0,111.0,61.599,64.034,44.318,35.135,34.513,False
2025-05-25 17:00:00,17,60.0,61.0,61.254,88.0,68.0,20.0,18.0,37.0,86.0,61.247,58.775,54.412,43.023,42.045,False
2025-05-25 18:00:00,18,55.0,55.0,55.524,91.0,62.0,29.0,23.0,35.0,85.0,57.595,53.374,56.452,41.176,38.462,True
2025-05-25 19:00:00,19,45.0,45.0,45.0,55.0,39.0,16.0,15.0,28.0,54.0,45.467,37.204,71.795,51.852,50.909,True
2025-05-25 20:00:00,20,73.0,73.0,73.409,37.0,22.0,15.0,13.0,7.0,35.0,73.571,73.415,31.818,20.0,18.919,True
2025-05-25 21:00:00,21,92.0,92.0,92.588,25.0,17.0,8.0,7.0,6.0,24.0,93.071,84.523,35.294,25.0,24.0,True
2025-05-25 22:00:00,22,73.0,73.0,73.2,11.0,5.0,6.0,5.0,1.0,10.0,73.394,78.712,20.0,10.0,9.091,True
2025-05-25 23:00:00,23,30.0,33.0,33.8,8.0,5.0,3.0,3.0,5.0,8.0,34.221,31.089,100.0,62.5,62.5,False
2025-05-26 00:00:00,0,42.0,42.0,42.0,4.0,4.0,0.0,0.0,4.0,4.0,42.302,40.401,100.0,100.0,100.0,True
2025-05-26 01:00:00,1,31.0,31.0,31.333,2.0,2.0,0.0,0.0,2.0,2.0,45.182,45.182,100.0,100.0,100.0,True
2025-05-26 02:00:00,2,27.0,27.0,27.0,1.0,1.0,0.0,0.0,1.0,1.0,27.672,27.672,100.0,100.0,100.0,True
2025-05-26 03:00:00,3,33.0,33.0,33.5,5.0,4.0,1.0,1.0,4.0,5.0,33.435,36.842,100.0,80.0,80.0,True
2025-05-26 04:00:00,4,15.0,15.0,15.143,11.0,10.0,1.0,1.0,10.0,11.0,20.52,17.177,100.0,90.909,90.909,True
2025-05-26 05:00:00,5,38.0,38.0,38.594,20.0,18.0,2.0,1.0,12.0,19.0,49.702,42.005,66.667,63.158,60.0,True
2025-05-26 06:00:00,6,49.0,49.0,49.824,40.0,34.0,6.0,2.0,22.0,36.0,54.755,55.411,64.706,61.111,55.0,True
2025-05-26 07:00:00,7,55.0,55.0,55.764,434.0,360.0,74.0,41.0,142.0,401.0,68.578,70.201,39.444,35.411,32.719,True
2025-05-26 08:00:00,8,61.0,61.0,61.138,370.0,311.0,59.0,33.0,87.0,344.0,73.947,74.147,27.974,25.291,23.514,True
2025-05-26 09:00:00,9,45.0,45.0,45.823,274.0,240.0,34.0,23.0,182.0,263.0,46.741,44.467,75.833,69.202,66.423,True
2025-05-26 10:00:00,10,24.0,23.0,23.889,322.0,300.0,22.0,10.0,298.0,310.0,24.875,23.173,99.333,96.129,92.547,False
2025-05-26 11:00:00,11,23.0,23.0,23.6,503.0,476.0,27.0,14.0,474.0,490.0,24.381,23.339,99.58,96.735,94.235,True
2025-05-26 12:00:00,12,22.0,22.0,22.141,597.0,568.0,29.0,15.0,568.0,583.0,22.605,21.939,100.0,97.427,95.142,True
2025-05-26 13:00:00,13,20.0,20.0,20.831,513.0,493.0,20.0,9.0,490.0,502.0,21.577,20.168,99.391,97.61,95.517,True
2025-05-26 14:00:00,14,31.0,31.0,31.593,709.0,632.0,77.0,55.0,580.0,687.0,32.324,27.606,91.772,84.425,81.805,True
2025-05-26 15:00:00,15,46.0,46.0,46.701,638.0,546.0,92.0,56.0,390.0,602.0,47.848,41.308,71.429,64.784,61.129,True
2025-05-26 16:00:00,16,48.0,48.0,48.103,305.0,246.0,59.0,31.0,164.0,277.0,49.574,43.472,66.667,59.206,53.77,True
2025-05-26 17:00:00,17,34.0,34.0,34.608,194.0,160.0,34.0,15.0,147.0,175.0,35.273,35.288,91.875,84.0,75.773,True
2025-05-26 18:00:00,18,30.0,30.0,30.871,101.0,90.0,11.0,9.0,85.0,99.0,31.889,30.487,94.444,85.859,84.158,True
2025-05-26 19:00:00,19,23.0,23.0,23.554,69.0,63.0,6.0,4.0,63.0,67.0,24.499,24.436,100.0,94.03,91.304,True
2025-05-26 20:00:00,20,29.0,29.0,29.851,56.0,46.0,10.0,5.0,46.0,51.0,30.389,28.836,100.0,90.196,82.143,True
2025-05-26 21:00:00,21,29.0,30.0,30.567,34.0,30.0,4.0,2.0,30.0,32.0,30.806,27.448,100.0,93.75,88.235,False
2025-05-26 22:00:00,22,26.0,26.0,26.786,15.0,14.0,1.0,1.0,14.0,15.0,27.238,24.887,100.0,93.333,93.333,True
2025-05-26 23:00:00,23,30.0,29.0,29.667,9.0,8.0,0.0,0.0,8.0,9.0,23.92,22.447,100.0,88.889,88.889,False
2025-05-27 00:00:00,0,37.0,37.0,37.0,4.0,4.0,0.0,0.0,4.0,4.0,37.876,35.344,100.0,100.0,100.0,True
2025-05-27 01:00:00,1,30.0,30.0,30.714,6.0,6.0,0.0,0.0,5.0,6.0,35.818,27.914,83.333,83.333,83.333,True
2025-05-27 02:00:00,2,19.0,19.0,19.0,1.0,0.0,1.0,1.0,0.0,1.0,,,,0.0,0.0,True
2025-05-27 03:00:00,3,29.0,29.0,29.5,7.0,6.0,1.0,1.0,6.0,7.0,30.413,23.839,100.0,85.714,85.714,True
2025-05-27 04:00:00,4,19.0,19.0,19.455,6.0,6.0,0.0,0.0,6.0,6.0,32.217,32.405,100.0,100.0,100.0,True
2025-05-27 05:00:00,5,44.0,44.0,44.862,23.0,22.0,1.0,1.0,15.0,23.0,45.771,42.513,68.182,65.217,65.217,True
2025-05-27 06:00:00,6,46.0,46.0,46.562,42.0,35.0,7.0,5.0,27.0,40.0,45.504,39.762,77.143,67.5,64.286,True
2025-05-27 07:00:00,7,45.0,45.0,45.97,403.0,312.0,91.0,30.0,180.0,342.0,57.206,55.626,57.692,52.632,44.665,True
2025-05-27 08:00:00,8,51.0,51.0,51.699,379.0,325.0,53.0,33.0,169.0,359.0,59.969,59.189,52.0,47.075,44.591,True
2025-05-27 09:00:00,9,41.0,41.0,41.136,299.0,270.0,29.0,23.0,234.0,293.0,42.24,40.645,86.667,79.863,78.261,True
2025-05-27 10:00:00,10,25.0,25.0,25.534,341.0,311.0,30.0,17.0,307.0,328.0,27.014,24.868,98.714,93.598,90.029,True
2025-05-27 11:00:00,11,25.0,25.0,25.937,544.0,507.0,37.0,26.0,504.0,533.0,26.317,24.327,99.408,94.559,92.647,True
2025-05-27 12:00:00,12,24.0,24.0,24.289,562.0,525.0,37.0,19.0,521.0,544.0,24.927,23.946,99.238,95.772,92.705,True
2025-05-27 13:00:00,13,20.0,20.0,20.838,531.0,504.0,27.0,16.0,501.0,520.0,21.293,19.586,99.405,96.346,94.35,True
2025-05-27 14:00:00,14,34.0,34.0,34.291,735.0,657.0,78.0,54.0,586.0,711.0,35.221,29.53,89.193,82.419,79.728,True
2025-05-27 15:00:00,15,53.0,53.0,53.865,597.0,490.0,107.0,77.0,300.0,567.0,55.687,53.228,61.224,52.91,50.251,True
2025-05-27 16:00:00,16,56.0,56.0,56.535,298.0,238.0,60.0,45.0,126.0,283.0,58.227,56.704,52.941,44.523,42.282,True
2025-05-27 17:00:00,17,42.0,42.0,42.087,196.0,163.0,33.0,15.0,128.0,178.0,43.437,43.661,78.528,71.91,65.306,True
2025-05-27 18:00:00,18,31.0,31.0,31.423,108.0,97.0,11.0,7.0,92.0,104.0,31.815,29.755,94.845,88.462,85.185,True
2025-05-27 19:00:00,19,24.0,24.0,24.614,87.0,64.0,23.0,8.0,62.0,72.0,26.405,24.069,96.875,86.111,71.264,True
2025-05-27 20:00:00,20,40.0,39.0,39.691,67.0,55.0,12.0,9.0,49.0,64.0,40.004,37.605,89.091,76.562,73.134,False
2025-05-27 21:00:00,21,55.0,55.0,55.069,38.0,29.0,9.0,9.0,20.0,38.0,55.441,52.53,68.966,52.632,52.632,True
2025-05-27 22:00:00,22,42.0,42.0,42.529,29.0,17.0,12.0,11.0,14.0,28.0,42.901,45.008,82.353,50.0,48.276,True
2025-05-27 23:00:00,23,33.0,33.0,33.286,8.0,7.0,1.0,1.0,7.0,8.0,33.518,26.998,100.0,87.5,87.5,True
2025-05-28 00:00:00,0,27.0,27.0,27.0,4.0,4.0,0.0,0.0,4.0,4.0,27.624,25.621,100.0,100.0,100.0,True
2025-05-28 01:00:00,1,38.0,38.0,38.667,6.0,3.0,3.0,3.0,2.0,6.0,39.359,29.878,66.667,33.333,33.333,True
2025-05-28 02:00:00,2,16.0,16.0,16.5,1.0,1.0,0.0,0.0,1.0,1.0,20.233,20.233,100.0,100.0,100.0,True
2025-05-28 03:00:00,3,28.0,28.0,28.8,5.0,5.0,0.0,0.0,5.0,5.0,29.184,28.462,100.0,100.0,100.0,True
2025-05-28 04:00:00,4,26.0,26.0,26.8,13.0,12.0,1.0,1.0,12.0,13.0,29.624,28.703,100.0,92.308,92.308,True
2025-05-28 05:00:00,5,52.0,52.0,52.655,19.0,17.0,2.0,2.0,5.0,19.0,71.278,68.006,29.412,26.316,26.316,True
2025-05-28 06:00:00,6,48.0,48.0,48.104,36.0,30.0,6.0,1.0,21.0,31.0,52.184,52.29,70.0,67.742,58.333,True
2025-05-28 07:00:00,7,45.0,45.0,45.86,386.0,327.0,59.0,27.0,191.0,354.0,56.064,55.329,58.41,53.955,49.482,True
2025-05-28 08:00:00,8,56.0,56.0,56.043,380.0,331.0,49.0,26.0,123.0,357.0,65.945,66.075,37.16,34.454,32.368,True
2025-05-28 09:00:00,9,40.0,40.0,40.48,306.0,261.0,44.0,20.0,223.0,282.0,40.591,37.935,85.441,79.078,72.876,True
2025-05-28 10:00:00,10,22.0,22.0,22.948,343.0,307.0,36.0,24.0,304.0,331.0,23.907,22.053,99.023,91.843,88.63,True
2025-05-28 11:00:00,11,22.0,22.0,22.234,523.0,488.0,35.0,17.0,487.0,505.0,22.999,21.996,99.795,96.436,93.117,True
2025-05-28 12:00:00,12,24.0,24.0,24.235,582.0,561.0,21.0,11.0,560.0,572.0,24.725,24.073,99.822,97.902,96.22,True
2025-05-28 13:00:00,13,23.0,23.0,23.319,535.0,496.0,38.0,21.0,495.0,518.0,23.675,22.181,99.798,95.56,92.523,True
2025-05-28 14:00:00,14,33.0,33.0,33.091,691.0,617.0,73.0,45.0,555.0,663.0,34.135,28.824,89.951,83.71,80.318,True
2025-05-28 15:00:00,15,51.0,51.0,51.02,613.0,506.0,106.0,70.0,336.0,577.0,52.359,48.019,66.403,58.232,54.812,True
2025-05-28 16:00:00,16,58.0,58.0,58.39,301.0,227.0,74.0,45.0,129.0,272.0,59.816,56.143,56.828,47.426,42.857,True
2025-05-28 17:00:00,17,42.0,42.0,42.411,190.0,158.0,32.0,21.0,124.0,179.0,42.525,36.846,78.481,69.274,65.263,True
2025-05-28 18:00:00,18,31.0,31.0,31.886,99.0,83.0,16.0,7.0,76.0,90.0,32.344,29.167,91.566,84.444,76.768,True
2025-05-28 19:00:00,19,27.0,27.0,27.282,76.0,71.0,5.0,2.0,70.0,73.0,27.655,24.881,98.592,95.89,92.105,True
2025-05-28 20:00:00,20,37.0,37.0,37.81,67.0,57.0,10.0,8.0,48.0,65.0,38.717,34.074,84.211,73.846,71.642,True
2025-05-28 21:00:00,21,51.0,51.0,51.556,36.0,27.0,9.0,7.0,22.0,34.0,51.998,51.116,81.481,64.706,61.111,True
2025-05-28 22:00:00,22,37.0,36.0,36.0,19.0,17.0,2.0,1.0,17.0,18.0,36.364,37.278,100.0,94.444,89.474,False
2025-05-28 23:00:00,23,40.0,40.0,40.167,9.0,6.0,3.0,3.0,5.0,9.0,40.624,41.6,83.333,55.556,55.556,True
2025-05-29 00:00:00,0,52.0,52.0,52.25,5.0,4.0,1.0,0.0,2.0,4.0,52.912,50.462,50.0,50.0,40.0,True
2025-05-29 01:00:00,1,30.0,30.0,30.667,6.0,6.0,0.0,0.0,6.0,6.0,31.394,30.133,100.0,100.0,100.0,True
2025-05-29 02:00:00,2,29.0,29.0,29.75,3.0,3.0,0.0,0.0,3.0,3.0,28.355,28.512,100.0,100.0,100.0,True
2025-05-29 03:00:00,3,27.0,27.0,27.667,3.0,3.0,0.0,0.0,3.0,3.0,28.174,31.681,100.0,100.0,100.0,True
2025-05-29 04:00:00,4,21.0,21.0,21.846,8.0,8.0,0.0,0.0,8.0,8.0,35.776,35.181,100.0,100.0,100.0,True
2025-05-29 05:00:00,5,58.0,58.0,58.594,27.0,23.0,4.0,3.0,10.0,26.0,62.798,65.539,43.478,38.462,37.037,True
2025-05-29 06:00:00,6,46.0,46.0,46.389,46.0,42.0,4.0,4.0,35.0,46.0,45.839,45.931,83.333,76.087,76.087,True
2025-05-29 07:00:00,7,42.0,42.0,42.279,389.0,313.0,75.0,23.0,220.0,337.0,51.423,48.191,70.288,65.282,56.555,True
2025-05-29 08:00:00,8,46.0,46.0,46.78,387.0,324.0,63.0,30.0,211.0,354.0,54.013,52.716,65.123,59.605,54.522,True
2025-05-29 09:00:00,9,34.0,34.0,34.522,307.0,269.0,38.0,21.0,244.0,290.0,35.176,32.387,90.706,84.138,79.479,True
2025-05-29 10:00:00,10,21.0,21.0,21.669,320.0,299.0,21.0,11.0,299.0,310.0,22.3,20.99,100.0,96.452,93.438,True
2025-05-29 11:00:00,11,21.0,21.0,21.377,486.0,469.0,17.0,9.0,469.0,478.0,21.947,20.678,100.0,98.117,96.502,True
2025-05-29 12:00:00,12,22.0,22.0,22.956,526.0,504.0,22.0,13.0,503.0,517.0,23.377,22.764,99.802,97.292,95.627,True
2025-05-29 13:00:00,13,21.0,21.0,21.236,491.0,458.0,33.0,15.0,458.0,473.0,21.739,21.013,100.0,96.829,93.279,True
2025-05-29 14:00:00,14,39.0,39.0,39.122,754.0,664.0,90.0,67.0,542.0,731.0,40.21,31.921,81.627,74.145,71.883,True
2025-05-29 15:00:00,15,63.0,63.0,63.107,568.0,460.0,108.0,92.0,227.0,552.0,65.564,60.937,49.348,41.123,39.965,True
2025-05-29 16:00:00,16,65.0,65.0,65.614,278.0,205.0,73.0,51.0,101.0,256.0,67.502,62.4,49.268,39.453,36.331,True
2025-05-29 17:00:00,17,54.0,54.0,54.641,194.0,148.0,46.0,34.0,87.0,182.0,56.391,47.704,58.784,47.802,44.845,True
2025-05-29 18:00:00,18,40.0,40.0,40.333,94.0,73.0,21.0,14.0,63.0,87.0,40.895,35.173,86.301,72.414,67.021,True
2025-05-29 19:00:00,19,37.0,37.0,37.298,70.0,56.0,14.0,7.0,50.0,63.0,37.237,33.833,89.286,79.365,71.429,True
2025-05-29 20:00:00,20,49.0,50.0,50.872,60.0,46.0,14.0,9.0,31.0,55.0,52.344,49.178,67.391,56.364,51.667,False
2025-05-29 21:00:00,21,58.0,58.0,58.655,42.0,29.0,13.0,11.0,17.0,40.0,59.029,54.275,58.621,42.5,40.476,True
2025-05-29 22:00:00,22,43.0,43.0,43.917,16.0,12.0,4.0,3.0,8.0,15.0,44.427,34.838,66.667,53.333,50.0,True
2025-05-29 23:00:00,23,38.0,38.0,38.7,14.0,9.0,5.0,5.0,8.0,14.0,43.456,44.095,88.889,57.143,57.143,True
2025-05-30 00:00:00,0,84.0,84.0,84.667,8.0,6.0,2.0,2.0,1.0,8.0,85.42,91.503,16.667,12.5,12.5,True
2025-05-30 01:00:00,1,48.0,48.0,48.5,2.0,2.0,0.0,0.0,1.0,2.0,48.533,48.533,50.0,50.0,50.0,True
2025-05-30 02:00:00,2,17.0,17.0,17.75,3.0,3.0,0.0,0.0,3.0,3.0,19.82,16.61,100.0,100.0,100.0,True
2025-05-30 03:00:00,3,29.0,29.0,29.667,6.0,6.0,0.0,0.0,6.0,6.0,29.643,25.895,100.0,100.0,100.0,True
2025-05-30 04:00:00,4,19.0,19.0,19.545,8.0,8.0,0.0,0.0,8.0,8.0,26.367,21.524,100.0,100.0,100.0,True
2025-05-30 05:00:00,5,37.0,37.0,37.407,20.0,16.0,4.0,1.0,10.0,17.0,50.667,38.135,62.5,58.824,50.0,True
2025-05-30 06:00:00,6,50.0,50.0,50.569,34.0,29.0,5.0,3.0,18.0,32.0,55.934,58.399,62.069,56.25,52.941,True
2025-05-30 07:00:00,7,43.0,43.0,43.449,383.0,304.0,79.0,30.0,207.0,334.0,51.427,47.675,68.092,61.976,54.047,True
2025-05-30 08:00:00,8,51.0,51.0,51.506,378.0,313.0,65.0,34.0,158.0,347.0,60.694,59.877,50.479,45.533,41.799,True
2025-05-30 09:00:00,9,36.0,36.0,36.502,304.0,270.0,34.0,19.0,249.0,289.0,36.791,34.554,92.222,86.159,81.908,True
2025-05-30 10:00:00,10,26.0,26.0,26.358,370.0,353.0,17.0,8.0,350.0,361.0,27.852,26.473,99.15,96.953,94.595,True
2025-05-30 11:00:00,11,28.0,28.0,28.267,499.0,471.0,27.0,18.0,464.0,490.0,28.865,27.122,98.514,94.694,92.986,True
2025-05-30 12:00:00,12,27.0,27.0,27.706,544.0,492.0,51.0,34.0,485.0,527.0,28.794,26.812,98.577,92.03,89.154,True
2025-05-30 13:00:00,13,26.0,26.0,26.564,535.0,498.0,37.0,22.0,482.0,520.0,27.093,24.707,96.787,92.692,90.093,True
2025-05-30 14:00:00,14,48.0,48.0,48.337,710.0,611.0,99.0,75.0,424.0,686.0,49.6,41.149,69.394,61.808,59.718,True
2025-05-30 15:00:00,15,69.0,69.0,69.306,556.0,426.0,130.0,111.0,169.0,537.0,72.261,69.771,39.671,31.471,30.396,True
2025-05-30 16:00:00,16,83.0,83.0,83.823,263.0,198.0,65.0,56.0,44.0,254.0,86.185,89.981,22.222,17.323,16.73,True
2025-05-30 17:00:00,17,69.0,69.0,69.839,159.0,110.0,49.0,40.0,44.0,150.0,71.063,67.28,40.0,29.333,27.673,True
2025-05-30 18:00:00,18,54.0,54.0,54.708,101.0,87.0,14.0,12.0,50.0,99.0,55.012,52.887,57.471,50.505,49.505,True
2025-05-30 19:00:00,19,35.0,35.0,35.807,64.0,58.0,6.0,4.0,53.0,62.0,36.011,33.469,91.379,85.484,82.812,True
2025-05-30 20:00:00,20,46.0,46.0,46.979,58.0,45.0,13.0,10.0,32.0,55.0,49.446,45.502,71.111,58.182,55.172,True
2025-05-30 21:00:00,21,52.0,52.0,52.229,50.0,35.0,15.0,12.0,25.0,47.0,52.668,51.781,71.429,53.191,50.0,True
2025-05-30 22:00:00,22,68.0,68.0,68.0,19.0,13.0,6.0,6.0,5.0,19.0,68.295,67.125,38.462,26.316,26.316,True
2025-05-30 23:00:00,23,67.0,68.0,68.727,18.0,11.0,6.0,5.0,5.0,17.0,69.039,67.303,45.455,29.412,27.778,False
2025-05-31 00:00:00,0,42.0,42.0,42.333,6.0,3.0,3.0,3.0,2.0,6.0,42.555,27.479,66.667,33.333,33.333,True
2025-05-31 01:00:00,1,60.0,60.0,60.333,3.0,3.0,0.0,0.0,2.0,3.0,60.724,58.018,66.667,66.667,66.667,True
2025-05-31 02:00:00,2,40.0,40.0,40.25,5.0,4.0,1.0,1.0,4.0,5.0,40.909,37.152,100.0,80.0,80.0,True
2025-05-31 03:00:00,3,19.0,19.0,19.0,4.0,4.0,0.0,0.0,4.0,4.0,21.531,25.43,100.0,100.0,100.0,True
2025-05-31 04:00:00,4,21.0,21.0,21.812,12.0,11.0,1.0,1.0,11.0,12.0,27.98,25.476,100.0,91.667,91.667,True
2025-05-31 05:00:00,5,24.0,24.0,24.0,15.0,12.0,3.0,3.0,12.0,15.0,28.184,28.135,100.0,80.0,80.0,True
2025-05-31 06:00:00,6,69.0,69.0,69.909,19.0,16.0,3.0,3.0,7.0,19.0,60.637,63.11,43.75,36.842,36.842,True
2025-05-31 07:00:00,7,39.0,39.0,39.828,64.0,52.0,12.0,8.0,38.0,60.0,46.156,41.444,73.077,63.333,59.375,True
2025-05-31 08:00:00,8,34.0,34.0,34.559,173.0,145.0,28.0,17.0,124.0,162.0,37.166,30.917,85.517,76.543,71.676,True
2025-05-31 09:00:00,9,48.0,48.0,48.837,222.0,181.0,41.0,33.0,125.0,214.0,50.504,41.0,69.061,58.411,56.306,True
2025-05-31 10:00:00,10,64.0,64.0,64.893,226.0,167.0,59.0,53.0,64.0,220.0,73.157,71.312,38.323,29.091,28.319,True
2025-05-31 11:00:00,11,66.0,66.0,66.127,243.0,177.0,65.0,61.0,69.0,239.0,67.284,66.746,38.983,28.87,28.395,True
2025-05-31 12:00:00,12,52.0,52.0,52.902,219.0,175.0,44.0,40.0,106.0,215.0,56.123,52.708,60.571,49.302,48.402,True
2025-05-31 13:00:00,13,40.0,40.0,40.766,184.0,155.0,29.0,21.0,131.0,176.0,41.288,38.369,84.516,74.432,71.196,True
2025-05-31 14:00:00,14,36.0,36.0,36.595,170.0,154.0,16.0,8.0,141.0,162.0,37.4,34.372,91.558,87.037,82.941,True
2025-05-31 15:00:00,15,42.0,43.0,43.116,201.0,168.0,33.0,23.0,136.0,191.0,44.024,42.003,80.952,71.204,67.662,False
2025-05-31 16:00:00,16,66.0,66.0,66.482,180.0,137.0,43.0,39.0,58.0,176.0,68.336,66.365,42.336,32.955,32.222,True
2025-05-31 17:00:00,17,72.0,72.0,72.26,96.0,75.0,21.0,18.0,31.0,93.0,74.288,73.961,41.333,33.333,32.292,True
2025-05-31 18:00:00,18,43.0,43.0,43.1,75.0,58.0,17.0,11.0,46.0,69.0,44.98,34.769,79.31,66.667,61.333,True
2025-05-31 19:00:00,19,42.0,42.0,42.098,65.0,51.0,14.0,10.0,39.0,61.0,42.454,41.354,76.471,63.934,60.0,True
2025-05-31 20:00:00,20,50.0,50.0,50.366,56.0,41.0,15.0,9.0,29.0,50.0,50.663,47.058,70.732,58.0,51.786,True
2025-05-31 21:00:00,21,36.0,36.0,36.542,28.0,24.0,4.0,3.0,24.0,27.0,36.799,34.465,100.0,88.889,85.714,True
2025-05-31 22:00:00,22,33.0,33.0,33.0,19.0,15.0,4.0,3.0,15.0,18.0,35.616,31.637,100.0,83.333,78.947,True
2025-05-31 23:00:00,23,32.0,32.0,32.091,16.0,13.0,3.0,3.0,13.0,16.0,30.122,32.86,100.0,81.25,81.25,True
2025-06-01 00:00:00,0,35.0,33.0,33.182,10.0,9.0,1.0,1.0,8.0,10.0,37.753,36.108,88.889,80.0,80.0,False
2025-06-01 01:00:00,1,55.0,55.0,55.25,6.0,4.0,2.0,2.0,3.0,6.0,55.44,48.719,75.0,50.0,50.0,True
2025-06-01 02:00:00,2,28.0,28.0,28.6,5.0,5.0,0.0,0.0,5.0,5.0,29.128,24.811,100.0,100.0,100.0,True
2025-06-01 03:00:00,3,28.0,28.0,28.0,5.0,5.0,0.0,0.0,4.0,5.0,28.875,21.828,80.0,80.0,80.0,True
2025-06-01 04:00:00,4,29.0,29.0,29.375,10.0,8.0,2.0,1.0,8.0,9.0,29.826,29.664,100.0,88.889,80.0,True
2025-06-01 05:00:00,5,27.0,27.0,27.5,9.0,8.0,1.0,0.0,8.0,8.0,28.206,24.569,100.0,100.0,88.889,True
2025-06-01 06:00:00,6,35.0,35.0,35.0,5.0,4.0,1.0,0.0,3.0,4.0,45.171,42.545,75.0,75.0,60.0,True
2025-06-01 07:00:00,7,37.0,37.0,37.189,75.0,65.0,10.0,5.0,54.0,70.0,41.486,38.166,83.077,77.143,72.0,True
2025-06-01 08:00:00,8,31.0,31.0,31.87,188.0,157.0,31.0,17.0,140.0,174.0,35.417,29.703,89.172,80.46,74.468,True
2025-06-01 09:00:00,9,50.0,50.0,50.503,213.0,175.0,38.0,28.0,118.0,203.0,50.763,47.968,67.429,58.128,55.399,True
2025-06-01 10:00:00,10,40.0,40.0,40.889,126.0,102.0,24.0,21.0,75.0,123.0,46.353,43.18,73.529,60.976,59.524,True
2025-06-01 11:00:00,11,28.0,28.0,28.677,133.0,118.0,15.0,6.0,117.0,124.0,29.831,28.695,99.153,94.355,87.97,True
2025-06-01 12:00:00,12,22.0,23.0,23.019,227.0,212.0,15.0,6.0,210.0,218.0,23.636,21.748,99.057,96.33,92.511,False
2025-06-01 13:00:00,13,25.0,25.0,25.426,209.0,195.0,14.0,10.0,192.0,205.0,26.322,25.4,98.462,93.659,91.866,True
2025-06-01 14:00:00,14,24.0,24.0,24.937,185.0,171.0,14.0,10.0,169.0,181.0,25.817,23.941,98.83,93.37,91.351,True
2025-06-01 15:00:00,15,35.0,35.0,35.237,143.0,124.0,19.0,13.0,108.0,137.0,36.895,32.131,87.097,78.832,75.524,True
2025-06-01 16:00:00,16,53.0,53.0,53.63,127.0,105.0,22.0,20.0,71.0,125.0,54.914,46.907,67.619,56.8,55.906,True
2025-06-01 17:00:00,17,47.0,47.0,47.952,74.0,59.0,15.0,11.0,40.0,70.0,50.607,31.731,67.797,57.143,54.054,True
2025-06-01 18:00:00,18,45.0,45.0,45.07,68.0,56.0,12.0,10.0,41.0,66.0,46.352,34.827,73.214,62.121,60.294,True
2025-06-01 19:00:00,19,45.0,45.0,45.609,58.0,46.0,12.0,8.0,35.0,54.0,46.08,32.309,76.087,64.815,60.345,True
2025-06-01 20:00:00,20,65.0,65.0,65.591,29.0,22.0,7.0,6.0,11.0,28.0,65.968,51.6,50.0,39.286,37.931,True
2025-06-01 21:00:00,21,58.0,58.0,58.462,20.0,13.0,7.0,7.0,8.0,20.0,58.654,55.033,61.538,40.0,40.0,True
2025-06-01 22:00:00,22,58.0,58.0,58.867,18.0,15.0,3.0,3.0,8.0,18.0,59.331,58.82,53.333,44.444,44.444,True
2025-06-01 23:00:00,23,40.0,40.0,40.75,9.0,8.0,1.0,0.0,8.0,8.0,41.045,40.361,100.0,100.0,88.889,True
2025-06-02 00:00:00,0,29.0,29.0,29.5,3.0,2.0,1.0,1.0,2.0,3.0,29.881,29.881,100.0,66.667,66.667,True
2025-06-02 01:00:00,1,33.0,33.0,33.0,3.0,3.0,0.0,0.0,3.0,3.0,32.904,29.781,100.0,100.0,100.0,True
2025-06-02 02:00:00,2,23.0,23.0,23.667,4.0,3.0,1.0,0.0,3.0,3.0,24.614,26.985,100.0,100.0,75.0,True
2025-06-02 03:00:00,3,26.0,26.0,26.25,4.0,4.0,0.0,0.0,4.0,4.0,26.958,24.696,100.0,100.0,100.0,True
2025-06-02 04:00:00,4,19.0,19.0,19.364,9.0,9.0,0.0,0.0,9.0,9.0,24.006,19.891,100.0,100.0,100.0,True
2025-06-02 05:00:00,5,38.0,38.0,38.069,17.0,15.0,2.0,2.0,10.0,17.0,47.95,43.096,66.667,58.824,58.824,True
2025-06-02 06:00:00,6,50.0,50.0,50.582,30.0,27.0,3.0,0.0,13.0,27.0,58.755,62.07,48.148,48.148,43.333,True
2025-06-02 07:00:00,7,49.0,49.0,49.617,400.0,324.0,76.0,37.0,183.0,361.0,59.793,56.479,56.481,50.693,45.75,True
2025-06-02 08:00:00,8,51.0,51.0,51.679,380.0,319.0,61.0,30.0,157.0,349.0,60.471,60.149,49.216,44.986,41.316,True
2025-06-02 09:00:00,9,35.0,35.0,35.93,274.0,243.0,31.0,13.0,221.0,256.0,36.539,33.54,90.947,86.328,80.657,True
2025-06-02 10:00:00,10,21.0,21.0,21.506,390.0,364.0,26.0,14.0,363.0,378.0,22.101,21.208,99.725,96.032,93.077,True
2025-06-02 11:00:00,11,22.0,22.0,22.149,509.0,492.0,17.0,10.0,490.0,502.0,22.627,21.496,99.593,97.61,96.267,True
2025-06-02 12:00:00,12,20.0,20.0,20.584,524.0,490.0,34.0,15.0,490.0,505.0,20.851,19.927,100.0,97.03,93.511,True
2025-06-02 13:00:00,13,20.0,20.0,20.131,523.0,488.0,35.0,16.0,488.0,504.0,20.599,19.928,100.0,96.825,93.308,True
2025-06-02 14:00:00,14,29.0,29.0,29.851,699.0,625.0,74.0,39.0,590.0,664.0,30.607,27.301,94.4,88.855,84.406,True
2025-06-02 15:00:00,15,47.0,47.0,47.87,656.0,535.0,119.0,74.0,388.0,611.0,49.232,45.236,72.523,63.502,59.146,True
2025-06-02 16:00:00,16,53.0,53.0,53.144,323.0,235.0,86.0,41.0,143.0,278.0,54.831,50.278,60.851,51.439,44.272,True
2025-06-02 17:00:00,17,40.0,40.0,40.036,199.0,154.0,45.0,32.0,127.0,186.0,40.906,36.55,82.468,68.28,63.819,True
2025-06-02 18:00:00,18,35.0,35.0,35.344,101.0,91.0,10.0,7.0,83.0,98.0,35.786,31.76,91.209,84.694,82.178,True
2025-06-02 19:00:00,19,29.0,29.0,29.077,59.0,52.0,7.0,7.0,51.0,59.0,30.268,29.425,98.077,86.441,86.441,True
2025-06-02 20:00:00,20,51.0,51.0,51.833,53.0,40.0,13.0,10.0,27.0,50.0,53.689,48.656,67.5,54.0,50.943,True
2025-06-02 21:00:00,21,41.0,41.0,41.778,24.0,18.0,6.0,6.0,15.0,24.0,42.03,40.414,83.333,62.5,62.5,True
2025-06-02 22:00:00,22,42.0,42.0,42.615,16.0,13.0,3.0,3.0,10.0,16.0,42.988,41.566,76.923,62.5,62.5,True
2025-06-02 23:00:00,23,23.0,23.0,23.75,15.0,8.0,7.0,5.0,8.0,13.0,23.841,22.954,100.0,61.538,53.333,True
2025-06-03 00:00:00,0,49.0,49.0,49.143,10.0,7.0,3.0,3.0,4.0,10.0,49.4,48.621,57.143,40.0,40.0,True
2025-06-03 01:00:00,1,61.0,61.0,61.0,6.0,5.0,1.0,1.0,3.0,6.0,61.018,47.432,60.0,50.0,50.0,True
2025-06-03 02:00:00,2,23.0,23.0,23.0,2.0,2.0,0.0,0.0,2.0,2.0,23.847,23.847,100.0,100.0,100.0,True
2025-06-03 03:00:00,3,29.0,29.0,29.0,4.0,4.0,0.0,0.0,4.0,4.0,30.025,29.552,100.0,100.0,100.0,True
2025-06-03 04:00:00,4,27.0,27.0,27.667,12.0,9.0,3.0,2.0,7.0,11.0,42.782,35.947,77.778,63.636,58.333,True
2025-06-03 05:00:00,5,28.0,28.0,28.875,13.0,13.0,0.0,0.0,13.0,13.0,26.24,24.132,100.0,100.0,100.0,True
2025-06-03 06:00:00,6,50.0,50.0,50.346,17.0,16.0,1.0,1.0,8.0,17.0,53.154,60.839,50.0,47.059,47.059,True
2025-06-03 07:00:00,7,27.0,27.0,27.667,43.0,36.0,7.0,4.0,36.0,40.0,30.198,30.738,100.0,90.0,83.721,True
2025-06-03 08:00:00,8,22.0,22.0,22.309,103.0,90.0,13.0,5.0,89.0,95.0,23.263,21.475,98.889,93.684,86.408,True
2025-06-03 09:00:00,9,22.0,22.0,22.888,189.0,168.0,21.0,9.0,166.0,177.0,23.441,22.657,98.81,93.785,87.831,True
2025-06-03 10:00:00,10,22.0,22.0,22.966,197.0,172.0,25.0,15.0,172.0,187.0,23.697,22.508,100.0,91.979,87.31,True
2025-06-03 11:00:00,11,22.0,22.0,22.5,249.0,232.0,17.0,11.0,231.0,243.0,23.3,22.053,99.569,95.062,92.771,True
2025-06-03 12:00:00,12,21.0,21.0,21.315,204.0,187.0,17.0,10.0,186.0,197.0,22.105,20.6,99.465,94.416,91.176,True
2025-06-03 13:00:00,13,20.0,20.0,20.303,207.0,199.0,8.0,5.0,198.0,204.0,20.747,19.545,99.497,97.059,95.652,True
2025-06-03 14:00:00,14,19.0,19.0,19.451,190.0,173.0,17.0,14.0,173.0,187.0,20.9,19.384,100.0,92.513,91.053,True
2025-06-03 15:00:00,15,20.0,20.0,20.529,212.0,182.0,30.0,14.0,182.0,196.0,21.585,20.312,100.0,92.857,85.849,True
2025-06-03 16:00:00,16,21.0,21.0,21.592,132.0,116.0,16.0,4.0,116.0,120.0,22.27,21.303,100.0,96.667,87.879,True
2025-06-03 17:00:00,17,21.0,21.0,21.393,101.0,87.0,14.0,9.0,87.0,96.0,22.148,20.744,100.0,90.625,86.139,True
2025-06-03 18:00:00,18,28.0,28.0,28.28,77.0,70.0,7.0,4.0,65.0,74.0,29.95,25.214,92.857,87.838,84.416,True
2025-06-03 19:00:00,19,26.0,26.0,26.17,54.0,47.0,7.0,7.0,47.0,54.0,26.786,25.648,100.0,87.037,87.037,True
2025-06-03 20:00:00,20,28.0,29.0,29.211,43.0,37.0,6.0,3.0,35.0,40.0,30.304,27.711,94.595,87.5,81.395,False
2025-06-03 21:00:00,21,36.0,36.0,36.926,32.0,27.0,5.0,4.0,27.0,31.0,37.007,35.821,100.0,87.097,84.375,True
2025-06-03 22:00:00,22,31.0,31.0,31.667,12.0,12.0,0.0,0.0,12.0,12.0,32.193,29.826,100.0,100.0,100.0,True
2025-06-03 23:00:00,23,31.0,31.0,31.941,20.0,17.0,3.0,3.0,16.0,20.0,32.348,29.511,94.118,80.0,80.0,True
2025-06-04 00:00:00,0,18.0,18.0,18.667,7.0,5.0,2.0,2.0,5.0,7.0,22.756,25.055,100.0,71.429,71.429,True
2025-06-04 01:00:00,1,38.0,38.0,38.667,3.0,3.0,0.0,0.0,3.0,3.0,39.035,50.202,100.0,100.0,100.0,True
2025-06-04 02:00:00,2,39.0,39.0,39.75,4.0,4.0,0.0,0.0,4.0,4.0,39.545,36.544,100.0,100.0,100.0,True
2025-06-04 03:00:00,3,27.0,27.0,27.286,9.0,7.0,2.0,2.0,7.0,9.0,27.619,30.715,100.0,77.778,77.778,True
2025-06-04 04:00:00,4,18.0,18.0,18.615,9.0,9.0,0.0,0.0,9.0,9.0,21.574,22.599,100.0,100.0,100.0,True
2025-06-04 05:00:00,5,52.0,52.0,52.774,21.0,19.0,2.0,2.0,9.0,21.0,60.478,65.924,47.368,42.857,42.857,True
2025-06-04 06:00:00,6,43.0,43.0,43.109,30.0,27.0,3.0,1.0,25.0,28.0,42.697,40.379,92.593,89.286,83.333,True
2025-06-04 07:00:00,7,44.0,44.0,44.853,394.0,319.0,75.0,30.0,204.0,349.0,54.185,52.866,63.95,58.453,51.777,True
2025-06-04 08:00:00,8,53.0,54.0,54.029,397.0,350.0,46.0,30.0,174.0,381.0,62.359,60.417,49.714,45.669,43.829,False
2025-06-04 09:00:00,9,40.0,40.0,40.749,306.0,265.0,41.0,25.0,237.0,290.0,41.03,39.491,89.434,81.724,77.451,True
2025-06-04 10:00:00,10,22.0,22.0,22.691,357.0,334.0,23.0,11.0,333.0,345.0,23.742,22.687,99.701,96.522,93.277,True
2025-06-04 11:00:00,11,22.0,22.0,22.275,536.0,513.0,23.0,12.0,513.0,525.0,22.755,21.936,100.0,97.714,95.709,True
2025-06-04 12:00:00,12,25.0,25.0,25.79,594.0,566.0,28.0,19.0,559.0,585.0,26.425,25.171,98.763,95.556,94.108,True
2025-06-04 13:00:00,13,21.0,21.0,21.735,523.0,501.0,22.0,15.0,499.0,516.0,22.193,21.0,99.601,96.705,95.411,True
2025-06-04 14:00:00,14,36.0,36.0,36.04,696.0,632.0,63.0,37.0,536.0,670.0,37.064,30.096,84.81,80.0,77.011,True
2025-06-04 15:00:00,15,56.0,56.0,56.825,605.0,490.0,115.0,88.0,279.0,578.0,58.354,52.576,56.939,48.27,46.116,True
2025-06-04 16:00:00,16,68.0,68.0,68.417,329.0,262.0,67.0,52.0,104.0,314.0,70.129,68.834,39.695,33.121,31.611,True
2025-06-04 17:00:00,17,54.0,54.0,54.945,167.0,129.0,38.0,28.0,82.0,157.0,57.56,46.419,63.566,52.229,49.102,True
2025-06-04 18:00:00,18,37.0,37.0,37.286,94.0,80.0,14.0,11.0,70.0,91.0,37.833,37.105,87.5,76.923,74.468,True
2025-06-04 19:00:00,19,33.0,33.0,33.967,68.0,62.0,6.0,2.0,52.0,64.0,35.741,29.402,83.871,81.25,76.471,True
2025-06-04 20:00:00,20,46.0,46.0,46.375,64.0,53.0,11.0,8.0,38.0,61.0,46.829,43.177,71.698,62.295,59.375,True
2025-06-04 21:00:00,21,62.0,63.0,63.316,31.0,19.0,12.0,11.0,10.0,30.0,63.554,59.632,52.632,33.333,32.258,False
2025-06-04 22:00:00,22,45.0,45.0,45.846,17.0,13.0,4.0,4.0,10.0,17.0,46.016,36.999,76.923,58.824,58.824,True
2025-06-04 23:00:00,23,30.0,30.0,30.571,9.0,7.0,2.0,1.0,7.0,8.0,30.733,30.616,100.0,87.5,77.778,True
2025-06-05 00:00:00,0,34.0,34.0,34.0,2.0,2.0,0.0,0.0,2.0,2.0,34.992,34.992,100.0,100.0,100.0,True
2025-06-05 01:00:00,1,26.0,26.0,26.667,6.0,6.0,0.0,0.0,6.0,6.0,28.927,29.748,100.0,100.0,100.0,True
2025-06-05 02:00:00,2,12.0,12.0,12.0,7.0,2.0,5.0,3.0,2.0,5.0,17.69,17.69,100.0,40.0,28.571,True
2025-06-05 03:00:00,3,21.0,21.0,21.333,3.0,3.0,0.0,0.0,3.0,3.0,22.521,19.231,100.0,100.0,100.0,True
2025-06-05 04:00:00,4,20.0,20.0,20.111,13.0,12.0,1.0,1.0,12.0,13.0,32.451,33.226,100.0,92.308,92.308,True
2025-06-05 05:00:00,5,46.0,46.0,46.542,20.0,16.0,4.0,2.0,10.0,18.0,47.72,33.456,62.5,55.556,50.0,True
2025-06-05 06:00:00,6,43.0,43.0,43.478,40.0,39.0,1.0,1.0,33.0,40.0,42.169,40.501,84.615,82.5,82.5,True
2025-06-05 07:00:00,7,42.0,43.0,43.025,355.0,286.0,69.0,25.0,182.0,311.0,52.303,51.801,63.636,58.521,51.268,False
2025-06-05 08:00:00,8,47.0,47.0,47.686,360.0,295.0,65.0,28.0,166.0,323.0,56.407,55.25,56.271,51.393,46.111,True
2025-06-05 09:00:00,9,36.0,36.0,36.251,319.0,286.0,33.0,17.0,249.0,303.0,37.086,33.533,87.063,82.178,78.056,True
2025-06-05 10:00:00,10,23.0,23.0,23.208,363.0,334.0,29.0,14.0,334.0,348.0,24.302,23.068,100.0,95.977,92.011,True
2025-06-05 11:00:00,11,23.0,23.0,23.368,498.0,468.0,30.0,13.0,466.0,481.0,24.004,22.9,99.573,96.881,93.574,True
2025-06-05 12:00:00,12,24.0,24.0,24.16,574.0,546.0,28.0,16.0,543.0,562.0,24.592,23.338,99.451,96.619,94.599,True
2025-06-05 13:00:00,13,22.0,22.0,22.508,503.0,478.0,25.0,13.0,476.0,491.0,23.0,21.186,99.582,96.945,94.632,True
2025-06-05 14:00:00,14,39.0,39.0,39.106,697.0,615.0,82.0,62.0,508.0,677.0,40.228,33.693,82.602,75.037,72.884,True
2025-06-05 15:00:00,15,54.0,54.0,54.692,584.0,471.0,113.0,81.0,280.0,552.0,56.284,50.768,59.448,50.725,47.945,True
2025-06-05 16:00:00,16,54.0,54.0,54.725,303.0,231.0,72.0,48.0,143.0,279.0,56.314,52.72,61.905,51.254,47.195,True
2025-06-05 17:00:00,17,40.0,40.0,40.101,194.0,157.0,37.0,23.0,132.0,180.0,40.173,35.103,84.076,73.333,68.041,True
2025-06-05 18:00:00,18,38.0,38.0,38.036,99.0,83.0,16.0,11.0,72.0,94.0,38.311,36.37,86.747,76.596,72.727,True
2025-06-05 19:00:00,19,33.0,33.0,33.324,87.0,71.0,16.0,12.0,65.0,83.0,33.136,29.223,91.549,78.313,74.713,True
2025-06-05 20:00:00,20,62.0,62.0,62.807,81.0,56.0,25.0,22.0,26.0,78.0,64.165,63.086,46.429,33.333,32.099,True
2025-06-05 21:00:00,21,87.0,84.0,84.688,34.0,16.0,17.0,16.0,6.0,33.0,84.943,76.998,37.5,18.182,17.647,False
2025-06-05 22:00:00,22,72.0,71.0,71.0,32.0,19.0,12.0,10.0,5.0,30.0,74.994,79.524,26.316,16.667,15.625,False
2025-06-05 23:00:00,23,103.0,103.0,103.556,26.0,10.0,16.0,5.0,2.0,15.0,98.202,103.954,20.0,13.333,7.692,True
2025-06-06 00:00:00,0,38.0,38.0,38.0,6.0,3.0,3.0,2.0,3.0,5.0,35.079,35.177,100.0,60.0,50.0,True
2025-06-06 01:00:00,1,62.0,62.0,62.2,5.0,5.0,0.0,0.0,2.0,5.0,62.686,61.746,40.0,40.0,40.0,True
2025-06-06 02:00:00,2,36.0,36.0,36.0,2.0,2.0,0.0,0.0,2.0,2.0,36.727,36.727,100.0,100.0,100.0,True
2025-06-06 03:00:00,3,28.0,28.0,28.5,6.0,6.0,0.0,0.0,6.0,6.0,28.944,29.657,100.0,100.0,100.0,True
2025-06-06 04:00:00,4,23.0,23.0,23.75,11.0,11.0,0.0,0.0,11.0,11.0,26.498,25.011,100.0,100.0,100.0,True
2025-06-06 05:00:00,5,35.0,35.0,35.722,13.0,11.0,2.0,1.0,7.0,12.0,53.116,31.085,63.636,58.333,53.846,True
2025-06-06 06:00:00,6,56.0,56.0,56.56,12.0,10.0,2.0,1.0,4.0,11.0,74.426,81.105,40.0,36.364,33.333,True
2025-06-06 07:00:00,7,34.0,34.0,34.655,51.0,41.0,10.0,3.0,37.0,44.0,35.115,29.841,90.244,84.091,72.549,True
2025-06-06 08:00:00,8,23.0,23.0,23.962,86.0,65.0,21.0,7.0,65.0,72.0,24.037,23.291,100.0,90.278,75.581,True
2025-06-06 09:00:00,9,26.0,26.0,26.348,162.0,139.0,23.0,11.0,137.0,150.0,26.912,24.314,98.561,91.333,84.568,True
2025-06-06 10:00:00,10,38.0,38.0,38.051,236.0,191.0,45.0,35.0,162.0,226.0,40.996,34.792,84.817,71.681,68.644,True
2025-06-06 11:00:00,11,43.0,43.0,43.245,242.0,200.0,42.0,37.0,168.0,237.0,44.375,42.901,84.0,70.886,69.421,True
2025-06-06 12:00:00,12,26.0,26.0,26.731,153.0,147.0,6.0,3.0,146.0,150.0,27.162,25.774,99.32,97.333,95.425,True
2025-06-06 13:00:00,13,20.0,20.0,20.367,158.0,146.0,12.0,5.0,146.0,151.0,21.673,20.431,100.0,96.689,92.405,True
2025-06-06 14:00:00,14,22.0,22.0,22.78,171.0,161.0,10.0,5.0,160.0,166.0,23.414,21.446,99.379,96.386,93.567,True
2025-06-06 15:00:00,15,24.0,24.0,24.63,191.0,174.0,17.0,0.0,171.0,174.0,25.644,23.317,98.276,98.276,89.529,True
2025-06-06 16:00:00,16,26.0,26.0,26.737,150.0,134.0,16.0,4.0,131.0,138.0,27.413,26.653,97.761,94.928,87.333,True
2025-06-06 17:00:00,17,26.0,26.0,26.317,84.0,78.0,6.0,4.0,75.0,82.0,26.613,24.64,96.154,91.463,89.286,True
2025-06-06 18:00:00,18,27.0,28.0,28.211,84.0,76.0,8.0,6.0,72.0,82.0,28.945,27.219,94.737,87.805,85.714,False
2025-06-06 19:00:00,19,29.0,30.0,30.033,68.0,60.0,8.0,5.0,58.0,65.0,30.836,26.758,96.667,89.231,85.294,False
2025-06-06 20:00:00,20,52.0,53.0,53.364,55.0,42.0,13.0,11.0,29.0,53.0,55.395,53.36,69.048,54.717,52.727,False
2025-06-06 21:00:00,21,62.0,62.0,62.409,38.0,21.0,17.0,14.0,9.0,35.0,65.012,69.726,42.857,25.714,23.684,True
2025-06-06 22:00:00,22,61.0,61.0,61.667,20.0,12.0,8.0,7.0,5.0,19.0,61.823,62.824,41.667,26.316,25.0,True
2025-06-06 23:00:00,23,35.0,35.0,35.0,19.0,11.0,8.0,2.0,10.0,13.0,35.262,35.517,90.909,76.923,52.632,True
2025-06-07 00:00:00,0,20.0,20.0,20.75,4.0,4.0,0.0,0.0,4.0,4.0,20.979,20.876,100.0,100.0,100.0,True
2025-06-07 01:00:00,1,45.0,45.0,45.625,8.0,8.0,0.0,0.0,6.0,8.0,46.324,46.04,75.0,75.0,75.0,True
2025-06-07 02:00:00,2,21.0,21.0,21.0,2.0,2.0,0.0,0.0,2.0,2.0,21.251,21.251,100.0,100.0,100.0,True
2025-06-07 03:00:00,3,31.0,31.0,31.286,7.0,7.0,0.0,0.0,7.0,7.0,31.423,33.522,100.0,100.0,100.0,True
2025-06-07 04:00:00,4,21.0,21.0,21.875,11.0,11.0,0.0,0.0,11.0,11.0,30.481,28.551,100.0,100.0,100.0,True
2025-06-07 05:00:00,5,17.0,17.0,17.692,13.0,12.0,1.0,1.0,12.0,13.0,19.263,19.263,100.0,92.308,92.308,True
2025-06-07 06:00:00,6,58.0,58.0,58.474,12.0,10.0,2.0,2.0,7.0,12.0,59.389,57.412,70.0,58.333,58.333,True
2025-06-07 07:00:00,7,33.0,33.0,33.913,63.0,52.0,11.0,7.0,49.0,59.0,37.633,35.301,94.231,83.051,77.778,True
2025-06-07 08:00:00,8,27.0,27.0,27.101,135.0,118.0,17.0,10.0,115.0,128.0,28.491,26.432,97.458,89.844,85.185,True
2025-06-07 09:00:00,9,33.0,33.0,33.237,212.0,197.0,15.0,7.0,182.0,204.0,33.92,30.77,92.386,89.216,85.849,True
2025-06-07 10:00:00,10,31.0,31.0,31.031,192.0,161.0,31.0,22.0,152.0,183.0,32.612,30.471,94.41,83.06,79.167,True
2025-06-07 11:00:00,11,35.0,35.0,35.515,255.0,231.0,24.0,16.0,218.0,247.0,36.447,34.938,94.372,88.259,85.49,True
2025-06-07 12:00:00,12,28.0,28.0,28.201,209.0,191.0,18.0,16.0,190.0,207.0,29.241,28.004,99.476,91.787,90.909,True
2025-06-07 13:00:00,13,24.0,24.0,24.295,185.0,169.0,16.0,10.0,169.0,179.0,24.697,23.541,100.0,94.413,91.351,True
2025-06-07 14:00:00,14,22.0,22.0,22.566,176.0,164.0,12.0,8.0,164.0,172.0,23.384,21.526,100.0,95.349,93.182,True
2025-06-07 15:00:00,15,26.0,26.0,26.724,186.0,162.0,24.0,10.0,157.0,172.0,27.597,25.245,96.914,91.279,84.409,True
2025-06-07 16:00:00,16,31.0,31.0,31.322,130.0,113.0,17.0,8.0,103.0,121.0,32.006,27.706,91.15,85.124,79.231,True
2025-06-07 17:00:00,17,35.0,35.0,35.17,110.0,98.0,12.0,8.0,89.0,106.0,36.931,32.344,90.816,83.962,80.909,True
2025-06-07 18:00:00,18,27.0,28.0,28.175,70.0,61.0,9.0,6.0,60.0,67.0,27.93,25.543,98.361,89.552,85.714,False
2025-06-07 19:00:00,19,24.0,24.0,24.923,71.0,63.0,8.0,3.0,63.0,66.0,26.125,25.711,100.0,95.455,88.732,True
2025-06-07 20:00:00,20,27.0,27.0,27.784,44.0,37.0,7.0,6.0,36.0,43.0,28.079,24.058,97.297,83.721,81.818,True
2025-06-07 21:00:00,21,34.0,34.0,34.96,27.0,25.0,2.0,2.0,24.0,27.0,35.275,33.768,96.0,88.889,88.889,True
2025-06-07 22:00:00,22,25.0,25.0,25.154,16.0,13.0,3.0,2.0,13.0,15.0,25.398,22.984,100.0,86.667,81.25,True
2025-06-07 23:00:00,23,23.0,24.0,24.154,14.0,13.0,1.0,1.0,13.0,14.0,24.895,21.557,100.0,92.857,92.857,False
2025-06-08 00:00:00,0,56.0,56.0,56.444,9.0,9.0,0.0,0.0,4.0,9.0,56.419,62.783,44.444,44.444,44.444,True
2025-06-08 01:00:00,1,32.0,32.0,32.8,5.0,4.0,1.0,1.0,4.0,5.0,40.01,47.795,100.0,80.0,80.0,True
2025-06-08 02:00:00,2,39.0,39.0,39.667,3.0,3.0,0.0,0.0,3.0,3.0,39.509,45.019,100.0,100.0,100.0,True
2025-06-08 03:00:00,3,29.0,28.0,28.222,8.0,8.0,0.0,0.0,8.0,8.0,30.268,30.937,100.0,100.0,100.0,False
2025-06-08 04:00:00,4,30.0,30.0,30.25,4.0,4.0,0.0,0.0,4.0,4.0,30.625,30.131,100.0,100.0,100.0,True
2025-06-08 05:00:00,5,24.0,24.0,24.0,3.0,3.0,0.0,0.0,3.0,3.0,23.985,25.301,100.0,100.0,100.0,True
2025-06-08 07:00:00,7,38.0,38.0,38.839,66.0,60.0,6.0,4.0,47.0,64.0,42.266,36.494,78.333,73.438,71.212,True
2025-06-08 08:00:00,8,36.0,36.0,36.121,178.0,150.0,28.0,13.0,123.0,163.0,39.134,31.568,82.0,75.46,69.101,True
2025-06-08 09:00:00,9,53.0,53.0,53.257,222.0,177.0,45.0,33.0,108.0,210.0,54.416,51.937,61.017,51.429,48.649,True
2025-06-08 10:00:00,10,41.0,41.0,41.035,126.0,101.0,25.0,18.0,74.0,119.0,48.532,47.321,73.267,62.185,58.73,True
2025-06-08 11:00:00,11,27.0,27.0,27.757,126.0,116.0,10.0,6.0,114.0,122.0,28.251,26.163,98.276,93.443,90.476,True
2025-06-08 12:00:00,12,24.0,24.0,24.167,244.0,229.0,15.0,11.0,228.0,240.0,24.881,23.819,99.563,95.0,93.443,True
2025-06-08 13:00:00,13,26.0,26.0,26.109,218.0,201.0,17.0,14.0,200.0,215.0,26.753,25.462,99.502,93.023,91.743,True
2025-06-08 14:00:00,14,27.0,26.0,26.975,168.0,155.0,13.0,7.0,154.0,162.0,27.414,26.411,99.355,95.062,91.667,False
2025-06-08 15:00:00,15,40.0,40.0,40.079,164.0,133.0,31.0,22.0,109.0,155.0,41.576,36.035,81.955,70.323,66.463,True
2025-06-08 16:00:00,16,41.0,41.0,41.591,112.0,90.0,22.0,17.0,70.0,107.0,42.775,34.998,77.778,65.421,62.5,True
2025-06-08 17:00:00,17,46.0,46.0,46.662,105.0,77.0,28.0,22.0,54.0,99.0,48.383,41.816,70.13,54.545,51.429,True
2025-06-08 18:00:00,18,43.0,43.0,43.508,74.0,60.0,14.0,12.0,43.0,72.0,43.974,36.471,71.667,59.722,58.108,True
2025-06-08 19:00:00,19,56.0,56.0,56.182,72.0,55.0,17.0,15.0,36.0,70.0,56.581,44.719,65.455,51.429,50.0,True
2025-06-08 20:00:00,20,76.0,76.0,76.536,35.0,28.0,7.0,7.0,12.0,35.0,77.087,83.261,42.857,34.286,34.286,True
2025-06-08 21:00:00,21,103.0,101.0,101.9,15.0,10.0,5.0,5.0,1.0,15.0,102.565,109.247,10.0,6.667,6.667,False
2025-06-08 22:00:00,22,63.0,63.0,63.333,5.0,3.0,2.0,2.0,1.0,5.0,63.946,64.611,33.333,20.0,20.0,True
2025-06-08 23:00:00,23,37.0,37.0,37.091,11.0,11.0,0.0,0.0,10.0,11.0,37.489,38.613,90.909,90.909,90.909,True
2025-06-09 01:00:00,1,23.0,23.0,23.0,4.0,2.0,2.0,1.0,2.0,3.0,27.403,27.403,100.0,66.667,50.0,True
2025-06-09 02:00:00,2,19.0,19.0,19.0,2.0,2.0,0.0,0.0,2.0,2.0,20.45,20.45,100.0,100.0,100.0,True
2025-06-09 03:00:00,3,24.0,24.0,24.0,5.0,4.0,1.0,1.0,4.0,5.0,30.366,26.643,100.0,80.0,80.0,True
2025-06-09 04:00:00,4,34.0,34.0,34.5,13.0,10.0,3.0,3.0,9.0,13.0,45.586,41.189,90.0,69.231,69.231,True
2025-06-09 05:00:00,5,41.0,41.0,41.25,20.0,15.0,5.0,4.0,9.0,19.0,53.836,44.888,60.0,47.368,45.0,True
2025-06-09 06:00:00,6,44.0,44.0,44.358,33.0,29.0,4.0,3.0,20.0,32.0,52.533,49.379,68.966,62.5,60.606,True
2025-06-09 07:00:00,7,49.0,49.0,49.46,401.0,347.0,54.0,23.0,181.0,370.0,60.429,59.295,52.161,48.919,45.137,True
2025-06-09 08:00:00,8,56.0,56.0,56.885,373.0,332.0,41.0,29.0,118.0,361.0,67.109,66.353,35.542,32.687,31.635,True
2025-06-09 09:00:00,9,40.0,40.0,40.112,268.0,238.0,30.0,11.0,214.0,249.0,40.662,39.888,89.916,85.944,79.851,True
2025-06-09 10:00:00,10,20.0,20.0,20.527,335.0,313.0,22.0,7.0,313.0,320.0,21.211,19.978,100.0,97.812,93.433,True
2025-06-09 11:00:00,11,21.0,21.0,21.167,501.0,468.0,30.0,15.0,467.0,486.0,21.689,21.347,99.786,96.091,93.214,True
2025-06-09 12:00:00,12,20.0,20.0,20.553,522.0,495.0,26.0,15.0,493.0,511.0,21.106,20.256,99.596,96.477,94.444,True
2025-06-09 13:00:00,13,19.0,19.0,19.642,533.0,499.0,34.0,17.0,498.0,516.0,19.926,19.158,99.8,96.512,93.433,True
2025-06-09 14:00:00,14,29.0,29.0,29.251,668.0,619.0,49.0,32.0,581.0,651.0,29.914,25.745,93.861,89.247,86.976,True
2025-06-09 15:00:00,15,38.0,38.0,38.877,639.0,549.0,90.0,44.0,448.0,593.0,40.177,35.479,81.603,75.548,70.11,True
2025-06-09 16:00:00,16,37.0,37.0,37.212,377.0,290.0,87.0,23.0,252.0,313.0,38.311,35.673,86.897,80.511,66.844,True
2025-06-09 17:00:00,17,27.0,27.0,27.614,238.0,190.0,48.0,15.0,185.0,205.0,27.998,27.003,97.368,90.244,77.731,True
2025-06-09 18:00:00,18,26.0,26.0,26.16,136.0,114.0,22.0,14.0,113.0,128.0,26.818,24.91,99.123,88.281,83.088,True
2025-06-09 19:00:00,19,24.0,24.0,24.633,62.0,57.0,5.0,2.0,56.0,59.0,25.776,23.972,98.246,94.915,90.323,True
2025-06-09 20:00:00,20,27.0,27.0,27.095,47.0,40.0,7.0,4.0,40.0,44.0,28.054,28.648,100.0,90.909,85.106,True
2025-06-09 21:00:00,21,28.0,28.0,28.769,27.0,26.0,1.0,1.0,26.0,27.0,29.22,29.174,100.0,96.296,96.296,True
2025-06-09 22:00:00,22,28.0,28.0,28.273,14.0,11.0,3.0,1.0,11.0,12.0,28.686,30.026,100.0,91.667,78.571,True
2025-06-09 23:00:00,23,18.0,18.0,18.8,11.0,9.0,2.0,1.0,9.0,10.0,21.032,19.914,100.0,90.0,81.818,True
2025-06-10 00:00:00,0,26.0,26.0,26.5,3.0,2.0,1.0,1.0,2.0,3.0,27.039,27.039,100.0,66.667,66.667,True
2025-06-10 01:00:00,1,27.0,27.0,27.0,1.0,1.0,0.0,0.0,1.0,1.0,26.862,26.862,100.0,100.0,100.0,True
2025-06-10 02:00:00,2,34.0,34.0,34.0,2.0,2.0,0.0,0.0,2.0,2.0,34.536,34.536,100.0,100.0,100.0,True
2025-06-10 03:00:00,3,23.0,23.0,23.6,6.0,5.0,1.0,0.0,5.0,5.0,23.84,23.583,100.0,100.0,83.333,True
2025-06-10 04:00:00,4,21.0,21.0,21.944,12.0,12.0,0.0,0.0,10.0,12.0,31.939,28.969,83.333,83.333,83.333,True
2025-06-10 05:00:00,5,45.0,45.0,45.381,18.0,15.0,3.0,2.0,9.0,17.0,48.367,36.315,60.0,52.941,50.0,True
2025-06-10 06:00:00,6,41.0,41.0,41.344,43.0,37.0,6.0,1.0,30.0,38.0,45.981,43.719,81.081,78.947,69.767,True
2025-06-10 07:00:00,7,46.0,46.0,46.544,427.0,353.0,74.0,27.0,205.0,380.0,57.135,55.649,58.074,53.947,48.009,True
2025-06-10 08:00:00,8,51.0,51.0,51.359,389.0,340.0,49.0,28.0,178.0,368.0,59.956,59.271,52.353,48.37,45.758,True
2025-06-10 09:00:00,9,36.0,36.0,36.452,303.0,270.0,33.0,14.0,242.0,284.0,37.248,35.065,89.63,85.211,79.868,True
2025-06-10 10:00:00,10,22.0,22.0,22.451,348.0,326.0,21.0,8.0,325.0,335.0,23.134,20.961,99.693,97.015,93.391,True
2025-06-10 11:00:00,11,21.0,21.0,21.562,529.0,504.0,25.0,11.0,502.0,515.0,22.33,20.815,99.603,97.476,94.896,True
2025-06-10 12:00:00,12,23.0,23.0,23.638,602.0,578.0,24.0,14.0,575.0,592.0,24.143,23.249,99.481,97.128,95.515,True
2025-06-10 13:00:00,13,22.0,22.0,22.135,575.0,539.0,35.0,18.0,538.0,558.0,22.819,21.593,99.814,96.416,93.565,True
2025-06-10 14:00:00,14,31.0,31.0,31.187,707.0,634.0,73.0,32.0,600.0,666.0,32.013,28.494,94.637,90.09,84.866,True
2025-06-10 15:00:00,15,52.0,52.0,52.471,675.0,556.0,118.0,97.0,359.0,654.0,54.453,48.87,64.568,54.893,53.185,True
2025-06-10 16:00:00,16,62.0,62.0,62.079,317.0,242.0,74.0,57.0,115.0,300.0,64.336,62.581,47.521,38.333,36.278,True
2025-06-10 17:00:00,17,54.0,54.0,54.006,180.0,149.0,31.0,15.0,92.0,164.0,55.574,50.092,61.745,56.098,51.111,True
2025-06-10 18:00:00,18,43.0,43.0,43.443,101.0,87.0,14.0,11.0,66.0,98.0,44.197,35.996,75.862,67.347,65.347,True
2025-06-10 19:00:00,19,47.0,47.0,47.169,75.0,62.0,13.0,9.0,42.0,71.0,48.534,39.499,67.742,59.155,56.0,True
2025-06-10 20:00:00,20,49.0,49.0,49.0,60.0,41.0,19.0,17.0,30.0,58.0,50.201,41.487,73.171,51.724,50.0,True
2025-06-10 21:00:00,21,42.0,42.0,42.15,27.0,20.0,7.0,4.0,18.0,24.0,42.236,41.313,90.0,75.0,66.667,True
2025-06-10 22:00:00,22,28.0,28.0,28.5,11.0,10.0,1.0,1.0,10.0,11.0,28.691,28.162,100.0,90.909,90.909,True
2025-06-10 23:00:00,23,29.0,29.0,29.333,12.0,9.0,3.0,2.0,8.0,11.0,30.093,25.213,88.889,72.727,66.667,True
2025-06-11 00:00:00,0,53.0,53.0,53.2,6.0,5.0,1.0,0.0,3.0,5.0,53.688,43.395,60.0,60.0,50.0,True
2025-06-11 01:00:00,1,43.0,43.0,43.0,3.0,2.0,1.0,0.0,2.0,2.0,43.128,43.128,100.0,100.0,66.667,True
2025-06-11 02:00:00,2,21.0,21.0,21.25,3.0,3.0,0.0,0.0,3.0,3.0,28.928,28.695,100.0,100.0,100.0,True
2025-06-11 03:00:00,3,28.0,28.0,28.4,5.0,5.0,0.0,0.0,5.0,5.0,28.839,27.074,100.0,100.0,100.0,True
2025-06-11 04:00:00,4,22.0,22.0,22.056,16.0,14.0,2.0,1.0,14.0,15.0,27.728,24.58,100.0,93.333,87.5,True
2025-06-11 05:00:00,5,44.0,44.0,44.238,13.0,10.0,3.0,1.0,5.0,11.0,55.541,52.998,50.0,45.455,38.462,True
2025-06-11 06:00:00,6,37.0,37.0,37.366,42.0,37.0,5.0,2.0,31.0,39.0,44.362,42.777,83.784,79.487,73.81,True
2025-06-11 07:00:00,7,36.0,36.0,36.476,365.0,283.0,82.0,16.0,239.0,299.0,42.847,41.028,84.452,79.933,65.479,True
2025-06-11 08:00:00,8,44.0,44.0,44.804,425.0,364.0,61.0,23.0,253.0,387.0,51.562,51.521,69.505,65.375,59.529,True
2025-06-11 09:00:00,9,29.0,29.0,29.547,314.0,276.0,38.0,20.0,270.0,296.0,29.6,26.454,97.826,91.216,85.987,True
2025-06-11 10:00:00,10,19.0,19.0,19.189,398.0,368.0,29.0,6.0,368.0,375.0,20.383,19.394,100.0,98.133,92.462,True
2025-06-11 11:00:00,11,22.0,22.0,22.461,546.0,523.0,23.0,12.0,521.0,535.0,22.921,21.952,99.618,97.383,95.421,True
2025-06-11 12:00:00,12,23.0,23.0,23.045,582.0,546.0,36.0,16.0,545.0,562.0,23.521,22.809,99.817,96.975,93.643,True
2025-06-11 13:00:00,13,21.0,21.0,21.041,533.0,511.0,22.0,10.0,511.0,521.0,21.495,20.821,100.0,98.081,95.872,True
2025-06-11 14:00:00,14,36.0,36.0,36.042,770.0,689.0,81.0,52.0,583.0,741.0,36.998,29.082,84.615,78.677,75.714,True
2025-06-11 15:00:00,15,56.0,56.0,56.153,630.0,513.0,117.0,85.0,298.0,598.0,58.004,50.777,58.09,49.833,47.302,True
2025-06-11 16:00:00,16,64.0,64.0,64.27,310.0,234.0,76.0,58.0,108.0,292.0,66.125,63.416,46.154,36.986,34.839,True
2025-06-11 17:00:00,17,45.0,45.0,45.517,177.0,131.0,46.0,24.0,94.0,155.0,45.559,39.32,71.756,60.645,53.107,True
2025-06-11 18:00:00,18,30.0,30.0,30.553,85.0,70.0,15.0,6.0,68.0,76.0,32.32,29.679,97.143,89.474,80.0,True
2025-06-11 19:00:00,19,27.0,27.0,27.24,80.0,74.0,6.0,5.0,73.0,79.0,28.094,27.694,98.649,92.405,91.25,True
2025-06-11 20:00:00,20,51.0,51.0,51.491,69.0,52.0,17.0,14.0,37.0,66.0,52.348,48.156,71.154,56.061,53.623,True
2025-06-11 21:00:00,21,51.0,51.0,51.719,41.0,30.0,11.0,11.0,18.0,41.0,55.372,45.04,60.0,43.902,43.902,True
2025-06-11 22:00:00,22,45.0,45.0,45.167,16.0,12.0,4.0,3.0,9.0,15.0,45.587,32.827,75.0,60.0,56.25,True
2025-06-11 23:00:00,23,23.0,23.0,23.375,8.0,7.0,1.0,1.0,7.0,8.0,26.78,29.101,100.0,87.5,87.5,True
2025-06-12 00:00:00,0,39.0,39.0,39.571,9.0,7.0,2.0,2.0,6.0,9.0,40.159,39.244,85.714,66.667,66.667,True
2025-06-12 01:00:00,1,17.0,17.0,17.0,2.0,2.0,0.0,0.0,2.0,2.0,17.296,17.296,100.0,100.0,100.0,True
2025-06-12 02:00:00,2,27.0,27.0,27.0,3.0,3.0,0.0,0.0,3.0,3.0,25.388,26.143,100.0,100.0,100.0,True
2025-06-12 03:00:00,3,35.0,35.0,35.0,3.0,3.0,0.0,0.0,2.0,3.0,35.923,28.628,66.667,66.667,66.667,True
2025-06-12 04:00:00,4,22.0,22.0,22.588,14.0,11.0,3.0,3.0,11.0,14.0,33.006,36.399,100.0,78.571,78.571,True
2025-06-12 05:00:00,5,49.0,49.0,49.455,19.0,16.0,3.0,1.0,10.0,17.0,49.118,45.334,62.5,58.824,52.632,True
2025-06-12 06:00:00,6,42.0,42.0,42.033,44.0,36.0,8.0,3.0,32.0,39.0,41.253,39.868,88.889,82.051,72.727,True
2025-06-12 07:00:00,7,32.0,33.0,33.057,319.0,244.0,75.0,19.0,215.0,263.0,37.886,34.646,88.115,81.749,67.398,False
2025-06-12 08:00:00,8,38.0,38.0,38.629,425.0,341.0,84.0,30.0,292.0,371.0,43.409,41.749,85.63,78.706,68.706,True
2025-06-12 09:00:00,9,26.0,26.0,26.457,317.0,291.0,26.0,9.0,287.0,300.0,26.998,24.865,98.625,95.667,90.536,True
2025-06-12 10:00:00,10,20.0,20.0,20.286,389.0,357.0,32.0,13.0,356.0,370.0,21.218,19.568,99.72,96.216,91.517,True
2025-06-12 11:00:00,11,22.0,22.0,22.675,511.0,497.0,14.0,8.0,495.0,505.0,23.177,21.864,99.598,98.02,96.869,True
2025-06-12 12:00:00,12,22.0,22.0,22.214,528.0,504.0,23.0,14.0,503.0,519.0,22.928,21.343,99.802,96.917,95.265,True
2025-06-12 13:00:00,13,21.0,21.0,21.175,513.0,485.0,28.0,16.0,483.0,501.0,21.534,20.156,99.588,96.407,94.152,True
2025-06-12 14:00:00,14,30.0,30.0,30.091,722.0,650.0,72.0,37.0,597.0,687.0,30.876,25.827,91.846,86.9,82.687,True
2025-06-12 15:00:00,15,47.0,47.0,47.722,622.0,509.0,113.0,71.0,337.0,580.0,49.495,42.925,66.208,58.103,54.18,True
2025-06-12 16:00:00,16,49.0,49.0,49.603,334.0,267.0,67.0,37.0,175.0,304.0,51.284,46.682,65.543,57.566,52.395,True
2025-06-12 17:00:00,17,42.0,42.0,42.166,201.0,164.0,37.0,19.0,131.0,183.0,42.904,38.851,79.878,71.585,65.174,True
2025-06-12 18:00:00,18,33.0,33.0,33.25,99.0,86.0,13.0,11.0,78.0,97.0,34.046,30.127,90.698,80.412,78.788,True
2025-06-12 19:00:00,19,28.0,28.0,28.5,81.0,70.0,11.0,8.0,69.0,78.0,29.007,24.74,98.571,88.462,85.185,True
2025-06-12 20:00:00,20,34.0,34.0,34.219,35.0,31.0,4.0,4.0,30.0,35.0,35.555,34.311,96.774,85.714,85.714,True
2025-06-12 21:00:00,21,42.0,40.0,40.919,40.0,37.0,3.0,2.0,33.0,39.0,41.351,41.793,89.189,84.615,82.5,False
2025-06-12 22:00:00,22,36.0,37.0,37.188,19.0,16.0,3.0,3.0,14.0,19.0,37.371,33.586,87.5,73.684,73.684,False
2025-06-12 23:00:00,23,33.0,33.0,33.1,10.0,9.0,1.0,1.0,7.0,10.0,37.247,37.534,77.778,70.0,70.0,True
2025-06-13 00:00:00,0,24.0,24.0,24.333,2.0,2.0,0.0,0.0,2.0,2.0,30.536,30.536,100.0,100.0,100.0,True
2025-06-13 01:00:00,1,16.0,16.0,16.5,3.0,3.0,0.0,0.0,3.0,3.0,22.65,27.236,100.0,100.0,100.0,True
2025-06-13 02:00:00,2,22.0,22.0,22.333,2.0,2.0,0.0,0.0,2.0,2.0,26.962,26.962,100.0,100.0,100.0,True
2025-06-13 03:00:00,3,31.0,31.0,31.75,4.0,4.0,0.0,0.0,4.0,4.0,32.087,33.554,100.0,100.0,100.0,True
2025-06-13 04:00:00,4,22.0,22.0,22.125,13.0,12.0,1.0,1.0,12.0,13.0,29.677,29.67,100.0,92.308,92.308,True
2025-06-13 05:00:00,5,33.0,33.0,33.792,15.0,13.0,2.0,1.0,10.0,14.0,44.11,36.331,76.923,71.429,66.667,True
2025-06-13 06:00:00,6,39.0,39.0,39.309,28.0,25.0,3.0,1.0,22.0,26.0,37.667,34.668,88.0,84.615,78.571,True
2025-06-13 07:00:00,7,38.0,38.0,38.286,335.0,270.0,65.0,21.0,205.0,291.0,45.645,40.536,75.926,70.447,61.194,True
2025-06-13 08:00:00,8,46.0,46.0,46.084,404.0,346.0,58.0,22.0,217.0,368.0,53.426,51.765,62.717,58.967,53.713,True
2025-06-13 09:00:00,9,32.0,32.0,32.896,307.0,283.0,24.0,11.0,268.0,294.0,33.423,30.846,94.7,91.156,87.296,True
2025-06-13 10:00:00,10,21.0,21.0,21.81,389.0,365.0,24.0,11.0,364.0,376.0,22.786,21.586,99.726,96.809,93.573,True
2025-06-13 11:00:00,11,23.0,23.0,23.742,531.0,501.0,30.0,16.0,500.0,517.0,24.417,23.074,99.8,96.712,94.162,True
2025-06-13 12:00:00,12,23.0,23.0,23.421,549.0,528.0,20.0,10.0,528.0,539.0,23.735,22.707,100.0,97.959,96.175,True
2025-06-13 13:00:00,13,20.0,20.0,20.059,504.0,469.0,34.0,18.0,469.0,488.0,20.442,19.307,100.0,96.107,93.056,True
2025-06-13 14:00:00,14,31.0,31.0,31.437,721.0,637.0,84.0,38.0,592.0,675.0,32.155,28.109,92.936,87.704,82.108,True
2025-06-13 15:00:00,15,49.0,49.0,49.369,605.0,493.0,112.0,70.0,334.0,563.0,51.103,46.045,67.748,59.325,55.207,True
2025-06-13 16:00:00,16,54.0,54.0,54.859,301.0,232.0,69.0,30.0,142.0,262.0,57.06,52.738,61.207,54.198,47.176,True
2025-06-13 17:00:00,17,45.0,45.0,45.044,222.0,175.0,47.0,22.0,139.0,197.0,45.625,37.488,79.429,70.558,62.613,True
2025-06-13 18:00:00,18,44.0,44.0,44.144,142.0,117.0,25.0,13.0,88.0,130.0,45.083,39.999,75.214,67.692,61.972,True
2025-06-13 19:00:00,19,49.0,49.0,49.988,105.0,81.0,24.0,15.0,61.0,96.0,50.817,43.156,75.309,63.542,58.095,True
2025-06-13 20:00:00,20,83.0,83.0,83.404,81.0,55.0,26.0,24.0,24.0,79.0,86.724,91.668,43.636,30.38,29.63,True
2025-06-13 21:00:00,21,82.0,82.0,82.238,40.0,21.0,19.0,18.0,6.0,39.0,82.363,91.839,28.571,15.385,15.0,True
2025-06-13 22:00:00,22,66.0,66.0,66.333,10.0,9.0,1.0,1.0,3.0,10.0,66.483,69.074,33.333,30.0,30.0,True
2025-06-13 23:00:00,23,65.0,65.0,65.706,22.0,16.0,6.0,5.0,4.0,21.0,69.961,68.926,25.0,19.048,18.182,True
2025-06-14 00:00:00,0,37.0,37.0,37.833,9.0,6.0,3.0,2.0,5.0,8.0,37.914,32.149,83.333,62.5,55.556,True
2025-06-14 01:00:00,1,55.0,55.0,55.4,7.0,5.0,2.0,2.0,4.0,7.0,55.769,54.15,80.0,57.143,57.143,True
2025-06-14 02:00:00,2,32.0,32.0,32.0,5.0,3.0,2.0,0.0,3.0,3.0,32.721,30.819,100.0,100.0,60.0,True
2025-06-14 03:00:00,3,32.0,32.0,32.5,4.0,4.0,0.0,0.0,4.0,4.0,33.115,30.249,100.0,100.0,100.0,True
2025-06-14 04:00:00,4,22.0,22.0,22.0,11.0,11.0,0.0,0.0,11.0,11.0,28.633,25.01,100.0,100.0,100.0,True
2025-06-14 05:00:00,5,29.0,29.0,29.636,10.0,9.0,1.0,1.0,7.0,10.0,36.034,23.408,77.778,70.0,70.0,True
2025-06-14 06:00:00,6,58.0,58.0,58.609,19.0,15.0,4.0,3.0,9.0,18.0,54.551,56.229,60.0,50.0,47.368,True
2025-06-14 07:00:00,7,34.0,34.0,34.144,69.0,61.0,8.0,5.0,58.0,66.0,37.37,35.024,95.082,87.879,84.058,True
2025-06-14 08:00:00,8,26.0,26.0,26.64,151.0,137.0,14.0,7.0,136.0,144.0,27.767,26.577,99.27,94.444,90.066,True
2025-06-14 09:00:00,9,33.0,33.0,33.523,229.0,193.0,36.0,14.0,181.0,207.0,34.477,31.07,93.782,87.44,79.039,True
2025-06-14 10:00:00,10,40.0,40.0,40.293,214.0,186.0,28.0,22.0,155.0,208.0,43.095,39.512,83.333,74.519,72.43,True
2025-06-14 11:00:00,11,40.0,40.0,40.252,249.0,211.0,38.0,27.0,186.0,238.0,40.812,38.568,88.152,78.151,74.699,True
2025-06-14 12:00:00,12,34.0,34.0,34.549,190.0,158.0,31.0,26.0,147.0,185.0,36.714,35.495,93.038,79.459,77.368,True
2025-06-14 13:00:00,13,33.0,33.0,33.254,194.0,184.0,10.0,7.0,176.0,191.0,33.801,31.489,95.652,92.147,90.722,True
2025-06-14 14:00:00,14,31.0,31.0,31.0,169.0,157.0,12.0,8.0,151.0,165.0,31.485,28.673,96.178,91.515,89.349,True
2025-06-14 15:00:00,15,49.0,49.0,49.567,213.0,173.0,40.0,25.0,124.0,198.0,51.488,41.547,71.676,62.626,58.216,True
2025-06-14 16:00:00,16,79.0,80.0,80.226,145.0,88.0,57.0,49.0,27.0,137.0,84.047,80.728,30.682,19.708,18.621,False
2025-06-14 17:00:00,17,73.0,74.0,74.875,98.0,63.0,35.0,25.0,23.0,88.0,75.946,72.498,36.508,26.136,23.469,False
2025-06-14 18:00:00,18,60.0,60.0,60.857,80.0,54.0,26.0,23.0,27.0,77.0,62.919,60.282,50.0,35.065,33.75,True
2025-06-14 19:00:00,19,66.0,66.0,66.625,67.0,49.0,18.0,16.0,22.0,65.0,67.831,72.173,44.898,33.846,32.836,True
2025-06-14 20:00:00,20,80.0,79.0,79.361,63.0,34.0,29.0,29.0,9.0,63.0,81.066,81.511,26.471,14.286,14.286,False
2025-06-14 21:00:00,21,98.0,102.0,102.667,36.0,18.0,18.0,17.0,1.0,35.0,103.096,98.057,5.556,2.857,2.778,False
2025-06-14 22:00:00,22,88.0,88.0,88.333,18.0,9.0,9.0,8.0,1.0,17.0,88.777,93.946,11.111,5.882,5.556,True
2025-06-14 23:00:00,23,45.0,45.0,45.667,12.0,5.0,7.0,6.0,2.0,11.0,54.723,60.829,40.0,18.182,16.667,True
2025-06-15 00:00:00,0,52.0,52.0,52.0,8.0,5.0,3.0,3.0,3.0,8.0,52.641,41.472,60.0,37.5,37.5,True
2025-06-15 01:00:00,1,29.0,29.0,29.333,5.0,2.0,3.0,1.0,2.0,3.0,37.048,37.048,100.0,66.667,40.0,True
2025-06-15 02:00:00,2,34.0,34.0,34.0,5.0,4.0,1.0,1.0,4.0,5.0,34.068,37.558,100.0,80.0,80.0,True
2025-06-15 03:00:00,3,19.0,19.0,19.0,4.0,4.0,0.0,0.0,4.0,4.0,19.681,20.298,100.0,100.0,100.0,True
2025-06-15 04:00:00,4,37.0,37.0,37.0,6.0,6.0,0.0,0.0,6.0,6.0,37.486,35.486,100.0,100.0,100.0,True
2025-06-15 05:00:00,5,35.0,35.0,35.429,7.0,7.0,0.0,0.0,6.0,7.0,35.54,21.901,85.714,85.714,85.714,True
2025-06-15 06:00:00,6,55.0,55.0,55.0,4.0,3.0,1.0,0.0,1.0,3.0,55.602,62.784,33.333,33.333,25.0,True
2025-06-15 07:00:00,7,35.0,35.0,35.283,71.0,68.0,3.0,3.0,61.0,71.0,39.179,37.718,89.706,85.915,85.915,True
2025-06-15 08:00:00,8,35.0,35.0,35.737,160.0,134.0,26.0,13.0,112.0,147.0,39.058,29.962,83.582,76.19,70.0,True
2025-06-15 09:00:00,9,47.0,46.0,46.857,187.0,157.0,30.0,19.0,114.0,176.0,47.995,45.395,72.611,64.773,60.963,False
2025-06-15 10:00:00,10,39.0,40.0,40.081,163.0,120.0,43.0,36.0,95.0,156.0,45.676,41.549,79.167,60.897,58.282,False
2025-06-15 11:00:00,11,30.0,30.0,30.396,125.0,111.0,14.0,10.0,108.0,121.0,30.836,29.382,97.297,89.256,86.4,True
2025-06-15 12:00:00,12,27.0,27.0,27.416,262.0,247.0,15.0,10.0,241.0,257.0,28.089,26.115,97.571,93.774,91.985,True
2025-06-15 13:00:00,13,33.0,33.0,33.112,223.0,202.0,21.0,15.0,188.0,217.0,33.702,29.029,93.069,86.636,84.305,True
2025-06-15 14:00:00,14,33.0,33.0,33.739,174.0,155.0,19.0,14.0,139.0,169.0,34.568,32.458,89.677,82.249,79.885,True
2025-06-15 15:00:00,15,35.0,35.0,35.454,142.0,123.0,19.0,16.0,107.0,139.0,36.366,30.261,86.992,76.978,75.352,True
2025-06-15 16:00:00,16,49.0,49.0,49.712,132.0,108.0,24.0,20.0,72.0,128.0,50.655,48.304,66.667,56.25,54.545,True
2025-06-15 17:00:00,17,48.0,48.0,48.579,84.0,55.0,29.0,20.0,41.0,75.0,50.605,43.8,74.545,54.667,48.81,True
2025-06-15 18:00:00,18,38.0,38.0,38.8,80.0,65.0,15.0,10.0,57.0,75.0,39.072,33.242,87.692,76.0,71.25,True
2025-06-15 19:00:00,19,47.0,48.0,48.2,69.0,55.0,14.0,11.0,43.0,66.0,48.721,34.015,78.182,65.152,62.319,False
2025-06-15 20:00:00,20,72.0,72.0,72.909,34.0,22.0,12.0,10.0,9.0,32.0,73.112,74.164,40.909,28.125,26.471,True
2025-06-15 21:00:00,21,70.0,70.0,70.667,14.0,9.0,5.0,5.0,3.0,14.0,71.174,78.741,33.333,21.429,21.429,True
2025-06-15 22:00:00,22,61.0,60.0,60.0,16.0,10.0,5.0,5.0,6.0,16.0,60.559,54.605,60.0,37.5,37.5,False
2025-06-15 23:00:00,23,36.0,36.0,36.429,8.0,7.0,1.0,0.0,7.0,7.0,37.512,39.693,100.0,100.0,87.5,True
2025-06-16 00:00:00,0,44.0,44.0,44.667,3.0,3.0,0.0,0.0,2.0,3.0,45.594,44.385,66.667,66.667,66.667,True
2025-06-16 01:00:00,1,30.0,30.0,30.667,3.0,3.0,0.0,0.0,3.0,3.0,31.471,27.96,100.0,100.0,100.0,True
2025-06-16 02:00:00,2,25.0,25.0,25.333,3.0,3.0,0.0,0.0,3.0,3.0,26.204,31.306,100.0,100.0,100.0,True
2025-06-16 03:00:00,3,34.0,34.0,34.2,6.0,5.0,1.0,1.0,4.0,6.0,34.576,26.42,80.0,66.667,66.667,True
2025-06-16 04:00:00,4,19.0,19.0,19.364,10.0,9.0,1.0,1.0,9.0,10.0,24.109,22.598,100.0,90.0,90.0,True
2025-06-16 05:00:00,5,43.0,43.0,43.812,22.0,18.0,4.0,3.0,9.0,21.0,55.232,58.122,50.0,42.857,40.909,True
2025-06-16 06:00:00,6,45.0,45.0,45.829,30.0,28.0,2.0,1.0,18.0,29.0,51.443,50.213,64.286,62.069,60.0,True
2025-06-16 07:00:00,7,46.0,46.0,46.449,387.0,315.0,72.0,33.0,181.0,348.0,57.982,54.43,57.46,52.011,46.77,True
2025-06-16 08:00:00,8,55.0,55.0,55.11,431.0,363.0,68.0,48.0,167.0,411.0,63.295,61.702,46.006,40.633,38.747,True
2025-06-16 09:00:00,9,40.0,40.0,40.228,275.0,237.0,38.0,20.0,210.0,257.0,40.494,39.208,88.608,81.712,76.364,True
2025-06-16 10:00:00,10,20.0,20.0,20.589,343.0,322.0,21.0,11.0,322.0,333.0,21.014,19.566,100.0,96.697,93.878,True
2025-06-16 11:00:00,11,20.0,20.0,20.606,527.0,502.0,25.0,11.0,502.0,513.0,21.152,19.564,100.0,97.856,95.256,True
2025-06-16 12:00:00,12,19.0,19.0,19.53,550.0,519.0,30.0,13.0,519.0,533.0,20.031,19.285,100.0,97.373,94.364,True
2025-06-16 13:00:00,13,23.0,22.0,22.951,615.0,567.0,46.0,31.0,561.0,600.0,23.475,21.809,98.942,93.5,91.22,False
2025-06-16 14:00:00,14,31.0,31.0,31.608,682.0,625.0,57.0,35.0,581.0,660.0,32.371,28.067,92.96,88.03,85.191,True
2025-06-16 15:00:00,15,40.0,40.0,40.504,596.0,508.0,88.0,39.0,407.0,547.0,41.536,36.453,80.118,74.406,68.289,True
2025-06-16 16:00:00,16,34.0,34.0,34.955,326.0,245.0,79.0,29.0,228.0,276.0,35.825,33.003,93.061,82.609,69.939,True
2025-06-16 17:00:00,17,27.0,27.0,27.9,212.0,186.0,25.0,9.0,186.0,196.0,28.375,27.594,100.0,94.898,87.736,True
2025-06-16 18:00:00,18,26.0,26.0,26.609,104.0,88.0,16.0,11.0,88.0,99.0,27.384,26.288,100.0,88.889,84.615,True
2025-06-16 19:00:00,19,22.0,22.0,22.857,54.0,48.0,6.0,4.0,48.0,52.0,23.423,22.121,100.0,92.308,88.889,True
2025-06-16 20:00:00,20,25.0,25.0,25.409,50.0,44.0,6.0,4.0,44.0,48.0,25.903,24.656,100.0,91.667,88.0,True
2025-06-16 21:00:00,21,26.0,26.0,26.842,20.0,17.0,3.0,2.0,17.0,19.0,27.64,25.149,100.0,89.474,85.0,True
2025-06-16 22:00:00,22,26.0,26.0,26.882,18.0,17.0,1.0,1.0,17.0,18.0,27.371,27.299,100.0,94.444,94.444,True
2025-06-16 23:00:00,23,21.0,21.0,21.714,6.0,6.0,0.0,0.0,6.0,6.0,23.86,23.532,100.0,100.0,100.0,True
2025-06-17 00:00:00,0,31.0,31.0,31.0,2.0,1.0,1.0,1.0,1.0,2.0,30.454,30.454,100.0,50.0,50.0,True
2025-06-17 01:00:00,1,34.0,34.0,34.0,1.0,1.0,0.0,0.0,1.0,1.0,34.574,34.574,100.0,100.0,100.0,True
2025-06-17 02:00:00,2,31.0,31.0,31.833,6.0,6.0,0.0,0.0,6.0,6.0,32.39,36.411,100.0,100.0,100.0,True
2025-06-17 03:00:00,3,23.0,23.0,23.0,2.0,2.0,0.0,0.0,2.0,2.0,24.101,24.101,100.0,100.0,100.0,True
2025-06-17 04:00:00,4,30.0,30.0,30.158,15.0,13.0,2.0,2.0,9.0,15.0,42.732,35.565,69.231,60.0,60.0,True
2025-06-17 05:00:00,5,41.0,41.0,41.7,17.0,14.0,3.0,2.0,10.0,16.0,43.073,31.838,71.429,62.5,58.824,True
2025-06-17 06:00:00,6,41.0,41.0,41.688,35.0,31.0,4.0,1.0,27.0,32.0,41.965,40.99,87.097,84.375,77.143,True
2025-06-17 07:00:00,7,37.0,37.0,37.751,359.0,293.0,66.0,30.0,244.0,323.0,44.157,40.775,83.276,75.542,67.967,True
2025-06-17 08:00:00,8,42.0,42.0,42.577,411.0,348.0,62.0,28.0,270.0,377.0,48.506,47.322,77.586,71.618,65.693,True
2025-06-17 09:00:00,9,32.0,32.0,32.122,318.0,287.0,30.0,15.0,278.0,303.0,32.67,30.973,96.864,91.749,87.421,True
2025-06-17 10:00:00,10,19.0,19.0,19.893,371.0,348.0,23.0,10.0,346.0,358.0,20.823,20.35,99.425,96.648,93.261,True
2025-06-17 11:00:00,11,20.0,20.0,20.79,508.0,476.0,32.0,13.0,476.0,489.0,21.28,20.243,100.0,97.342,93.701,True
2025-06-17 12:00:00,12,21.0,21.0,21.255,558.0,528.0,30.0,14.0,527.0,542.0,21.668,20.733,99.811,97.232,94.444,True
2025-06-17 13:00:00,13,21.0,21.0,21.095,527.0,496.0,29.0,11.0,494.0,509.0,21.526,20.161,99.597,97.053,93.738,True
2025-06-17 14:00:00,14,29.0,29.0,29.446,733.0,662.0,71.0,51.0,625.0,713.0,30.051,26.737,94.411,87.658,85.266,True
2025-06-17 15:00:00,15,46.0,46.0,46.349,636.0,523.0,113.0,70.0,380.0,593.0,47.859,43.948,72.658,64.081,59.748,True
2025-06-17 16:00:00,16,48.0,48.0,48.848,329.0,261.0,67.0,45.0,179.0,307.0,50.332,47.307,68.582,58.306,54.407,True
2025-06-17 17:00:00,17,41.0,41.0,41.667,215.0,179.0,36.0,18.0,144.0,197.0,42.223,35.599,80.447,73.096,66.977,True
2025-06-17 18:00:00,18,32.0,32.0,32.739,94.0,83.0,11.0,3.0,78.0,86.0,33.136,29.801,93.976,90.698,82.979,True
2025-06-17 19:00:00,19,34.0,34.0,34.937,75.0,61.0,14.0,11.0,54.0,72.0,35.968,34.607,88.525,75.0,72.0,True
2025-06-17 20:00:00,20,64.0,63.0,63.281,72.0,56.0,16.0,13.0,28.0,69.0,64.093,59.701,50.0,40.58,38.889,False
2025-06-17 21:00:00,21,73.0,73.0,73.842,26.0,19.0,7.0,7.0,6.0,26.0,74.065,69.549,31.579,23.077,23.077,True
2025-06-17 22:00:00,22,46.0,46.0,46.75,17.0,12.0,5.0,4.0,9.0,16.0,47.061,41.449,75.0,56.25,52.941,True
2025-06-17 23:00:00,23,47.0,47.0,47.0,6.0,5.0,1.0,1.0,3.0,6.0,47.271,48.227,60.0,50.0,50.0,True
2025-06-18 00:00:00,0,29.0,29.0,29.8,6.0,5.0,1.0,0.0,5.0,5.0,30.381,36.187,100.0,100.0,83.333,True
2025-06-18 02:00:00,2,24.0,24.0,24.0,2.0,1.0,1.0,1.0,1.0,2.0,30.608,30.608,100.0,50.0,50.0,True
2025-06-18 03:00:00,3,29.0,29.0,29.286,7.0,7.0,0.0,0.0,7.0,7.0,29.616,30.166,100.0,100.0,100.0,True
2025-06-18 04:00:00,4,19.0,19.0,19.75,10.0,9.0,1.0,0.0,9.0,9.0,25.161,23.591,100.0,100.0,90.0,True
2025-06-18 05:00:00,5,41.0,41.0,41.208,17.0,14.0,3.0,1.0,8.0,15.0,55.827,55.167,57.143,53.333,47.059,True
2025-06-18 06:00:00,6,37.0,37.0,37.167,34.0,28.0,6.0,2.0,25.0,30.0,39.763,40.734,89.286,83.333,73.529,True
2025-06-18 07:00:00,7,31.0,31.0,31.493,288.0,215.0,73.0,13.0,194.0,228.0,36.04,32.309,90.233,85.088,67.361,True
2025-06-18 08:00:00,8,38.0,38.0,38.156,468.0,412.0,56.0,24.0,351.0,436.0,42.134,39.675,85.194,80.505,75.0,True
2025-06-18 09:00:00,9,27.0,27.0,27.658,363.0,325.0,38.0,16.0,322.0,341.0,27.942,26.162,99.077,94.428,88.705,True
2025-06-18 10:00:00,10,18.0,18.0,18.914,368.0,356.0,12.0,5.0,356.0,361.0,19.527,18.454,100.0,98.615,96.739,True
2025-06-18 11:00:00,11,21.0,21.0,21.157,518.0,492.0,26.0,12.0,491.0,504.0,21.751,20.559,99.797,97.421,94.788,True
2025-06-18 12:00:00,12,23.0,23.0,23.85,607.0,579.0,28.0,16.0,578.0,595.0,24.267,22.999,99.827,97.143,95.222,True
2025-06-18 13:00:00,13,21.0,21.0,21.994,520.0,495.0,25.0,13.0,492.0,508.0,22.481,20.878,99.394,96.85,94.615,True
2025-06-18 14:00:00,14,31.0,31.0,31.652,690.0,618.0,72.0,46.0,564.0,664.0,32.387,26.912,91.262,84.94,81.739,True
2025-06-18 15:00:00,15,53.0,53.0,53.557,664.0,552.0,112.0,83.0,337.0,635.0,54.979,47.486,61.051,53.071,50.753,True
2025-06-18 16:00:00,16,63.0,62.0,62.965,326.0,244.0,82.0,67.0,118.0,311.0,64.345,63.161,48.361,37.942,36.196,False
2025-06-18 17:00:00,17,56.0,56.0,56.62,184.0,149.0,35.0,21.0,85.0,170.0,58.501,52.82,57.047,50.0,46.196,True
2025-06-18 18:00:00,18,42.0,42.0,42.692,102.0,87.0,15.0,9.0,70.0,96.0,43.856,38.096,80.46,72.917,68.627,True
2025-06-18 19:00:00,19,38.0,38.0,38.429,81.0,56.0,25.0,17.0,49.0,73.0,39.579,38.139,87.5,67.123,60.494,True
2025-06-18 20:00:00,20,58.0,58.0,58.18,62.0,49.0,13.0,11.0,27.0,60.0,58.149,54.712,55.102,45.0,43.548,True
2025-06-18 21:00:00,21,53.0,53.0,53.905,27.0,21.0,6.0,5.0,15.0,26.0,54.174,55.647,71.429,57.692,55.556,True
2025-06-18 22:00:00,22,33.0,33.0,33.909,16.0,11.0,5.0,5.0,10.0,16.0,34.086,26.868,90.909,62.5,62.5,True
2025-06-18 23:00:00,23,23.0,23.0,23.857,8.0,6.0,2.0,2.0,6.0,8.0,27.767,24.625,100.0,75.0,75.0,True
2025-06-19 00:00:00,0,45.0,45.0,45.2,5.0,5.0,0.0,0.0,4.0,5.0,45.659,45.382,80.0,80.0,80.0,True
2025-06-19 01:00:00,1,38.0,38.0,38.333,3.0,2.0,1.0,1.0,1.0,3.0,57.462,57.462,50.0,33.333,33.333,True
2025-06-19 02:00:00,2,12.0,12.0,12.0,1.0,1.0,0.0,0.0,1.0,1.0,19.888,19.888,100.0,100.0,100.0,True
2025-06-19 03:00:00,3,6.0,6.0,6.0,2.0,2.0,0.0,0.0,2.0,2.0,10.154,10.154,100.0,100.0,100.0,True
2025-06-19 04:00:00,4,27.0,27.0,27.211,15.0,13.0,2.0,2.0,11.0,15.0,38.295,33.601,84.615,73.333,73.333,True
2025-06-19 05:00:00,5,47.0,47.0,47.115,19.0,18.0,1.0,1.0,12.0,19.0,49.744,39.712,66.667,63.158,63.158,True
2025-06-19 06:00:00,6,39.0,39.0,39.705,30.0,30.0,0.0,0.0,27.0,30.0,40.123,39.732,90.0,90.0,90.0,True
2025-06-19 07:00:00,7,32.0,32.0,32.353,305.0,237.0,68.0,15.0,213.0,252.0,36.21,32.522,89.873,84.524,69.836,True
2025-06-19 08:00:00,8,39.0,39.0,39.408,411.0,349.0,62.0,22.0,288.0,371.0,43.748,42.5,82.521,77.628,70.073,True
2025-06-19 09:00:00,9,28.0,28.0,28.739,323.0,288.0,35.0,19.0,284.0,307.0,29.069,27.528,98.611,92.508,87.926,True
2025-06-19 10:00:00,10,20.0,20.0,20.213,364.0,335.0,29.0,18.0,335.0,353.0,20.581,19.456,100.0,94.901,92.033,True
2025-06-19 11:00:00,11,22.0,22.0,22.215,528.0,499.0,29.0,17.0,497.0,516.0,22.756,21.573,99.599,96.318,94.129,True
2025-06-19 12:00:00,12,23.0,23.0,23.09,540.0,511.0,29.0,17.0,510.0,528.0,23.616,22.3,99.804,96.591,94.444,True
2025-06-19 13:00:00,13,21.0,21.0,21.072,494.0,470.0,24.0,15.0,468.0,485.0,21.449,19.838,99.574,96.495,94.737,True
2025-06-19 14:00:00,14,32.0,32.0,32.576,714.0,634.0,80.0,54.0,570.0,688.0,33.428,27.88,89.905,82.849,79.832,True
2025-06-19 15:00:00,15,52.0,52.0,52.812,621.0,506.0,115.0,79.0,315.0,585.0,54.42,49.615,62.253,53.846,50.725,True
2025-06-19 16:00:00,16,55.0,55.0,55.26,314.0,250.0,64.0,49.0,138.0,299.0,57.057,55.776,55.2,46.154,43.949,True
2025-06-19 17:00:00,17,43.0,43.0,43.707,177.0,134.0,43.0,24.0,107.0,158.0,43.831,35.889,79.851,67.722,60.452,True
2025-06-19 18:00:00,18,34.0,34.0,34.979,116.0,95.0,21.0,8.0,83.0,103.0,35.553,29.289,87.368,80.583,71.552,True
2025-06-19 19:00:00,19,33.0,33.0,33.931,83.0,70.0,13.0,8.0,66.0,78.0,35.051,29.974,94.286,84.615,79.518,True
2025-06-19 20:00:00,20,50.0,50.0,50.936,60.0,47.0,13.0,10.0,34.0,57.0,51.237,47.356,72.34,59.649,56.667,True
2025-06-19 21:00:00,21,41.0,41.0,41.385,39.0,26.0,13.0,13.0,20.0,39.0,41.545,37.451,76.923,51.282,51.282,True
2025-06-19 22:00:00,22,25.0,25.0,25.286,8.0,7.0,1.0,1.0,7.0,8.0,25.281,25.686,100.0,87.5,87.5,True
2025-06-19 23:00:00,23,37.0,37.0,37.25,5.0,4.0,1.0,1.0,4.0,5.0,37.733,37.554,100.0,80.0,80.0,True
2025-06-20 00:00:00,0,24.0,24.0,24.167,7.0,6.0,1.0,1.0,6.0,7.0,24.959,19.121,100.0,85.714,85.714,True
2025-06-20 01:00:00,1,23.0,23.0,23.5,3.0,2.0,1.0,1.0,2.0,3.0,22.958,22.958,100.0,66.667,66.667,True
2025-06-20 02:00:00,2,35.0,35.0,35.0,4.0,4.0,0.0,0.0,4.0,4.0,35.307,33.191,100.0,100.0,100.0,True
2025-06-20 03:00:00,3,28.0,28.0,28.5,7.0,7.0,0.0,0.0,7.0,7.0,32.21,36.561,100.0,100.0,100.0,True
2025-06-20 04:00:00,4,29.0,29.0,29.615,13.0,11.0,2.0,2.0,11.0,13.0,33.428,31.338,100.0,84.615,84.615,True
2025-06-20 05:00:00,5,42.0,42.0,42.857,23.0,15.0,8.0,6.0,10.0,21.0,53.075,39.258,66.667,47.619,43.478,True
2025-06-20 06:00:00,6,46.0,46.0,46.191,44.0,36.0,8.0,3.0,26.0,39.0,51.604,51.82,72.222,66.667,59.091,True
2025-06-20 07:00:00,7,49.0,49.0,49.432,429.0,348.0,79.0,44.0,188.0,394.0,59.914,55.998,54.023,47.716,43.823,True
2025-06-20 08:00:00,8,60.0,60.0,60.562,386.0,324.0,62.0,51.0,97.0,375.0,70.79,69.714,29.938,25.867,25.13,True
2025-06-20 09:00:00,9,42.0,42.0,42.212,285.0,248.0,37.0,25.0,212.0,273.0,43.042,41.741,85.484,77.656,74.386,True
2025-06-20 10:00:00,10,23.0,23.0,23.873,346.0,313.0,33.0,14.0,313.0,327.0,24.611,23.763,100.0,95.719,90.462,True
2025-06-20 11:00:00,11,24.0,24.0,24.676,535.0,503.0,32.0,11.0,501.0,514.0,25.23,24.563,99.602,97.471,93.645,True
2025-06-20 12:00:00,12,22.0,22.0,22.854,515.0,488.0,27.0,12.0,486.0,500.0,23.313,22.531,99.59,97.2,94.369,True
2025-06-20 13:00:00,13,22.0,21.0,21.988,507.0,480.0,27.0,12.0,478.0,492.0,22.655,20.99,99.583,97.154,94.28,False
2025-06-20 14:00:00,14,38.0,38.0,38.106,764.0,672.0,92.0,56.0,576.0,728.0,38.867,32.728,85.714,79.121,75.393,True
2025-06-20 15:00:00,15,65.0,65.0,65.816,650.0,496.0,154.0,111.0,238.0,607.0,68.137,61.185,47.984,39.209,36.615,True
2025-06-20 16:00:00,16,79.0,78.0,78.915,343.0,248.0,94.0,59.0,89.0,308.0,81.054,73.338,35.887,28.896,25.948,False
2025-06-20 17:00:00,17,58.0,58.0,58.646,187.0,136.0,51.0,41.0,82.0,177.0,59.198,47.387,60.294,46.328,43.85,True
2025-06-20 18:00:00,18,59.0,59.0,59.292,85.0,60.0,25.0,19.0,39.0,79.0,62.059,48.804,65.0,49.367,45.882,True
2025-06-20 19:00:00,19,60.0,60.0,60.956,76.0,44.0,32.0,26.0,24.0,70.0,60.525,52.693,54.545,34.286,31.579,True
2025-06-20 20:00:00,20,99.0,98.0,98.839,52.0,31.0,21.0,17.0,6.0,48.0,99.191,102.123,19.355,12.5,11.538,False
2025-06-20 21:00:00,21,108.0,108.0,108.7,28.0,9.0,19.0,18.0,2.0,27.0,121.019,140.97,22.222,7.407,7.143,True
2025-06-20 22:00:00,22,54.0,54.0,54.6,18.0,9.0,9.0,9.0,5.0,18.0,61.484,51.917,55.556,27.778,27.778,True
2025-06-20 23:00:00,23,37.0,37.0,37.6,8.0,5.0,3.0,2.0,5.0,7.0,38.204,43.118,100.0,71.429,62.5,True
2025-06-21 00:00:00,0,50.0,50.0,50.5,4.0,4.0,0.0,0.0,3.0,4.0,50.997,44.698,75.0,75.0,75.0,True
2025-06-21 01:00:00,1,23.0,23.0,23.5,1.0,1.0,0.0,0.0,1.0,1.0,27.079,27.079,100.0,100.0,100.0,True
2025-06-21 02:00:00,2,28.0,28.0,28.0,2.0,1.0,1.0,1.0,1.0,2.0,31.865,31.865,100.0,50.0,50.0,True
2025-06-21 03:00:00,3,24.0,24.0,24.0,2.0,2.0,0.0,0.0,2.0,2.0,22.096,22.096,100.0,100.0,100.0,True
2025-06-21 04:00:00,4,19.0,19.0,19.923,10.0,9.0,1.0,1.0,9.0,10.0,28.385,27.312,100.0,90.0,90.0,True
2025-06-21 05:00:00,5,27.0,27.0,27.733,16.0,14.0,2.0,2.0,13.0,16.0,30.135,25.822,92.857,81.25,81.25,True
2025-06-21 06:00:00,6,55.0,55.0,55.5,14.0,11.0,3.0,1.0,8.0,12.0,46.344,40.843,72.727,66.667,57.143,True
2025-06-21 07:00:00,7,26.0,26.0,26.462,67.0,57.0,10.0,5.0,57.0,62.0,28.936,28.678,100.0,91.935,85.075,True
2025-06-21 08:00:00,8,26.0,26.0,26.618,153.0,134.0,19.0,7.0,133.0,141.0,27.913,26.519,99.254,94.326,86.928,True
2025-06-21 09:00:00,9,28.0,28.0,28.589,194.0,174.0,20.0,8.0,172.0,182.0,29.801,28.458,98.851,94.505,88.66,True
2025-06-21 10:00:00,10,32.0,32.0,32.466,204.0,184.0,20.0,13.0,175.0,197.0,33.798,30.429,95.109,88.832,85.784,True
2025-06-21 11:00:00,11,37.0,37.0,37.198,272.0,237.0,35.0,19.0,215.0,256.0,38.356,36.63,90.717,83.984,79.044,True
2025-06-21 12:00:00,12,32.0,32.0,32.902,227.0,199.0,28.0,15.0,186.0,214.0,34.177,31.836,93.467,86.916,81.938,True
2025-06-21 13:00:00,13,27.0,27.0,27.791,191.0,175.0,16.0,10.0,171.0,185.0,28.981,27.469,97.714,92.432,89.529,True
2025-06-21 14:00:00,14,28.0,28.0,28.316,184.0,165.0,19.0,12.0,158.0,177.0,29.549,26.957,95.758,89.266,85.87,True
2025-06-21 15:00:00,15,39.0,39.0,39.694,207.0,175.0,32.0,20.0,147.0,195.0,41.377,33.211,84.0,75.385,71.014,True
2025-06-21 16:00:00,16,52.0,52.0,52.373,128.0,101.0,27.0,18.0,74.0,119.0,52.61,39.378,73.267,62.185,57.812,True
2025-06-21 17:00:00,17,45.0,45.0,45.678,110.0,82.0,28.0,23.0,62.0,105.0,46.78,41.646,75.61,59.048,56.364,True
2025-06-21 18:00:00,18,46.0,46.0,46.879,80.0,67.0,13.0,8.0,50.0,75.0,47.917,43.26,74.627,66.667,62.5,True
2025-06-21 19:00:00,19,51.0,51.0,51.212,76.0,63.0,13.0,11.0,41.0,74.0,52.751,46.832,65.079,55.405,53.947,True
2025-06-21 20:00:00,20,69.0,70.0,70.275,54.0,39.0,15.0,15.0,16.0,54.0,72.227,72.058,41.026,29.63,29.63,False
2025-06-21 21:00:00,21,63.0,63.0,63.6,30.0,15.0,15.0,15.0,5.0,30.0,63.972,63.021,33.333,16.667,16.667,True
2025-06-21 22:00:00,22,33.0,33.0,33.889,26.0,18.0,8.0,6.0,17.0,24.0,34.099,32.196,94.444,70.833,65.385,True
2025-06-21 23:00:00,23,37.0,37.0,37.25,9.0,8.0,1.0,1.0,7.0,9.0,37.621,39.461,87.5,77.778,77.778,True
2025-06-22 00:00:00,0,32.0,32.0,32.333,11.0,9.0,2.0,2.0,9.0,11.0,32.562,35.218,100.0,81.818,81.818,True
2025-06-22 01:00:00,1,42.0,42.0,42.167,5.0,5.0,0.0,0.0,3.0,5.0,48.832,52.885,60.0,60.0,60.0,True
2025-06-22 02:00:00,2,30.0,30.0,30.0,2.0,2.0,0.0,0.0,2.0,2.0,30.471,30.471,100.0,100.0,100.0,True
2025-06-22 03:00:00,3,20.0,20.0,20.8,6.0,5.0,1.0,1.0,5.0,6.0,21.424,22.84,100.0,83.333,83.333,True
2025-06-22 04:00:00,4,29.0,29.0,29.625,8.0,8.0,0.0,0.0,8.0,8.0,30.233,31.622,100.0,100.0,100.0,True
2025-06-22 05:00:00,5,61.0,61.0,61.875,12.0,8.0,4.0,4.0,6.0,12.0,62.508,28.714,75.0,50.0,50.0,True
2025-06-22 06:00:00,6,57.0,57.0,57.0,4.0,3.0,1.0,1.0,3.0,4.0,34.91,31.461,100.0,75.0,75.0,True
2025-06-22 07:00:00,7,37.0,37.0,37.628,69.0,57.0,12.0,3.0,45.0,60.0,41.749,38.517,78.947,75.0,65.217,True
2025-06-22 08:00:00,8,34.0,34.0,34.295,197.0,168.0,29.0,13.0,151.0,181.0,36.535,33.252,89.881,83.425,76.65,True
2025-06-22 09:00:00,9,51.0,51.0,51.266,223.0,175.0,48.0,34.0,111.0,209.0,52.781,47.359,63.429,53.11,49.776,True
2025-06-22 10:00:00,10,41.0,41.0,41.236,133.0,105.0,28.0,17.0,77.0,122.0,49.559,47.289,73.333,63.115,57.895,True
2025-06-22 11:00:00,11,28.0,28.0,28.207,124.0,111.0,13.0,7.0,111.0,118.0,28.809,28.321,100.0,94.068,89.516,True
2025-06-22 12:00:00,12,26.0,26.0,26.623,251.0,233.0,18.0,14.0,231.0,247.0,26.999,25.526,99.142,93.522,92.032,True
2025-06-22 13:00:00,13,25.0,25.0,25.421,210.0,196.0,14.0,7.0,194.0,203.0,25.762,23.512,98.98,95.567,92.381,True
2025-06-22 14:00:00,14,26.0,26.0,26.263,187.0,168.0,19.0,14.0,165.0,182.0,26.973,24.169,98.214,90.659,88.235,True
2025-06-22 15:00:00,15,34.0,34.0,34.308,146.0,120.0,26.0,13.0,106.0,133.0,35.608,30.821,88.333,79.699,72.603,True
2025-06-22 16:00:00,16,42.0,42.0,42.467,130.0,104.0,26.0,15.0,82.0,119.0,43.12,38.468,78.846,68.908,63.077,True
2025-06-22 17:00:00,17,48.0,48.0,48.194,91.0,70.0,21.0,18.0,53.0,88.0,49.475,43.857,75.714,60.227,58.242,True
2025-06-22 18:00:00,18,41.0,41.0,41.28,67.0,48.0,19.0,15.0,36.0,63.0,43.568,34.736,75.0,57.143,53.731,True
2025-06-22 19:00:00,19,38.0,38.0,38.488,52.0,44.0,8.0,5.0,40.0,49.0,38.568,35.932,90.909,81.633,76.923,True
2025-06-22 20:00:00,20,59.0,59.0,59.233,37.0,29.0,8.0,8.0,13.0,37.0,60.668,62.138,44.828,35.135,35.135,True
2025-06-22 21:00:00,21,70.0,70.0,70.25,17.0,12.0,5.0,5.0,5.0,17.0,70.904,76.906,41.667,29.412,29.412,True
2025-06-22 22:00:00,22,53.0,53.0,53.0,11.0,7.0,4.0,3.0,6.0,10.0,53.369,55.229,85.714,60.0,54.545,True
2025-06-22 23:00:00,23,48.0,48.0,48.167,7.0,6.0,1.0,1.0,4.0,7.0,48.799,40.742,66.667,57.143,57.143,True
2025-06-23 00:00:00,0,59.0,59.0,59.5,4.0,2.0,2.0,2.0,1.0,4.0,60.366,60.366,50.0,25.0,25.0,True
2025-06-23 01:00:00,1,26.0,26.0,26.429,7.0,7.0,0.0,0.0,7.0,7.0,26.793,22.016,100.0,100.0,100.0,True
2025-06-23 02:00:00,2,16.0,16.0,16.0,1.0,1.0,0.0,0.0,1.0,1.0,20.859,20.859,100.0,100.0,100.0,True
2025-06-23 03:00:00,3,24.0,24.0,24.2,6.0,6.0,0.0,0.0,6.0,6.0,23.108,18.092,100.0,100.0,100.0,True
2025-06-23 04:00:00,4,18.0,18.0,18.786,10.0,9.0,1.0,1.0,9.0,10.0,25.803,24.292,100.0,90.0,90.0,True
2025-06-23 05:00:00,5,41.0,41.0,41.5,16.0,12.0,4.0,1.0,6.0,13.0,54.496,57.242,50.0,46.154,37.5,True
2025-06-23 06:00:00,6,41.0,41.0,41.2,27.0,25.0,2.0,1.0,21.0,26.0,44.161,44.597,84.0,80.769,77.778,True
2025-06-23 07:00:00,7,37.0,37.0,37.24,346.0,267.0,79.0,19.0,205.0,286.0,44.699,38.655,76.779,71.678,59.249,True
2025-06-23 08:00:00,8,45.0,46.0,46.021,465.0,397.0,68.0,33.0,259.0,430.0,52.273,47.908,65.239,60.233,55.699,False
2025-06-23 09:00:00,9,32.0,32.0,32.425,300.0,271.0,29.0,15.0,263.0,286.0,32.561,30.407,97.048,91.958,87.667,True
2025-06-23 10:00:00,10,19.0,19.0,19.615,391.0,370.0,21.0,5.0,370.0,375.0,20.021,18.693,100.0,98.667,94.629,True
2025-06-23 11:00:00,11,19.0,19.0,19.821,496.0,477.0,18.0,10.0,477.0,488.0,20.365,19.594,100.0,97.746,96.169,True
2025-06-23 12:00:00,12,19.0,19.0,19.894,543.0,525.0,18.0,12.0,525.0,537.0,20.273,19.351,100.0,97.765,96.685,True
2025-06-23 13:00:00,13,19.0,19.0,19.514,507.0,476.0,30.0,17.0,476.0,494.0,19.983,19.019,100.0,96.356,93.886,True
2025-06-23 14:00:00,14,29.0,29.0,29.093,747.0,698.0,48.0,30.0,657.0,729.0,29.8,25.619,94.126,90.123,87.952,True
2025-06-23 15:00:00,15,42.0,42.0,42.283,633.0,540.0,92.0,51.0,417.0,592.0,43.427,37.529,77.222,70.439,65.877,True
2025-06-23 16:00:00,16,42.0,42.0,42.275,338.0,279.0,58.0,28.0,213.0,308.0,43.503,37.926,76.344,69.156,63.018,True
2025-06-23 17:00:00,17,32.0,32.0,32.42,230.0,192.0,38.0,21.0,177.0,213.0,32.656,28.404,92.188,83.099,76.957,True
2025-06-23 18:00:00,18,25.0,25.0,25.029,121.0,103.0,17.0,12.0,103.0,116.0,25.535,25.106,100.0,88.793,85.124,True
2025-06-23 19:00:00,19,26.0,26.0,26.117,80.0,75.0,3.0,2.0,74.0,79.0,26.767,26.674,98.667,93.671,92.5,True
2025-06-23 20:00:00,20,28.0,28.0,28.771,53.0,48.0,5.0,3.0,48.0,51.0,28.987,29.605,100.0,94.118,90.566,True
2025-06-23 21:00:00,21,31.0,31.0,31.861,39.0,36.0,2.0,2.0,34.0,39.0,31.969,30.416,94.444,87.179,87.179,True
2025-06-23 22:00:00,22,27.0,27.0,27.818,13.0,11.0,1.0,1.0,11.0,13.0,28.15,27.914,100.0,84.615,84.615,True
2025-06-23 23:00:00,23,23.0,23.0,23.167,6.0,6.0,0.0,0.0,6.0,6.0,23.681,25.733,100.0,100.0,100.0,True
2025-06-24 00:00:00,0,33.0,33.0,33.667,3.0,3.0,0.0,0.0,3.0,3.0,34.475,38.767,100.0,100.0,100.0,True
2025-06-24 02:00:00,2,15.0,15.0,15.5,2.0,2.0,0.0,0.0,2.0,2.0,16.358,16.358,100.0,100.0,100.0,True
2025-06-24 03:00:00,3,29.0,29.0,29.8,5.0,5.0,0.0,0.0,5.0,5.0,30.803,26.572,100.0,100.0,100.0,True
2025-06-24 04:00:00,4,21.0,21.0,21.0,9.0,9.0,0.0,0.0,9.0,9.0,30.802,26.177,100.0,100.0,100.0,True
2025-06-24 05:00:00,5,37.0,37.0,37.636,15.0,12.0,3.0,2.0,9.0,14.0,43.354,33.293,75.0,64.286,60.0,True
2025-06-24 06:00:00,6,40.0,40.0,40.871,35.0,32.0,3.0,0.0,29.0,32.0,39.886,43.36,90.625,90.625,82.857,True
2025-06-24 07:00:00,7,35.0,35.0,35.905,313.0,257.0,56.0,14.0,223.0,271.0,42.25,37.734,86.77,82.288,71.246,True
2025-06-24 08:00:00,8,43.0,43.0,43.272,449.0,375.0,74.0,31.0,275.0,406.0,48.65,46.502,73.333,67.734,61.247,True
2025-06-24 09:00:00,9,33.0,33.0,33.671,333.0,298.0,35.0,21.0,277.0,319.0,34.188,31.716,92.953,86.834,83.183,True
2025-06-24 10:00:00,10,23.0,23.0,23.269,378.0,352.0,26.0,12.0,351.0,364.0,23.947,22.512,99.716,96.429,92.857,True
2025-06-24 11:00:00,11,21.0,21.0,21.08,508.0,481.0,27.0,13.0,481.0,494.0,21.693,20.783,100.0,97.368,94.685,True
2025-06-24 12:00:00,12,22.0,22.0,22.826,608.0,583.0,25.0,11.0,578.0,594.0,23.574,21.947,99.142,97.306,95.066,True
2025-06-24 13:00:00,13,21.0,21.0,21.531,551.0,516.0,35.0,20.0,516.0,536.0,21.895,20.874,100.0,96.269,93.648,True
2025-06-24 14:00:00,14,31.0,31.0,31.399,745.0,669.0,76.0,48.0,613.0,717.0,32.41,28.327,91.629,85.495,82.282,True
2025-06-24 15:00:00,15,51.0,51.0,51.052,653.0,538.0,115.0,79.0,352.0,617.0,52.67,46.639,65.428,57.05,53.905,True
2025-06-24 16:00:00,16,57.0,57.0,57.228,337.0,268.0,69.0,45.0,146.0,313.0,58.715,55.605,54.478,46.645,43.323,True
2025-06-24 17:00:00,17,43.0,43.0,43.513,188.0,145.0,43.0,24.0,110.0,169.0,44.282,38.338,75.862,65.089,58.511,True
2025-06-24 18:00:00,18,35.0,35.0,35.585,120.0,104.0,16.0,12.0,91.0,116.0,36.915,31.929,87.5,78.448,75.833,True
2025-06-24 19:00:00,19,36.0,36.0,36.795,87.0,68.0,19.0,11.0,61.0,79.0,37.937,33.108,89.706,77.215,70.115,True
2025-06-24 20:00:00,20,44.0,44.0,44.927,61.0,54.0,7.0,5.0,48.0,59.0,45.929,47.089,88.889,81.356,78.689,True
2025-06-24 21:00:00,21,52.0,52.0,52.355,43.0,30.0,13.0,9.0,18.0,39.0,52.559,48.772,60.0,46.154,41.86,True
2025-06-24 22:00:00,22,40.0,40.0,40.071,20.0,13.0,7.0,7.0,12.0,20.0,43.32,44.02,92.308,60.0,60.0,True
2025-06-24 23:00:00,23,37.0,37.0,37.5,7.0,6.0,1.0,1.0,5.0,7.0,37.631,30.471,83.333,71.429,71.429,True
2025-06-25 00:00:00,0,50.0,50.0,50.25,5.0,4.0,1.0,1.0,3.0,5.0,50.77,42.904,75.0,60.0,60.0,True
2025-06-25 01:00:00,1,24.0,24.0,24.0,1.0,1.0,0.0,0.0,1.0,1.0,24.47,24.47,100.0,100.0,100.0,True
2025-06-25 02:00:00,2,10.0,10.0,10.0,1.0,1.0,0.0,0.0,1.0,1.0,16.591,16.591,100.0,100.0,100.0,True
2025-06-25 03:00:00,3,23.0,23.0,23.25,6.0,6.0,0.0,0.0,6.0,6.0,29.998,31.011,100.0,100.0,100.0,True
2025-06-25 04:00:00,4,14.0,14.0,14.444,9.0,6.0,3.0,3.0,6.0,9.0,20.742,20.263,100.0,66.667,66.667,True
2025-06-25 05:00:00,5,36.0,36.0,36.261,18.0,14.0,4.0,2.0,11.0,16.0,43.126,29.57,78.571,68.75,61.111,True
2025-06-25 06:00:00,6,38.0,38.0,38.643,34.0,30.0,4.0,1.0,24.0,31.0,46.806,46.233,80.0,77.419,70.588,True
2025-06-25 07:00:00,7,42.0,42.0,42.204,411.0,340.0,71.0,29.0,248.0,369.0,49.187,46.307,72.941,67.209,60.341,True
2025-06-25 08:00:00,8,51.0,52.0,52.032,409.0,353.0,56.0,43.0,175.0,396.0,60.796,60.305,49.575,44.192,42.787,False
2025-06-25 09:00:00,9,37.0,37.0,37.032,307.0,271.0,35.0,19.0,246.0,291.0,37.4,36.079,90.775,84.536,80.13,True
2025-06-25 10:00:00,10,21.0,21.0,21.726,354.0,327.0,27.0,13.0,327.0,340.0,22.612,21.553,100.0,96.176,92.373,True
2025-06-25 11:00:00,11,21.0,21.0,21.187,502.0,482.0,20.0,11.0,482.0,493.0,21.726,20.563,100.0,97.769,96.016,True
2025-06-25 12:00:00,12,22.0,22.0,22.174,615.0,595.0,20.0,8.0,593.0,603.0,22.616,21.745,99.664,98.342,96.423,True
2025-06-25 13:00:00,13,21.0,21.0,21.078,523.0,494.0,28.0,17.0,491.0,512.0,21.354,19.794,99.393,95.898,93.881,True
2025-06-25 14:00:00,14,32.0,32.0,32.465,727.0,648.0,78.0,51.0,581.0,700.0,33.273,27.48,89.66,83.0,79.917,True
2025-06-25 15:00:00,15,57.0,57.0,57.13,701.0,577.0,124.0,92.0,340.0,669.0,58.67,51.62,58.925,50.822,48.502,True
2025-06-25 16:00:00,16,70.0,70.0,70.444,334.0,255.0,77.0,62.0,109.0,319.0,72.628,68.256,42.745,34.169,32.635,True
2025-06-25 17:00:00,17,59.0,59.0,59.025,185.0,146.0,38.0,28.0,82.0,175.0,60.689,53.299,56.164,46.857,44.324,True
2025-06-25 18:00:00,18,51.0,51.0,51.012,111.0,83.0,28.0,17.0,54.0,100.0,51.687,41.981,65.06,54.0,48.649,True
2025-06-25 19:00:00,19,37.0,37.0,37.98,61.0,48.0,13.0,10.0,40.0,58.0,39.329,30.801,83.333,68.966,65.574,True
2025-06-25 20:00:00,20,63.0,63.0,63.23,73.0,60.0,13.0,10.0,27.0,70.0,64.606,65.659,45.0,38.571,36.986,True
2025-06-25 21:00:00,21,48.0,48.0,48.167,16.0,12.0,4.0,3.0,10.0,15.0,48.401,45.578,83.333,66.667,62.5,True
2025-06-25 22:00:00,22,27.0,27.0,27.0,6.0,5.0,1.0,1.0,5.0,6.0,26.984,30.896,100.0,83.333,83.333,True
2025-06-25 23:00:00,23,24.0,24.0,24.0,4.0,3.0,1.0,1.0,3.0,4.0,24.243,22.392,100.0,75.0,75.0,True
2025-06-26 00:00:00,0,22.0,22.0,22.333,4.0,3.0,1.0,1.0,3.0,4.0,22.949,21.454,100.0,75.0,75.0,True
2025-06-26 01:00:00,1,49.0,49.0,49.0,1.0,1.0,0.0,0.0,1.0,1.0,48.683,48.683,100.0,100.0,100.0,True
2025-06-26 02:00:00,2,14.0,14.0,14.667,2.0,2.0,0.0,0.0,2.0,2.0,19.696,19.696,100.0,100.0,100.0,True
2025-06-26 03:00:00,3,28.0,28.0,28.0,5.0,5.0,0.0,0.0,5.0,5.0,28.388,30.835,100.0,100.0,100.0,True
2025-06-26 04:00:00,4,20.0,20.0,20.368,16.0,15.0,1.0,1.0,15.0,16.0,26.108,25.979,100.0,93.75,93.75,True
2025-06-26 05:00:00,5,45.0,45.0,45.381,15.0,13.0,2.0,0.0,9.0,13.0,50.031,43.473,69.231,69.231,60.0,True
2025-06-26 06:00:00,6,36.0,36.0,36.55,34.0,31.0,3.0,2.0,31.0,33.0,36.695,36.834,100.0,93.939,91.176,True
2025-06-26 07:00:00,7,32.0,32.0,32.201,298.0,243.0,55.0,13.0,221.0,256.0,36.009,32.201,90.947,86.328,74.161,True
2025-06-26 08:00:00,8,36.0,36.0,36.524,433.0,366.0,67.0,25.0,315.0,391.0,39.846,36.295,86.066,80.563,72.748,True
2025-06-26 09:00:00,9,26.0,26.0,26.256,320.0,290.0,30.0,12.0,289.0,302.0,26.352,25.267,99.655,95.695,90.312,True
2025-06-26 10:00:00,10,19.0,19.0,19.292,361.0,347.0,14.0,5.0,347.0,352.0,19.873,19.11,100.0,98.58,96.122,True
2025-06-26 11:00:00,11,20.0,20.0,20.913,493.0,470.0,23.0,13.0,469.0,483.0,21.503,19.986,99.787,97.101,95.132,True
2025-06-26 12:00:00,12,21.0,21.0,21.361,552.0,529.0,23.0,10.0,528.0,539.0,21.898,21.312,99.811,97.959,95.652,True
2025-06-26 13:00:00,13,19.0,19.0,19.821,478.0,451.0,27.0,12.0,449.0,463.0,20.232,19.381,99.557,96.976,93.933,True
2025-06-26 14:00:00,14,34.0,34.0,34.372,764.0,656.0,108.0,72.0,565.0,728.0,35.686,27.189,86.128,77.61,73.953,True
2025-06-26 15:00:00,15,52.0,52.0,52.43,620.0,509.0,111.0,91.0,326.0,600.0,53.814,43.938,64.047,54.333,52.581,True
2025-06-26 16:00:00,16,56.0,56.0,56.488,289.0,237.0,52.0,35.0,133.0,272.0,58.092,54.871,56.118,48.897,46.021,True
2025-06-26 17:00:00,17,40.0,40.0,40.482,174.0,132.0,42.0,21.0,105.0,153.0,41.071,33.034,79.545,68.627,60.345,True
2025-06-26 18:00:00,18,38.0,38.0,38.46,104.0,85.0,19.0,15.0,69.0,100.0,39.019,31.205,81.176,69.0,66.346,True
2025-06-26 19:00:00,19,33.0,33.0,33.735,74.0,66.0,8.0,7.0,56.0,73.0,34.811,29.971,84.848,76.712,75.676,True
2025-06-26 20:00:00,20,55.0,56.0,56.294,67.0,51.0,16.0,13.0,29.0,64.0,56.53,50.065,56.863,45.312,43.284,False
2025-06-26 21:00:00,21,59.0,59.0,59.111,24.0,18.0,6.0,6.0,10.0,24.0,59.183,56.349,55.556,41.667,41.667,True
2025-06-26 22:00:00,22,57.0,57.0,57.667,23.0,18.0,5.0,5.0,9.0,23.0,57.815,59.359,50.0,39.13,39.13,True
2025-06-26 23:00:00,23,58.0,58.0,58.455,12.0,9.0,3.0,3.0,2.0,12.0,72.109,83.268,22.222,16.667,16.667,True
2025-06-27 00:00:00,0,38.0,41.0,41.8,8.0,5.0,3.0,3.0,4.0,8.0,41.99,38.609,80.0,50.0,50.0,False
2025-06-27 01:00:00,1,38.0,38.0,38.75,4.0,4.0,0.0,0.0,4.0,4.0,39.651,41.367,100.0,100.0,100.0,True
2025-06-27 02:00:00,2,25.0,25.0,25.5,3.0,3.0,0.0,0.0,3.0,3.0,30.36,25.875,100.0,100.0,100.0,True
2025-06-27 03:00:00,3,21.0,21.0,21.286,6.0,6.0,0.0,0.0,6.0,6.0,25.826,26.246,100.0,100.0,100.0,True
2025-06-27 04:00:00,4,26.0,26.0,26.2,9.0,8.0,1.0,1.0,8.0,9.0,32.936,34.048,100.0,88.889,88.889,True
2025-06-27 05:00:00,5,40.0,40.0,40.762,16.0,13.0,3.0,1.0,8.0,14.0,51.947,38.394,61.538,57.143,50.0,True
2025-06-27 06:00:00,6,35.0,35.0,35.902,30.0,26.0,4.0,1.0,26.0,27.0,36.446,37.546,100.0,96.296,86.667,True
2025-06-27 07:00:00,7,32.0,32.0,32.457,287.0,238.0,49.0,7.0,211.0,245.0,36.841,34.395,88.655,86.122,73.519,True
2025-06-27 08:00:00,8,38.0,38.0,38.027,437.0,375.0,62.0,22.0,330.0,397.0,42.15,40.671,88.0,83.123,75.515,True
2025-06-27 09:00:00,9,28.0,28.0,28.962,353.0,325.0,28.0,18.0,321.0,343.0,29.411,28.094,98.769,93.586,90.935,True
2025-06-27 10:00:00,10,20.0,20.0,20.648,416.0,393.0,23.0,13.0,391.0,406.0,21.457,20.661,99.491,96.305,93.99,True
2025-06-27 11:00:00,11,23.0,23.0,23.641,518.0,491.0,27.0,16.0,488.0,507.0,24.242,23.692,99.389,96.252,94.208,True
2025-06-27 12:00:00,12,22.0,22.0,22.628,565.0,538.0,27.0,19.0,538.0,557.0,23.038,21.723,100.0,96.589,95.221,True
2025-06-27 13:00:00,13,21.0,21.0,21.497,537.0,507.0,30.0,13.0,505.0,520.0,21.925,20.428,99.606,97.115,94.041,True
2025-06-27 14:00:00,14,34.0,34.0,34.551,718.0,641.0,77.0,52.0,565.0,693.0,35.448,30.168,88.144,81.53,78.691,True
2025-06-27 15:00:00,15,52.0,52.0,52.043,558.0,456.0,101.0,70.0,291.0,527.0,53.865,48.018,63.816,55.218,52.151,True
2025-06-27 16:00:00,16,67.0,67.0,67.871,381.0,297.0,84.0,54.0,136.0,351.0,68.826,67.084,45.791,38.746,35.696,True
2025-06-27 17:00:00,17,55.0,55.0,55.541,172.0,127.0,45.0,30.0,74.0,157.0,57.54,49.014,58.268,47.134,43.023,True
2025-06-27 18:00:00,18,43.0,43.0,43.747,99.0,80.0,19.0,16.0,59.0,96.0,45.246,36.965,73.75,61.458,59.596,True
2025-06-27 19:00:00,19,61.0,60.0,60.951,78.0,58.0,20.0,18.0,37.0,76.0,62.347,45.175,63.793,48.684,47.436,False
2025-06-27 20:00:00,20,73.0,73.0,73.842,72.0,57.0,15.0,14.0,29.0,71.0,74.29,59.816,50.877,40.845,40.278,True
2025-06-27 21:00:00,21,79.0,79.0,79.533,24.0,15.0,9.0,9.0,5.0,24.0,79.99,86.784,33.333,20.833,20.833,True
2025-06-27 22:00:00,22,78.0,78.0,78.4,19.0,10.0,9.0,8.0,4.0,18.0,78.848,79.19,40.0,22.222,21.053,True
2025-06-27 23:00:00,23,54.0,54.0,54.0,8.0,6.0,2.0,2.0,4.0,8.0,54.079,48.647,66.667,50.0,50.0,True
2025-06-28 00:00:00,0,76.0,69.0,69.583,15.0,12.0,3.0,2.0,6.0,14.0,69.856,57.38,50.0,42.857,40.0,False
2025-06-28 01:00:00,1,79.0,79.0,79.6,7.0,5.0,2.0,2.0,1.0,7.0,80.022,69.785,20.0,14.286,14.286,True
2025-06-28 02:00:00,2,33.0,33.0,33.6,5.0,5.0,0.0,0.0,5.0,5.0,33.671,30.441,100.0,100.0,100.0,True
2025-06-28 03:00:00,3,32.0,32.0,32.833,7.0,6.0,1.0,1.0,6.0,7.0,33.217,32.412,100.0,85.714,85.714,True
2025-06-28 04:00:00,4,31.0,31.0,31.333,14.0,10.0,4.0,3.0,9.0,13.0,40.089,34.185,90.0,69.231,64.286,True
2025-06-28 05:00:00,5,52.0,52.0,52.6,13.0,12.0,1.0,1.0,7.0,13.0,61.877,48.087,58.333,53.846,53.846,True
2025-06-28 06:00:00,6,62.0,62.0,62.625,16.0,13.0,3.0,3.0,7.0,16.0,59.752,59.26,53.846,43.75,43.75,True
2025-06-28 07:00:00,7,35.0,35.0,35.688,76.0,65.0,11.0,8.0,55.0,73.0,42.023,40.054,84.615,75.342,72.368,True
2025-06-28 08:00:00,8,25.0,25.0,25.032,142.0,126.0,16.0,7.0,126.0,133.0,27.199,24.498,100.0,94.737,88.732,True
2025-06-28 09:00:00,9,30.0,30.0,30.379,190.0,168.0,22.0,13.0,162.0,181.0,31.381,29.035,96.429,89.503,85.263,True
2025-06-28 10:00:00,10,35.0,35.0,35.476,211.0,187.0,23.0,17.0,174.0,205.0,37.989,36.736,93.048,84.878,82.464,True
2025-06-28 11:00:00,11,43.0,42.0,42.924,243.0,208.0,35.0,27.0,184.0,235.0,43.522,41.55,88.462,78.298,75.72,False
2025-06-28 12:00:00,12,30.0,30.0,30.667,192.0,175.0,17.0,12.0,171.0,187.0,31.677,29.446,97.714,91.444,89.062,True
2025-06-28 13:00:00,13,23.0,23.0,23.82,180.0,162.0,18.0,11.0,161.0,173.0,24.311,23.223,99.383,93.064,89.444,True
2025-06-28 14:00:00,14,25.0,25.0,25.552,172.0,152.0,20.0,14.0,152.0,166.0,26.114,24.304,100.0,91.566,88.372,True
2025-06-28 15:00:00,15,31.0,31.0,31.888,179.0,155.0,24.0,13.0,146.0,168.0,33.1,29.596,94.194,86.905,81.564,True
2025-06-28 16:00:00,16,42.0,42.0,42.216,130.0,109.0,21.0,10.0,86.0,119.0,42.716,36.403,78.899,72.269,66.154,True
2025-06-28 17:00:00,17,38.0,38.0,38.112,115.0,96.0,19.0,12.0,85.0,108.0,38.956,35.348,88.542,78.704,73.913,True
2025-06-28 18:00:00,18,38.0,38.0,38.125,75.0,62.0,13.0,10.0,51.0,72.0,39.237,32.112,82.258,70.833,68.0,True
2025-06-28 19:00:00,19,34.0,34.0,34.774,71.0,60.0,11.0,9.0,56.0,69.0,36.351,35.948,93.333,81.159,78.873,True
2025-06-28 20:00:00,20,47.0,47.0,47.045,57.0,42.0,15.0,14.0,29.0,56.0,49.448,43.336,69.048,51.786,50.877,True
2025-06-28 21:00:00,21,44.0,44.0,44.704,34.0,27.0,7.0,6.0,22.0,33.0,44.943,37.775,81.481,66.667,64.706,True
2025-06-28 22:00:00,22,36.0,36.0,36.222,11.0,9.0,2.0,1.0,9.0,10.0,36.31,37.019,100.0,90.0,81.818,True
2025-06-28 23:00:00,23,31.0,31.0,31.727,15.0,11.0,4.0,4.0,11.0,15.0,32.115,33.939,100.0,73.333,73.333,True
2025-06-29 00:00:00,0,53.0,53.0,53.833,7.0,6.0,1.0,1.0,4.0,7.0,54.153,48.001,66.667,57.143,57.143,True
2025-06-29 01:00:00,1,66.0,66.0,66.4,6.0,5.0,1.0,1.0,2.0,6.0,66.501,65.952,40.0,33.333,33.333,True
2025-06-29 02:00:00,2,31.0,31.0,31.0,5.0,5.0,0.0,0.0,5.0,5.0,31.919,28.007,100.0,100.0,100.0,True
2025-06-29 03:00:00,3,26.0,26.0,26.5,7.0,6.0,1.0,1.0,6.0,7.0,26.963,26.096,100.0,85.714,85.714,True
2025-06-29 04:00:00,4,28.0,28.0,28.667,7.0,6.0,1.0,1.0,6.0,7.0,29.142,26.876,100.0,85.714,85.714,True
2025-06-29 05:00:00,5,32.0,32.0,32.333,4.0,3.0,1.0,1.0,2.0,4.0,32.828,16.146,66.667,50.0,50.0,True
2025-06-29 06:00:00,6,59.0,59.0,59.0,2.0,1.0,1.0,1.0,1.0,2.0,59.842,59.842,100.0,50.0,50.0,True
2025-06-29 07:00:00,7,38.0,38.0,38.195,64.0,57.0,7.0,3.0,48.0,60.0,41.5,37.414,84.211,80.0,75.0,True
2025-06-29 08:00:00,8,42.0,42.0,42.233,200.0,165.0,35.0,26.0,126.0,191.0,45.429,39.694,76.364,65.969,63.0,True
2025-06-29 09:00:00,9,55.0,55.0,55.474,196.0,148.0,48.0,35.0,84.0,183.0,57.316,54.909,56.757,45.902,42.857,True
2025-06-29 10:00:00,10,39.0,39.0,39.816,121.0,105.0,16.0,16.0,80.0,121.0,46.035,42.118,76.19,66.116,66.116,True
2025-06-29 11:00:00,11,31.0,31.0,31.144,138.0,120.0,18.0,10.0,116.0,130.0,31.954,31.051,96.667,89.231,84.058,True
2025-06-29 12:00:00,12,23.0,23.0,23.943,253.0,239.0,14.0,6.0,239.0,245.0,24.836,23.095,100.0,97.551,94.466,True
2025-06-29 13:00:00,13,24.0,24.0,24.194,204.0,188.0,16.0,8.0,186.0,196.0,25.007,23.742,98.936,94.898,91.176,True
2025-06-29 14:00:00,14,25.0,24.0,24.918,157.0,143.0,14.0,11.0,140.0,154.0,25.346,23.056,97.902,90.909,89.172,False
2025-06-29 15:00:00,15,30.0,30.0,30.679,153.0,134.0,19.0,12.0,125.0,146.0,31.67,26.567,93.284,85.616,81.699,True
2025-06-29 16:00:00,16,41.0,41.0,41.549,129.0,102.0,27.0,19.0,81.0,121.0,41.888,33.288,79.412,66.942,62.791,True
2025-06-29 17:00:00,17,43.0,43.0,43.028,88.0,69.0,19.0,13.0,53.0,82.0,44.556,35.707,76.812,64.634,60.227,True
2025-06-29 18:00:00,18,37.0,37.0,37.417,74.0,60.0,14.0,7.0,51.0,67.0,37.807,30.704,85.0,76.119,68.919,True
2025-06-29 19:00:00,19,35.0,35.0,35.525,52.0,40.0,12.0,10.0,34.0,50.0,36.029,28.304,85.0,68.0,65.385,True
2025-06-29 20:00:00,20,51.0,52.0,52.536,43.0,28.0,15.0,13.0,18.0,41.0,55.581,51.31,64.286,43.902,41.86,False
2025-06-29 21:00:00,21,53.0,53.0,53.357,20.0,13.0,7.0,7.0,9.0,20.0,50.94,52.602,69.231,45.0,45.0,True
2025-06-29 22:00:00,22,30.0,30.0,30.4,5.0,5.0,0.0,0.0,5.0,5.0,30.859,27.225,100.0,100.0,100.0,True
2025-06-29 23:00:00,23,14.0,14.0,14.714,8.0,6.0,2.0,2.0,6.0,8.0,17.629,16.263,100.0,75.0,75.0,True
2025-06-30 00:00:00,0,30.0,30.0,30.0,5.0,4.0,1.0,1.0,4.0,5.0,30.75,32.087,100.0,80.0,80.0,True
2025-06-30 02:00:00,2,35.0,35.0,35.333,3.0,3.0,0.0,0.0,3.0,3.0,36.164,34.957,100.0,100.0,100.0,True
2025-06-30 03:00:00,3,32.0,32.0,32.75,8.0,8.0,0.0,0.0,8.0,8.0,33.453,34.374,100.0,100.0,100.0,True
2025-06-30 04:00:00,4,25.0,25.0,25.4,9.0,8.0,1.0,1.0,8.0,9.0,32.708,29.162,100.0,88.889,88.889,True
2025-06-30 05:00:00,5,39.0,39.0,39.036,15.0,14.0,1.0,1.0,9.0,15.0,55.968,46.521,64.286,60.0,60.0,True
2025-06-30 06:00:00,6,39.0,39.0,39.175,24.0,22.0,2.0,1.0,17.0,23.0,44.656,42.228,77.273,73.913,70.833,True
2025-06-30 07:00:00,7,33.0,33.0,33.827,285.0,240.0,45.0,12.0,211.0,252.0,38.851,34.82,87.917,83.73,74.035,True
2025-06-30 08:00:00,8,39.0,39.0,39.665,460.0,391.0,69.0,24.0,324.0,415.0,43.626,40.35,82.864,78.072,70.435,True
2025-06-30 09:00:00,9,25.0,25.0,25.918,314.0,286.0,28.0,13.0,284.0,299.0,26.051,24.578,99.301,94.983,90.446,True
2025-06-30 10:00:00,10,18.0,18.0,18.484,379.0,357.0,22.0,15.0,357.0,372.0,19.026,17.63,100.0,95.968,94.195,True
2025-06-30 11:00:00,11,20.0,19.0,19.917,471.0,457.0,14.0,10.0,456.0,467.0,20.604,19.463,99.781,97.645,96.815,False
2025-06-30 12:00:00,12,20.0,20.0,20.343,554.0,523.0,31.0,18.0,521.0,541.0,20.829,19.639,99.618,96.303,94.043,True
2025-06-30 13:00:00,13,20.0,20.0,20.878,520.0,486.0,34.0,21.0,483.0,507.0,21.434,20.117,99.383,95.266,92.885,True
2025-06-30 14:00:00,14,31.0,31.0,31.479,707.0,647.0,60.0,42.0,589.0,689.0,32.181,27.174,91.036,85.486,83.31,True
2025-06-30 15:00:00,15,45.0,45.0,45.719,629.0,526.0,103.0,71.0,382.0,597.0,47.244,41.247,72.624,63.987,60.731,True
2025-06-30 16:00:00,16,48.0,48.0,48.691,343.0,266.0,77.0,41.0,183.0,307.0,49.689,48.24,68.797,59.609,53.353,True
2025-06-30 17:00:00,17,37.0,37.0,37.5,196.0,155.0,41.0,21.0,128.0,176.0,38.801,33.486,82.581,72.727,65.306,True
2025-06-30 18:00:00,18,29.0,29.0,29.129,95.0,89.0,6.0,5.0,86.0,94.0,29.695,28.194,96.629,91.489,90.526,True
2025-06-30 19:00:00,19,24.0,24.0,24.765,72.0,66.0,6.0,6.0,66.0,72.0,24.992,22.195,100.0,91.667,91.667,True
2025-06-30 20:00:00,20,26.0,26.0,26.0,45.0,40.0,5.0,2.0,40.0,42.0,26.922,27.364,100.0,95.238,88.889,True
2025-06-30 21:00:00,21,31.0,31.0,31.103,32.0,27.0,5.0,4.0,26.0,31.0,33.569,34.32,96.296,83.871,81.25,True
2025-06-30 22:00:00,22,30.0,30.0,30.176,20.0,17.0,3.0,2.0,17.0,19.0,30.635,25.719,100.0,89.474,85.0,True
2025-06-30 23:00:00,23,33.0,33.0,33.6,7.0,5.0,2.0,1.0,5.0,6.0,33.422,31.052,100.0,83.333,71.429,True
2025-07-01 00:00:00,0,50.0,50.0,50.0,3.0,3.0,0.0,0.0,2.0,3.0,50.789,51.488,66.667,66.667,66.667,True
2025-07-01 01:00:00,1,36.0,36.0,36.0,4.0,4.0,0.0,0.0,4.0,4.0,36.601,38.426,100.0,100.0,100.0,True
2025-07-01 02:00:00,2,38.0,38.0,38.0,1.0,1.0,0.0,0.0,1.0,1.0,38.751,38.751,100.0,100.0,100.0,True
2025-07-01 03:00:00,3,32.0,32.0,32.0,4.0,4.0,0.0,0.0,4.0,4.0,38.749,43.089,100.0,100.0,100.0,True
2025-07-01 04:00:00,4,21.0,21.0,21.077,11.0,8.0,3.0,3.0,6.0,11.0,39.204,35.034,75.0,54.545,54.545,True
2025-07-01 05:00:00,5,47.0,47.0,47.091,16.0,15.0,1.0,1.0,10.0,16.0,48.407,41.558,66.667,62.5,62.5,True
2025-07-01 06:00:00,6,37.0,37.0,37.369,39.0,36.0,3.0,1.0,34.0,37.0,36.256,34.049,94.444,91.892,87.179,True
2025-07-01 07:00:00,7,32.0,32.0,32.343,328.0,267.0,61.0,24.0,247.0,291.0,36.766,33.737,92.509,84.88,75.305,True
2025-07-01 08:00:00,8,41.0,41.0,41.199,433.0,360.0,73.0,32.0,295.0,392.0,45.556,43.898,81.944,75.255,68.129,True
2025-07-01 09:00:00,9,28.0,29.0,29.003,323.0,301.0,21.0,9.0,296.0,311.0,29.33,28.144,98.339,95.177,91.641,False
2025-07-01 10:00:00,10,20.0,20.0,20.28,367.0,349.0,18.0,9.0,349.0,358.0,20.413,19.582,100.0,97.486,95.095,True
2025-07-01 11:00:00,11,19.0,19.0,19.605,507.0,482.0,25.0,10.0,481.0,492.0,20.154,19.409,99.793,97.764,94.872,True
2025-07-01 12:00:00,12,20.0,20.0,20.119,568.0,538.0,30.0,15.0,537.0,553.0,20.476,19.701,99.814,97.107,94.542,True
2025-07-01 13:00:00,13,20.0,20.0,20.169,527.0,496.0,30.0,22.0,495.0,519.0,20.71,19.68,99.798,95.376,93.928,True
2025-07-01 14:00:00,14,26.0,26.0,26.123,689.0,631.0,57.0,35.0,602.0,667.0,26.722,23.469,95.404,90.255,87.373,True
2025-07-01 15:00:00,15,41.0,41.0,41.247,624.0,535.0,88.0,54.0,414.0,590.0,42.754,39.001,77.383,70.169,66.346,True
2025-07-01 16:00:00,16,37.0,37.0,37.476,343.0,273.0,70.0,24.0,239.0,297.0,37.986,34.057,87.546,80.471,69.679,True
2025-07-01 17:00:00,17,31.0,31.0,31.914,206.0,177.0,29.0,12.0,164.0,189.0,32.145,28.984,92.655,86.772,79.612,True
2025-07-01 18:00:00,18,26.0,26.0,26.763,108.0,92.0,16.0,12.0,91.0,104.0,26.931,25.935,98.913,87.5,84.259,True
2025-07-01 19:00:00,19,29.0,29.0,29.169,90.0,80.0,10.0,7.0,78.0,87.0,30.304,28.537,97.5,89.655,86.667,True
2025-07-01 20:00:00,20,35.0,35.0,35.684,62.0,56.0,6.0,2.0,52.0,58.0,35.75,35.184,92.857,89.655,83.871,True
2025-07-01 21:00:00,21,34.0,35.0,35.043,28.0,22.0,6.0,5.0,21.0,27.0,36.706,33.649,95.455,77.778,75.0,False
2025-07-01 22:00:00,22,30.0,30.0,30.056,21.0,18.0,3.0,3.0,18.0,21.0,30.35,29.937,100.0,85.714,85.714,True
2025-07-01 23:00:00,23,30.0,30.0,30.4,7.0,6.0,1.0,1.0,6.0,7.0,31.298,30.651,100.0,85.714,85.714,True
2025-07-02 00:00:00,0,47.0,47.0,47.0,6.0,5.0,1.0,1.0,4.0,6.0,50.23,40.521,80.0,66.667,66.667,True
2025-07-02 01:00:00,1,41.0,41.0,41.0,2.0,2.0,0.0,0.0,2.0,2.0,43.248,43.248,100.0,100.0,100.0,True
2025-07-02 02:00:00,2,29.0,29.0,29.8,3.0,3.0,0.0,0.0,3.0,3.0,34.637,39.428,100.0,100.0,100.0,True
2025-07-02 03:00:00,3,27.0,27.0,27.429,6.0,6.0,0.0,0.0,6.0,6.0,32.204,36.564,100.0,100.0,100.0,True
2025-07-02 04:00:00,4,16.0,16.0,16.818,8.0,8.0,0.0,0.0,8.0,8.0,23.102,23.004,100.0,100.0,100.0,True
2025-07-02 05:00:00,5,39.0,39.0,39.759,18.0,18.0,0.0,0.0,12.0,18.0,51.567,45.193,66.667,66.667,66.667,True
2025-07-02 06:00:00,6,39.0,39.0,39.403,23.0,20.0,3.0,2.0,13.0,22.0,49.62,50.734,65.0,59.091,56.522,True
2025-07-02 07:00:00,7,32.0,32.0,32.325,303.0,250.0,52.0,22.0,225.0,273.0,36.534,34.245,90.0,82.418,74.257,True
2025-07-02 08:00:00,8,40.0,40.0,40.502,450.0,398.0,52.0,24.0,323.0,422.0,44.727,42.952,81.156,76.54,71.778,True
2025-07-02 09:00:00,9,27.0,27.0,27.749,342.0,309.0,32.0,14.0,306.0,324.0,28.195,26.292,99.029,94.444,89.474,True
2025-07-02 10:00:00,10,20.0,20.0,20.342,428.0,406.0,22.0,9.0,406.0,415.0,20.875,19.646,100.0,97.831,94.86,True
2025-07-02 11:00:00,11,22.0,22.0,22.004,517.0,494.0,23.0,15.0,492.0,509.0,22.621,21.427,99.595,96.66,95.164,True
2025-07-02 12:00:00,12,21.0,21.0,21.194,607.0,582.0,25.0,13.0,582.0,595.0,21.443,20.713,100.0,97.815,95.881,True
2025-07-02 13:00:00,13,19.0,19.0,19.906,554.0,537.0,17.0,9.0,536.0,546.0,20.417,19.885,99.814,98.168,96.751,True
2025-07-02 14:00:00,14,27.0,27.0,27.228,659.0,616.0,43.0,22.0,587.0,638.0,27.881,24.746,95.292,92.006,89.074,True
2025-07-02 15:00:00,15,39.0,39.0,39.401,654.0,560.0,94.0,53.0,459.0,613.0,40.189,33.519,81.964,74.878,70.183,True
2025-07-02 16:00:00,16,42.0,42.0,42.679,383.0,295.0,88.0,47.0,230.0,342.0,43.043,36.177,77.966,67.251,60.052,True
2025-07-02 17:00:00,17,34.0,34.0,34.588,220.0,184.0,36.0,23.0,172.0,207.0,35.738,32.31,93.478,83.092,78.182,True
2025-07-02 18:00:00,18,29.0,29.0,29.659,87.0,78.0,9.0,3.0,73.0,81.0,30.775,27.048,93.59,90.123,83.908,True
2025-07-02 19:00:00,19,28.0,28.0,28.881,63.0,57.0,6.0,5.0,56.0,62.0,28.975,30.122,98.246,90.323,88.889,True
2025-07-02 20:00:00,20,36.0,36.0,36.37,59.0,54.0,5.0,3.0,48.0,57.0,36.843,35.062,88.889,84.211,81.356,True
2025-07-02 21:00:00,21,39.0,39.0,39.5,31.0,26.0,5.0,5.0,24.0,31.0,39.626,42.327,92.308,77.419,77.419,True
2025-07-02 22:00:00,22,28.0,28.0,28.815,29.0,27.0,2.0,2.0,27.0,29.0,29.118,29.045,100.0,93.103,93.103,True
2025-07-02 23:00:00,23,45.0,45.0,45.7,14.0,10.0,4.0,4.0,8.0,14.0,45.86,44.245,80.0,57.143,57.143,True
2025-07-03 00:00:00,0,38.0,38.0,38.667,4.0,3.0,1.0,1.0,3.0,4.0,39.122,40.599,100.0,75.0,75.0,True
2025-07-03 01:00:00,1,41.0,41.0,41.0,2.0,2.0,0.0,0.0,2.0,2.0,41.616,41.616,100.0,100.0,100.0,True
2025-07-03 02:00:00,2,21.0,21.0,21.0,2.0,2.0,0.0,0.0,2.0,2.0,21.662,21.662,100.0,100.0,100.0,True
2025-07-03 03:00:00,3,11.0,11.0,11.571,3.0,3.0,0.0,0.0,3.0,3.0,21.437,24.892,100.0,100.0,100.0,True
2025-07-03 04:00:00,4,24.0,24.0,24.368,13.0,13.0,0.0,0.0,13.0,13.0,34.49,34.512,100.0,100.0,100.0,True
2025-07-03 05:00:00,5,46.0,46.0,46.955,19.0,17.0,2.0,0.0,11.0,17.0,47.206,37.648,64.706,64.706,57.895,True
2025-07-03 06:00:00,6,35.0,35.0,35.154,30.0,26.0,4.0,1.0,25.0,27.0,37.644,35.623,96.154,92.593,83.333,True
2025-07-03 07:00:00,7,31.0,31.0,31.095,265.0,228.0,36.0,10.0,209.0,239.0,35.469,32.091,91.667,87.448,78.868,True
2025-07-03 08:00:00,8,32.0,32.0,32.901,414.0,354.0,60.0,16.0,330.0,370.0,35.187,32.199,93.22,89.189,79.71,True
2025-07-03 09:00:00,9,24.0,24.0,24.661,356.0,327.0,29.0,14.0,326.0,341.0,25.118,24.012,99.694,95.601,91.573,True
2025-07-03 10:00:00,10,19.0,19.0,19.766,357.0,336.0,21.0,8.0,335.0,344.0,20.677,20.146,99.702,97.384,93.838,True
2025-07-03 11:00:00,11,21.0,21.0,21.17,499.0,471.0,28.0,17.0,469.0,488.0,21.558,20.122,99.575,96.107,93.988,True
2025-07-03 12:00:00,12,20.0,20.0,20.396,586.0,555.0,31.0,16.0,554.0,571.0,20.722,19.892,99.82,97.023,94.539,True
2025-07-03 13:00:00,13,18.0,18.0,18.967,493.0,477.0,16.0,9.0,476.0,486.0,19.525,18.502,99.79,97.942,96.552,True
2025-07-03 14:00:00,14,27.0,27.0,27.539,665.0,610.0,55.0,33.0,580.0,643.0,28.216,25.177,95.082,90.202,87.218,True
2025-07-03 15:00:00,15,41.0,41.0,41.497,635.0,548.0,87.0,57.0,423.0,605.0,42.694,36.434,77.19,69.917,66.614,True
2025-07-03 16:00:00,16,44.0,44.0,44.403,341.0,286.0,55.0,35.0,211.0,321.0,45.645,40.078,73.776,65.732,61.877,True
2025-07-03 17:00:00,17,34.0,34.0,34.644,216.0,181.0,35.0,19.0,159.0,200.0,35.557,30.613,87.845,79.5,73.611,True
2025-07-03 18:00:00,18,29.0,29.0,29.452,96.0,81.0,15.0,12.0,77.0,93.0,30.303,27.463,95.062,82.796,80.208,True
2025-07-03 19:00:00,19,27.0,27.0,27.444,78.0,70.0,8.0,6.0,69.0,76.0,28.31,27.505,98.571,90.789,88.462,True
2025-07-03 20:00:00,20,30.0,30.0,30.964,61.0,54.0,7.0,5.0,53.0,59.0,31.861,31.891,98.148,89.831,86.885,True
2025-07-03 21:00:00,21,43.0,43.0,43.05,48.0,40.0,8.0,7.0,33.0,47.0,43.287,40.652,82.5,70.213,68.75,True
2025-07-03 22:00:00,22,31.0,31.0,31.7,13.0,10.0,3.0,2.0,9.0,12.0,31.924,28.422,90.0,75.0,69.231,True
2025-07-03 23:00:00,23,24.0,22.0,22.5,9.0,7.0,2.0,2.0,7.0,9.0,25.508,20.509,100.0,77.778,77.778,False
2025-07-04 00:00:00,0,36.0,36.0,36.167,5.0,4.0,1.0,1.0,3.0,5.0,44.426,37.57,75.0,60.0,60.0,True
2025-07-04 01:00:00,1,10.0,10.0,10.5,1.0,1.0,0.0,0.0,1.0,1.0,20.452,20.452,100.0,100.0,100.0,True
2025-07-04 02:00:00,2,35.0,35.0,35.0,1.0,1.0,0.0,0.0,1.0,1.0,34.925,34.925,100.0,100.0,100.0,True
2025-07-04 03:00:00,3,22.0,22.0,22.667,3.0,3.0,0.0,0.0,3.0,3.0,23.374,21.461,100.0,100.0,100.0,True
2025-07-04 04:00:00,4,24.0,24.0,24.846,12.0,10.0,2.0,2.0,10.0,12.0,29.388,26.921,100.0,83.333,83.333,True
2025-07-04 05:00:00,5,29.0,29.0,29.92,15.0,14.0,1.0,0.0,10.0,14.0,39.539,31.831,71.429,71.429,66.667,True
2025-07-04 06:00:00,6,34.0,34.0,34.722,23.0,21.0,2.0,0.0,19.0,21.0,37.092,35.858,90.476,90.476,82.609,True
2025-07-04 07:00:00,7,28.0,28.0,28.695,271.0,230.0,41.0,9.0,221.0,239.0,31.084,29.137,96.087,92.469,81.55,True
2025-07-04 08:00:00,8,29.0,29.0,29.497,442.0,354.0,88.0,18.0,343.0,372.0,31.505,29.245,96.893,92.204,77.602,True
2025-07-04 09:00:00,9,23.0,23.0,23.057,380.0,355.0,25.0,9.0,355.0,364.0,23.441,22.597,100.0,97.527,93.421,True
2025-07-04 10:00:00,10,19.0,19.0,19.172,398.0,370.0,28.0,16.0,370.0,386.0,19.821,18.653,100.0,95.855,92.965,True
2025-07-04 11:00:00,11,22.0,22.0,22.758,535.0,517.0,18.0,10.0,516.0,527.0,23.321,21.845,99.807,97.913,96.449,True
2025-07-04 12:00:00,12,22.0,22.0,22.89,558.0,530.0,28.0,18.0,527.0,548.0,23.259,21.794,99.434,96.168,94.444,True
2025-07-04 13:00:00,13,21.0,21.0,21.78,545.0,518.0,26.0,17.0,517.0,536.0,22.334,20.934,99.807,96.455,94.862,True
2025-07-04 14:00:00,14,31.0,31.0,31.104,684.0,609.0,75.0,42.0,576.0,651.0,31.893,29.339,94.581,88.479,84.211,True
2025-07-04 15:00:00,15,47.0,47.0,47.009,624.0,504.0,120.0,78.0,366.0,582.0,48.491,41.892,72.619,62.887,58.654,True
2025-07-04 16:00:00,16,54.0,55.0,55.099,306.0,234.0,72.0,39.0,141.0,273.0,55.865,49.39,60.256,51.648,46.078,False
2025-07-04 17:00:00,17,39.0,39.0,39.833,192.0,149.0,43.0,23.0,130.0,172.0,40.441,35.737,87.248,75.581,67.708,True
2025-07-04 18:00:00,18,37.0,37.0,37.021,113.0,93.0,20.0,12.0,85.0,105.0,37.786,34.733,91.398,80.952,75.221,True
2025-07-04 19:00:00,19,33.0,33.0,33.047,73.0,63.0,10.0,7.0,61.0,70.0,33.147,32.513,96.825,87.143,83.562,True
2025-07-04 20:00:00,20,47.0,47.0,47.604,63.0,53.0,10.0,5.0,38.0,58.0,47.85,44.573,71.698,65.517,60.317,True
2025-07-04 21:00:00,21,49.0,49.0,49.385,37.0,25.0,12.0,9.0,17.0,34.0,51.779,45.992,68.0,50.0,45.946,True
2025-07-04 22:00:00,22,38.0,38.0,38.062,21.0,15.0,6.0,4.0,11.0,19.0,40.433,36.525,73.333,57.895,52.381,True
2025-07-04 23:00:00,23,38.0,38.0,38.308,17.0,13.0,4.0,3.0,11.0,16.0,38.475,39.206,84.615,68.75,64.706,True
2025-07-05 00:00:00,0,43.0,43.0,43.0,7.0,7.0,0.0,0.0,7.0,7.0,43.127,42.617,100.0,100.0,100.0,True
2025-07-05 02:00:00,2,28.0,28.0,28.5,6.0,6.0,0.0,0.0,6.0,6.0,28.891,26.775,100.0,100.0,100.0,True
2025-07-05 03:00:00,3,11.0,11.0,11.75,2.0,2.0,0.0,0.0,2.0,2.0,22.892,22.892,100.0,100.0,100.0,True
2025-07-05 04:00:00,4,23.0,23.0,23.154,11.0,11.0,0.0,0.0,10.0,11.0,28.683,24.472,90.909,90.909,90.909,True
2025-07-05 05:00:00,5,31.0,31.0,31.533,14.0,12.0,2.0,2.0,10.0,14.0,38.241,31.804,83.333,71.429,71.429,True
2025-07-05 06:00:00,6,54.0,54.0,54.083,17.0,15.0,2.0,2.0,12.0,17.0,51.294,54.123,80.0,70.588,70.588,True
2025-07-05 07:00:00,7,24.0,24.0,24.702,62.0,52.0,10.0,4.0,51.0,56.0,26.058,25.628,98.077,91.071,82.258,True
2025-07-05 08:00:00,8,24.0,24.0,24.038,158.0,146.0,12.0,5.0,144.0,151.0,26.152,25.065,98.63,95.364,91.139,True
2025-07-05 09:00:00,9,28.0,28.0,28.939,212.0,194.0,18.0,11.0,184.0,205.0,29.934,27.659,94.845,89.756,86.792,True
2025-07-05 10:00:00,10,32.0,32.0,32.113,209.0,186.0,23.0,21.0,172.0,207.0,33.821,31.085,92.473,83.092,82.297,True
2025-07-05 11:00:00,11,34.0,34.0,34.79,262.0,230.0,32.0,19.0,226.0,249.0,35.278,34.165,98.261,90.763,86.26,True
2025-07-05 12:00:00,12,28.0,28.0,28.48,214.0,189.0,25.0,13.0,187.0,202.0,29.488,27.799,98.942,92.574,87.383,True
2025-07-05 13:00:00,13,25.0,25.0,25.308,225.0,210.0,15.0,11.0,208.0,221.0,25.716,23.005,99.048,94.118,92.444,True
2025-07-05 14:00:00,14,25.0,25.0,25.613,184.0,169.0,15.0,13.0,166.0,182.0,26.88,24.864,98.225,91.209,90.217,True
2025-07-05 15:00:00,15,30.0,30.0,30.678,202.0,179.0,23.0,13.0,166.0,192.0,31.367,27.606,92.737,86.458,82.178,True
2025-07-05 16:00:00,16,39.0,39.0,39.681,158.0,114.0,44.0,34.0,96.0,148.0,42.04,39.975,84.211,64.865,60.759,True
2025-07-05 17:00:00,17,43.0,43.0,43.071,99.0,79.0,20.0,13.0,66.0,92.0,43.304,40.326,83.544,71.739,66.667,True
2025-07-05 18:00:00,18,35.0,35.0,35.058,92.0,69.0,23.0,15.0,62.0,84.0,35.444,32.717,89.855,73.81,67.391,True
2025-07-05 19:00:00,19,31.0,31.0,31.881,77.0,66.0,11.0,8.0,63.0,74.0,32.437,29.026,95.455,85.135,81.818,True
2025-07-05 20:00:00,20,45.0,46.0,46.458,61.0,49.0,12.0,11.0,38.0,60.0,47.811,40.751,77.551,63.333,62.295,False
2025-07-05 21:00:00,21,54.0,54.0,54.593,37.0,26.0,11.0,7.0,18.0,33.0,53.309,48.178,69.231,54.545,48.649,True
2025-07-05 22:00:00,22,32.0,32.0,32.923,18.0,12.0,6.0,5.0,10.0,17.0,35.919,38.601,83.333,58.824,55.556,True
2025-07-05 23:00:00,23,29.0,29.0,29.182,12.0,11.0,1.0,1.0,11.0,12.0,29.722,28.413,100.0,91.667,91.667,True
2025-07-06 00:00:00,0,28.0,28.0,28.0,11.0,8.0,3.0,3.0,8.0,11.0,28.006,31.145,100.0,72.727,72.727,True
2025-07-06 01:00:00,1,22.0,22.0,22.75,3.0,3.0,0.0,0.0,3.0,3.0,28.237,25.495,100.0,100.0,100.0,True
2025-07-06 02:00:00,2,37.0,37.0,37.333,3.0,3.0,0.0,0.0,3.0,3.0,37.531,36.799,100.0,100.0,100.0,True
2025-07-06 03:00:00,3,24.0,24.0,24.25,4.0,4.0,0.0,0.0,4.0,4.0,24.904,26.732,100.0,100.0,100.0,True
2025-07-06 04:00:00,4,27.0,27.0,27.0,5.0,4.0,1.0,1.0,4.0,5.0,27.694,27.778,100.0,80.0,80.0,True
2025-07-06 05:00:00,5,33.0,33.0,33.286,8.0,7.0,1.0,1.0,7.0,8.0,33.96,38.201,100.0,87.5,87.5,True
2025-07-06 06:00:00,6,46.0,46.0,46.0,6.0,6.0,0.0,0.0,5.0,6.0,39.337,38.281,83.333,83.333,83.333,True
2025-07-06 07:00:00,7,22.0,22.0,22.973,51.0,42.0,9.0,2.0,41.0,44.0,24.087,23.728,97.619,93.182,80.392,True
2025-07-06 08:00:00,8,25.0,25.0,25.216,185.0,158.0,27.0,12.0,154.0,170.0,26.503,24.164,97.468,90.588,83.243,True
2025-07-06 09:00:00,9,37.0,37.0,37.756,239.0,207.0,32.0,20.0,185.0,227.0,38.535,35.142,89.372,81.498,77.406,True
2025-07-06 10:00:00,10,31.0,31.0,31.569,142.0,121.0,21.0,15.0,116.0,136.0,34.124,33.05,95.868,85.294,81.69,True
2025-07-06 11:00:00,11,23.0,23.0,23.621,161.0,144.0,17.0,10.0,142.0,154.0,24.395,22.761,98.611,92.208,88.199,True
2025-07-06 12:00:00,12,23.0,24.0,24.049,276.0,256.0,20.0,14.0,252.0,270.0,25.023,22.502,98.438,93.333,91.304,False
2025-07-06 13:00:00,13,24.0,25.0,25.132,257.0,242.0,15.0,11.0,238.0,253.0,26.036,24.79,98.347,94.071,92.607,False
2025-07-06 14:00:00,14,28.0,28.0,28.392,186.0,166.0,20.0,11.0,161.0,177.0,29.374,27.236,96.988,90.96,86.559,True
2025-07-06 15:00:00,15,35.0,35.0,35.769,138.0,112.0,26.0,21.0,98.0,133.0,36.857,32.627,87.5,73.684,71.014,True
2025-07-06 16:00:00,16,36.0,36.0,36.385,121.0,103.0,18.0,14.0,89.0,117.0,37.072,33.559,86.408,76.068,73.554,True
2025-07-06 17:00:00,17,35.0,35.0,35.708,106.0,92.0,14.0,10.0,76.0,102.0,37.247,27.449,82.609,74.51,71.698,True
2025-07-06 18:00:00,18,35.0,35.0,35.907,94.0,75.0,19.0,11.0,65.0,86.0,36.992,32.912,86.667,75.581,69.149,True
2025-07-06 19:00:00,19,46.0,46.0,46.434,69.0,52.0,17.0,11.0,38.0,63.0,47.752,39.703,73.077,60.317,55.072,True
2025-07-06 20:00:00,20,73.0,73.0,73.522,43.0,22.0,21.0,20.0,7.0,42.0,74.955,78.364,31.818,16.667,16.279,True
2025-07-06 21:00:00,21,103.0,103.0,103.667,16.0,9.0,7.0,6.0,1.0,15.0,104.169,112.558,11.111,6.667,6.25,True
2025-07-06 22:00:00,22,50.0,51.0,51.778,16.0,9.0,7.0,7.0,7.0,16.0,52.374,39.99,77.778,43.75,43.75,False
2025-07-06 23:00:00,23,35.0,35.0,35.714,7.0,7.0,0.0,0.0,7.0,7.0,35.898,33.65,100.0,100.0,100.0,True
2025-07-07 00:00:00,0,41.0,41.0,41.0,6.0,4.0,2.0,2.0,3.0,6.0,41.253,39.243,75.0,50.0,50.0,True
2025-07-07 01:00:00,1,26.0,26.0,26.0,4.0,2.0,2.0,2.0,2.0,4.0,26.611,26.611,100.0,50.0,50.0,True
2025-07-07 02:00:00,2,37.0,37.0,37.5,2.0,2.0,0.0,0.0,2.0,2.0,38.13,38.13,100.0,100.0,100.0,True
2025-07-07 03:00:00,3,24.0,24.0,24.333,2.0,2.0,0.0,0.0,2.0,2.0,31.514,31.514,100.0,100.0,100.0,True
2025-07-07 04:00:00,4,36.0,36.0,36.1,16.0,16.0,0.0,0.0,13.0,16.0,40.291,34.071,81.25,81.25,81.25,True
2025-07-07 05:00:00,5,43.0,43.0,43.84,16.0,12.0,4.0,4.0,8.0,16.0,50.32,35.793,66.667,50.0,50.0,True
2025-07-07 06:00:00,6,36.0,36.0,36.957,32.0,27.0,5.0,3.0,24.0,30.0,38.131,35.475,88.889,80.0,75.0,True
2025-07-07 07:00:00,7,33.0,33.0,33.112,297.0,252.0,45.0,12.0,230.0,264.0,37.732,34.486,91.27,87.121,77.441,True
2025-07-07 08:00:00,8,40.0,40.0,40.768,436.0,381.0,55.0,30.0,306.0,411.0,45.078,41.678,80.315,74.453,70.183,True
2025-07-07 09:00:00,9,29.0,29.0,29.419,336.0,314.0,22.0,12.0,311.0,326.0,29.731,28.153,99.045,95.399,92.56,True
2025-07-07 10:00:00,10,19.0,19.0,19.346,366.0,346.0,20.0,10.0,346.0,356.0,19.594,18.836,100.0,97.191,94.536,True
2025-07-07 11:00:00,11,20.0,20.0,20.167,508.0,487.0,21.0,10.0,487.0,497.0,20.765,20.326,100.0,97.988,95.866,True
2025-07-07 12:00:00,12,19.0,19.0,19.877,571.0,543.0,28.0,15.0,543.0,558.0,20.231,19.49,100.0,97.312,95.096,True
2025-07-07 13:00:00,13,19.0,19.0,19.57,514.0,493.0,21.0,10.0,493.0,503.0,20.072,19.281,100.0,98.012,95.914,True
2025-07-07 14:00:00,14,29.0,29.0,29.519,756.0,700.0,56.0,33.0,657.0,733.0,30.299,25.462,93.857,89.632,86.905,True
2025-07-07 15:00:00,15,42.0,42.0,42.007,655.0,549.0,106.0,65.0,434.0,614.0,42.741,36.347,79.053,70.684,66.26,True
2025-07-07 16:00:00,16,42.0,42.0,42.369,326.0,262.0,64.0,29.0,209.0,291.0,43.082,40.108,79.771,71.821,64.11,True
2025-07-07 17:00:00,17,32.0,32.0,32.977,234.0,201.0,33.0,14.0,186.0,215.0,33.187,29.545,92.537,86.512,79.487,True
2025-07-07 18:00:00,18,29.0,29.0,29.413,111.0,99.0,12.0,8.0,95.0,107.0,29.929,26.437,95.96,88.785,85.586,True
2025-07-07 19:00:00,19,25.0,25.0,25.737,61.0,54.0,7.0,7.0,54.0,61.0,26.634,25.385,100.0,88.525,88.525,True
2025-07-07 20:00:00,20,26.0,26.0,26.262,47.0,42.0,5.0,1.0,42.0,43.0,26.531,23.633,100.0,97.674,89.362,True
2025-07-07 21:00:00,21,26.0,26.0,26.194,35.0,31.0,4.0,3.0,30.0,34.0,26.316,28.754,96.774,88.235,85.714,True
2025-07-07 22:00:00,22,35.0,35.0,35.2,19.0,15.0,4.0,4.0,14.0,19.0,35.301,28.916,93.333,73.684,73.684,True
2025-07-07 23:00:00,23,18.0,18.0,18.75,11.0,11.0,0.0,0.0,11.0,11.0,20.703,19.01,100.0,100.0,100.0,True
2025-07-08 00:00:00,0,43.0,43.0,43.5,3.0,2.0,1.0,1.0,1.0,3.0,44.88,44.88,50.0,33.333,33.333,True
2025-07-08 01:00:00,1,26.0,26.0,26.5,2.0,2.0,0.0,0.0,2.0,2.0,26.183,26.183,100.0,100.0,100.0,True
2025-07-08 02:00:00,2,23.0,23.0,23.2,5.0,5.0,0.0,0.0,5.0,5.0,23.601,23.119,100.0,100.0,100.0,True
2025-07-08 03:00:00,3,23.0,23.0,23.667,3.0,3.0,0.0,0.0,3.0,3.0,24.909,21.435,100.0,100.0,100.0,True
2025-07-08 04:00:00,4,21.0,21.0,21.389,16.0,11.0,5.0,3.0,10.0,14.0,31.225,25.324,90.909,71.429,62.5,True
2025-07-08 05:00:00,5,36.0,36.0,36.412,14.0,12.0,2.0,2.0,9.0,14.0,44.017,38.252,75.0,64.286,64.286,True
2025-07-08 06:00:00,6,34.0,34.0,34.265,30.0,28.0,2.0,1.0,27.0,29.0,33.071,31.977,96.429,93.103,90.0,True
2025-07-08 07:00:00,7,37.0,37.0,37.015,317.0,270.0,47.0,24.0,218.0,294.0,44.452,39.491,80.741,74.15,68.77,True
2025-07-08 08:00:00,8,45.0,45.0,45.582,416.0,365.0,51.0,34.0,252.0,399.0,51.835,50.071,69.041,63.158,60.577,True
2025-07-08 09:00:00,9,35.0,35.0,35.565,347.0,304.0,43.0,28.0,284.0,332.0,36.293,33.764,93.421,85.542,81.844,True
2025-07-08 10:00:00,10,24.0,24.0,24.791,377.0,360.0,17.0,9.0,358.0,369.0,25.726,24.684,99.444,97.019,94.96,True
2025-07-08 11:00:00,11,25.0,25.0,25.867,518.0,493.0,25.0,18.0,491.0,511.0,26.338,25.188,99.594,96.086,94.788,True
2025-07-08 12:00:00,12,25.0,25.0,25.222,547.0,527.0,20.0,15.0,524.0,542.0,25.775,23.872,99.431,96.679,95.795,True
2025-07-08 13:00:00,13,24.0,24.0,24.38,592.0,556.0,35.0,22.0,554.0,579.0,24.879,23.511,99.64,95.682,93.581,True
2025-07-08 14:00:00,14,36.0,36.0,36.945,721.0,627.0,94.0,66.0,544.0,693.0,38.047,33.192,86.762,78.499,75.451,True
2025-07-08 15:00:00,15,58.0,58.0,58.573,636.0,534.0,102.0,79.0,303.0,613.0,60.822,53.672,56.742,49.429,47.642,True
2025-07-08 16:00:00,16,63.0,63.0,63.622,348.0,276.0,72.0,58.0,135.0,334.0,65.478,61.043,48.913,40.419,38.793,True
2025-07-08 17:00:00,17,61.0,61.0,61.824,194.0,152.0,42.0,35.0,74.0,187.0,64.19,62.504,48.684,39.572,38.144,True
2025-07-08 18:00:00,18,46.0,47.0,47.282,109.0,80.0,29.0,23.0,53.0,103.0,49.732,41.108,66.25,51.456,48.624,False
2025-07-08 19:00:00,19,54.0,54.0,54.421,90.0,55.0,35.0,34.0,31.0,89.0,57.052,44.007,56.364,34.831,34.444,True
2025-07-08 20:00:00,20,65.0,65.0,65.065,68.0,44.0,24.0,21.0,21.0,65.0,66.071,62.811,47.727,32.308,30.882,True
2025-07-08 21:00:00,21,77.0,77.0,77.833,31.0,12.0,19.0,17.0,4.0,29.0,78.495,77.634,33.333,13.793,12.903,True
2025-07-08 22:00:00,22,61.0,61.0,61.786,21.0,14.0,7.0,6.0,6.0,20.0,62.021,66.068,42.857,30.0,28.571,True
2025-07-08 23:00:00,23,30.0,30.0,30.6,7.0,5.0,2.0,1.0,5.0,6.0,30.891,25.293,100.0,83.333,71.429,True
2025-07-09 00:00:00,0,46.0,46.0,46.333,4.0,3.0,1.0,1.0,2.0,4.0,46.92,52.026,66.667,50.0,50.0,True
2025-07-09 01:00:00,1,16.0,16.0,16.0,3.0,1.0,2.0,1.0,1.0,2.0,16.108,16.108,100.0,50.0,33.333,True
2025-07-09 02:00:00,2,19.0,19.0,19.75,3.0,3.0,0.0,0.0,3.0,3.0,24.194,24.117,100.0,100.0,100.0,True
2025-07-09 03:00:00,3,21.0,21.0,21.4,4.0,4.0,0.0,0.0,4.0,4.0,26.822,25.514,100.0,100.0,100.0,True
2025-07-09 04:00:00,4,25.0,25.0,25.8,12.0,12.0,0.0,0.0,12.0,12.0,31.416,35.634,100.0,100.0,100.0,True
2025-07-09 05:00:00,5,40.0,40.0,40.667,12.0,12.0,0.0,0.0,7.0,12.0,54.859,46.185,58.333,58.333,58.333,True
2025-07-09 06:00:00,6,35.0,35.0,35.05,24.0,20.0,4.0,1.0,16.0,21.0,39.97,37.332,80.0,76.19,66.667,True
2025-07-09 07:00:00,7,34.0,34.0,34.593,326.0,275.0,50.0,19.0,227.0,295.0,40.389,34.64,82.545,76.949,69.632,True
2025-07-09 08:00:00,8,44.0,44.0,44.17,436.0,394.0,41.0,28.0,283.0,423.0,49.712,47.984,71.827,66.903,64.908,True
2025-07-09 09:00:00,9,35.0,35.0,35.095,330.0,296.0,34.0,21.0,279.0,317.0,35.555,33.008,94.257,88.013,84.545,True
2025-07-09 10:00:00,10,22.0,22.0,22.608,390.0,366.0,24.0,13.0,365.0,379.0,23.398,21.587,99.727,96.306,93.59,True
2025-07-09 11:00:00,11,23.0,23.0,23.079,502.0,483.0,18.0,15.0,482.0,499.0,23.753,22.86,99.793,96.593,96.016,True
2025-07-09 12:00:00,12,23.0,23.0,23.766,613.0,590.0,23.0,14.0,588.0,604.0,24.253,23.747,99.661,97.351,95.922,True
2025-07-09 13:00:00,13,22.0,22.0,22.143,555.0,522.0,33.0,23.0,520.0,545.0,22.472,21.137,99.617,95.413,93.694,True
2025-07-09 14:00:00,14,29.0,29.0,29.736,714.0,654.0,60.0,40.0,611.0,694.0,30.528,26.769,93.425,88.04,85.574,True
2025-07-09 15:00:00,15,44.0,44.0,44.113,659.0,536.0,123.0,70.0,410.0,606.0,45.542,41.42,76.493,67.657,62.215,True
2025-07-09 16:00:00,16,50.0,50.0,50.231,391.0,310.0,81.0,34.0,200.0,344.0,51.711,49.458,64.516,58.14,51.151,True
2025-07-09 17:00:00,17,41.0,41.0,41.429,222.0,182.0,40.0,17.0,148.0,199.0,42.66,36.535,81.319,74.372,66.667,True
2025-07-09 18:00:00,18,28.0,28.0,28.94,94.0,78.0,16.0,10.0,71.0,88.0,30.587,26.349,91.026,80.682,75.532,True
2025-07-09 19:00:00,19,29.0,29.0,29.6,76.0,62.0,14.0,11.0,59.0,73.0,29.926,26.971,95.161,80.822,77.632,True
2025-07-09 20:00:00,20,42.0,42.0,42.877,68.0,54.0,14.0,9.0,41.0,63.0,45.466,41.007,75.926,65.079,60.294,True
2025-07-09 21:00:00,21,37.0,39.0,39.5,18.0,16.0,2.0,2.0,14.0,18.0,43.608,45.024,87.5,77.778,77.778,False
2025-07-09 22:00:00,22,26.0,26.0,26.75,17.0,14.0,3.0,3.0,14.0,17.0,26.676,26.767,100.0,82.353,82.353,True
2025-07-09 23:00:00,23,23.0,23.0,23.0,6.0,4.0,1.0,1.0,4.0,6.0,28.857,30.494,100.0,66.667,66.667,True
2025-07-10 00:00:00,0,24.0,24.0,24.0,4.0,4.0,0.0,0.0,4.0,4.0,24.179,18.521,100.0,100.0,100.0,True
2025-07-10 01:00:00,1,30.0,30.0,30.75,4.0,4.0,0.0,0.0,4.0,4.0,31.657,29.227,100.0,100.0,100.0,True
2025-07-10 02:00:00,2,21.0,21.0,21.2,4.0,4.0,0.0,0.0,4.0,4.0,24.979,25.45,100.0,100.0,100.0,True
2025-07-10 03:00:00,3,16.0,16.0,16.0,3.0,3.0,0.0,0.0,3.0,3.0,16.893,16.786,100.0,100.0,100.0,True
2025-07-10 04:00:00,4,27.0,27.0,27.824,13.0,11.0,2.0,2.0,10.0,13.0,40.027,35.042,90.909,76.923,76.923,True
2025-07-10 05:00:00,5,45.0,45.0,45.476,16.0,14.0,2.0,1.0,9.0,15.0,52.382,46.098,64.286,60.0,56.25,True
2025-07-10 06:00:00,6,34.0,34.0,34.349,31.0,31.0,0.0,0.0,29.0,31.0,35.586,33.309,93.548,93.548,93.548,True
2025-07-10 07:00:00,7,33.0,33.0,33.744,295.0,250.0,45.0,16.0,218.0,266.0,38.602,35.517,87.2,81.955,73.898,True
2025-07-10 08:00:00,8,39.0,39.0,39.061,452.0,395.0,57.0,30.0,332.0,425.0,42.999,40.594,84.051,78.118,73.451,True
2025-07-10 09:00:00,9,29.0,29.0,29.579,336.0,306.0,30.0,15.0,300.0,321.0,30.187,28.171,98.039,93.458,89.286,True
2025-07-10 10:00:00,10,20.0,20.0,20.589,387.0,361.0,26.0,13.0,361.0,374.0,21.377,19.749,100.0,96.524,93.282,True
2025-07-10 11:00:00,11,24.0,24.0,24.046,558.0,522.0,36.0,24.0,518.0,546.0,24.55,23.047,99.234,94.872,92.832,True
2025-07-10 12:00:00,12,22.0,22.0,22.469,525.0,503.0,22.0,8.0,502.0,511.0,22.616,21.581,99.801,98.239,95.619,True
2025-07-10 13:00:00,13,21.0,21.0,21.383,554.0,520.0,34.0,17.0,516.0,537.0,21.644,20.271,99.231,96.089,93.141,True
2025-07-10 14:00:00,14,33.0,33.0,33.567,713.0,636.0,76.0,57.0,563.0,694.0,34.946,28.479,88.522,81.124,78.962,True
2025-07-10 15:00:00,15,48.0,48.0,48.705,650.0,533.0,117.0,92.0,367.0,625.0,49.704,41.931,68.856,58.72,56.462,True
2025-07-10 16:00:00,16,53.0,53.0,53.148,331.0,256.0,75.0,53.0,159.0,309.0,53.741,49.273,62.109,51.456,48.036,True
2025-07-10 17:00:00,17,44.0,44.0,44.742,228.0,190.0,38.0,30.0,145.0,220.0,45.589,39.518,76.316,65.909,63.596,True
2025-07-10 18:00:00,18,33.0,33.0,33.941,110.0,94.0,16.0,10.0,84.0,104.0,34.892,32.18,89.362,80.769,76.364,True
2025-07-10 19:00:00,19,34.0,34.0,34.206,71.0,63.0,8.0,5.0,58.0,68.0,34.937,32.785,92.063,85.294,81.69,True
2025-07-10 20:00:00,20,43.0,43.0,43.562,58.0,46.0,12.0,8.0,37.0,54.0,44.32,42.986,80.435,68.519,63.793,True
2025-07-10 21:00:00,21,41.0,41.0,41.318,24.0,22.0,2.0,1.0,21.0,23.0,41.494,44.423,95.455,91.304,87.5,True
2025-07-10 22:00:00,22,29.0,29.0,29.182,13.0,11.0,2.0,2.0,11.0,13.0,29.184,30.034,100.0,84.615,84.615,True
2025-07-10 23:00:00,23,27.0,27.0,27.5,13.0,12.0,1.0,1.0,12.0,13.0,28.103,24.946,100.0,92.308,92.308,True
2025-07-11 00:00:00,0,49.0,49.0,49.0,2.0,1.0,1.0,1.0,1.0,2.0,49.795,49.795,100.0,50.0,50.0,True
2025-07-11 01:00:00,1,35.0,35.0,35.0,3.0,2.0,1.0,1.0,2.0,3.0,35.544,35.544,100.0,66.667,66.667,True
2025-07-11 02:00:00,2,21.0,21.0,21.0,3.0,3.0,0.0,0.0,3.0,3.0,26.218,23.156,100.0,100.0,100.0,True
2025-07-11 03:00:00,3,30.0,30.0,30.4,5.0,5.0,0.0,0.0,5.0,5.0,30.84,33.756,100.0,100.0,100.0,True
2025-07-11 04:00:00,4,24.0,24.0,24.643,12.0,11.0,1.0,1.0,11.0,12.0,30.53,26.526,100.0,91.667,91.667,True
2025-07-11 05:00:00,5,38.0,38.0,38.24,18.0,15.0,3.0,2.0,9.0,17.0,48.427,42.768,60.0,52.941,50.0,True
2025-07-11 06:00:00,6,34.0,34.0,34.0,23.0,22.0,1.0,1.0,21.0,23.0,37.045,36.811,95.455,91.304,91.304,True
2025-07-11 07:00:00,7,32.0,32.0,32.478,308.0,258.0,50.0,12.0,227.0,270.0,37.963,34.108,87.984,84.074,73.701,True
2025-07-11 08:00:00,8,37.0,37.0,37.589,383.0,332.0,51.0,25.0,282.0,357.0,41.182,38.495,84.94,78.992,73.629,True
2025-07-11 09:00:00,9,26.0,26.0,26.449,358.0,322.0,35.0,15.0,318.0,338.0,26.695,25.336,98.758,94.083,88.827,True
2025-07-11 10:00:00,10,20.0,20.0,20.5,399.0,380.0,19.0,6.0,379.0,386.0,21.219,20.121,99.737,98.187,94.987,True
2025-07-11 11:00:00,11,24.0,24.0,24.082,521.0,498.0,23.0,15.0,496.0,513.0,24.555,23.085,99.598,96.686,95.202,True
2025-07-11 12:00:00,12,23.0,23.0,23.04,554.0,537.0,17.0,9.0,537.0,546.0,23.529,22.222,100.0,98.352,96.931,True
2025-07-11 13:00:00,13,22.0,22.0,22.076,540.0,508.0,32.0,20.0,504.0,528.0,22.516,20.641,99.213,95.455,93.333,True
2025-07-11 14:00:00,14,36.0,36.0,36.228,706.0,628.0,77.0,48.0,537.0,677.0,37.163,30.063,85.51,79.321,76.062,True
2025-07-11 15:00:00,15,58.0,58.0,58.684,616.0,504.0,112.0,86.0,278.0,590.0,60.962,54.892,55.159,47.119,45.13,True
2025-07-11 16:00:00,16,60.0,60.0,60.726,317.0,244.0,73.0,46.0,134.0,290.0,62.737,55.743,54.918,46.207,42.271,True
2025-07-11 17:00:00,17,45.0,45.0,45.597,186.0,139.0,47.0,31.0,104.0,170.0,47.157,39.463,74.82,61.176,55.914,True
2025-07-11 18:00:00,18,45.0,44.0,44.72,118.0,96.0,22.0,15.0,73.0,111.0,45.996,41.868,76.042,65.766,61.864,False
2025-07-11 19:00:00,19,57.0,57.0,57.077,75.0,51.0,24.0,20.0,31.0,71.0,57.801,51.049,60.784,43.662,41.333,True
2025-07-11 20:00:00,20,73.0,73.0,73.944,58.0,36.0,22.0,21.0,15.0,57.0,74.367,70.13,41.667,26.316,25.862,True
2025-07-11 21:00:00,21,90.0,91.0,91.714,35.0,21.0,14.0,13.0,7.0,34.0,92.031,104.371,33.333,20.588,20.0,False
2025-07-11 22:00:00,22,51.0,52.0,52.083,27.0,12.0,15.0,10.0,7.0,22.0,52.438,43.685,58.333,31.818,25.926,False
2025-07-11 23:00:00,23,90.0,90.0,90.4,8.0,5.0,3.0,3.0,2.0,8.0,91.012,114.267,40.0,25.0,25.0,True
2025-07-12 00:00:00,0,33.0,33.0,33.5,6.0,2.0,4.0,4.0,2.0,6.0,34.088,34.088,100.0,33.333,33.333,True
2025-07-12 01:00:00,1,36.0,36.0,36.667,6.0,4.0,2.0,1.0,4.0,5.0,38.71,39.683,100.0,80.0,66.667,True
2025-07-12 02:00:00,2,34.0,34.0,34.875,9.0,7.0,2.0,2.0,7.0,9.0,34.465,34.065,100.0,77.778,77.778,True
2025-07-12 03:00:00,3,30.0,30.0,30.5,2.0,2.0,0.0,0.0,2.0,2.0,30.901,30.901,100.0,100.0,100.0,True
2025-07-12 04:00:00,4,25.0,25.0,25.824,12.0,12.0,0.0,0.0,12.0,12.0,35.496,34.414,100.0,100.0,100.0,True
2025-07-12 05:00:00,5,21.0,21.0,21.182,13.0,10.0,3.0,3.0,9.0,13.0,35.322,24.105,90.0,69.231,69.231,True
2025-07-12 06:00:00,6,60.0,60.0,60.72,19.0,16.0,2.0,1.0,9.0,18.0,56.411,52.428,56.25,50.0,47.368,True
2025-07-12 07:00:00,7,37.0,37.0,37.67,65.0,53.0,12.0,8.0,44.0,61.0,41.333,37.953,83.019,72.131,67.692,True
2025-07-12 08:00:00,8,27.0,27.0,27.089,139.0,125.0,14.0,4.0,123.0,129.0,29.123,27.56,98.4,95.349,88.489,True
2025-07-12 09:00:00,9,40.0,40.0,40.837,215.0,187.0,28.0,17.0,152.0,204.0,41.581,33.263,81.283,74.51,70.698,True
2025-07-12 10:00:00,10,45.0,45.0,45.487,228.0,190.0,38.0,33.0,123.0,223.0,49.528,44.429,64.737,55.157,53.947,True
2025-07-12 11:00:00,11,45.0,45.0,45.072,212.0,178.0,34.0,26.0,142.0,204.0,45.864,43.751,79.775,69.608,66.981,True
2025-07-12 12:00:00,12,32.0,31.0,31.96,229.0,210.0,19.0,14.0,202.0,224.0,32.98,31.115,96.19,90.179,88.21,False
2025-07-12 13:00:00,13,29.0,29.0,29.399,208.0,192.0,16.0,12.0,188.0,204.0,30.164,29.255,97.917,92.157,90.385,True
2025-07-12 14:00:00,14,28.0,28.0,28.24,194.0,178.0,16.0,10.0,176.0,188.0,28.964,27.552,98.876,93.617,90.722,True
2025-07-12 15:00:00,15,35.0,35.0,35.908,197.0,176.0,21.0,14.0,164.0,190.0,37.455,36.275,93.182,86.316,83.249,True
2025-07-12 16:00:00,16,47.0,47.0,47.45,153.0,124.0,29.0,22.0,90.0,146.0,48.573,42.582,72.581,61.644,58.824,True
2025-07-12 17:00:00,17,41.0,41.0,41.58,102.0,85.0,17.0,13.0,65.0,98.0,42.185,32.73,76.471,66.327,63.725,True
2025-07-12 18:00:00,18,31.0,31.0,31.115,86.0,77.0,9.0,5.0,74.0,82.0,31.723,29.242,96.104,90.244,86.047,True
2025-07-12 19:00:00,19,30.0,30.0,30.354,76.0,64.0,11.0,7.0,61.0,72.0,31.142,28.341,95.312,84.722,80.263,True
2025-07-12 20:00:00,20,43.0,43.0,43.972,47.0,37.0,10.0,8.0,29.0,45.0,44.698,40.96,78.378,64.444,61.702,True
2025-07-12 21:00:00,21,36.0,36.0,36.115,31.0,25.0,6.0,4.0,24.0,29.0,35.189,32.637,96.0,82.759,77.419,True
2025-07-12 22:00:00,22,33.0,33.0,33.429,19.0,14.0,5.0,4.0,14.0,18.0,33.84,34.098,100.0,77.778,73.684,True
2025-07-12 23:00:00,23,29.0,29.0,29.6,15.0,14.0,1.0,1.0,14.0,15.0,32.09,31.819,100.0,93.333,93.333,True
2025-07-13 00:00:00,0,54.0,54.0,54.0,7.0,6.0,1.0,1.0,3.0,7.0,54.291,51.688,50.0,42.857,42.857,True
2025-07-13 01:00:00,1,23.0,23.0,23.0,2.0,1.0,1.0,1.0,1.0,2.0,24.284,24.284,100.0,50.0,50.0,True
2025-07-13 02:00:00,2,28.0,28.0,28.6,5.0,5.0,0.0,0.0,5.0,5.0,28.878,21.634,100.0,100.0,100.0,True
2025-07-13 03:00:00,3,27.0,27.0,27.286,7.0,6.0,1.0,0.0,6.0,6.0,32.727,35.051,100.0,100.0,85.714,True
2025-07-13 04:00:00,4,27.0,27.0,27.75,9.0,8.0,1.0,1.0,8.0,9.0,27.886,26.741,100.0,88.889,88.889,True
2025-07-13 05:00:00,5,22.0,22.0,22.2,6.0,4.0,2.0,1.0,3.0,5.0,28.104,16.382,75.0,60.0,50.0,True
2025-07-13 06:00:00,6,115.0,115.0,115.0,5.0,3.0,2.0,2.0,1.0,5.0,84.552,102.542,33.333,20.0,20.0,True
2025-07-13 07:00:00,7,44.0,44.0,44.865,69.0,64.0,5.0,3.0,48.0,67.0,47.383,40.937,75.0,71.642,69.565,True
2025-07-13 08:00:00,8,45.0,44.0,44.753,192.0,154.0,38.0,26.0,112.0,180.0,49.174,40.45,72.727,62.222,58.333,False
2025-07-13 09:00:00,9,58.0,58.0,58.276,209.0,158.0,51.0,43.0,76.0,201.0,59.301,62.341,48.101,37.811,36.364,True
2025-07-13 10:00:00,10,49.0,49.0,49.771,114.0,84.0,30.0,25.0,42.0,109.0,59.899,60.058,50.0,38.532,36.842,True
2025-07-13 11:00:00,11,32.0,32.0,32.627,146.0,126.0,20.0,10.0,121.0,136.0,32.466,29.358,96.032,88.971,82.877,True
2025-07-13 12:00:00,12,25.0,25.0,25.504,252.0,236.0,16.0,8.0,233.0,244.0,26.121,25.02,98.729,95.492,92.46,True
2025-07-13 13:00:00,13,29.0,29.0,29.562,256.0,227.0,29.0,22.0,220.0,249.0,30.104,27.472,96.916,88.353,85.938,True
2025-07-13 14:00:00,14,30.0,30.0,30.437,189.0,165.0,24.0,18.0,155.0,183.0,31.208,28.0,93.939,84.699,82.011,True
2025-07-13 15:00:00,15,34.0,34.0,34.458,145.0,128.0,17.0,13.0,114.0,141.0,35.487,32.687,89.062,80.851,78.621,True
2025-07-13 16:00:00,16,32.0,32.0,32.565,93.0,81.0,12.0,6.0,71.0,87.0,33.907,28.229,87.654,81.609,76.344,True
2025-07-13 17:00:00,17,31.0,31.0,31.519,93.0,77.0,16.0,11.0,73.0,88.0,32.974,29.008,94.805,82.955,78.495,True
2025-07-13 18:00:00,18,31.0,31.0,31.825,67.0,57.0,10.0,7.0,54.0,64.0,32.149,30.306,94.737,84.375,80.597,True
2025-07-13 19:00:00,19,30.0,30.0,30.044,56.0,45.0,11.0,8.0,43.0,53.0,31.336,28.42,95.556,81.132,76.786,True
2025-07-13 20:00:00,20,47.0,47.0,47.032,40.0,31.0,9.0,8.0,21.0,39.0,46.91,43.663,67.742,53.846,52.5,True
2025-07-13 21:00:00,21,44.0,44.0,44.071,20.0,12.0,8.0,7.0,9.0,19.0,49.577,44.068,75.0,47.368,45.0,True
2025-07-13 22:00:00,22,30.0,30.0,30.545,11.0,11.0,0.0,0.0,11.0,11.0,30.786,32.362,100.0,100.0,100.0,True
2025-07-13 23:00:00,23,26.0,26.0,26.5,10.0,9.0,1.0,1.0,9.0,10.0,27.323,31.278,100.0,90.0,90.0,True
2025-07-14 00:00:00,0,31.0,31.0,31.0,1.0,0.0,1.0,1.0,0.0,1.0,,,,0.0,0.0,True
2025-07-14 01:00:00,1,24.0,24.0,24.0,1.0,1.0,0.0,0.0,1.0,1.0,25.629,25.629,100.0,100.0,100.0,True
2025-07-14 02:00:00,2,24.0,24.0,24.667,3.0,3.0,0.0,0.0,3.0,3.0,24.655,18.526,100.0,100.0,100.0,True
2025-07-14 03:00:00,3,23.0,23.0,23.0,4.0,4.0,0.0,0.0,4.0,4.0,24.073,23.708,100.0,100.0,100.0,True
2025-07-14 04:00:00,4,24.0,24.0,24.0,12.0,10.0,2.0,2.0,10.0,12.0,28.54,26.811,100.0,83.333,83.333,True
2025-07-14 05:00:00,5,36.0,36.0,36.625,11.0,11.0,0.0,0.0,7.0,11.0,49.47,41.727,63.636,63.636,63.636,True
2025-07-14 06:00:00,6,40.0,40.0,40.015,27.0,25.0,2.0,1.0,23.0,26.0,45.399,47.558,92.0,88.462,85.185,True
2025-07-14 07:00:00,7,35.0,35.0,35.173,323.0,276.0,47.0,15.0,229.0,291.0,40.544,34.913,82.971,78.694,70.898,True
2025-07-14 08:00:00,8,40.0,40.0,40.562,423.0,377.0,46.0,22.0,300.0,399.0,44.505,40.412,79.576,75.188,70.922,True
2025-07-14 09:00:00,9,28.0,28.0,28.274,363.0,340.0,23.0,7.0,331.0,347.0,28.741,26.633,97.353,95.389,91.185,True
2025-07-14 10:00:00,10,21.0,21.0,21.845,367.0,354.0,13.0,6.0,353.0,360.0,23.008,21.45,99.718,98.056,96.185,True
2025-07-14 11:00:00,11,21.0,21.0,21.088,514.0,493.0,21.0,12.0,492.0,505.0,21.798,20.723,99.797,97.426,95.72,True
2025-07-14 12:00:00,12,21.0,21.0,21.117,595.0,575.0,19.0,12.0,575.0,588.0,21.563,20.589,100.0,97.789,96.639,True
2025-07-14 13:00:00,13,21.0,21.0,21.305,553.0,527.0,25.0,15.0,526.0,543.0,21.77,20.687,99.81,96.869,95.118,True
2025-07-14 14:00:00,14,34.0,34.0,34.837,761.0,667.0,93.0,65.0,581.0,733.0,35.634,29.42,87.106,79.263,76.347,True
2025-07-14 15:00:00,15,62.0,62.0,62.893,792.0,633.0,158.0,127.0,342.0,761.0,64.593,55.227,54.028,44.941,43.182,True
2025-07-14 16:00:00,16,75.0,75.0,75.13,314.0,236.0,78.0,64.0,91.0,300.0,77.32,72.639,38.559,30.333,28.981,True
2025-07-14 17:00:00,17,67.0,67.0,67.528,200.0,137.0,63.0,45.0,71.0,182.0,68.442,54.577,51.825,39.011,35.5,True
2025-07-14 18:00:00,18,51.0,51.0,51.532,100.0,76.0,24.0,23.0,52.0,99.0,52.783,36.156,68.421,52.525,52.0,True
2025-07-14 19:00:00,19,56.0,56.0,56.364,73.0,52.0,21.0,18.0,29.0,70.0,58.809,54.358,55.769,41.429,39.726,True
2025-07-14 20:00:00,20,74.0,74.0,74.667,35.0,27.0,8.0,7.0,11.0,34.0,74.874,82.383,40.741,32.353,31.429,True
2025-07-14 21:00:00,21,64.0,64.0,64.25,28.0,20.0,8.0,8.0,7.0,28.0,64.404,62.344,35.0,25.0,25.0,True
2025-07-14 22:00:00,22,39.0,39.0,39.5,14.0,12.0,2.0,2.0,12.0,14.0,40.04,42.619,100.0,85.714,85.714,True
2025-07-14 23:00:00,23,26.0,26.0,26.25,5.0,4.0,1.0,0.0,4.0,4.0,26.988,26.258,100.0,100.0,80.0,True
2025-07-15 00:00:00,0,40.0,40.0,40.333,5.0,3.0,2.0,2.0,3.0,5.0,40.317,43.387,100.0,60.0,60.0,True
2025-07-15 01:00:00,1,36.0,36.0,36.667,3.0,3.0,0.0,0.0,3.0,3.0,37.576,38.366,100.0,100.0,100.0,True
2025-07-15 02:00:00,2,28.0,28.0,28.5,2.0,2.0,0.0,0.0,2.0,2.0,29.225,29.225,100.0,100.0,100.0,True
2025-07-15 03:00:00,3,22.0,22.0,22.2,5.0,5.0,0.0,0.0,5.0,5.0,22.539,18.353,100.0,100.0,100.0,True
2025-07-15 04:00:00,4,20.0,20.0,20.25,15.0,13.0,2.0,1.0,10.0,14.0,35.36,26.904,76.923,71.429,66.667,True
2025-07-15 05:00:00,5,47.0,47.0,47.235,14.0,10.0,4.0,2.0,6.0,12.0,45.23,35.657,60.0,50.0,42.857,True
2025-07-15 06:00:00,6,34.0,34.0,34.925,35.0,34.0,1.0,0.0,33.0,34.0,35.068,32.857,97.059,97.059,94.286,True
2025-07-15 07:00:00,7,33.0,33.0,33.258,308.0,250.0,58.0,19.0,221.0,269.0,37.321,32.858,88.4,82.156,71.753,True
2025-07-15 08:00:00,8,40.0,40.0,40.718,426.0,379.0,47.0,26.0,287.0,405.0,45.374,40.847,75.726,70.864,67.371,True
2025-07-15 09:00:00,9,27.0,27.0,27.373,323.0,305.0,18.0,9.0,300.0,314.0,28.014,25.801,98.361,95.541,92.879,True
2025-07-15 10:00:00,10,21.0,21.0,21.1,419.0,384.0,35.0,16.0,384.0,400.0,21.324,19.881,100.0,96.0,91.647,True
2025-07-15 11:00:00,11,21.0,21.0,21.59,514.0,499.0,15.0,7.0,497.0,506.0,22.182,21.427,99.599,98.221,96.693,True
2025-07-15 12:00:00,12,21.0,21.0,21.9,603.0,577.0,26.0,16.0,576.0,593.0,22.392,21.366,99.827,97.133,95.522,True
2025-07-15 13:00:00,13,21.0,21.0,21.25,548.0,512.0,36.0,20.0,512.0,532.0,21.758,20.363,100.0,96.241,93.431,True
2025-07-15 14:00:00,14,31.0,31.0,31.782,758.0,684.0,73.0,47.0,633.0,732.0,32.644,28.603,92.544,86.475,83.509,True
2025-07-15 15:00:00,15,49.0,49.0,49.418,625.0,522.0,102.0,75.0,345.0,598.0,51.112,45.554,66.092,57.692,55.2,True
2025-07-15 16:00:00,16,50.0,50.0,50.507,349.0,275.0,74.0,46.0,180.0,321.0,51.657,47.506,65.455,56.075,51.576,True
2025-07-15 17:00:00,17,38.0,38.0,38.152,195.0,171.0,24.0,10.0,149.0,181.0,38.598,31.921,87.135,82.32,76.41,True
2025-07-15 18:00:00,18,31.0,31.0,31.589,95.0,85.0,10.0,6.0,81.0,91.0,32.669,31.771,95.294,89.011,85.263,True
2025-07-15 19:00:00,19,27.0,27.0,27.2,81.0,73.0,8.0,1.0,72.0,74.0,27.74,26.004,98.63,97.297,88.889,True
2025-07-15 20:00:00,20,39.0,39.0,39.545,61.0,54.0,7.0,7.0,48.0,61.0,40.054,37.587,88.889,78.689,78.689,True
2025-07-15 21:00:00,21,40.0,40.0,40.815,35.0,27.0,8.0,6.0,25.0,33.0,40.995,40.127,92.593,75.758,71.429,True
2025-07-15 22:00:00,22,31.0,31.0,31.188,17.0,15.0,2.0,2.0,13.0,17.0,33.545,27.246,86.667,76.471,76.471,True
2025-07-15 23:00:00,23,25.0,24.0,24.556,10.0,9.0,1.0,1.0,9.0,10.0,24.717,21.74,100.0,90.0,90.0,False
2025-07-16 00:00:00,0,35.0,35.0,35.429,8.0,7.0,1.0,0.0,6.0,7.0,35.552,25.712,85.714,85.714,75.0,True
2025-07-16 01:00:00,1,40.0,34.0,34.4,5.0,5.0,0.0,0.0,5.0,5.0,35.2,31.741,100.0,100.0,100.0,False
2025-07-16 02:00:00,2,16.0,16.0,16.0,3.0,3.0,0.0,0.0,3.0,3.0,17.77,18.564,100.0,100.0,100.0,True
2025-07-16 03:00:00,3,25.0,25.0,25.889,9.0,9.0,0.0,0.0,9.0,9.0,26.209,24.566,100.0,100.0,100.0,True
2025-07-16 04:00:00,4,26.0,26.0,26.273,8.0,8.0,0.0,0.0,7.0,8.0,35.872,31.092,87.5,87.5,87.5,True
2025-07-16 05:00:00,5,37.0,37.0,37.192,17.0,14.0,3.0,2.0,10.0,16.0,47.88,46.98,71.429,62.5,58.824,True
2025-07-16 06:00:00,6,38.0,38.0,38.108,32.0,25.0,7.0,0.0,22.0,25.0,43.146,45.796,88.0,88.0,68.75,True
2025-07-16 07:00:00,7,34.0,34.0,34.911,335.0,283.0,51.0,24.0,251.0,308.0,39.954,36.778,88.693,81.494,74.925,True
2025-07-16 08:00:00,8,42.0,42.0,42.651,407.0,352.0,55.0,38.0,257.0,390.0,48.495,47.587,73.011,65.897,63.145,True
2025-07-16 09:00:00,9,29.0,29.0,29.929,366.0,324.0,42.0,25.0,314.0,349.0,30.33,28.908,96.914,89.971,85.792,True
2025-07-16 10:00:00,10,20.0,20.0,20.749,402.0,375.0,27.0,16.0,375.0,391.0,21.39,19.975,100.0,95.908,93.284,True
2025-07-16 11:00:00,11,22.0,22.0,22.538,561.0,528.0,33.0,15.0,525.0,543.0,23.059,21.529,99.432,96.685,93.583,True
2025-07-16 12:00:00,12,21.0,21.0,21.595,578.0,542.0,36.0,18.0,542.0,560.0,22.033,20.825,100.0,96.786,93.772,True
2025-07-16 13:00:00,13,20.0,20.0,20.755,546.0,509.0,36.0,16.0,509.0,526.0,21.303,20.573,100.0,96.768,93.223,True
2025-07-16 14:00:00,14,34.0,34.0,34.051,785.0,707.0,76.0,50.0,620.0,759.0,34.935,28.749,87.694,81.686,78.981,True
2025-07-16 15:00:00,15,59.0,59.0,59.218,727.0,579.0,148.0,95.0,308.0,674.0,61.173,57.03,53.195,45.697,42.366,True
2025-07-16 16:00:00,16,75.0,75.0,75.372,393.0,295.0,97.0,75.0,117.0,371.0,77.273,75.47,39.661,31.536,29.771,True
2025-07-16 17:00:00,17,66.0,66.0,66.718,199.0,149.0,50.0,36.0,73.0,185.0,69.529,60.157,48.993,39.459,36.683,True
2025-07-16 18:00:00,18,64.0,63.0,63.547,104.0,80.0,24.0,19.0,41.0,99.0,65.835,58.543,51.25,41.414,39.423,False
2025-07-16 19:00:00,19,83.0,83.0,83.8,88.0,59.0,29.0,22.0,17.0,81.0,83.88,85.468,28.814,20.988,19.318,True
2025-07-16 20:00:00,20,106.0,106.0,106.758,53.0,34.0,19.0,17.0,5.0,51.0,106.186,107.54,14.706,9.804,9.434,True
2025-07-16 21:00:00,21,79.0,79.0,79.0,26.0,14.0,12.0,12.0,2.0,26.0,85.061,80.772,14.286,7.692,7.692,True
2025-07-16 22:00:00,22,45.0,49.0,49.7,14.0,9.0,5.0,1.0,5.0,10.0,55.607,59.317,55.556,50.0,35.714,False
2025-07-16 23:00:00,23,49.0,49.0,49.0,6.0,6.0,0.0,0.0,6.0,6.0,49.225,53.375,100.0,100.0,100.0,True
2025-07-17 00:00:00,0,30.0,30.0,30.333,4.0,3.0,1.0,1.0,3.0,4.0,30.685,30.414,100.0,75.0,75.0,True
2025-07-17 02:00:00,2,23.0,23.0,23.333,2.0,2.0,0.0,0.0,2.0,2.0,25.131,25.131,100.0,100.0,100.0,True
2025-07-17 03:00:00,3,14.0,14.0,14.0,1.0,1.0,0.0,0.0,1.0,1.0,15.595,15.595,100.0,100.0,100.0,True
2025-07-17 04:00:00,4,25.0,25.0,25.059,13.0,12.0,1.0,1.0,10.0,13.0,33.635,27.235,83.333,76.923,76.923,True
2025-07-17 05:00:00,5,46.0,46.0,46.0,17.0,17.0,0.0,0.0,12.0,17.0,46.497,37.568,70.588,70.588,70.588,True
2025-07-17 06:00:00,6,43.0,43.0,43.178,52.0,43.0,9.0,4.0,36.0,47.0,44.51,43.387,83.721,76.596,69.231,True
2025-07-17 07:00:00,7,46.0,46.0,46.624,391.0,309.0,81.0,47.0,201.0,357.0,55.643,50.218,65.049,56.303,51.407,True
2025-07-17 08:00:00,8,55.0,55.0,55.486,426.0,346.0,80.0,48.0,177.0,394.0,63.041,59.62,51.156,44.924,41.549,True
2025-07-17 09:00:00,9,41.0,41.0,41.235,294.0,233.0,61.0,36.0,194.0,269.0,41.835,36.837,83.262,72.119,65.986,True
2025-07-17 10:00:00,10,21.0,21.0,21.064,302.0,273.0,28.0,15.0,273.0,289.0,21.412,20.643,100.0,94.464,90.397,True
2025-07-17 11:00:00,11,20.0,20.0,20.172,452.0,427.0,25.0,14.0,427.0,441.0,20.577,20.236,100.0,96.825,94.469,True
2025-07-17 12:00:00,12,20.0,20.0,20.212,505.0,481.0,24.0,8.0,480.0,489.0,20.487,19.644,99.792,98.16,95.05,True
2025-07-17 13:00:00,13,21.0,21.0,21.825,534.0,491.0,42.0,24.0,489.0,516.0,22.207,21.12,99.593,94.767,91.573,True
2025-07-17 14:00:00,14,30.0,30.0,30.014,644.0,553.0,90.0,52.0,527.0,606.0,30.651,27.659,95.298,86.964,81.832,True
2025-07-17 15:00:00,15,41.0,41.0,41.981,628.0,503.0,124.0,71.0,395.0,575.0,42.994,36.963,78.529,68.696,62.898,True
2025-07-17 16:00:00,16,45.0,45.0,45.565,362.0,290.0,72.0,41.0,218.0,331.0,46.477,38.213,75.172,65.861,60.221,True
2025-07-17 17:00:00,17,40.0,40.0,40.971,238.0,196.0,42.0,22.0,158.0,218.0,41.422,34.282,80.612,72.477,66.387,True
2025-07-17 18:00:00,18,34.0,35.0,35.035,100.0,84.0,16.0,11.0,76.0,95.0,35.878,34.038,90.476,80.0,76.0,False
2025-07-17 19:00:00,19,31.0,31.0,31.299,77.0,65.0,12.0,6.0,62.0,71.0,31.717,27.118,95.385,87.324,80.519,True
2025-07-17 20:00:00,20,43.0,43.0,43.442,70.0,51.0,19.0,15.0,40.0,66.0,44.145,42.49,78.431,60.606,57.143,True
2025-07-17 21:00:00,21,49.0,49.0,49.579,30.0,19.0,11.0,9.0,15.0,28.0,49.708,46.368,78.947,53.571,50.0,True
2025-07-17 22:00:00,22,30.0,30.0,30.857,10.0,7.0,3.0,1.0,7.0,8.0,31.281,33.29,100.0,87.5,70.0,True
2025-07-17 23:00:00,23,22.0,22.0,22.714,9.0,7.0,2.0,2.0,7.0,9.0,22.815,18.195,100.0,77.778,77.778,True
2025-07-18 00:00:00,0,28.0,28.0,28.667,5.0,3.0,2.0,2.0,3.0,5.0,29.216,30.283,100.0,60.0,60.0,True
2025-07-18 01:00:00,1,16.0,16.0,16.5,3.0,2.0,1.0,0.0,2.0,2.0,17.747,17.747,100.0,100.0,66.667,True
2025-07-18 02:00:00,2,24.0,24.0,24.714,6.0,6.0,0.0,0.0,6.0,6.0,27.456,29.624,100.0,100.0,100.0,True
2025-07-18 03:00:00,3,31.0,31.0,31.0,7.0,6.0,1.0,1.0,6.0,7.0,31.409,28.976,100.0,85.714,85.714,True
2025-07-18 04:00:00,4,19.0,19.0,19.9,7.0,7.0,0.0,0.0,7.0,7.0,27.889,24.818,100.0,100.0,100.0,True
2025-07-18 05:00:00,5,35.0,35.0,35.304,16.0,13.0,3.0,3.0,8.0,16.0,47.439,55.216,61.538,50.0,50.0,True
2025-07-18 06:00:00,6,32.0,32.0,32.738,31.0,27.0,4.0,2.0,26.0,29.0,34.622,33.238,96.296,89.655,83.871,True
2025-07-18 07:00:00,7,33.0,33.0,33.357,308.0,256.0,52.0,23.0,218.0,279.0,37.776,31.968,85.156,78.136,70.779,True
2025-07-18 08:00:00,8,43.0,43.0,43.831,512.0,436.0,76.0,44.0,316.0,480.0,47.962,43.864,72.477,65.833,61.719,True
2025-07-18 09:00:00,9,36.0,36.0,36.858,361.0,318.0,43.0,23.0,287.0,341.0,37.202,33.232,90.252,84.164,79.501,True
2025-07-18 10:00:00,10,24.0,24.0,24.33,418.0,382.0,35.0,20.0,379.0,403.0,25.294,24.153,99.215,94.045,90.67,True
2025-07-18 11:00:00,11,23.0,23.0,23.962,516.0,486.0,30.0,17.0,483.0,503.0,24.535,22.619,99.383,96.024,93.605,True
2025-07-18 12:00:00,12,22.0,22.0,22.882,578.0,541.0,35.0,26.0,539.0,569.0,23.344,22.054,99.63,94.728,93.253,True
2025-07-18 13:00:00,13,21.0,21.0,21.754,488.0,465.0,23.0,10.0,464.0,475.0,22.056,20.513,99.785,97.684,95.082,True
2025-07-18 14:00:00,14,29.0,29.0,29.756,679.0,594.0,85.0,51.0,553.0,645.0,30.496,27.081,93.098,85.736,81.443,True
2025-07-18 15:00:00,15,48.0,48.0,48.057,650.0,537.0,113.0,74.0,381.0,611.0,49.389,45.101,70.95,62.357,58.615,True
2025-07-18 16:00:00,16,62.0,62.0,62.979,337.0,269.0,68.0,47.0,141.0,316.0,64.313,57.876,52.416,44.62,41.84,True
2025-07-18 17:00:00,17,48.0,48.0,48.89,185.0,145.0,40.0,29.0,109.0,174.0,48.486,39.334,75.172,62.644,58.919,True
2025-07-18 18:00:00,18,39.0,40.0,40.161,111.0,91.0,20.0,9.0,77.0,100.0,41.338,32.779,84.615,77.0,69.369,False
2025-07-18 19:00:00,19,56.0,56.0,56.899,84.0,68.0,16.0,12.0,41.0,80.0,57.285,46.015,60.294,51.25,48.81,True
2025-07-18 20:00:00,20,96.0,96.0,96.811,52.0,37.0,15.0,15.0,9.0,52.0,97.217,105.217,24.324,17.308,17.308,True
2025-07-18 21:00:00,21,124.0,124.0,124.333,29.0,15.0,14.0,14.0,1.0,29.0,124.844,137.4,6.667,3.448,3.448,True
2025-07-18 22:00:00,22,112.0,112.0,112.111,21.0,9.0,12.0,11.0,1.0,20.0,113.092,114.243,11.111,5.0,4.762,True
2025-07-18 23:00:00,23,100.0,100.0,100.778,15.0,9.0,6.0,5.0,2.0,14.0,100.662,113.132,22.222,14.286,13.333,True
2025-07-19 00:00:00,0,96.0,96.0,96.8,12.0,5.0,7.0,6.0,1.0,11.0,97.108,90.605,20.0,9.091,8.333,True
2025-07-19 01:00:00,1,119.0,119.0,119.0,3.0,2.0,1.0,1.0,0.0,3.0,119.615,119.615,0.0,0.0,0.0,True
2025-07-19 02:00:00,2,39.0,39.0,39.5,7.0,2.0,5.0,4.0,2.0,6.0,40.411,40.411,100.0,33.333,28.571,True
2025-07-19 03:00:00,3,55.0,55.0,55.0,3.0,3.0,0.0,0.0,2.0,3.0,55.089,59.359,66.667,66.667,66.667,True
2025-07-19 04:00:00,4,32.0,32.0,32.467,12.0,10.0,2.0,2.0,9.0,12.0,47.389,37.547,90.0,75.0,75.0,True
2025-07-19 05:00:00,5,45.0,45.0,45.4,12.0,11.0,1.0,1.0,7.0,12.0,49.44,30.705,63.636,58.333,58.333,True
2025-07-19 06:00:00,6,54.0,54.0,54.321,22.0,21.0,1.0,1.0,13.0,22.0,50.013,52.667,61.905,59.091,59.091,True
2025-07-19 07:00:00,7,31.0,31.0,31.416,55.0,42.0,13.0,2.0,40.0,44.0,31.91,27.757,95.238,90.909,72.727,True
2025-07-19 08:00:00,8,28.0,28.0,28.597,165.0,146.0,19.0,11.0,141.0,157.0,30.731,27.48,96.575,89.809,85.455,True
2025-07-19 09:00:00,9,37.0,37.0,37.536,223.0,187.0,35.0,28.0,155.0,216.0,38.589,31.576,82.888,71.759,69.507,True
2025-07-19 10:00:00,10,44.0,44.0,44.742,225.0,184.0,41.0,37.0,132.0,221.0,49.273,44.764,71.739,59.729,58.667,True
2025-07-19 11:00:00,11,53.0,53.0,53.849,272.0,215.0,57.0,41.0,129.0,256.0,54.407,53.387,60.0,50.391,47.426,True
2025-07-19 12:00:00,12,41.0,41.0,41.906,227.0,178.0,49.0,34.0,143.0,212.0,43.305,42.028,80.337,67.453,62.996,True
2025-07-19 13:00:00,13,33.0,33.0,33.178,167.0,150.0,17.0,15.0,143.0,165.0,34.194,31.766,95.333,86.667,85.629,True
2025-07-19 14:00:00,14,29.0,29.0,29.791,150.0,134.0,16.0,8.0,132.0,142.0,30.577,29.585,98.507,92.958,88.0,True
2025-07-19 15:00:00,15,32.0,32.0,32.386,166.0,146.0,20.0,9.0,134.0,155.0,34.126,30.78,91.781,86.452,80.723,True
2025-07-19 16:00:00,16,44.0,44.0,44.992,158.0,122.0,36.0,29.0,87.0,151.0,46.986,40.769,71.311,57.616,55.063,True
2025-07-19 17:00:00,17,50.0,50.0,50.565,104.0,83.0,21.0,19.0,56.0,102.0,51.653,47.468,67.47,54.902,53.846,True
2025-07-19 18:00:00,18,44.0,43.0,43.731,78.0,68.0,10.0,7.0,54.0,75.0,44.322,37.985,79.412,72.0,69.231,False
2025-07-19 19:00:00,19,26.0,26.0,26.844,47.0,41.0,6.0,2.0,41.0,43.0,28.183,26.128,100.0,95.349,87.234,True
2025-07-19 20:00:00,20,35.0,35.0,35.568,54.0,42.0,12.0,9.0,40.0,51.0,36.082,33.769,95.238,78.431,74.074,True
2025-07-19 21:00:00,21,37.0,37.0,37.72,31.0,26.0,5.0,4.0,23.0,30.0,38.733,35.42,88.462,76.667,74.194,True
2025-07-19 22:00:00,22,36.0,36.0,36.4,17.0,13.0,4.0,4.0,12.0,17.0,38.07,40.224,92.308,70.588,70.588,True
2025-07-19 23:00:00,23,38.0,38.0,38.556,10.0,9.0,1.0,1.0,9.0,10.0,39.142,39.647,100.0,90.0,90.0,True
2025-07-20 00:00:00,0,38.0,38.0,38.5,7.0,6.0,1.0,1.0,6.0,7.0,38.762,30.551,100.0,85.714,85.714,True
2025-07-20 01:00:00,1,42.0,42.0,42.333,3.0,2.0,1.0,1.0,2.0,3.0,46.238,46.238,100.0,66.667,66.667,True
2025-07-20 02:00:00,2,23.0,23.0,23.333,3.0,3.0,0.0,0.0,3.0,3.0,24.068,25.467,100.0,100.0,100.0,True
2025-07-20 03:00:00,3,32.0,32.0,32.143,7.0,7.0,0.0,0.0,7.0,7.0,32.649,31.459,100.0,100.0,100.0,True
2025-07-20 04:00:00,4,35.0,35.0,35.727,11.0,10.0,1.0,1.0,9.0,11.0,39.86,33.761,90.0,81.818,81.818,True
2025-07-20 05:00:00,5,32.0,32.0,32.0,6.0,5.0,1.0,1.0,5.0,6.0,32.484,34.463,100.0,83.333,83.333,True
2025-07-20 06:00:00,6,37.0,37.0,37.0,4.0,2.0,2.0,2.0,2.0,4.0,36.015,36.015,100.0,50.0,50.0,True
2025-07-20 07:00:00,7,32.0,32.0,32.198,73.0,65.0,8.0,6.0,61.0,71.0,35.509,32.377,93.846,85.915,83.562,True
2025-07-20 08:00:00,8,36.0,36.0,36.561,181.0,163.0,18.0,10.0,141.0,173.0,39.099,32.509,86.503,81.503,77.901,True
2025-07-20 09:00:00,9,60.0,60.0,60.52,227.0,172.0,55.0,48.0,82.0,220.0,61.838,62.719,47.674,37.273,36.123,True
2025-07-20 10:00:00,10,55.0,55.0,55.098,124.0,96.0,28.0,27.0,37.0,123.0,65.301,65.815,38.542,30.081,29.839,True
2025-07-20 11:00:00,11,39.0,39.0,39.118,118.0,110.0,8.0,8.0,95.0,118.0,39.73,37.489,86.364,80.508,80.508,True
2025-07-20 12:00:00,12,33.0,33.0,33.336,228.0,216.0,12.0,10.0,195.0,226.0,34.215,30.921,90.278,86.283,85.526,True
2025-07-20 13:00:00,13,39.0,39.0,39.243,238.0,214.0,24.0,16.0,183.0,230.0,40.121,34.77,85.514,79.565,76.891,True
2025-07-20 14:00:00,14,44.0,43.0,43.994,192.0,158.0,34.0,24.0,124.0,182.0,44.86,36.087,78.481,68.132,64.583,False
2025-07-20 15:00:00,15,48.0,48.0,48.644,127.0,96.0,31.0,26.0,68.0,122.0,51.406,40.045,70.833,55.738,53.543,True
2025-07-20 16:00:00,16,45.0,45.0,45.407,108.0,87.0,21.0,17.0,67.0,104.0,45.731,36.454,77.011,64.423,62.037,True
2025-07-20 17:00:00,17,42.0,42.0,42.872,99.0,76.0,23.0,18.0,62.0,94.0,43.954,40.063,81.579,65.957,62.626,True
2025-07-20 18:00:00,18,45.0,45.0,45.07,63.0,57.0,6.0,5.0,41.0,62.0,45.354,38.904,71.93,66.129,65.079,True
2025-07-20 19:00:00,19,42.0,42.0,42.605,61.0,41.0,20.0,17.0,34.0,58.0,44.928,37.294,82.927,58.621,55.738,True
2025-07-20 20:00:00,20,88.0,90.0,90.194,50.0,36.0,14.0,12.0,13.0,48.0,90.549,77.051,36.111,27.083,26.0,False
2025-07-20 21:00:00,21,116.0,116.0,116.875,19.0,7.0,12.0,11.0,0.0,18.0,133.819,119.5,0.0,0.0,0.0,True
2025-07-20 22:00:00,22,75.0,75.0,75.333,5.0,3.0,2.0,2.0,1.0,5.0,75.504,69.616,33.333,20.0,20.0,True
2025-07-20 23:00:00,23,60.0,60.0,60.375,9.0,8.0,1.0,0.0,4.0,8.0,61.042,56.323,50.0,50.0,44.444,True
2025-07-21 00:00:00,0,73.0,73.0,73.167,8.0,6.0,2.0,2.0,2.0,8.0,73.968,85.021,33.333,25.0,25.0,True
2025-07-21 03:00:00,3,28.0,28.0,28.5,4.0,4.0,0.0,0.0,4.0,4.0,29.34,24.918,100.0,100.0,100.0,True
2025-07-21 04:00:00,4,30.0,30.0,30.5,12.0,12.0,0.0,0.0,10.0,12.0,35.287,29.889,83.333,83.333,83.333,True
2025-07-21 05:00:00,5,43.0,43.0,43.308,17.0,15.0,2.0,1.0,8.0,16.0,59.949,58.451,53.333,50.0,47.059,True
2025-07-21 06:00:00,6,37.0,37.0,37.0,23.0,20.0,2.0,0.0,17.0,21.0,44.103,45.75,85.0,80.952,73.913,True
2025-07-21 07:00:00,7,35.0,35.0,35.696,331.0,283.0,48.0,19.0,236.0,302.0,42.043,37.546,83.392,78.146,71.299,True
2025-07-21 08:00:00,8,42.0,42.0,42.693,446.0,360.0,86.0,49.0,266.0,409.0,47.826,45.458,73.889,65.037,59.641,True
2025-07-21 09:00:00,9,29.0,29.0,29.371,337.0,306.0,31.0,20.0,295.0,326.0,29.628,27.668,96.405,90.491,87.537,True
2025-07-21 10:00:00,10,20.0,20.0,20.322,400.0,378.0,22.0,9.0,378.0,387.0,20.92,20.181,100.0,97.674,94.5,True
2025-07-21 11:00:00,11,21.0,21.0,21.081,557.0,529.0,28.0,15.0,528.0,544.0,21.765,21.292,99.811,97.059,94.794,True
2025-07-21 12:00:00,12,20.0,20.0,20.478,551.0,521.0,30.0,17.0,520.0,538.0,20.866,20.261,99.808,96.654,94.374,True
2025-07-21 13:00:00,13,20.0,20.0,20.384,550.0,516.0,34.0,21.0,515.0,537.0,20.927,19.887,99.806,95.903,93.636,True
2025-07-21 14:00:00,14,29.0,29.0,29.799,729.0,652.0,75.0,48.0,609.0,702.0,30.508,26.387,93.405,86.752,83.539,True
2025-07-21 15:00:00,15,46.0,46.0,46.211,673.0,555.0,116.0,81.0,390.0,638.0,47.268,41.892,70.27,61.129,57.949,True
2025-07-21 16:00:00,16,52.0,52.0,52.025,348.0,272.0,76.0,41.0,172.0,313.0,52.937,51.219,63.235,54.952,49.425,True
2025-07-21 17:00:00,17,42.0,42.0,42.224,204.0,170.0,34.0,24.0,133.0,194.0,42.625,35.938,78.235,68.557,65.196,True
2025-07-21 18:00:00,18,30.0,30.0,30.66,111.0,100.0,11.0,5.0,93.0,105.0,31.131,28.227,93.0,88.571,83.784,True
2025-07-21 19:00:00,19,27.0,27.0,27.255,57.0,45.0,12.0,7.0,45.0,52.0,27.675,26.036,100.0,86.538,78.947,True
2025-07-21 20:00:00,20,27.0,27.0,27.878,43.0,40.0,3.0,3.0,40.0,43.0,28.193,28.31,100.0,93.023,93.023,True
2025-07-21 21:00:00,21,27.0,27.0,27.435,27.0,23.0,4.0,3.0,23.0,26.0,27.83,28.429,100.0,88.462,85.185,True
2025-07-21 22:00:00,22,31.0,30.0,30.688,16.0,15.0,1.0,1.0,14.0,16.0,32.994,30.338,93.333,87.5,87.5,False
2025-07-21 23:00:00,23,25.0,25.0,25.5,12.0,10.0,2.0,1.0,10.0,11.0,25.906,26.338,100.0,90.909,83.333,True
2025-07-22 00:00:00,0,58.0,58.0,58.5,3.0,2.0,1.0,1.0,1.0,3.0,58.874,58.874,50.0,33.333,33.333,True
2025-07-22 01:00:00,1,23.0,23.0,23.0,1.0,1.0,0.0,0.0,1.0,1.0,23.574,23.574,100.0,100.0,100.0,True
2025-07-22 02:00:00,2,25.0,25.0,25.2,5.0,5.0,0.0,0.0,5.0,5.0,25.717,23.371,100.0,100.0,100.0,True
2025-07-22 03:00:00,3,34.0,34.0,34.25,4.0,4.0,0.0,0.0,4.0,4.0,34.852,36.581,100.0,100.0,100.0,True
2025-07-22 04:00:00,4,23.0,23.0,23.412,13.0,12.0,1.0,1.0,11.0,13.0,31.554,28.055,91.667,84.615,84.615,True
2025-07-22 05:00:00,5,35.0,35.0,35.87,17.0,16.0,1.0,0.0,12.0,16.0,37.511,27.903,75.0,75.0,70.588,True
2025-07-22 06:00:00,6,32.0,32.0,32.724,29.0,29.0,0.0,0.0,29.0,29.0,33.535,32.543,100.0,100.0,100.0,True
2025-07-22 07:00:00,7,31.0,31.0,31.939,287.0,239.0,48.0,16.0,214.0,255.0,36.528,32.076,89.54,83.922,74.564,True
2025-07-22 08:00:00,8,41.0,41.0,41.605,441.0,384.0,57.0,31.0,297.0,415.0,46.901,43.415,77.344,71.566,67.347,True
2025-07-22 09:00:00,9,35.0,35.0,35.413,359.0,328.0,31.0,17.0,307.0,345.0,36.1,33.185,93.598,88.986,85.515,True
2025-07-22 10:00:00,10,22.0,22.0,22.457,372.0,347.0,25.0,14.0,344.0,361.0,23.474,21.931,99.135,95.291,92.473,True
2025-07-22 11:00:00,11,25.0,25.0,25.459,555.0,530.0,25.0,14.0,521.0,544.0,26.08,23.857,98.302,95.772,93.874,True
2025-07-22 12:00:00,12,25.0,25.0,25.675,602.0,562.0,40.0,31.0,558.0,593.0,26.162,24.627,99.288,94.098,92.691,True
2025-07-22 13:00:00,13,22.0,22.0,22.342,604.0,567.0,37.0,19.0,566.0,586.0,22.876,21.281,99.824,96.587,93.709,True
2025-07-22 14:00:00,14,33.0,33.0,33.634,735.0,657.0,78.0,55.0,585.0,712.0,34.435,28.44,89.041,82.163,79.592,True
2025-07-22 15:00:00,15,52.0,52.0,52.091,638.0,530.0,108.0,83.0,352.0,613.0,53.656,47.904,66.415,57.423,55.172,True
2025-07-22 16:00:00,16,55.0,55.0,55.514,343.0,273.0,70.0,51.0,156.0,324.0,56.898,52.612,57.143,48.148,45.481,True
2025-07-22 17:00:00,17,43.0,43.0,43.678,199.0,164.0,34.0,15.0,120.0,180.0,44.745,37.688,73.171,66.667,60.302,True
2025-07-22 18:00:00,18,33.0,33.0,33.5,115.0,98.0,17.0,12.0,95.0,110.0,33.591,31.103,96.939,86.364,82.609,True
2025-07-22 19:00:00,19,29.0,29.0,29.987,82.0,74.0,8.0,4.0,71.0,78.0,30.477,28.926,95.946,91.026,86.585,True
2025-07-22 20:00:00,20,37.0,38.0,38.019,61.0,53.0,8.0,7.0,44.0,60.0,38.219,34.537,83.019,73.333,72.131,False
2025-07-22 21:00:00,21,49.0,49.0,49.139,38.0,34.0,4.0,3.0,22.0,37.0,52.039,47.895,64.706,59.459,57.895,True
2025-07-22 22:00:00,22,39.0,39.0,39.727,14.0,11.0,3.0,3.0,9.0,14.0,39.991,43.284,81.818,64.286,64.286,True
2025-07-22 23:00:00,23,35.0,40.0,40.0,9.0,7.0,2.0,2.0,6.0,9.0,40.071,35.58,85.714,66.667,66.667,False
2025-07-23 00:00:00,0,51.0,51.0,51.2,5.0,5.0,0.0,0.0,3.0,5.0,51.586,49.097,60.0,60.0,60.0,True
2025-07-23 01:00:00,1,29.0,29.0,29.0,1.0,1.0,0.0,0.0,1.0,1.0,28.771,28.771,100.0,100.0,100.0,True
2025-07-23 02:00:00,2,23.0,23.0,23.8,5.0,5.0,0.0,0.0,5.0,5.0,24.191,28.01,100.0,100.0,100.0,True
2025-07-23 03:00:00,3,30.0,30.0,30.0,6.0,6.0,0.0,0.0,6.0,6.0,30.793,30.156,100.0,100.0,100.0,True
2025-07-23 04:00:00,4,18.0,18.0,18.556,7.0,6.0,1.0,1.0,6.0,7.0,22.241,18.239,100.0,85.714,85.714,True
2025-07-23 05:00:00,5,39.0,39.0,39.083,18.0,16.0,2.0,2.0,9.0,18.0,51.524,46.766,56.25,50.0,50.0,True
2025-07-23 06:00:00,6,30.0,30.0,30.544,26.0,23.0,3.0,2.0,22.0,25.0,34.905,32.436,95.652,88.0,84.615,True
2025-07-23 07:00:00,7,28.0,28.0,28.451,236.0,203.0,33.0,17.0,195.0,220.0,31.243,28.951,96.059,88.636,82.627,True
2025-07-23 08:00:00,8,36.0,36.0,36.904,480.0,418.0,61.0,26.0,370.0,445.0,40.466,38.413,88.517,83.146,77.083,True
2025-07-23 09:00:00,9,30.0,30.0,30.591,372.0,348.0,24.0,15.0,341.0,363.0,31.133,29.602,97.989,93.939,91.667,True
2025-07-23 10:00:00,10,22.0,22.0,22.501,385.0,368.0,17.0,9.0,367.0,377.0,23.121,21.768,99.728,97.347,95.325,True
2025-07-23 11:00:00,11,23.0,23.0,23.747,585.0,563.0,22.0,11.0,562.0,574.0,24.235,23.28,99.822,97.909,96.068,True
2025-07-23 12:00:00,12,25.0,25.0,25.502,623.0,602.0,21.0,8.0,593.0,610.0,26.032,24.712,98.505,97.213,95.185,True
2025-07-23 13:00:00,13,23.0,23.0,23.82,538.0,516.0,22.0,10.0,512.0,526.0,24.169,22.653,99.225,97.338,95.167,True
2025-07-23 14:00:00,14,32.0,32.0,32.579,675.0,628.0,47.0,36.0,572.0,664.0,33.292,27.928,91.083,86.145,84.741,True
2025-07-23 15:00:00,15,48.0,48.0,48.779,669.0,567.0,102.0,63.0,392.0,630.0,50.095,44.973,69.136,62.222,58.595,True
2025-07-23 16:00:00,16,55.0,56.0,56.02,375.0,291.0,84.0,55.0,166.0,346.0,57.427,54.083,57.045,47.977,44.267,False
2025-07-23 17:00:00,17,48.0,48.0,48.794,195.0,158.0,37.0,23.0,109.0,181.0,50.14,41.545,68.987,60.221,55.897,True
2025-07-23 18:00:00,18,37.0,37.0,37.535,112.0,97.0,15.0,5.0,82.0,102.0,38.158,31.514,84.536,80.392,73.214,True
2025-07-23 19:00:00,19,33.0,33.0,33.131,74.0,61.0,13.0,7.0,58.0,68.0,33.472,31.529,95.082,85.294,78.378,True
2025-07-23 20:00:00,20,46.0,46.0,46.29,71.0,60.0,11.0,9.0,48.0,69.0,48.056,42.805,80.0,69.565,67.606,True
2025-07-23 21:00:00,21,60.0,61.0,61.533,34.0,30.0,4.0,3.0,14.0,33.0,61.823,61.82,46.667,42.424,41.176,False
2025-07-23 22:00:00,22,45.0,45.0,45.0,12.0,10.0,2.0,2.0,7.0,12.0,45.448,43.326,70.0,58.333,58.333,True
2025-07-23 23:00:00,23,41.0,41.0,41.222,10.0,8.0,2.0,1.0,5.0,9.0,44.908,40.493,62.5,55.556,50.0,True
2025-07-24 00:00:00,0,35.0,35.0,35.0,6.0,5.0,1.0,1.0,5.0,6.0,35.562,37.011,100.0,83.333,83.333,True
2025-07-24 01:00:00,1,20.0,20.0,20.0,1.0,1.0,0.0,0.0,1.0,1.0,38.702,38.702,100.0,100.0,100.0,True
2025-07-24 02:00:00,2,26.0,26.0,26.0,3.0,2.0,1.0,0.0,2.0,2.0,25.952,25.952,100.0,100.0,66.667,True
2025-07-24 03:00:00,3,20.0,20.0,20.6,7.0,5.0,2.0,1.0,5.0,6.0,21.198,18.467,100.0,83.333,71.429,True
2025-07-24 04:00:00,4,27.0,27.0,27.353,14.0,11.0,3.0,2.0,10.0,13.0,38.312,31.596,90.909,76.923,71.429,True
2025-07-24 05:00:00,5,39.0,39.0,39.5,22.0,17.0,5.0,4.0,12.0,21.0,45.443,33.144,70.588,57.143,54.545,True
2025-07-24 06:00:00,6,36.0,36.0,36.357,34.0,32.0,2.0,2.0,28.0,34.0,35.65,32.504,87.5,82.353,82.353,True
2025-07-24 07:00:00,7,30.0,30.0,30.116,239.0,200.0,39.0,11.0,181.0,211.0,34.717,30.659,90.5,85.782,75.732,True
2025-07-24 08:00:00,8,37.0,37.0,37.146,475.0,418.0,55.0,27.0,349.0,447.0,40.396,36.016,83.493,78.076,73.474,True
2025-07-24 09:00:00,9,31.0,31.0,31.485,341.0,313.0,27.0,18.0,298.0,332.0,31.892,29.102,95.208,89.759,87.39,True
2025-07-24 10:00:00,10,22.0,22.0,22.982,402.0,372.0,29.0,21.0,371.0,394.0,23.852,23.379,99.731,94.162,92.289,True
2025-07-24 11:00:00,11,24.0,24.0,24.735,571.0,535.0,36.0,21.0,531.0,556.0,25.322,24.515,99.252,95.504,92.995,True
2025-07-24 12:00:00,12,24.0,24.0,24.207,607.0,579.0,28.0,18.0,578.0,597.0,24.57,23.565,99.827,96.817,95.222,True
2025-07-24 13:00:00,13,21.0,21.0,21.55,523.0,501.0,21.0,13.0,500.0,515.0,22.046,21.176,99.8,97.087,95.602,True
2025-07-24 14:00:00,14,26.0,26.0,26.201,646.0,582.0,63.0,43.0,567.0,626.0,26.885,24.193,97.423,90.575,87.771,True
2025-07-24 15:00:00,15,40.0,40.0,40.814,634.0,519.0,114.0,68.0,424.0,588.0,41.637,35.451,81.696,72.109,66.877,True
2025-07-24 16:00:00,16,45.0,45.0,45.795,403.0,321.0,82.0,56.0,231.0,377.0,46.877,39.755,71.963,61.273,57.32,True
2025-07-24 17:00:00,17,41.0,41.0,41.503,221.0,179.0,42.0,25.0,144.0,204.0,41.908,34.344,80.447,70.588,65.158,True
2025-07-24 18:00:00,18,35.0,35.0,35.25,105.0,89.0,16.0,9.0,74.0,98.0,36.463,30.038,83.146,75.51,70.476,True
2025-07-24 19:00:00,19,29.0,29.0,29.122,86.0,79.0,7.0,4.0,77.0,83.0,28.665,27.247,97.468,92.771,89.535,True
2025-07-24 20:00:00,20,44.0,44.0,44.472,63.0,50.0,13.0,12.0,38.0,62.0,46.826,41.835,76.0,61.29,60.317,True
2025-07-24 21:00:00,21,57.0,56.0,56.129,38.0,30.0,8.0,8.0,18.0,38.0,57.475,46.011,60.0,47.368,47.368,False
2025-07-24 22:00:00,22,28.0,28.0,28.5,7.0,6.0,1.0,1.0,6.0,7.0,28.823,25.645,100.0,85.714,85.714,True
2025-07-24 23:00:00,23,40.0,40.0,40.273,13.0,11.0,2.0,2.0,10.0,13.0,40.925,42.595,90.909,76.923,76.923,True
2025-07-25 00:00:00,0,52.0,52.0,52.0,8.0,6.0,2.0,2.0,4.0,8.0,53.15,51.901,66.667,50.0,50.0,True
2025-07-25 01:00:00,1,31.0,31.0,31.5,1.0,1.0,0.0,0.0,1.0,1.0,33.199,33.199,100.0,100.0,100.0,True
2025-07-25 02:00:00,2,31.0,31.0,31.0,3.0,3.0,0.0,0.0,3.0,3.0,25.631,24.687,100.0,100.0,100.0,True
2025-07-25 03:00:00,3,28.0,28.0,28.2,10.0,10.0,0.0,0.0,10.0,10.0,29.075,25.053,100.0,100.0,100.0,True
2025-07-25 04:00:00,4,23.0,23.0,23.3,9.0,8.0,1.0,1.0,8.0,9.0,28.006,21.905,100.0,88.889,88.889,True
2025-07-25 05:00:00,5,30.0,30.0,30.478,16.0,14.0,2.0,0.0,10.0,14.0,39.106,25.157,71.429,71.429,62.5,True
2025-07-25 06:00:00,6,30.0,30.0,30.0,22.0,19.0,3.0,3.0,17.0,22.0,35.624,30.239,89.474,77.273,77.273,True
2025-07-25 07:00:00,7,29.0,29.0,29.66,253.0,221.0,32.0,13.0,206.0,234.0,33.191,29.828,93.213,88.034,81.423,True
2025-07-25 08:00:00,8,37.0,37.0,37.703,474.0,407.0,67.0,33.0,352.0,440.0,41.392,39.512,86.486,80.0,74.262,True
2025-07-25 09:00:00,9,33.0,33.0,33.66,381.0,351.0,30.0,19.0,341.0,370.0,34.231,32.648,97.151,92.162,89.501,True
2025-07-25 10:00:00,10,24.0,24.0,24.719,413.0,385.0,28.0,9.0,380.0,394.0,25.771,23.5,98.701,96.447,92.01,True
2025-07-25 11:00:00,11,27.0,27.0,27.745,627.0,598.0,29.0,16.0,579.0,614.0,28.458,26.503,96.823,94.3,92.344,True
2025-07-25 12:00:00,12,28.0,28.0,28.282,592.0,542.0,50.0,32.0,530.0,574.0,28.799,26.561,97.786,92.334,89.527,True
2025-07-25 13:00:00,13,24.0,24.0,24.561,552.0,515.0,36.0,23.0,508.0,539.0,25.005,23.856,98.641,94.249,92.029,True
2025-07-25 14:00:00,14,34.0,34.0,34.931,652.0,571.0,81.0,49.0,496.0,620.0,36.024,29.557,86.865,80.0,76.074,True
2025-07-25 15:00:00,15,56.0,56.0,56.837,627.0,514.0,113.0,89.0,305.0,603.0,58.634,50.992,59.339,50.58,48.644,True
2025-07-25 16:00:00,16,70.0,69.0,69.949,341.0,245.0,96.0,73.0,111.0,318.0,71.409,64.919,45.306,34.906,32.551,False
2025-07-25 17:00:00,17,61.0,61.0,61.518,181.0,129.0,52.0,39.0,73.0,168.0,62.74,51.642,56.589,43.452,40.331,True
2025-07-25 18:00:00,18,51.0,51.0,51.523,114.0,86.0,28.0,25.0,52.0,111.0,54.064,50.36,60.465,46.847,45.614,True
2025-07-25 19:00:00,19,54.0,54.0,54.87,70.0,43.0,27.0,22.0,23.0,65.0,54.256,51.065,53.488,35.385,32.857,True
2025-07-25 20:00:00,20,61.0,61.0,61.061,76.0,47.0,29.0,22.0,24.0,69.0,64.053,57.292,51.064,34.783,31.579,True
2025-07-25 21:00:00,21,62.0,62.0,62.923,39.0,26.0,13.0,9.0,17.0,35.0,63.21,53.04,65.385,48.571,43.59,True
2025-07-25 22:00:00,22,64.0,65.0,65.882,23.0,16.0,7.0,5.0,9.0,21.0,70.165,56.928,56.25,42.857,39.13,False
2025-07-25 23:00:00,23,74.0,74.0,74.143,19.0,14.0,5.0,5.0,5.0,19.0,74.638,68.158,35.714,26.316,26.316,True
2025-07-26 00:00:00,0,47.0,47.0,47.333,4.0,3.0,1.0,1.0,2.0,4.0,47.272,55.933,66.667,50.0,50.0,True
2025-07-26 01:00:00,1,62.0,62.0,62.8,8.0,5.0,3.0,0.0,3.0,5.0,63.69,53.765,60.0,60.0,37.5,True
2025-07-26 02:00:00,2,40.0,40.0,40.429,9.0,6.0,3.0,3.0,5.0,9.0,44.697,42.199,83.333,55.556,55.556,True
2025-07-26 03:00:00,3,45.0,45.0,45.0,3.0,2.0,1.0,0.0,2.0,2.0,53.912,53.912,100.0,100.0,66.667,True
2025-07-26 04:00:00,4,26.0,26.0,26.5,12.0,11.0,1.0,1.0,11.0,12.0,31.749,30.575,100.0,91.667,91.667,True
2025-07-26 05:00:00,5,40.0,40.0,40.583,14.0,11.0,3.0,3.0,9.0,14.0,40.967,29.273,81.818,64.286,64.286,True
2025-07-26 06:00:00,6,53.0,53.0,53.318,16.0,14.0,2.0,2.0,8.0,16.0,51.832,49.497,57.143,50.0,50.0,True
2025-07-26 07:00:00,7,37.0,37.0,37.064,73.0,57.0,16.0,11.0,49.0,68.0,41.247,38.428,85.965,72.059,67.123,True
2025-07-26 08:00:00,8,29.0,29.0,29.97,152.0,135.0,17.0,12.0,127.0,147.0,32.463,29.323,94.074,86.395,83.553,True
2025-07-26 09:00:00,9,41.0,41.0,41.968,230.0,183.0,46.0,32.0,152.0,216.0,42.944,36.927,83.06,70.37,66.087,True
2025-07-26 10:00:00,10,51.0,51.0,51.153,231.0,176.0,55.0,48.0,106.0,224.0,56.895,51.793,60.227,47.321,45.887,True
2025-07-26 11:00:00,11,59.0,59.0,59.127,274.0,222.0,52.0,43.0,121.0,265.0,60.615,58.446,54.505,45.66,44.161,True
2025-07-26 12:00:00,12,44.0,44.0,44.711,215.0,177.0,38.0,26.0,139.0,203.0,46.901,45.376,78.531,68.473,64.651,True
2025-07-26 13:00:00,13,37.0,37.0,37.188,208.0,177.0,31.0,12.0,162.0,189.0,38.141,36.127,91.525,85.714,77.885,True
2025-07-26 14:00:00,14,32.0,32.0,32.5,196.0,166.0,30.0,21.0,160.0,187.0,32.88,31.089,96.386,85.561,81.633,True
2025-07-26 15:00:00,15,30.0,30.0,30.164,147.0,130.0,17.0,10.0,124.0,140.0,31.376,30.506,95.385,88.571,84.354,True
2025-07-26 16:00:00,16,43.0,43.0,43.58,162.0,134.0,28.0,23.0,107.0,157.0,44.731,41.584,79.851,68.153,66.049,True
2025-07-26 17:00:00,17,54.0,55.0,55.0,137.0,97.0,40.0,33.0,65.0,130.0,55.896,46.284,67.01,50.0,47.445,False
2025-07-26 18:00:00,18,44.0,44.0,44.484,74.0,63.0,11.0,8.0,49.0,71.0,44.78,39.917,77.778,69.014,66.216,True
2025-07-26 19:00:00,19,45.0,45.0,45.052,70.0,57.0,13.0,12.0,43.0,69.0,45.487,39.184,75.439,62.319,61.429,True
2025-07-26 20:00:00,20,62.0,62.0,62.324,53.0,37.0,16.0,12.0,19.0,49.0,62.782,59.182,51.351,38.776,35.849,True
2025-07-26 21:00:00,21,58.0,58.0,58.05,30.0,20.0,10.0,9.0,12.0,29.0,58.392,48.162,60.0,41.379,40.0,True
2025-07-26 22:00:00,22,56.0,56.0,56.706,19.0,17.0,2.0,2.0,11.0,19.0,56.972,55.726,64.706,57.895,57.895,True
2025-07-26 23:00:00,23,30.0,30.0,30.714,14.0,6.0,8.0,8.0,5.0,14.0,36.145,32.005,83.333,35.714,35.714,True
2025-07-27 00:00:00,0,36.0,36.0,36.0,7.0,4.0,3.0,3.0,4.0,7.0,36.394,40.012,100.0,57.143,57.143,True
2025-07-27 01:00:00,1,33.0,33.0,33.6,6.0,3.0,3.0,2.0,2.0,5.0,50.082,50.339,66.667,40.0,33.333,True
2025-07-27 02:00:00,2,30.0,30.0,30.667,4.0,3.0,1.0,1.0,3.0,4.0,30.933,22.828,100.0,75.0,75.0,True
2025-07-27 03:00:00,3,34.0,34.0,34.429,8.0,7.0,1.0,0.0,6.0,7.0,35.004,30.616,85.714,85.714,75.0,True
2025-07-27 04:00:00,4,20.0,20.0,20.4,6.0,4.0,2.0,2.0,4.0,6.0,26.261,23.252,100.0,66.667,66.667,True
2025-07-27 05:00:00,5,22.0,22.0,22.0,6.0,3.0,3.0,3.0,3.0,6.0,22.556,23.524,100.0,50.0,50.0,True
2025-07-27 06:00:00,6,66.0,66.0,66.8,8.0,6.0,2.0,1.0,2.0,7.0,68.029,73.936,33.333,28.571,25.0,True
2025-07-27 07:00:00,7,34.0,34.0,34.871,78.0,65.0,13.0,10.0,58.0,75.0,38.739,35.618,89.231,77.333,74.359,True
2025-07-27 08:00:00,8,35.0,35.0,35.634,196.0,178.0,18.0,9.0,156.0,187.0,37.885,31.18,87.64,83.422,79.592,True
2025-07-27 09:00:00,9,51.0,51.0,51.564,223.0,166.0,57.0,45.0,105.0,211.0,52.553,46.788,63.253,49.763,47.085,True
2025-07-27 10:00:00,10,43.0,44.0,44.115,139.0,114.0,25.0,20.0,86.0,134.0,48.815,47.122,75.439,64.179,61.871,False
2025-07-27 11:00:00,11,29.0,29.0,29.422,123.0,109.0,14.0,12.0,108.0,121.0,30.105,28.47,99.083,89.256,87.805,True
2025-07-27 12:00:00,12,25.0,26.0,26.027,275.0,257.0,18.0,11.0,254.0,268.0,26.596,24.897,98.833,94.776,92.364,False
2025-07-27 13:00:00,13,26.0,26.0,26.023,231.0,211.0,20.0,15.0,211.0,226.0,26.584,25.116,100.0,93.363,91.342,True
2025-07-27 14:00:00,14,25.0,25.0,25.186,194.0,177.0,17.0,12.0,175.0,189.0,25.757,24.305,98.87,92.593,90.206,True
2025-07-27 15:00:00,15,28.0,28.0,28.81,156.0,131.0,25.0,16.0,126.0,147.0,29.812,26.797,96.183,85.714,80.769,True
2025-07-27 16:00:00,16,35.0,36.0,36.295,146.0,119.0,26.0,20.0,105.0,140.0,37.671,32.324,88.235,75.0,71.918,False
2025-07-27 17:00:00,17,32.0,32.0,32.591,103.0,83.0,20.0,11.0,73.0,94.0,35.305,27.97,87.952,77.66,70.874,True
2025-07-27 18:00:00,18,33.0,33.0,33.671,94.0,76.0,18.0,14.0,70.0,90.0,33.108,28.588,92.105,77.778,74.468,True
2025-07-27 19:00:00,19,35.0,35.0,35.34,59.0,45.0,14.0,9.0,40.0,54.0,36.524,30.189,88.889,74.074,67.797,True
2025-07-27 20:00:00,20,65.0,65.0,65.59,59.0,39.0,20.0,19.0,21.0,58.0,65.969,52.525,53.846,36.207,35.593,True
2025-07-27 21:00:00,21,84.0,84.0,84.222,18.0,9.0,9.0,7.0,3.0,16.0,84.554,69.94,33.333,18.75,16.667,True
2025-07-27 22:00:00,22,51.0,51.0,51.667,13.0,6.0,7.0,5.0,3.0,11.0,51.858,51.845,50.0,27.273,23.077,True
2025-07-27 23:00:00,23,41.0,41.0,41.25,11.0,8.0,3.0,3.0,7.0,11.0,41.566,39.71,87.5,63.636,63.636,True
2025-07-28 00:00:00,0,42.0,42.0,42.0,4.0,4.0,0.0,0.0,3.0,4.0,42.552,33.658,75.0,75.0,75.0,True
2025-07-28 01:00:00,1,70.0,70.0,70.0,1.0,1.0,0.0,0.0,0.0,1.0,71.112,71.112,0.0,0.0,0.0,True
2025-07-28 02:00:00,2,37.0,37.0,37.0,3.0,2.0,1.0,1.0,2.0,3.0,36.755,36.755,100.0,66.667,66.667,True
2025-07-28 03:00:00,3,28.0,28.0,28.5,3.0,2.0,1.0,1.0,2.0,3.0,28.585,28.585,100.0,66.667,66.667,True
2025-07-28 04:00:00,4,32.0,32.0,32.0,14.0,12.0,2.0,2.0,12.0,14.0,37.399,34.87,100.0,85.714,85.714,True
2025-07-28 05:00:00,5,34.0,34.0,34.567,19.0,18.0,1.0,0.0,14.0,18.0,41.714,33.746,77.778,77.778,73.684,True
2025-07-28 06:00:00,6,33.0,33.0,33.714,30.0,27.0,3.0,3.0,24.0,30.0,40.242,38.042,88.889,80.0,80.0,True
2025-07-28 07:00:00,7,27.0,27.0,27.878,222.0,181.0,41.0,11.0,176.0,192.0,30.294,28.248,97.238,91.667,79.279,True
2025-07-28 08:00:00,8,31.0,31.0,31.649,451.0,377.0,74.0,26.0,360.0,403.0,33.557,31.175,95.491,89.33,79.823,True
2025-07-28 09:00:00,9,29.0,29.0,29.543,423.0,383.0,40.0,23.0,376.0,406.0,29.698,27.789,98.172,92.611,88.889,True
2025-07-28 10:00:00,10,21.0,22.0,22.002,419.0,394.0,25.0,17.0,392.0,411.0,22.526,20.975,99.492,95.377,93.556,False
2025-07-28 11:00:00,11,24.0,24.0,24.575,538.0,503.0,33.0,19.0,499.0,524.0,25.247,24.194,99.205,95.229,92.751,True
2025-07-28 12:00:00,12,22.0,22.0,22.841,575.0,541.0,33.0,18.0,541.0,560.0,23.272,22.607,100.0,96.607,94.087,True
2025-07-28 13:00:00,13,20.0,20.0,20.637,511.0,478.0,31.0,16.0,478.0,496.0,20.974,19.697,100.0,96.371,93.542,True
2025-07-28 14:00:00,14,26.0,27.0,27.031,674.0,620.0,53.0,27.0,596.0,648.0,27.521,24.004,96.129,91.975,88.427,False
2025-07-28 15:00:00,15,46.0,46.0,46.477,666.0,539.0,125.0,100.0,390.0,641.0,47.828,42.59,72.356,60.842,58.559,True
2025-07-28 16:00:00,16,51.0,51.0,51.886,342.0,258.0,83.0,55.0,161.0,314.0,53.279,47.382,62.403,51.274,47.076,True
2025-07-28 17:00:00,17,44.0,44.0,44.759,227.0,192.0,35.0,25.0,142.0,217.0,45.506,40.213,73.958,65.438,62.555,True
2025-07-28 18:00:00,18,36.0,36.0,36.99,108.0,92.0,16.0,11.0,79.0,103.0,38.358,34.27,85.87,76.699,73.148,True
2025-07-28 19:00:00,19,25.0,25.0,25.403,69.0,61.0,8.0,6.0,61.0,67.0,25.997,22.79,100.0,91.045,88.406,True
2025-07-28 20:00:00,20,25.0,25.0,25.641,46.0,38.0,8.0,7.0,38.0,45.0,26.236,27.107,100.0,84.444,82.609,True
2025-07-28 21:00:00,21,31.0,31.0,31.867,34.0,30.0,4.0,2.0,30.0,32.0,32.18,31.405,100.0,93.75,88.235,True
2025-07-28 22:00:00,22,36.0,36.0,36.143,23.0,21.0,2.0,0.0,19.0,21.0,36.388,36.597,90.476,90.476,82.609,True
2025-07-28 23:00:00,23,67.0,63.0,63.143,9.0,7.0,2.0,2.0,4.0,9.0,64.049,53.258,57.143,44.444,44.444,False
2025-07-29 00:00:00,0,34.0,34.0,34.286,8.0,6.0,2.0,2.0,6.0,8.0,40.078,39.871,100.0,75.0,75.0,True
2025-07-29 01:00:00,1,56.0,56.0,56.0,2.0,2.0,0.0,0.0,1.0,2.0,57.111,57.111,50.0,50.0,50.0,True
2025-07-29 02:00:00,2,29.0,29.0,29.5,2.0,2.0,0.0,0.0,2.0,2.0,29.753,29.753,100.0,100.0,100.0,True
2025-07-29 03:00:00,3,10.0,10.0,10.0,1.0,1.0,0.0,0.0,1.0,1.0,10.706,10.706,100.0,100.0,100.0,True
2025-07-29 04:00:00,4,26.0,26.0,26.667,12.0,10.0,2.0,2.0,8.0,12.0,38.245,38.405,80.0,66.667,66.667,True
2025-07-29 05:00:00,5,34.0,34.0,34.043,18.0,17.0,1.0,1.0,13.0,18.0,38.184,25.242,76.471,72.222,72.222,True
2025-07-29 06:00:00,6,37.0,37.0,37.037,25.0,23.0,2.0,1.0,22.0,24.0,39.992,37.777,95.652,91.667,88.0,True
2025-07-29 07:00:00,7,25.0,25.0,25.033,189.0,162.0,27.0,9.0,161.0,171.0,26.294,25.07,99.383,94.152,85.185,True
2025-07-29 08:00:00,8,30.0,30.0,30.146,441.0,404.0,37.0,16.0,393.0,420.0,31.759,29.781,97.277,93.571,89.116,True
2025-07-29 09:00:00,9,29.0,29.0,29.435,423.0,386.0,37.0,30.0,379.0,416.0,29.777,28.26,98.187,91.106,89.598,True
2025-07-29 10:00:00,10,22.0,22.0,22.651,417.0,396.0,20.0,9.0,394.0,406.0,23.699,22.352,99.495,97.044,94.484,True
2025-07-29 11:00:00,11,28.0,28.0,28.542,600.0,546.0,53.0,34.0,537.0,581.0,29.098,27.575,98.352,92.427,89.5,True
2025-07-29 12:00:00,12,27.0,27.0,27.234,582.0,545.0,36.0,27.0,536.0,573.0,27.834,26.045,98.349,93.543,92.096,True
2025-07-29 13:00:00,13,24.0,24.0,24.191,509.0,489.0,20.0,10.0,484.0,499.0,24.75,23.385,98.978,96.994,95.088,True
2025-07-29 14:00:00,14,30.0,30.0,30.613,649.0,580.0,69.0,49.0,546.0,629.0,31.53,28.602,94.138,86.804,84.129,True
2025-07-29 15:00:00,15,51.0,51.0,51.495,558.0,458.0,99.0,70.0,282.0,529.0,53.008,49.558,61.572,53.308,50.538,True
2025-07-29 16:00:00,16,58.0,58.0,58.534,345.0,271.0,74.0,50.0,150.0,321.0,59.702,57.453,55.351,46.729,43.478,True
2025-07-29 17:00:00,17,55.0,55.0,55.584,204.0,154.0,50.0,41.0,90.0,195.0,55.625,48.371,58.442,46.154,44.118,True
2025-07-29 18:00:00,18,36.0,36.0,36.677,110.0,92.0,18.0,15.0,77.0,107.0,36.72,32.173,83.696,71.963,70.0,True
2025-07-29 19:00:00,19,32.0,32.0,32.944,63.0,51.0,12.0,8.0,48.0,59.0,33.796,31.892,94.118,81.356,76.19,True
2025-07-29 20:00:00,20,38.0,38.0,38.938,72.0,62.0,10.0,9.0,55.0,71.0,40.017,37.594,88.71,77.465,76.389,True
2025-07-29 21:00:00,21,51.0,51.0,51.147,41.0,32.0,9.0,6.0,22.0,38.0,51.439,49.297,68.75,57.895,53.659,True
2025-07-29 22:00:00,22,46.0,46.0,46.722,22.0,18.0,4.0,4.0,13.0,22.0,47.043,46.016,72.222,59.091,59.091,True
2025-07-29 23:00:00,23,34.0,34.0,34.571,8.0,7.0,1.0,0.0,7.0,7.0,34.887,36.972,100.0,100.0,87.5,True
2025-07-30 00:00:00,0,31.0,31.0,31.5,3.0,2.0,1.0,1.0,2.0,3.0,32.306,32.306,100.0,66.667,66.667,True
2025-07-30 01:00:00,1,20.0,20.0,20.0,3.0,2.0,1.0,1.0,2.0,3.0,24.04,24.04,100.0,66.667,66.667,True
2025-07-30 02:00:00,2,21.0,21.0,21.25,3.0,3.0,0.0,0.0,3.0,3.0,21.921,19.926,100.0,100.0,100.0,True
2025-07-30 03:00:00,3,33.0,33.0,33.25,4.0,4.0,0.0,0.0,4.0,4.0,33.718,33.607,100.0,100.0,100.0,True
2025-07-30 04:00:00,4,27.0,27.0,27.455,11.0,10.0,1.0,1.0,10.0,11.0,32.526,28.267,100.0,90.909,90.909,True
2025-07-30 05:00:00,5,43.0,43.0,43.72,17.0,14.0,3.0,2.0,8.0,16.0,59.654,57.615,57.143,50.0,47.059,True
2025-07-30 06:00:00,6,42.0,42.0,42.058,23.0,21.0,2.0,1.0,17.0,22.0,49.443,48.187,80.952,77.273,73.913,True
2025-07-30 07:00:00,7,25.0,25.0,25.338,196.0,165.0,31.0,8.0,163.0,173.0,27.096,24.61,98.788,94.22,83.163,True
2025-07-30 08:00:00,8,27.0,27.0,27.594,443.0,379.0,63.0,17.0,370.0,397.0,29.249,27.511,97.625,93.199,83.521,True
2025-07-30 09:00:00,9,26.0,25.0,25.99,431.0,395.0,36.0,22.0,393.0,417.0,26.406,24.995,99.494,94.245,91.183,False
2025-07-30 10:00:00,10,23.0,23.0,23.398,418.0,388.0,30.0,15.0,387.0,403.0,24.282,23.268,99.742,96.03,92.584,True
2025-07-30 11:00:00,11,27.0,27.0,27.486,542.0,514.0,28.0,18.0,508.0,532.0,28.15,26.424,98.833,95.489,93.727,True
2025-07-30 12:00:00,12,30.0,30.0,30.086,607.0,548.0,58.0,46.0,524.0,595.0,30.936,28.892,95.62,88.067,86.326,True
2025-07-30 13:00:00,13,28.0,28.0,28.593,481.0,442.0,38.0,26.0,426.0,469.0,28.942,26.808,96.38,90.832,88.565,True
2025-07-30 14:00:00,14,37.0,37.0,37.83,644.0,584.0,60.0,47.0,487.0,631.0,38.628,32.472,83.39,77.179,75.621,True
2025-07-30 15:00:00,15,65.0,65.0,65.716,592.0,480.0,112.0,91.0,223.0,571.0,67.911,63.362,46.458,39.054,37.669,True
2025-07-30 16:00:00,16,80.0,79.0,79.848,357.0,253.0,104.0,90.0,98.0,343.0,81.746,83.335,38.735,28.571,27.451,False
2025-07-30 17:00:00,17,77.0,77.0,77.563,191.0,132.0,59.0,50.0,53.0,182.0,79.495,82.596,40.152,29.121,27.749,True
2025-07-30 18:00:00,18,61.0,61.0,61.857,96.0,73.0,23.0,19.0,40.0,92.0,62.902,54.575,54.795,43.478,41.667,True
2025-07-30 19:00:00,19,56.0,56.0,56.943,72.0,53.0,19.0,17.0,30.0,70.0,57.281,50.123,56.604,42.857,41.667,True
2025-07-30 20:00:00,20,66.0,66.0,66.692,51.0,36.0,15.0,14.0,11.0,50.0,72.404,75.58,30.556,22.0,21.569,True
2025-07-30 21:00:00,21,53.0,53.0,53.833,26.0,17.0,9.0,7.0,9.0,24.0,57.286,59.437,52.941,37.5,34.615,True
2025-07-30 22:00:00,22,51.0,50.0,50.0,19.0,13.0,6.0,6.0,10.0,19.0,50.435,50.004,76.923,52.632,52.632,False
2025-07-30 23:00:00,23,43.0,43.0,43.769,13.0,13.0,0.0,0.0,10.0,13.0,44.436,43.336,76.923,76.923,76.923,True
2025-07-31 00:00:00,0,45.0,45.0,45.333,4.0,3.0,1.0,1.0,2.0,4.0,46.266,32.996,66.667,50.0,50.0,True
2025-07-31 01:00:00,1,37.0,37.0,37.667,3.0,3.0,0.0,0.0,3.0,3.0,38.219,44.936,100.0,100.0,100.0,True
2025-07-31 02:00:00,2,29.0,29.0,29.0,5.0,5.0,0.0,0.0,4.0,5.0,35.295,35.443,80.0,80.0,80.0,True
2025-07-31 03:00:00,3,17.0,17.0,17.429,6.0,6.0,0.0,0.0,6.0,6.0,19.543,21.213,100.0,100.0,100.0,True
2025-07-31 04:00:00,4,19.0,19.0,19.25,11.0,11.0,0.0,0.0,10.0,11.0,27.842,23.107,90.909,90.909,90.909,True
2025-07-31 05:00:00,5,34.0,34.0,34.1,16.0,15.0,1.0,1.0,11.0,16.0,38.844,22.321,73.333,68.75,68.75,True
2025-07-31 06:00:00,6,36.0,36.0,36.231,31.0,29.0,2.0,2.0,26.0,31.0,37.113,33.152,89.655,83.871,83.871,True
2025-07-31 07:00:00,7,24.0,24.0,24.685,181.0,154.0,27.0,5.0,153.0,159.0,25.848,24.955,99.351,96.226,84.53,True
2025-07-31 08:00:00,8,26.0,26.0,26.229,402.0,356.0,46.0,15.0,353.0,371.0,26.557,25.013,99.157,95.148,87.811,True
2025-07-31 09:00:00,9,24.0,24.0,24.504,387.0,356.0,31.0,14.0,355.0,370.0,24.991,23.972,99.719,95.946,91.731,True
2025-07-31 10:00:00,10,21.0,22.0,22.018,396.0,376.0,20.0,14.0,375.0,390.0,23.273,21.575,99.734,96.154,94.697,False
2025-07-31 11:00:00,11,25.0,25.0,25.867,495.0,473.0,22.0,15.0,471.0,488.0,26.225,24.645,99.577,96.516,95.152,True
2025-07-31 12:00:00,12,25.0,25.0,25.02,537.0,516.0,21.0,14.0,511.0,530.0,25.514,24.064,99.031,96.415,95.158,True
2025-07-31 13:00:00,13,22.0,23.0,23.013,458.0,440.0,17.0,10.0,438.0,451.0,23.577,21.829,99.545,97.118,95.633,False
2025-07-31 14:00:00,14,30.0,30.0,30.736,610.0,547.0,63.0,38.0,511.0,585.0,31.521,28.048,93.419,87.35,83.77,True
2025-07-31 15:00:00,15,51.0,51.0,51.595,568.0,470.0,98.0,67.0,307.0,537.0,53.32,45.078,65.319,57.169,54.049,True
2025-07-31 16:00:00,16,64.0,64.0,64.677,352.0,270.0,82.0,51.0,130.0,321.0,67.197,64.025,48.148,40.498,36.932,True
2025-07-31 17:00:00,17,62.0,62.0,62.656,183.0,144.0,39.0,33.0,73.0,177.0,63.743,55.491,50.694,41.243,39.891,True
2025-07-31 18:00:00,18,53.0,53.0,53.484,109.0,94.0,15.0,12.0,57.0,106.0,54.327,49.065,60.638,53.774,52.294,True
2025-07-31 19:00:00,19,49.0,50.0,50.078,81.0,64.0,17.0,15.0,46.0,79.0,50.418,44.546,71.875,58.228,56.79,False
2025-07-31 20:00:00,20,50.0,48.0,48.359,52.0,38.0,14.0,11.0,27.0,49.0,49.88,44.584,71.053,55.102,51.923,False
2025-07-31 21:00:00,21,59.0,59.0,59.265,46.0,34.0,12.0,7.0,17.0,41.0,59.45,61.827,50.0,41.463,36.957,True
2025-07-31 22:00:00,22,36.0,36.0,36.444,10.0,9.0,1.0,1.0,8.0,10.0,36.682,24.588,88.889,80.0,80.0,True
2025-07-31 23:00:00,23,20.0,23.0,23.0,8.0,7.0,1.0,1.0,7.0,8.0,26.674,26.633,100.0,87.5,87.5,False
2025-08-01 00:00:00,0,36.0,36.0,36.167,6.0,6.0,0.0,0.0,5.0,6.0,36.79,31.8,83.333,83.333,83.333,True
2025-08-01 01:00:00,1,21.0,21.0,21.5,2.0,2.0,0.0,0.0,2.0,2.0,21.764,21.764,100.0,100.0,100.0,True
2025-08-01 02:00:00,2,21.0,21.0,21.714,6.0,6.0,0.0,0.0,6.0,6.0,25.485,27.894,100.0,100.0,100.0,True
2025-08-01 03:00:00,3,36.0,36.0,36.4,5.0,5.0,0.0,0.0,5.0,5.0,37.104,35.222,100.0,100.0,100.0,True
2025-08-01 04:00:00,4,29.0,29.0,29.5,12.0,12.0,0.0,0.0,12.0,12.0,34.072,28.464,100.0,100.0,100.0,True
2025-08-01 05:00:00,5,32.0,32.0,32.667,12.0,12.0,0.0,0.0,8.0,12.0,49.074,41.769,66.667,66.667,66.667,True
2025-08-01 06:00:00,6,33.0,33.0,33.431,22.0,20.0,2.0,0.0,18.0,20.0,38.495,34.247,90.0,90.0,81.818,True
2025-08-01 07:00:00,7,26.0,26.0,26.669,198.0,175.0,23.0,6.0,170.0,181.0,28.472,27.434,97.143,93.923,85.859,True
2025-08-01 08:00:00,8,26.0,26.0,26.215,396.0,354.0,42.0,11.0,351.0,365.0,27.29,26.186,99.153,96.164,88.636,True
2025-08-01 09:00:00,9,24.0,23.0,23.939,400.0,374.0,26.0,9.0,374.0,383.0,24.241,23.65,100.0,97.65,93.5,False
2025-08-01 10:00:00,10,20.0,20.0,20.152,435.0,422.0,13.0,6.0,422.0,428.0,20.769,19.73,100.0,98.598,97.011,True
2025-08-01 11:00:00,11,23.0,23.0,23.538,545.0,519.0,26.0,9.0,516.0,528.0,24.032,22.805,99.422,97.727,94.679,True
2025-08-01 12:00:00,12,22.0,22.0,22.179,509.0,477.0,32.0,17.0,477.0,494.0,22.591,22.163,100.0,96.559,93.713,True
2025-08-01 13:00:00,13,20.0,20.0,20.854,439.0,419.0,20.0,10.0,416.0,429.0,21.415,19.986,99.284,96.97,94.761,True
2025-08-01 14:00:00,14,25.0,25.0,25.006,560.0,515.0,45.0,23.0,504.0,538.0,25.648,23.46,97.864,93.68,90.0,True
2025-08-01 15:00:00,15,39.0,39.0,39.395,547.0,466.0,81.0,43.0,386.0,509.0,40.29,34.908,82.833,75.835,70.567,True
2025-08-01 16:00:00,16,41.0,41.0,41.632,313.0,254.0,59.0,25.0,198.0,279.0,42.316,35.667,77.953,70.968,63.259,True
2025-08-01 17:00:00,17,32.0,32.0,32.064,198.0,161.0,37.0,9.0,147.0,170.0,32.388,30.271,91.304,86.471,74.242,True
2025-08-01 18:00:00,18,32.0,32.0,32.689,142.0,120.0,22.0,12.0,110.0,132.0,33.177,31.095,91.667,83.333,77.465,True
2025-08-01 19:00:00,19,37.0,38.0,38.323,76.0,65.0,11.0,5.0,58.0,70.0,38.663,37.659,89.231,82.857,76.316,False
2025-08-01 20:00:00,20,49.0,49.0,49.115,83.0,61.0,22.0,16.0,41.0,77.0,49.255,46.486,67.213,53.247,49.398,True
2025-08-01 21:00:00,21,58.0,58.0,58.448,41.0,29.0,12.0,11.0,14.0,40.0,58.653,62.248,48.276,35.0,34.146,True
2025-08-01 22:00:00,22,49.0,48.0,48.5,28.0,18.0,10.0,8.0,14.0,26.0,48.792,46.933,77.778,53.846,50.0,False
2025-08-01 23:00:00,23,28.0,28.0,28.9,10.0,10.0,0.0,0.0,10.0,10.0,29.185,32.01,100.0,100.0,100.0,True
2025-08-02 00:00:00,0,24.0,24.0,24.667,5.0,3.0,2.0,1.0,3.0,4.0,25.077,22.853,100.0,75.0,60.0,True
2025-08-02 01:00:00,1,24.0,24.0,24.0,2.0,2.0,0.0,0.0,2.0,2.0,33.561,33.561,100.0,100.0,100.0,True
2025-08-02 02:00:00,2,33.0,33.0,33.714,6.0,6.0,0.0,0.0,6.0,6.0,35.545,36.88,100.0,100.0,100.0,True
2025-08-02 03:00:00,3,23.0,23.0,23.667,3.0,3.0,0.0,0.0,3.0,3.0,24.226,22.348,100.0,100.0,100.0,True
2025-08-02 04:00:00,4,23.0,23.0,23.938,13.0,11.0,2.0,2.0,10.0,13.0,34.635,33.846,90.909,76.923,76.923,True
2025-08-02 05:00:00,5,35.0,35.0,35.0,15.0,13.0,2.0,2.0,10.0,15.0,43.138,29.231,76.923,66.667,66.667,True
2025-08-02 06:00:00,6,52.0,52.0,52.609,13.0,13.0,0.0,0.0,10.0,13.0,50.392,51.953,76.923,76.923,76.923,True
2025-08-02 07:00:00,7,24.0,24.0,24.56,56.0,52.0,4.0,1.0,52.0,53.0,27.058,25.11,100.0,98.113,92.857,True
2025-08-02 08:00:00,8,22.0,23.0,23.013,140.0,131.0,9.0,5.0,130.0,136.0,23.869,22.854,99.237,95.588,92.857,False
2025-08-02 09:00:00,9,30.0,29.0,29.751,210.0,186.0,24.0,13.0,178.0,199.0,30.688,27.846,95.699,89.447,84.762,False
2025-08-02 10:00:00,10,35.0,35.0,35.247,205.0,181.0,24.0,18.0,162.0,199.0,38.235,34.484,89.503,81.407,79.024,True
2025-08-02 11:00:00,11,43.0,43.0,43.729,254.0,221.0,33.0,28.0,178.0,249.0,44.534,42.889,80.543,71.486,70.079,True
2025-08-02 12:00:00,12,31.0,31.0,31.76,212.0,192.0,20.0,13.0,187.0,205.0,32.77,31.987,97.396,91.22,88.208,True
2025-08-02 13:00:00,13,28.0,28.0,28.397,197.0,184.0,13.0,6.0,184.0,190.0,28.912,27.729,100.0,96.842,93.401,True
2025-08-02 14:00:00,14,28.0,28.0,28.509,182.0,167.0,15.0,5.0,162.0,172.0,29.196,26.002,97.006,94.186,89.011,True
2025-08-02 15:00:00,15,29.0,29.0,29.788,176.0,160.0,16.0,10.0,152.0,170.0,30.261,26.955,95.0,89.412,86.364,True
2025-08-02 16:00:00,16,36.0,36.0,36.17,172.0,148.0,24.0,15.0,138.0,163.0,36.62,35.214,93.243,84.663,80.233,True
2025-08-02 17:00:00,17,33.0,33.0,33.872,89.0,78.0,11.0,9.0,72.0,87.0,34.291,33.023,92.308,82.759,80.899,True
2025-08-02 18:00:00,18,28.0,28.0,28.221,83.0,77.0,6.0,5.0,76.0,82.0,28.535,27.584,98.701,92.683,91.566,True
2025-08-02 19:00:00,19,31.0,31.0,31.274,81.0,73.0,8.0,7.0,69.0,80.0,31.708,28.7,94.521,86.25,85.185,True
2025-08-02 20:00:00,20,48.0,48.0,48.486,47.0,37.0,10.0,10.0,25.0,47.0,48.866,45.052,67.568,53.191,53.191,True
2025-08-02 21:00:00,21,48.0,48.0,48.167,28.0,24.0,4.0,3.0,20.0,27.0,48.556,46.765,83.333,74.074,71.429,True
2025-08-02 22:00:00,22,33.0,34.0,34.538,14.0,13.0,1.0,1.0,12.0,14.0,34.712,31.129,92.308,85.714,85.714,False
2025-08-02 23:00:00,23,37.0,37.0,37.5,7.0,6.0,1.0,1.0,6.0,7.0,37.82,36.709,100.0,85.714,85.714,True
2025-08-03 00:00:00,0,43.0,43.0,43.5,9.0,4.0,5.0,5.0,3.0,9.0,44.004,44.447,75.0,33.333,33.333,True
2025-08-03 01:00:00,1,37.0,37.0,37.167,6.0,6.0,0.0,0.0,5.0,6.0,38.092,33.275,83.333,83.333,83.333,True
2025-08-03 02:00:00,2,17.0,17.0,17.0,3.0,3.0,0.0,0.0,3.0,3.0,17.25,16.874,100.0,100.0,100.0,True
2025-08-03 03:00:00,3,25.0,25.0,25.714,7.0,7.0,0.0,0.0,7.0,7.0,26.531,30.613,100.0,100.0,100.0,True
2025-08-03 04:00:00,4,33.0,33.0,33.5,6.0,6.0,0.0,0.0,5.0,6.0,34.527,18.511,83.333,83.333,83.333,True
2025-08-03 05:00:00,5,28.0,28.0,28.333,4.0,3.0,1.0,0.0,3.0,3.0,28.565,33.824,100.0,100.0,75.0,True
2025-08-03 06:00:00,6,53.0,53.0,53.667,6.0,5.0,1.0,1.0,2.0,6.0,52.019,61.569,40.0,33.333,33.333,True
2025-08-03 07:00:00,7,38.0,38.0,38.708,65.0,60.0,5.0,4.0,54.0,64.0,42.781,38.624,90.0,84.375,83.077,True
2025-08-03 08:00:00,8,40.0,40.0,40.005,188.0,160.0,28.0,22.0,127.0,182.0,43.126,34.196,79.375,69.78,67.553,True
2025-08-03 09:00:00,9,65.0,65.0,65.506,211.0,154.0,57.0,49.0,56.0,203.0,66.199,69.34,36.364,27.586,26.54,True
2025-08-03 10:00:00,10,48.0,48.0,48.289,124.0,96.0,28.0,21.0,47.0,117.0,59.77,61.498,48.958,40.171,37.903,True
2025-08-03 11:00:00,11,33.0,33.0,33.785,125.0,109.0,16.0,14.0,102.0,123.0,33.644,30.597,93.578,82.927,81.6,True
2025-08-03 12:00:00,12,24.0,24.0,24.854,248.0,237.0,11.0,8.0,235.0,245.0,25.547,23.657,99.156,95.918,94.758,True
2025-08-03 13:00:00,13,26.0,26.0,26.092,210.0,199.0,11.0,8.0,198.0,207.0,26.617,26.21,99.497,95.652,94.286,True
2025-08-03 14:00:00,14,23.0,23.0,23.885,164.0,155.0,9.0,7.0,154.0,162.0,24.469,22.931,99.355,95.062,93.902,True
2025-08-03 15:00:00,15,35.0,35.0,35.166,185.0,165.0,20.0,12.0,139.0,177.0,36.025,30.131,84.242,78.531,75.135,True
2025-08-03 16:00:00,16,43.0,44.0,44.188,146.0,117.0,29.0,20.0,87.0,137.0,44.989,37.339,74.359,63.504,59.589,False
2025-08-03 17:00:00,17,46.0,46.0,46.667,103.0,83.0,20.0,13.0,61.0,96.0,47.568,40.216,73.494,63.542,59.223,True
2025-08-03 18:00:00,18,34.0,34.0,34.23,70.0,57.0,12.0,7.0,49.0,65.0,35.454,32.238,85.965,75.385,70.0,True
2025-08-03 19:00:00,19,43.0,44.0,44.178,52.0,46.0,5.0,5.0,34.0,52.0,44.595,33.008,73.913,65.385,65.385,False
2025-08-03 20:00:00,20,61.0,60.0,60.963,33.0,23.0,10.0,8.0,9.0,31.0,69.737,65.752,39.13,29.032,27.273,False
2025-08-03 21:00:00,21,92.0,92.0,92.067,28.0,15.0,13.0,8.0,1.0,23.0,92.157,93.492,6.667,4.348,3.571,True
2025-08-03 22:00:00,22,81.0,81.0,81.286,14.0,7.0,7.0,6.0,0.0,13.0,81.556,84.613,0.0,0.0,0.0,True
2025-08-03 23:00:00,23,50.0,50.0,50.75,7.0,4.0,3.0,2.0,2.0,6.0,51.242,58.185,50.0,33.333,28.571,True
2025-08-04 00:00:00,0,26.0,26.0,26.2,7.0,5.0,2.0,1.0,5.0,6.0,26.534,29.364,100.0,83.333,71.429,True
2025-08-04 01:00:00,1,16.0,16.0,16.0,2.0,1.0,1.0,0.0,1.0,1.0,30.662,30.662,100.0,100.0,50.0,True
2025-08-04 02:00:00,2,36.0,36.0,36.75,7.0,5.0,2.0,1.0,5.0,6.0,34.196,36.625,100.0,83.333,71.429,True
2025-08-04 03:00:00,3,25.0,25.0,25.0,5.0,5.0,0.0,0.0,5.0,5.0,26.45,24.692,100.0,100.0,100.0,True
2025-08-04 04:00:00,4,27.0,27.0,27.111,8.0,7.0,1.0,1.0,7.0,8.0,35.528,32.992,100.0,87.5,87.5,True
2025-08-04 05:00:00,5,34.0,34.0,34.767,19.0,18.0,1.0,1.0,12.0,19.0,47.383,45.069,66.667,63.158,63.158,True
2025-08-04 06:00:00,6,31.0,31.0,31.281,22.0,19.0,3.0,1.0,18.0,20.0,37.023,33.66,94.737,90.0,81.818,True
2025-08-04 07:00:00,7,27.0,27.0,27.452,194.0,168.0,26.0,12.0,162.0,180.0,29.092,26.377,96.429,90.0,83.505,True
2025-08-04 08:00:00,8,28.0,28.0,28.212,455.0,396.0,59.0,17.0,390.0,413.0,29.855,28.813,98.485,94.431,85.714,True
2025-08-04 09:00:00,9,26.0,26.0,26.307,417.0,385.0,32.0,15.0,384.0,400.0,26.523,25.51,99.74,96.0,92.086,True
2025-08-04 10:00:00,10,19.0,19.0,19.105,418.0,403.0,15.0,6.0,403.0,409.0,19.418,18.299,100.0,98.533,96.411,True
2025-08-04 11:00:00,11,22.0,22.0,22.283,561.0,536.0,25.0,12.0,534.0,548.0,22.891,22.033,99.627,97.445,95.187,True
2025-08-04 12:00:00,12,21.0,21.0,21.495,542.0,514.0,28.0,17.0,512.0,531.0,22.014,21.188,99.611,96.422,94.465,True
2025-08-04 13:00:00,13,19.0,19.0,19.563,533.0,506.0,27.0,13.0,506.0,519.0,19.798,18.994,100.0,97.495,94.934,True
2025-08-04 14:00:00,14,22.0,22.0,22.617,589.0,548.0,40.0,19.0,547.0,568.0,23.239,21.946,99.818,96.303,92.869,True
2025-08-04 15:00:00,15,34.0,34.0,34.458,626.0,549.0,77.0,45.0,501.0,594.0,35.263,31.781,91.257,84.343,80.032,True
2025-08-04 16:00:00,16,33.0,33.0,33.935,378.0,306.0,72.0,33.0,279.0,339.0,34.371,30.976,91.176,82.301,73.81,True
2025-08-04 17:00:00,17,26.0,26.0,26.908,245.0,206.0,38.0,12.0,205.0,219.0,26.945,24.348,99.515,93.607,83.673,True
2025-08-04 18:00:00,18,29.0,29.0,29.418,106.0,97.0,9.0,8.0,91.0,105.0,29.91,26.776,93.814,86.667,85.849,True
2025-08-04 19:00:00,19,26.0,26.0,26.364,75.0,66.0,9.0,4.0,63.0,70.0,27.286,24.255,95.455,90.0,84.0,True
2025-08-04 20:00:00,20,26.0,26.0,26.054,41.0,33.0,8.0,5.0,33.0,38.0,26.501,22.148,100.0,86.842,80.488,True
2025-08-04 21:00:00,21,25.0,25.0,25.903,36.0,31.0,5.0,2.0,30.0,33.0,26.101,25.97,96.774,90.909,83.333,True
2025-08-04 22:00:00,22,23.0,23.0,23.125,18.0,15.0,3.0,2.0,15.0,17.0,24.944,20.979,100.0,88.235,83.333,True
2025-08-04 23:00:00,23,23.0,23.0,23.75,11.0,8.0,3.0,2.0,8.0,10.0,24.416,23.483,100.0,80.0,72.727,True
2025-08-05 00:00:00,0,48.0,48.0,48.857,10.0,7.0,3.0,3.0,6.0,10.0,49.255,46.571,85.714,60.0,60.0,True
2025-08-05 01:00:00,1,6.0,6.0,6.0,1.0,1.0,0.0,0.0,1.0,1.0,7.724,7.724,100.0,100.0,100.0,True
2025-08-05 02:00:00,2,27.0,27.0,27.333,3.0,3.0,0.0,0.0,3.0,3.0,28.765,28.898,100.0,100.0,100.0,True
2025-08-05 03:00:00,3,28.0,28.0,28.6,5.0,5.0,0.0,0.0,5.0,5.0,28.778,29.026,100.0,100.0,100.0,True
2025-08-05 04:00:00,4,23.0,23.0,23.231,9.0,7.0,2.0,2.0,5.0,9.0,41.478,38.398,71.429,55.556,55.556,True
2025-08-05 05:00:00,5,33.0,33.0,33.76,22.0,21.0,1.0,1.0,16.0,22.0,38.837,25.813,76.19,72.727,72.727,True
2025-08-05 06:00:00,6,30.0,30.0,30.22,31.0,28.0,3.0,2.0,27.0,30.0,30.627,29.313,96.429,90.0,87.097,True
2025-08-05 07:00:00,7,26.0,26.0,26.0,184.0,158.0,26.0,9.0,156.0,167.0,27.758,25.936,98.734,93.413,84.783,True
2025-08-05 08:00:00,8,31.0,31.0,31.24,485.0,436.0,48.0,23.0,422.0,460.0,33.181,31.488,96.789,91.739,87.01,True
2025-08-05 09:00:00,9,29.0,29.0,29.408,402.0,372.0,30.0,19.0,367.0,391.0,29.756,28.224,98.656,93.862,91.294,True
2025-08-05 10:00:00,10,21.0,21.0,21.247,410.0,380.0,30.0,12.0,380.0,392.0,21.891,20.412,100.0,96.939,92.683,True
2025-08-05 11:00:00,11,23.0,23.0,23.126,570.0,543.0,27.0,15.0,542.0,558.0,23.759,22.878,99.816,97.133,95.088,True
2025-08-05 12:00:00,12,23.0,23.0,23.586,605.0,575.0,29.0,13.0,572.0,589.0,24.035,22.996,99.478,97.114,94.545,True
2025-08-05 13:00:00,13,21.0,21.0,21.336,529.0,498.0,31.0,22.0,497.0,520.0,21.767,20.358,99.799,95.577,93.951,True
2025-08-05 14:00:00,14,29.0,29.0,29.026,638.0,587.0,51.0,35.0,556.0,622.0,29.724,25.069,94.719,89.389,87.147,True
2025-08-05 15:00:00,15,44.0,44.0,44.957,644.0,557.0,87.0,62.0,429.0,619.0,45.944,40.601,77.02,69.305,66.615,True
2025-08-05 16:00:00,16,48.0,48.0,48.004,317.0,253.0,64.0,43.0,175.0,296.0,48.989,44.383,69.17,59.122,55.205,True
2025-08-05 17:00:00,17,33.0,33.0,33.824,215.0,184.0,31.0,19.0,168.0,203.0,33.385,29.99,91.304,82.759,78.14,True
2025-08-05 18:00:00,18,29.0,29.0,29.768,108.0,97.0,11.0,7.0,95.0,104.0,30.416,29.319,97.938,91.346,87.963,True
2025-08-05 19:00:00,19,28.0,27.0,27.877,71.0,64.0,7.0,5.0,62.0,69.0,28.558,26.769,96.875,89.855,87.324,False
2025-08-05 20:00:00,20,41.0,41.0,41.104,59.0,47.0,12.0,10.0,41.0,57.0,42.25,40.879,87.234,71.93,69.492,True
2025-08-05 21:00:00,21,43.0,43.0,43.962,32.0,27.0,5.0,4.0,24.0,31.0,44.458,40.939,88.889,77.419,75.0,True
2025-08-05 22:00:00,22,32.0,32.0,32.6,17.0,14.0,3.0,1.0,13.0,15.0,31.87,28.581,92.857,86.667,76.471,True
2025-08-05 23:00:00,23,22.0,22.0,22.167,8.0,5.0,3.0,2.0,5.0,7.0,26.413,26.152,100.0,71.429,62.5,True
2025-08-06 00:00:00,0,33.0,33.0,33.5,2.0,2.0,0.0,0.0,2.0,2.0,33.767,33.767,100.0,100.0,100.0,True
2025-08-06 01:00:00,1,17.0,17.0,17.0,1.0,1.0,0.0,0.0,1.0,1.0,29.0,29.0,100.0,100.0,100.0,True
2025-08-06 02:00:00,2,28.0,28.0,28.5,2.0,2.0,0.0,0.0,2.0,2.0,29.039,29.039,100.0,100.0,100.0,True
2025-08-06 03:00:00,3,25.0,25.0,25.875,8.0,8.0,0.0,0.0,8.0,8.0,26.447,27.561,100.0,100.0,100.0,True
2025-08-06 04:00:00,4,22.0,22.0,22.636,10.0,9.0,1.0,1.0,9.0,10.0,26.844,25.127,100.0,90.0,90.0,True
2025-08-06 05:00:00,5,30.0,30.0,30.0,16.0,16.0,0.0,0.0,14.0,16.0,43.094,35.963,87.5,87.5,87.5,True
2025-08-06 06:00:00,6,27.0,27.0,27.607,30.0,26.0,4.0,2.0,26.0,28.0,30.361,29.983,100.0,92.857,86.667,True
2025-08-06 07:00:00,7,25.0,25.0,25.506,229.0,199.0,30.0,10.0,195.0,209.0,26.944,24.962,97.99,93.301,85.153,True
2025-08-06 08:00:00,8,32.0,32.0,32.679,486.0,435.0,51.0,30.0,406.0,465.0,35.357,32.426,93.333,87.312,83.539,True
2025-08-06 09:00:00,9,30.0,30.0,30.706,400.0,356.0,44.0,32.0,343.0,388.0,31.101,29.235,96.348,88.402,85.75,True
2025-08-06 10:00:00,10,22.0,22.0,22.262,400.0,371.0,29.0,16.0,371.0,387.0,23.15,21.933,100.0,95.866,92.75,True
2025-08-06 11:00:00,11,23.0,23.0,23.246,564.0,541.0,23.0,15.0,540.0,556.0,23.737,22.9,99.815,97.122,95.745,True
2025-08-06 12:00:00,12,24.0,24.0,24.668,568.0,531.0,36.0,23.0,527.0,555.0,25.02,24.201,99.247,94.955,92.782,True
2025-08-06 13:00:00,13,22.0,22.0,22.433,552.0,522.0,30.0,15.0,520.0,537.0,22.71,21.941,99.617,96.834,94.203,True
2025-08-06 14:00:00,14,38.0,38.0,38.741,757.0,664.0,93.0,65.0,554.0,729.0,39.371,31.668,83.434,75.995,73.184,True
2025-08-06 15:00:00,15,67.0,67.0,67.384,667.0,527.0,140.0,118.0,247.0,645.0,69.275,64.39,46.869,38.295,37.031,True
2025-08-06 16:00:00,16,72.0,72.0,72.296,336.0,231.0,105.0,80.0,87.0,311.0,74.959,78.059,37.662,27.974,25.893,True
2025-08-06 17:00:00,17,57.0,57.0,57.957,163.0,124.0,39.0,31.0,72.0,155.0,58.456,49.236,58.065,46.452,44.172,True
2025-08-06 18:00:00,18,44.0,44.0,44.75,83.0,70.0,13.0,9.0,48.0,79.0,46.341,43.082,68.571,60.759,57.831,True
2025-08-06 19:00:00,19,34.0,34.0,34.0,49.0,43.0,6.0,3.0,41.0,46.0,34.765,32.99,95.349,89.13,83.673,True
2025-08-06 20:00:00,20,33.0,33.0,33.021,56.0,46.0,10.0,7.0,45.0,53.0,33.362,30.976,97.826,84.906,80.357,True
2025-08-06 21:00:00,21,38.0,38.0,38.444,35.0,27.0,8.0,5.0,24.0,32.0,38.686,39.156,88.889,75.0,68.571,True
2025-08-06 22:00:00,22,33.0,33.0,33.444,21.0,18.0,3.0,3.0,18.0,21.0,33.9,31.023,100.0,85.714,85.714,True
2025-08-06 23:00:00,23,10.0,10.0,10.5,4.0,3.0,1.0,1.0,3.0,4.0,14.442,16.448,100.0,75.0,75.0,True
2025-08-07 00:00:00,0,32.0,32.0,32.667,4.0,3.0,1.0,1.0,2.0,4.0,33.222,28.658,66.667,50.0,50.0,True
2025-08-07 01:00:00,1,17.0,17.0,17.0,3.0,3.0,0.0,0.0,3.0,3.0,17.939,16.853,100.0,100.0,100.0,True
2025-08-07 02:00:00,2,29.0,29.0,29.8,5.0,5.0,0.0,0.0,5.0,5.0,30.325,24.678,100.0,100.0,100.0,True
2025-08-07 03:00:00,3,20.0,20.0,20.429,6.0,6.0,0.0,0.0,6.0,6.0,21.583,22.961,100.0,100.0,100.0,True
2025-08-07 04:00:00,4,16.0,16.0,16.765,11.0,10.0,1.0,1.0,10.0,11.0,26.45,20.353,100.0,90.909,90.909,True
2025-08-07 05:00:00,5,26.0,26.0,26.25,14.0,11.0,3.0,1.0,9.0,12.0,33.443,24.373,81.818,75.0,64.286,True
2025-08-07 06:00:00,6,29.0,29.0,29.52,24.0,23.0,1.0,0.0,22.0,23.0,29.029,25.532,95.652,95.652,91.667,True
2025-08-07 07:00:00,7,25.0,25.0,25.204,185.0,164.0,21.0,5.0,161.0,169.0,26.277,24.53,98.171,95.266,87.027,True
2025-08-07 08:00:00,8,28.0,28.0,28.486,465.0,415.0,49.0,24.0,409.0,440.0,30.632,29.145,98.554,92.955,87.957,True
2025-08-07 09:00:00,9,28.0,28.0,28.573,388.0,359.0,28.0,21.0,351.0,381.0,28.79,26.94,97.772,92.126,90.464,True
2025-08-07 10:00:00,10,21.0,21.0,21.333,389.0,374.0,15.0,11.0,373.0,385.0,22.353,20.973,99.733,96.883,95.887,True
2025-08-07 11:00:00,11,26.0,26.0,26.219,571.0,533.0,38.0,22.0,523.0,555.0,26.925,25.302,98.124,94.234,91.594,True
2025-08-07 12:00:00,12,26.0,26.0,26.348,595.0,554.0,39.0,28.0,546.0,584.0,26.702,25.248,98.556,93.493,91.765,True
2025-08-07 13:00:00,13,23.0,23.0,23.051,503.0,472.0,31.0,16.0,468.0,488.0,23.559,21.45,99.153,95.902,93.042,True
2025-08-07 14:00:00,14,30.0,30.0,30.613,656.0,590.0,65.0,48.0,542.0,639.0,31.381,26.557,91.864,84.82,82.622,True
2025-08-07 15:00:00,15,52.0,52.0,52.145,617.0,522.0,95.0,77.0,331.0,599.0,53.899,50.568,63.41,55.259,53.647,True
2025-08-07 16:00:00,16,56.0,56.0,56.396,339.0,270.0,69.0,50.0,153.0,320.0,57.99,53.577,56.667,47.812,45.133,True
2025-08-07 17:00:00,17,49.0,49.0,49.906,217.0,161.0,56.0,36.0,112.0,197.0,50.312,47.566,69.565,56.853,51.613,True
2025-08-07 18:00:00,18,37.0,37.0,37.173,104.0,80.0,24.0,19.0,69.0,99.0,37.688,33.655,86.25,69.697,66.346,True
2025-08-07 19:00:00,19,41.0,41.0,41.592,93.0,76.0,17.0,15.0,60.0,91.0,41.919,38.146,78.947,65.934,64.516,True
2025-08-07 20:00:00,20,45.0,45.0,45.263,51.0,38.0,13.0,8.0,28.0,46.0,45.548,35.491,73.684,60.87,54.902,True
2025-08-07 21:00:00,21,46.0,46.0,46.375,46.0,32.0,14.0,10.0,24.0,42.0,46.657,42.244,75.0,57.143,52.174,True
2025-08-07 22:00:00,22,41.0,41.0,41.667,17.0,14.0,3.0,2.0,11.0,16.0,44.655,45.122,78.571,68.75,64.706,True
2025-08-07 23:00:00,23,42.0,42.0,42.75,9.0,7.0,2.0,2.0,5.0,9.0,49.109,43.152,71.429,55.556,55.556,True
2025-08-08 00:00:00,0,28.0,28.0,28.0,2.0,1.0,1.0,1.0,1.0,2.0,29.318,29.318,100.0,50.0,50.0,True
2025-08-08 01:00:00,1,27.0,27.0,27.0,2.0,2.0,0.0,0.0,2.0,2.0,27.31,27.31,100.0,100.0,100.0,True
2025-08-08 02:00:00,2,29.0,29.0,29.0,4.0,4.0,0.0,0.0,4.0,4.0,29.695,29.151,100.0,100.0,100.0,True
2025-08-08 03:00:00,3,27.0,27.0,27.0,7.0,7.0,0.0,0.0,7.0,7.0,27.779,27.463,100.0,100.0,100.0,True
2025-08-08 04:00:00,4,22.0,22.0,22.0,12.0,10.0,2.0,1.0,10.0,11.0,26.22,26.477,100.0,90.909,83.333,True
2025-08-08 05:00:00,5,24.0,24.0,24.5,13.0,12.0,1.0,1.0,9.0,13.0,37.737,22.953,75.0,69.231,69.231,True
2025-08-08 06:00:00,6,27.0,27.0,27.527,25.0,22.0,3.0,2.0,21.0,24.0,30.928,30.31,95.455,87.5,84.0,True
2025-08-08 07:00:00,7,24.0,24.0,24.937,207.0,182.0,25.0,7.0,180.0,189.0,26.14,23.663,98.901,95.238,86.957,True
2025-08-08 08:00:00,8,28.0,28.0,28.51,452.0,403.0,49.0,18.0,397.0,421.0,30.061,29.383,98.511,94.299,87.832,True
2025-08-08 09:00:00,9,27.0,27.0,27.127,444.0,409.0,35.0,24.0,405.0,433.0,27.74,26.181,99.022,93.533,91.216,True
2025-08-08 10:00:00,10,21.0,21.0,21.267,414.0,397.0,17.0,6.0,396.0,403.0,22.251,21.004,99.748,98.263,95.652,True
2025-08-08 11:00:00,11,25.0,25.0,25.135,579.0,548.0,31.0,17.0,546.0,565.0,25.548,24.229,99.635,96.637,94.301,True
2025-08-08 12:00:00,12,24.0,24.0,24.136,560.0,528.0,32.0,21.0,520.0,549.0,24.907,23.144,98.485,94.718,92.857,True
2025-08-08 13:00:00,13,22.0,22.0,22.388,509.0,481.0,28.0,14.0,479.0,495.0,22.787,20.812,99.584,96.768,94.106,True
2025-08-08 14:00:00,14,29.0,29.0,29.209,613.0,559.0,54.0,29.0,524.0,588.0,29.971,25.727,93.739,89.116,85.481,True
2025-08-08 15:00:00,15,49.0,50.0,50.002,614.0,509.0,105.0,77.0,355.0,586.0,51.541,46.33,69.745,60.58,57.818,False
2025-08-08 16:00:00,16,61.0,61.0,61.096,346.0,267.0,78.0,54.0,139.0,322.0,62.667,58.01,52.06,43.168,40.173,True
2025-08-08 17:00:00,17,52.0,53.0,53.0,187.0,146.0,41.0,28.0,94.0,174.0,53.096,45.497,64.384,54.023,50.267,False
2025-08-08 18:00:00,18,50.0,50.0,50.831,99.0,68.0,31.0,24.0,42.0,92.0,52.113,50.272,61.765,45.652,42.424,True
2025-08-08 19:00:00,19,47.0,47.0,47.113,76.0,61.0,15.0,11.0,38.0,72.0,48.22,42.893,62.295,52.778,50.0,True
2025-08-08 20:00:00,20,50.0,50.0,50.596,57.0,45.0,12.0,11.0,32.0,56.0,52.878,50.924,71.111,57.143,56.14,True
2025-08-08 21:00:00,21,73.0,74.0,74.206,46.0,34.0,12.0,11.0,8.0,45.0,74.505,70.165,23.529,17.778,17.391,False
2025-08-08 22:00:00,22,85.0,85.0,85.684,41.0,19.0,22.0,17.0,5.0,36.0,86.1,87.71,26.316,13.889,12.195,True
2025-08-08 23:00:00,23,64.0,63.0,63.091,15.0,11.0,4.0,4.0,6.0,15.0,63.892,55.564,54.545,40.0,40.0,False
2025-08-09 00:00:00,0,37.0,37.0,37.333,8.0,6.0,2.0,2.0,5.0,8.0,37.628,33.879,83.333,62.5,62.5,True
2025-08-09 02:00:00,2,38.0,38.0,38.0,7.0,7.0,0.0,0.0,7.0,7.0,38.533,36.316,100.0,100.0,100.0,True
2025-08-09 03:00:00,3,27.0,27.0,27.667,4.0,3.0,1.0,1.0,3.0,4.0,28.369,27.761,100.0,75.0,75.0,True
2025-08-09 04:00:00,4,26.0,26.0,26.467,11.0,11.0,0.0,0.0,10.0,11.0,34.706,29.4,90.909,90.909,90.909,True
2025-08-09 05:00:00,5,30.0,30.0,30.25,13.0,10.0,3.0,3.0,9.0,13.0,32.28,29.474,90.0,69.231,69.231,True
2025-08-09 06:00:00,6,58.0,58.0,58.762,14.0,12.0,2.0,2.0,7.0,14.0,59.212,54.29,58.333,50.0,50.0,True
2025-08-09 07:00:00,7,28.0,28.0,28.289,64.0,56.0,8.0,6.0,53.0,62.0,31.687,26.674,94.643,85.484,82.812,True
2025-08-09 08:00:00,8,25.0,25.0,25.789,134.0,125.0,9.0,4.0,123.0,129.0,27.015,25.917,98.4,95.349,91.791,True
2025-08-09 09:00:00,9,32.0,32.0,32.204,244.0,219.0,25.0,15.0,207.0,234.0,33.135,30.678,94.521,88.462,84.836,True
2025-08-09 10:00:00,10,39.0,39.0,39.493,239.0,190.0,49.0,37.0,163.0,227.0,42.812,39.165,85.789,71.806,68.201,True
2025-08-09 11:00:00,11,45.0,45.0,45.37,283.0,242.0,41.0,31.0,192.0,273.0,46.244,44.902,79.339,70.33,67.845,True
2025-08-09 12:00:00,12,38.0,38.0,38.672,262.0,221.0,41.0,26.0,197.0,247.0,39.791,37.499,89.14,79.757,75.191,True
2025-08-09 13:00:00,13,31.0,31.0,31.123,172.0,158.0,14.0,10.0,152.0,168.0,31.913,30.226,96.203,90.476,88.372,True
2025-08-09 14:00:00,14,24.0,24.0,24.6,137.0,124.0,13.0,12.0,123.0,136.0,25.021,23.424,99.194,90.441,89.781,True
2025-08-09 15:00:00,15,29.0,29.0,29.745,156.0,146.0,9.0,7.0,142.0,154.0,30.792,28.108,97.26,92.208,91.026,True
2025-08-09 16:00:00,16,37.0,37.0,37.453,154.0,127.0,27.0,22.0,113.0,149.0,38.319,34.472,88.976,75.839,73.377,True
2025-08-09 17:00:00,17,41.0,41.0,41.388,105.0,84.0,21.0,21.0,69.0,105.0,42.106,36.852,82.143,65.714,65.714,True
2025-08-09 18:00:00,18,36.0,36.0,36.013,85.0,76.0,9.0,6.0,67.0,82.0,35.846,30.382,88.158,81.707,78.824,True
2025-08-09 19:00:00,19,40.0,40.0,40.6,61.0,50.0,11.0,9.0,41.0,59.0,40.993,37.694,82.0,69.492,67.213,True
2025-08-09 20:00:00,20,56.0,56.0,56.452,54.0,41.0,13.0,12.0,23.0,53.0,58.17,56.522,56.098,43.396,42.593,True
2025-08-09 21:00:00,21,47.0,47.0,47.522,29.0,22.0,7.0,6.0,16.0,28.0,48.864,42.643,72.727,57.143,55.172,True
2025-08-09 22:00:00,22,39.0,39.0,39.6,12.0,10.0,2.0,2.0,9.0,12.0,40.069,40.793,90.0,75.0,75.0,True
2025-08-09 23:00:00,23,47.0,47.0,47.5,12.0,12.0,0.0,0.0,8.0,12.0,48.082,42.183,66.667,66.667,66.667,True
2025-08-10 00:00:00,0,28.0,28.0,28.5,7.0,6.0,1.0,1.0,6.0,7.0,28.623,27.958,100.0,85.714,85.714,True
2025-08-10 01:00:00,1,49.0,49.0,49.2,5.0,4.0,1.0,1.0,2.0,5.0,61.232,60.226,50.0,40.0,40.0,True
2025-08-10 02:00:00,2,33.0,33.0,33.0,1.0,1.0,0.0,0.0,1.0,1.0,33.526,33.526,100.0,100.0,100.0,True
2025-08-10 03:00:00,3,24.0,24.0,24.2,6.0,5.0,1.0,1.0,5.0,6.0,24.927,28.213,100.0,83.333,83.333,True
2025-08-10 04:00:00,4,25.0,25.0,25.5,7.0,6.0,1.0,0.0,6.0,6.0,26.405,29.284,100.0,100.0,85.714,True
2025-08-10 05:00:00,5,25.0,25.0,25.667,6.0,6.0,0.0,0.0,6.0,6.0,26.495,20.701,100.0,100.0,100.0,True
2025-08-10 06:00:00,6,30.0,30.0,30.5,2.0,2.0,0.0,0.0,2.0,2.0,31.33,31.33,100.0,100.0,100.0,True
2025-08-10 07:00:00,7,40.0,40.0,40.483,68.0,61.0,7.0,6.0,49.0,67.0,42.839,36.02,80.328,73.134,72.059,True
2025-08-10 08:00:00,8,36.0,36.0,36.371,203.0,174.0,28.0,17.0,153.0,192.0,38.51,34.487,87.931,79.688,75.369,True
2025-08-10 09:00:00,9,56.0,56.0,56.752,211.0,162.0,48.0,42.0,92.0,205.0,57.883,57.082,56.79,44.878,43.602,True
2025-08-10 10:00:00,10,48.0,48.0,48.248,131.0,108.0,23.0,21.0,68.0,129.0,55.522,55.79,62.963,52.713,51.908,True
2025-08-10 11:00:00,11,30.0,30.0,30.008,133.0,120.0,13.0,7.0,119.0,127.0,30.229,29.048,99.167,93.701,89.474,True
2025-08-10 12:00:00,12,24.0,24.0,24.074,257.0,240.0,17.0,14.0,240.0,254.0,24.695,23.689,100.0,94.488,93.385,True
2025-08-10 13:00:00,13,25.0,25.0,25.188,211.0,200.0,11.0,8.0,197.0,208.0,25.91,24.274,98.5,94.712,93.365,True
2025-08-10 14:00:00,14,26.0,26.0,26.333,155.0,142.0,13.0,12.0,137.0,154.0,27.058,23.739,96.479,88.961,88.387,True
2025-08-10 15:00:00,15,30.0,30.0,30.834,167.0,146.0,21.0,16.0,136.0,162.0,31.979,27.677,93.151,83.951,81.437,True
2025-08-10 16:00:00,16,36.0,36.0,36.412,139.0,118.0,21.0,15.0,105.0,133.0,37.185,34.422,88.983,78.947,75.54,True
2025-08-10 17:00:00,17,36.0,36.0,36.05,89.0,78.0,11.0,9.0,72.0,87.0,37.438,33.024,92.308,82.759,80.899,True
2025-08-10 18:00:00,18,33.0,33.0,33.814,64.0,59.0,5.0,2.0,56.0,61.0,34.707,33.144,94.915,91.803,87.5,True
2025-08-10 19:00:00,19,39.0,39.0,39.75,53.0,47.0,6.0,4.0,41.0,51.0,40.256,32.921,87.234,80.392,77.358,True
2025-08-10 20:00:00,20,77.0,78.0,78.821,49.0,29.0,20.0,18.0,10.0,47.0,80.785,94.833,34.483,21.277,20.408,False
2025-08-10 21:00:00,21,96.0,96.0,96.222,21.0,8.0,13.0,13.0,0.0,21.0,93.631,93.758,0.0,0.0,0.0,True
2025-08-10 22:00:00,22,83.0,83.0,83.333,11.0,9.0,2.0,1.0,2.0,10.0,83.409,90.484,22.222,20.0,18.182,True
2025-08-10 23:00:00,23,32.0,32.0,32.167,6.0,6.0,0.0,0.0,6.0,6.0,32.776,34.558,100.0,100.0,100.0,True
2025-08-11 00:00:00,0,36.0,36.0,36.0,2.0,2.0,0.0,0.0,2.0,2.0,36.478,36.478,100.0,100.0,100.0,True
2025-08-11 01:00:00,1,55.0,55.0,55.0,3.0,1.0,2.0,2.0,1.0,3.0,55.558,55.558,100.0,33.333,33.333,True
2025-08-11 03:00:00,3,23.0,23.0,23.4,4.0,4.0,0.0,0.0,4.0,4.0,28.318,28.61,100.0,100.0,100.0,True
2025-08-11 04:00:00,4,31.0,31.0,31.0,12.0,11.0,1.0,1.0,11.0,12.0,33.388,32.241,100.0,91.667,91.667,True
2025-08-11 05:00:00,5,43.0,43.0,43.667,15.0,15.0,0.0,0.0,5.0,15.0,62.118,64.602,33.333,33.333,33.333,True
2025-08-11 06:00:00,6,36.0,36.0,36.345,21.0,17.0,4.0,3.0,15.0,20.0,42.364,44.598,88.235,75.0,71.429,True
2025-08-11 07:00:00,7,30.0,30.0,30.255,241.0,211.0,30.0,14.0,199.0,225.0,33.671,30.846,94.313,88.444,82.573,True
2025-08-11 08:00:00,8,37.0,37.0,37.318,470.0,416.0,54.0,34.0,359.0,450.0,40.552,36.396,86.298,79.778,76.383,True
2025-08-11 09:00:00,9,32.0,32.0,32.974,410.0,370.0,40.0,30.0,350.0,400.0,33.473,30.554,94.595,87.5,85.366,True
2025-08-11 10:00:00,10,22.0,22.0,22.541,408.0,398.0,10.0,7.0,395.0,405.0,23.227,21.698,99.246,97.531,96.814,True
2025-08-11 11:00:00,11,21.0,21.0,21.97,528.0,508.0,18.0,6.0,508.0,516.0,22.511,21.783,100.0,98.45,96.212,True
2025-08-11 12:00:00,12,20.0,20.0,20.3,565.0,537.0,28.0,17.0,537.0,554.0,20.718,19.773,100.0,96.931,95.044,True
2025-08-11 13:00:00,13,20.0,20.0,20.067,488.0,458.0,30.0,20.0,457.0,478.0,20.516,19.442,99.782,95.607,93.648,True
2025-08-11 14:00:00,14,25.0,25.0,25.663,633.0,585.0,47.0,33.0,577.0,619.0,26.298,24.474,98.632,93.215,91.153,True
2025-08-11 15:00:00,15,39.0,39.0,39.816,658.0,571.0,87.0,59.0,479.0,630.0,40.918,36.175,83.888,76.032,72.796,True
2025-08-11 16:00:00,16,43.0,43.0,43.568,360.0,284.0,76.0,34.0,217.0,318.0,44.249,40.249,76.408,68.239,60.278,True
2025-08-11 17:00:00,17,39.0,39.0,39.792,228.0,185.0,43.0,18.0,159.0,203.0,40.168,37.61,85.946,78.325,69.737,True
2025-08-11 18:00:00,18,37.0,37.0,37.727,99.0,84.0,15.0,13.0,74.0,97.0,38.756,35.384,88.095,76.289,74.747,True
2025-08-11 19:00:00,19,32.0,32.0,32.758,69.0,66.0,3.0,2.0,64.0,68.0,32.961,30.954,96.97,94.118,92.754,True
2025-08-11 20:00:00,20,34.0,34.0,34.629,41.0,35.0,6.0,4.0,31.0,39.0,36.711,35.854,88.571,79.487,75.61,True
2025-08-11 21:00:00,21,45.0,45.0,45.03,35.0,32.0,3.0,3.0,24.0,35.0,44.384,40.475,75.0,68.571,68.571,True
2025-08-11 22:00:00,22,29.0,29.0,29.75,12.0,11.0,1.0,1.0,11.0,12.0,32.804,32.142,100.0,91.667,91.667,True
2025-08-11 23:00:00,23,27.0,27.0,27.2,10.0,10.0,0.0,0.0,10.0,10.0,26.728,26.73,100.0,100.0,100.0,True
2025-08-12 00:00:00,0,58.0,58.0,58.0,8.0,8.0,0.0,0.0,4.0,8.0,63.477,61.844,50.0,50.0,50.0,True
2025-08-12 01:00:00,1,33.0,33.0,33.5,2.0,2.0,0.0,0.0,2.0,2.0,33.257,33.257,100.0,100.0,100.0,True
2025-08-12 02:00:00,2,22.0,22.0,22.25,4.0,3.0,1.0,1.0,3.0,4.0,24.77,21.939,100.0,75.0,75.0,True
2025-08-12 03:00:00,3,30.0,30.0,30.0,5.0,5.0,0.0,0.0,5.0,5.0,30.723,28.158,100.0,100.0,100.0,True
2025-08-12 04:00:00,4,31.0,31.0,31.176,13.0,12.0,1.0,1.0,10.0,13.0,42.813,32.214,83.333,76.923,76.923,True
2025-08-12 05:00:00,5,43.0,43.0,43.68,20.0,19.0,1.0,0.0,11.0,19.0,45.102,37.184,57.895,57.895,55.0,True
2025-08-12 06:00:00,6,34.0,34.0,34.292,23.0,22.0,1.0,1.0,21.0,23.0,33.844,33.983,95.455,91.304,91.304,True
2025-08-12 07:00:00,7,27.0,27.0,27.817,199.0,174.0,25.0,11.0,168.0,185.0,30.303,27.539,96.552,90.811,84.422,True
2025-08-12 08:00:00,8,32.0,32.0,32.83,475.0,421.0,54.0,27.0,395.0,448.0,35.647,33.22,93.824,88.17,83.158,True
2025-08-12 09:00:00,9,33.0,33.0,33.45,409.0,363.0,46.0,28.0,349.0,391.0,34.102,32.37,96.143,89.258,85.33,True
2025-08-12 10:00:00,10,23.0,23.0,23.113,430.0,398.0,32.0,20.0,397.0,418.0,24.121,22.959,99.749,94.976,92.326,True
2025-08-12 11:00:00,11,23.0,23.0,23.375,534.0,509.0,25.0,13.0,505.0,522.0,23.987,22.707,99.214,96.743,94.569,True
2025-08-12 12:00:00,12,25.0,25.0,25.07,629.0,606.0,23.0,17.0,599.0,623.0,25.48,24.087,98.845,96.148,95.231,True
2025-08-12 13:00:00,13,21.0,21.0,21.709,524.0,491.0,33.0,19.0,490.0,510.0,22.214,21.038,99.796,96.078,93.511,True
2025-08-12 14:00:00,14,25.0,25.0,25.345,613.0,574.0,39.0,15.0,563.0,589.0,26.072,24.184,98.084,95.586,91.843,True
2025-08-12 15:00:00,15,43.0,43.0,43.207,673.0,562.0,110.0,75.0,460.0,638.0,43.828,38.672,81.851,72.1,68.351,True
2025-08-12 16:00:00,16,44.0,44.0,44.873,354.0,272.0,82.0,51.0,202.0,323.0,46.658,40.483,74.265,62.539,57.062,True
2025-08-12 17:00:00,17,42.0,42.0,42.761,238.0,192.0,46.0,24.0,151.0,216.0,43.741,34.76,78.646,69.907,63.445,True
2025-08-12 18:00:00,18,32.0,32.0,32.593,102.0,92.0,10.0,8.0,83.0,100.0,34.211,28.962,90.217,83.0,81.373,True
2025-08-12 19:00:00,19,47.0,47.0,47.231,79.0,62.0,17.0,12.0,45.0,74.0,47.017,36.21,72.581,60.811,56.962,True
2025-08-12 20:00:00,20,59.0,59.0,59.436,62.0,38.0,24.0,19.0,14.0,57.0,62.731,68.647,36.842,24.561,22.581,True
2025-08-12 21:00:00,21,76.0,76.0,76.286,37.0,27.0,10.0,9.0,9.0,36.0,76.434,80.194,33.333,25.0,24.324,True
2025-08-12 22:00:00,22,64.0,64.0,64.875,24.0,16.0,8.0,8.0,8.0,24.0,65.035,59.583,50.0,33.333,33.333,True
2025-08-12 23:00:00,23,52.0,52.0,52.6,4.0,4.0,0.0,0.0,2.0,4.0,66.419,65.692,50.0,50.0,50.0,True
2025-08-13 00:00:00,0,52.0,52.0,52.667,3.0,3.0,0.0,0.0,3.0,3.0,53.45,56.757,100.0,100.0,100.0,True
2025-08-13 01:00:00,1,37.0,37.0,37.0,5.0,4.0,1.0,1.0,3.0,5.0,37.105,29.443,75.0,60.0,60.0,True
2025-08-13 02:00:00,2,25.0,25.0,25.75,3.0,3.0,0.0,0.0,3.0,3.0,32.029,29.62,100.0,100.0,100.0,True
2025-08-13 03:00:00,3,28.0,28.0,28.8,4.0,4.0,0.0,0.0,4.0,4.0,35.694,32.927,100.0,100.0,100.0,True
2025-08-13 04:00:00,4,25.0,25.0,25.692,13.0,12.0,1.0,1.0,12.0,13.0,28.375,25.569,100.0,92.308,92.308,True
2025-08-13 05:00:00,5,40.0,40.0,40.308,17.0,15.0,2.0,1.0,8.0,16.0,56.169,52.22,53.333,50.0,47.059,True
2025-08-13 06:00:00,6,39.0,39.0,39.924,35.0,30.0,5.0,1.0,27.0,31.0,45.437,45.616,90.0,87.097,77.143,True
2025-08-13 07:00:00,7,36.0,37.0,37.019,289.0,241.0,47.0,26.0,192.0,268.0,44.119,39.063,79.668,71.642,66.436,False
2025-08-13 08:00:00,8,52.0,52.0,52.279,497.0,413.0,83.0,65.0,222.0,479.0,59.096,56.869,53.753,46.347,44.668,True
2025-08-13 09:00:00,9,49.0,49.0,49.777,399.0,343.0,56.0,40.0,236.0,383.0,50.221,46.353,68.805,61.619,59.148,True
2025-08-13 10:00:00,10,34.0,34.0,34.245,377.0,332.0,45.0,26.0,303.0,358.0,38.178,36.516,91.265,84.637,80.371,True
2025-08-13 11:00:00,11,33.0,33.0,33.854,564.0,495.0,69.0,47.0,464.0,542.0,34.516,31.879,93.737,85.609,82.27,True
2025-08-13 12:00:00,12,32.0,32.0,32.968,536.0,478.0,58.0,41.0,450.0,519.0,33.961,31.683,94.142,86.705,83.955,True
2025-08-13 13:00:00,13,29.0,29.0,29.112,439.0,399.0,40.0,22.0,386.0,421.0,29.42,27.822,96.742,91.686,87.927,True
2025-08-13 14:00:00,14,38.0,38.0,38.209,655.0,564.0,91.0,65.0,466.0,629.0,39.048,32.102,82.624,74.086,71.145,True
2025-08-13 15:00:00,15,69.0,69.0,69.394,605.0,466.0,139.0,115.0,198.0,581.0,72.179,68.092,42.489,34.079,32.727,True
2025-08-13 16:00:00,16,82.0,82.0,82.857,294.0,217.0,77.0,64.0,78.0,281.0,85.163,81.35,35.945,27.758,26.531,True
2025-08-13 17:00:00,17,76.0,76.0,76.227,176.0,119.0,57.0,47.0,52.0,166.0,78.837,72.883,43.697,31.325,29.545,True
2025-08-13 18:00:00,18,79.0,79.0,79.803,105.0,59.0,46.0,38.0,19.0,97.0,82.359,76.094,32.203,19.588,18.095,True
2025-08-13 19:00:00,19,100.0,100.0,100.971,62.0,34.0,28.0,16.0,7.0,50.0,103.544,109.968,20.588,14.0,11.29,True
2025-08-13 20:00:00,20,84.0,84.0,84.242,60.0,32.0,28.0,22.0,8.0,54.0,86.963,88.722,25.0,14.815,13.333,True
2025-08-13 21:00:00,21,63.0,66.0,66.533,30.0,15.0,15.0,14.0,5.0,29.0,66.752,72.143,33.333,17.241,16.667,False
2025-08-13 22:00:00,22,60.0,60.0,60.429,12.0,7.0,5.0,4.0,4.0,11.0,60.689,59.537,57.143,36.364,33.333,True
2025-08-13 23:00:00,23,34.0,34.0,34.0,6.0,5.0,1.0,0.0,5.0,5.0,34.808,31.529,100.0,100.0,83.333,True
2025-08-14 00:00:00,0,35.0,35.0,35.667,3.0,3.0,0.0,0.0,3.0,3.0,35.781,27.518,100.0,100.0,100.0,True
2025-08-14 02:00:00,2,22.0,22.0,22.0,2.0,2.0,0.0,0.0,2.0,2.0,18.219,18.219,100.0,100.0,100.0,True
2025-08-14 03:00:00,3,43.0,43.0,43.5,2.0,2.0,0.0,0.0,2.0,2.0,43.112,43.112,100.0,100.0,100.0,True
2025-08-14 04:00:00,4,30.0,30.0,30.562,17.0,13.0,4.0,3.0,12.0,16.0,36.885,28.586,92.308,75.0,70.588,True
2025-08-14 05:00:00,5,39.0,39.0,39.84,22.0,20.0,2.0,2.0,14.0,22.0,46.812,46.998,70.0,63.636,63.636,True
2025-08-14 06:00:00,6,37.0,37.0,37.2,33.0,29.0,4.0,0.0,25.0,29.0,39.869,38.26,86.207,86.207,75.758,True
2025-08-14 07:00:00,7,33.0,33.0,33.617,313.0,263.0,49.0,23.0,228.0,287.0,38.554,34.038,86.692,79.443,72.843,True
2025-08-14 08:00:00,8,44.0,44.0,44.676,499.0,415.0,83.0,57.0,305.0,473.0,48.748,47.289,73.494,64.482,61.122,True
2025-08-14 09:00:00,9,36.0,36.0,36.758,319.0,275.0,43.0,30.0,251.0,306.0,37.357,34.994,91.273,82.026,78.683,True
2025-08-14 10:00:00,10,21.0,21.0,21.572,379.0,356.0,23.0,15.0,355.0,371.0,22.321,20.743,99.719,95.687,93.668,True
2025-08-14 11:00:00,11,24.0,24.0,24.288,528.0,502.0,25.0,13.0,502.0,516.0,24.844,23.935,100.0,97.287,95.076,True
2025-08-14 12:00:00,12,21.0,21.0,21.996,515.0,489.0,25.0,13.0,485.0,503.0,22.458,21.29,99.182,96.421,94.175,True
2025-08-14 13:00:00,13,21.0,21.0,21.439,486.0,445.0,40.0,22.0,443.0,468.0,21.996,21.293,99.551,94.658,91.152,True
2025-08-14 14:00:00,14,34.0,34.0,34.323,599.0,531.0,67.0,50.0,461.0,582.0,35.069,28.127,86.817,79.21,76.962,True
2025-08-14 15:00:00,15,57.0,57.0,57.43,568.0,465.0,103.0,85.0,260.0,550.0,59.487,53.943,55.914,47.273,45.775,True
2025-08-14 16:00:00,16,60.0,60.0,60.118,292.0,212.0,80.0,60.0,104.0,272.0,62.395,62.341,49.057,38.235,35.616,True
2025-08-14 17:00:00,17,54.0,54.0,54.681,170.0,130.0,40.0,25.0,80.0,155.0,54.307,48.09,61.538,51.613,47.059,True
2025-08-14 18:00:00,18,40.0,40.0,40.012,97.0,82.0,15.0,8.0,67.0,90.0,40.204,33.703,81.707,74.444,69.072,True
2025-08-14 19:00:00,19,35.0,35.0,35.656,74.0,63.0,11.0,9.0,55.0,72.0,36.167,31.354,87.302,76.389,74.324,True
2025-08-14 20:00:00,20,55.0,54.0,54.72,63.0,48.0,15.0,14.0,28.0,62.0,57.19,54.858,58.333,45.161,44.444,False
2025-08-14 21:00:00,21,62.0,62.0,62.679,35.0,28.0,7.0,6.0,14.0,34.0,62.857,60.068,50.0,41.176,40.0,True
2025-08-14 22:00:00,22,49.0,49.0,49.0,26.0,17.0,9.0,6.0,11.0,23.0,49.22,47.732,64.706,47.826,42.308,True
2025-08-14 23:00:00,23,69.0,69.0,69.188,22.0,16.0,6.0,4.0,5.0,20.0,69.374,70.066,31.25,25.0,22.727,True
2025-08-15 00:00:00,0,52.0,52.0,52.0,5.0,4.0,1.0,1.0,2.0,5.0,60.755,65.155,50.0,40.0,40.0,True
2025-08-15 01:00:00,1,38.0,38.0,38.0,3.0,3.0,0.0,0.0,2.0,3.0,39.16,29.464,66.667,66.667,66.667,True
2025-08-15 02:00:00,2,43.0,43.0,43.5,8.0,6.0,2.0,2.0,5.0,8.0,43.56,41.033,83.333,62.5,62.5,True
2025-08-15 03:00:00,3,25.0,25.0,25.833,7.0,6.0,1.0,1.0,6.0,7.0,26.109,26.319,100.0,85.714,85.714,True
2025-08-15 04:00:00,4,61.0,61.0,61.222,11.0,9.0,2.0,2.0,7.0,11.0,61.798,33.296,77.778,63.636,63.636,True
2025-08-15 05:00:00,5,31.0,31.0,31.75,11.0,9.0,2.0,2.0,7.0,11.0,40.526,31.041,77.778,63.636,63.636,True
2025-08-15 06:00:00,6,58.0,58.0,58.762,9.0,8.0,1.0,1.0,4.0,9.0,62.661,63.128,50.0,44.444,44.444,True
2025-08-15 07:00:00,7,29.0,29.0,29.405,44.0,36.0,8.0,4.0,36.0,40.0,28.625,27.49,100.0,90.0,81.818,True
2025-08-15 08:00:00,8,20.0,20.0,20.867,84.0,77.0,7.0,2.0,77.0,79.0,21.741,21.175,100.0,97.468,91.667,True
2025-08-15 09:00:00,9,26.0,26.0,26.29,137.0,128.0,9.0,6.0,126.0,134.0,26.495,24.201,98.438,94.03,91.971,True
2025-08-15 10:00:00,10,31.0,31.0,31.693,230.0,203.0,27.0,18.0,188.0,221.0,34.64,30.585,92.611,85.068,81.739,True
2025-08-15 11:00:00,11,37.0,37.0,37.188,236.0,205.0,31.0,25.0,185.0,230.0,37.756,34.693,90.244,80.435,78.39,True
2025-08-15 12:00:00,12,26.0,26.0,26.737,193.0,181.0,12.0,7.0,176.0,188.0,28.011,25.525,97.238,93.617,91.192,True
2025-08-15 13:00:00,13,23.0,23.0,23.632,178.0,169.0,9.0,7.0,167.0,176.0,23.974,21.827,98.817,94.886,93.82,True
2025-08-15 14:00:00,14,23.0,23.0,23.234,175.0,155.0,20.0,11.0,153.0,166.0,24.13,21.883,98.71,92.169,87.429,True
2025-08-15 15:00:00,15,33.0,33.0,33.958,219.0,180.0,39.0,28.0,161.0,208.0,35.55,31.938,89.444,77.404,73.516,True
2025-08-15 16:00:00,16,43.0,43.0,43.311,148.0,118.0,30.0,18.0,93.0,136.0,44.329,33.275,78.814,68.382,62.838,True
2025-08-15 17:00:00,17,38.0,38.0,38.471,111.0,82.0,29.0,22.0,70.0,104.0,39.49,34.933,85.366,67.308,63.063,True
2025-08-15 18:00:00,18,39.0,39.0,39.75,74.0,58.0,16.0,8.0,45.0,66.0,40.913,31.853,77.586,68.182,60.811,True
2025-08-15 19:00:00,19,43.0,43.0,43.796,67.0,49.0,18.0,14.0,39.0,63.0,44.007,37.607,79.592,61.905,58.209,True
2025-08-15 20:00:00,20,69.0,69.0,69.056,59.0,35.0,24.0,21.0,11.0,56.0,71.197,82.091,31.429,19.643,18.644,True
2025-08-15 21:00:00,21,80.0,79.0,79.4,31.0,25.0,6.0,6.0,6.0,31.0,79.607,81.248,24.0,19.355,19.355,False
2025-08-15 22:00:00,22,83.0,83.0,83.4,20.0,14.0,6.0,5.0,2.0,19.0,88.09,88.69,14.286,10.526,10.0,True
2025-08-15 23:00:00,23,63.0,63.0,63.917,15.0,12.0,3.0,3.0,5.0,15.0,64.443,65.888,41.667,33.333,33.333,True
2025-08-16 00:00:00,0,49.0,49.0,49.25,8.0,8.0,0.0,0.0,7.0,8.0,49.945,48.496,87.5,87.5,87.5,True
2025-08-16 01:00:00,1,68.0,68.0,68.5,3.0,2.0,1.0,1.0,1.0,3.0,68.889,68.889,50.0,33.333,33.333,True
2025-08-16 02:00:00,2,19.0,19.0,19.5,2.0,2.0,0.0,0.0,2.0,2.0,19.573,19.573,100.0,100.0,100.0,True
2025-08-16 03:00:00,3,27.0,27.0,27.333,3.0,3.0,0.0,0.0,3.0,3.0,27.637,27.964,100.0,100.0,100.0,True
2025-08-16 04:00:00,4,27.0,27.0,27.353,14.0,13.0,1.0,1.0,11.0,14.0,35.45,28.627,84.615,78.571,78.571,True
2025-08-16 05:00:00,5,24.0,24.0,24.923,15.0,11.0,4.0,3.0,10.0,14.0,36.006,33.309,90.909,71.429,66.667,True
2025-08-16 06:00:00,6,68.0,68.0,68.136,16.0,14.0,2.0,2.0,7.0,16.0,63.503,63.193,50.0,43.75,43.75,True
2025-08-16 07:00:00,7,32.0,32.0,32.954,48.0,40.0,8.0,4.0,35.0,44.0,36.1,34.982,87.5,79.545,72.917,True
2025-08-16 08:00:00,8,29.0,29.0,29.376,164.0,141.0,23.0,12.0,132.0,153.0,31.987,27.899,93.617,86.275,80.488,True
2025-08-16 09:00:00,9,36.0,36.0,36.315,192.0,166.0,26.0,19.0,149.0,185.0,37.131,32.606,89.759,80.541,77.604,True
2025-08-16 10:00:00,10,40.0,40.0,40.303,200.0,160.0,40.0,33.0,128.0,193.0,45.032,39.916,80.0,66.321,64.0,True
2025-08-16 11:00:00,11,46.0,46.0,46.304,273.0,235.0,38.0,30.0,184.0,265.0,46.647,45.118,78.298,69.434,67.399,True
2025-08-16 12:00:00,12,37.0,37.0,37.833,200.0,168.0,32.0,20.0,146.0,188.0,39.076,35.945,86.905,77.66,73.0,True
2025-08-16 13:00:00,13,29.0,29.0,29.68,192.0,171.0,21.0,15.0,165.0,186.0,30.279,28.045,96.491,88.71,85.938,True
2025-08-16 14:00:00,14,24.0,24.0,24.63,150.0,140.0,10.0,5.0,139.0,145.0,25.933,23.878,99.286,95.862,92.667,True
2025-08-16 15:00:00,15,28.0,28.0,28.296,166.0,149.0,17.0,9.0,143.0,158.0,29.001,25.993,95.973,90.506,86.145,True
2025-08-16 16:00:00,16,30.0,30.0,30.445,133.0,106.0,27.0,22.0,99.0,128.0,31.798,27.093,93.396,77.344,74.436,True
2025-08-16 17:00:00,17,32.0,32.0,32.591,106.0,90.0,16.0,12.0,86.0,102.0,32.756,29.184,95.556,84.314,81.132,True
2025-08-16 18:00:00,18,32.0,31.0,31.789,91.0,71.0,20.0,18.0,67.0,89.0,32.267,28.769,94.366,75.281,73.626,False
2025-08-16 19:00:00,19,29.0,29.0,29.966,74.0,60.0,14.0,9.0,58.0,69.0,30.21,26.614,96.667,84.058,78.378,True
2025-08-16 20:00:00,20,45.0,45.0,45.913,63.0,45.0,18.0,14.0,33.0,59.0,46.761,44.971,73.333,55.932,52.381,True
2025-08-16 21:00:00,21,51.0,51.0,51.917,31.0,24.0,7.0,5.0,16.0,29.0,52.204,44.431,66.667,55.172,51.613,True
2025-08-16 22:00:00,22,44.0,44.0,44.733,21.0,15.0,6.0,4.0,10.0,19.0,45.138,42.37,66.667,52.632,47.619,True
2025-08-16 23:00:00,23,56.0,56.0,56.562,19.0,16.0,3.0,2.0,9.0,18.0,56.744,57.028,56.25,50.0,47.368,True
2025-08-17 00:00:00,0,35.0,35.0,35.6,5.0,5.0,0.0,0.0,5.0,5.0,36.061,41.037,100.0,100.0,100.0,True
2025-08-17 01:00:00,1,20.0,20.0,20.0,2.0,2.0,0.0,0.0,2.0,2.0,28.159,28.159,100.0,100.0,100.0,True
2025-08-17 02:00:00,2,29.0,29.0,29.6,5.0,5.0,0.0,0.0,4.0,5.0,30.38,24.949,80.0,80.0,80.0,True
2025-08-17 03:00:00,3,31.0,31.0,31.6,5.0,5.0,0.0,0.0,4.0,5.0,32.22,25.843,80.0,80.0,80.0,True
2025-08-17 04:00:00,4,35.0,35.0,35.25,4.0,4.0,0.0,0.0,4.0,4.0,35.798,35.866,100.0,100.0,100.0,True
2025-08-17 05:00:00,5,30.0,30.0,30.833,6.0,6.0,0.0,0.0,6.0,6.0,31.193,33.258,100.0,100.0,100.0,True
2025-08-17 06:00:00,6,56.0,56.0,56.0,3.0,3.0,0.0,0.0,2.0,3.0,57.282,40.86,66.667,66.667,66.667,True
2025-08-17 07:00:00,7,35.0,35.0,35.353,76.0,63.0,13.0,9.0,56.0,72.0,39.499,37.293,88.889,77.778,73.684,True
2025-08-17 08:00:00,8,33.0,33.0,33.847,168.0,156.0,12.0,8.0,145.0,164.0,35.929,30.774,92.949,88.415,86.31,True
2025-08-17 09:00:00,9,56.0,56.0,56.885,239.0,184.0,55.0,43.0,90.0,227.0,58.199,60.512,48.913,39.648,37.657,True
2025-08-17 10:00:00,10,33.0,33.0,33.024,106.0,85.0,21.0,14.0,77.0,99.0,40.134,38.114,90.588,77.778,72.642,True
2025-08-17 11:00:00,11,26.0,25.0,25.95,148.0,139.0,9.0,7.0,139.0,146.0,26.686,26.143,100.0,95.205,93.919,False
2025-08-17 12:00:00,12,23.0,23.0,23.618,247.0,235.0,12.0,8.0,235.0,243.0,23.989,23.025,100.0,96.708,95.142,True
2025-08-17 13:00:00,13,29.0,29.0,29.398,244.0,231.0,13.0,8.0,223.0,239.0,29.96,26.79,96.537,93.305,91.393,True
2025-08-17 14:00:00,14,36.0,36.0,36.569,191.0,165.0,26.0,18.0,141.0,183.0,37.391,31.373,85.455,77.049,73.822,True
2025-08-17 15:00:00,15,35.0,35.0,35.596,150.0,129.0,21.0,15.0,110.0,144.0,36.647,32.368,85.271,76.389,73.333,True
2025-08-17 16:00:00,16,33.0,33.0,33.594,123.0,95.0,28.0,19.0,85.0,114.0,34.186,29.375,89.474,74.561,69.106,True
2025-08-17 17:00:00,17,31.0,32.0,32.08,101.0,87.0,14.0,7.0,78.0,94.0,33.419,29.978,89.655,82.979,77.228,False
2025-08-17 18:00:00,18,35.0,35.0,35.943,82.0,69.0,13.0,11.0,62.0,80.0,36.126,31.032,89.855,77.5,75.61,True
2025-08-17 19:00:00,19,51.0,51.0,51.034,74.0,57.0,16.0,13.0,39.0,71.0,54.375,48.668,68.421,54.93,52.703,True
2025-08-17 20:00:00,20,88.0,88.0,88.182,41.0,20.0,21.0,20.0,5.0,40.0,92.14,105.326,25.0,12.5,12.195,True
2025-08-17 21:00:00,21,79.0,81.0,81.857,13.0,7.0,6.0,5.0,0.0,12.0,82.115,81.301,0.0,0.0,0.0,False
2025-08-17 22:00:00,22,47.0,47.0,47.364,11.0,11.0,0.0,0.0,8.0,11.0,47.708,45.337,72.727,72.727,72.727,True
2025-08-17 23:00:00,23,31.0,31.0,31.5,6.0,6.0,0.0,0.0,6.0,6.0,31.894,32.316,100.0,100.0,100.0,True
2025-08-18 00:00:00,0,51.0,51.0,51.5,5.0,4.0,1.0,1.0,2.0,5.0,52.345,52.786,50.0,40.0,40.0,True
2025-08-18 01:00:00,1,22.0,22.0,22.667,2.0,2.0,0.0,0.0,2.0,2.0,30.008,30.008,100.0,100.0,100.0,True
2025-08-18 03:00:00,3,23.0,23.0,23.667,3.0,3.0,0.0,0.0,3.0,3.0,23.958,25.134,100.0,100.0,100.0,True
2025-08-18 04:00:00,4,28.0,28.0,28.333,12.0,10.0,2.0,1.0,10.0,11.0,33.165,31.542,100.0,90.909,83.333,True
2025-08-18 05:00:00,5,33.0,33.0,33.407,22.0,16.0,6.0,3.0,13.0,19.0,43.83,36.41,81.25,68.421,59.091,True
2025-08-18 06:00:00,6,33.0,33.0,33.145,21.0,20.0,1.0,1.0,20.0,21.0,40.971,40.491,100.0,95.238,95.238,True
2025-08-18 07:00:00,7,34.0,34.0,34.353,274.0,233.0,41.0,20.0,201.0,253.0,39.619,35.079,86.266,79.447,73.358,True
2025-08-18 08:00:00,8,41.0,41.0,41.872,459.0,381.0,78.0,47.0,294.0,428.0,46.268,44.784,77.165,68.692,64.052,True
2025-08-18 09:00:00,9,32.0,32.0,32.644,344.0,312.0,32.0,23.0,298.0,335.0,33.543,31.489,95.513,88.955,86.628,True
2025-08-18 10:00:00,10,21.0,21.0,21.821,429.0,396.0,32.0,19.0,393.0,416.0,22.53,21.527,99.242,94.471,91.608,True
2025-08-18 11:00:00,11,22.0,22.0,22.895,519.0,494.0,25.0,18.0,494.0,512.0,23.509,22.816,100.0,96.484,95.183,True
2025-08-18 12:00:00,12,21.0,21.0,21.468,597.0,587.0,10.0,5.0,585.0,592.0,21.904,20.907,99.659,98.818,97.99,True
2025-08-18 13:00:00,13,20.0,20.0,20.007,459.0,435.0,23.0,11.0,433.0,447.0,20.424,19.282,99.54,96.868,94.336,True
2025-08-18 14:00:00,14,23.0,23.0,23.742,636.0,591.0,45.0,25.0,582.0,616.0,24.189,21.992,98.477,94.481,91.509,True
2025-08-18 15:00:00,15,36.0,36.0,36.433,680.0,584.0,96.0,53.0,526.0,637.0,37.505,35.463,90.068,82.575,77.353,True
2025-08-18 16:00:00,16,39.0,39.0,39.031,374.0,306.0,68.0,40.0,267.0,346.0,39.964,36.875,87.255,77.168,71.39,True
2025-08-18 17:00:00,17,35.0,35.0,35.164,231.0,181.0,50.0,22.0,159.0,203.0,35.65,31.306,87.845,78.325,68.831,True
2025-08-18 18:00:00,18,37.0,37.0,37.567,126.0,104.0,22.0,14.0,93.0,118.0,37.803,32.005,89.423,78.814,73.81,True
2025-08-18 19:00:00,19,35.0,34.0,34.987,86.0,75.0,11.0,7.0,69.0,82.0,35.777,30.669,92.0,84.146,80.233,False
2025-08-18 20:00:00,20,34.0,34.0,34.5,52.0,40.0,12.0,10.0,38.0,50.0,34.743,31.232,95.0,76.0,73.077,True
2025-08-18 21:00:00,21,31.0,31.0,31.1,36.0,30.0,6.0,4.0,29.0,34.0,31.44,29.398,96.667,85.294,80.556,True
2025-08-18 22:00:00,22,29.0,29.0,29.5,22.0,20.0,2.0,1.0,19.0,21.0,29.688,25.895,95.0,90.476,86.364,True
2025-08-18 23:00:00,23,24.0,24.0,24.778,11.0,9.0,2.0,2.0,9.0,11.0,24.902,28.321,100.0,81.818,81.818,True
2025-08-19 00:00:00,0,28.0,28.0,28.75,10.0,4.0,6.0,6.0,4.0,10.0,29.21,23.771,100.0,40.0,40.0,True
2025-08-19 01:00:00,1,22.0,22.0,22.0,4.0,2.0,2.0,2.0,2.0,4.0,22.609,22.609,100.0,50.0,50.0,True
2025-08-19 02:00:00,2,26.0,26.0,26.4,4.0,4.0,0.0,0.0,4.0,4.0,31.213,33.283,100.0,100.0,100.0,True
2025-08-19 03:00:00,3,24.0,24.0,24.333,6.0,5.0,1.0,1.0,5.0,6.0,29.697,31.75,100.0,83.333,83.333,True
2025-08-19 04:00:00,4,23.0,23.0,23.647,11.0,11.0,0.0,0.0,10.0,11.0,34.909,27.558,90.909,90.909,90.909,True
2025-08-19 05:00:00,5,40.0,40.0,40.545,20.0,17.0,3.0,1.0,12.0,18.0,45.003,42.313,70.588,66.667,60.0,True
2025-08-19 06:00:00,6,37.0,37.0,37.269,23.0,23.0,0.0,0.0,21.0,23.0,37.709,36.196,91.304,91.304,91.304,True
2025-08-19 07:00:00,7,30.0,30.0,30.564,252.0,215.0,37.0,19.0,197.0,234.0,34.855,30.418,91.628,84.188,78.175,True
2025-08-19 08:00:00,8,38.0,38.0,38.342,463.0,407.0,55.0,38.0,352.0,446.0,42.112,39.648,86.486,78.924,76.026,True
2025-08-19 09:00:00,9,31.0,31.0,31.718,363.0,331.0,32.0,17.0,320.0,348.0,32.294,29.681,96.677,91.954,88.154,True
2025-08-19 10:00:00,10,22.0,22.0,22.557,396.0,380.0,15.0,8.0,377.0,389.0,23.279,22.073,99.211,96.915,95.202,True
2025-08-19 11:00:00,11,22.0,22.0,22.947,560.0,534.0,26.0,13.0,533.0,547.0,23.418,22.372,99.813,97.441,95.179,True
2025-08-19 12:00:00,12,23.0,23.0,23.24,601.0,570.0,30.0,14.0,567.0,585.0,23.757,22.784,99.474,96.923,94.343,True
2025-08-19 13:00:00,13,21.0,21.0,21.926,539.0,516.0,23.0,9.0,514.0,525.0,22.411,21.486,99.612,97.905,95.362,True
2025-08-19 14:00:00,14,28.0,28.0,28.297,673.0,621.0,52.0,35.0,597.0,656.0,28.918,26.154,96.135,91.006,88.707,True
2025-08-19 15:00:00,15,46.0,46.0,46.87,672.0,562.0,109.0,76.0,413.0,639.0,48.41,44.43,73.488,64.632,61.458,True
2025-08-19 16:00:00,16,60.0,60.0,60.201,375.0,291.0,84.0,61.0,154.0,352.0,62.085,56.457,52.921,43.75,41.067,True
2025-08-19 17:00:00,17,51.0,51.0,51.51,241.0,185.0,56.0,29.0,129.0,214.0,52.405,45.666,69.73,60.28,53.527,True
2025-08-19 18:00:00,18,52.0,52.0,52.53,107.0,82.0,25.0,21.0,52.0,103.0,53.951,54.125,63.415,50.485,48.598,True
2025-08-19 19:00:00,19,53.0,53.0,53.25,62.0,43.0,19.0,19.0,31.0,62.0,52.077,42.458,72.093,50.0,50.0,True
2025-08-19 20:00:00,20,59.0,59.0,59.581,57.0,42.0,15.0,12.0,20.0,54.0,61.236,64.412,47.619,37.037,35.088,True
2025-08-19 21:00:00,21,57.0,57.0,57.033,39.0,30.0,9.0,7.0,15.0,37.0,57.478,60.402,50.0,40.541,38.462,True
2025-08-19 22:00:00,22,50.0,50.0,50.583,18.0,12.0,6.0,6.0,10.0,18.0,50.81,52.072,83.333,55.556,55.556,True
2025-08-19 23:00:00,23,24.0,24.0,24.6,9.0,9.0,0.0,0.0,9.0,9.0,27.958,24.674,100.0,100.0,100.0,True
2025-08-20 00:00:00,0,63.0,63.0,63.5,4.0,2.0,2.0,2.0,1.0,4.0,63.916,63.916,50.0,25.0,25.0,True
2025-08-20 01:00:00,1,50.0,50.0,50.25,4.0,4.0,0.0,0.0,3.0,4.0,50.863,44.993,75.0,75.0,75.0,True
2025-08-20 02:00:00,2,37.0,37.0,37.0,1.0,1.0,0.0,0.0,1.0,1.0,36.929,36.929,100.0,100.0,100.0,True
2025-08-20 03:00:00,3,30.0,30.0,30.833,6.0,6.0,0.0,0.0,6.0,6.0,31.33,28.484,100.0,100.0,100.0,True
2025-08-20 04:00:00,4,24.0,24.0,24.8,12.0,9.0,3.0,3.0,9.0,12.0,28.115,25.406,100.0,75.0,75.0,True
2025-08-20 05:00:00,5,34.0,34.0,34.929,16.0,16.0,0.0,0.0,12.0,16.0,45.592,38.56,75.0,75.0,75.0,True
2025-08-20 06:00:00,6,33.0,33.0,33.066,27.0,25.0,2.0,0.0,24.0,25.0,39.302,39.968,96.0,96.0,88.889,True
2025-08-20 07:00:00,7,29.0,29.0,29.343,253.0,223.0,30.0,12.0,216.0,235.0,32.396,31.105,96.861,91.915,85.375,True
2025-08-20 08:00:00,8,36.0,36.0,36.829,494.0,439.0,55.0,29.0,388.0,468.0,40.216,39.358,88.383,82.906,78.543,True
2025-08-20 09:00:00,9,33.0,33.0,33.108,409.0,375.0,34.0,21.0,364.0,396.0,33.714,31.851,97.067,91.919,88.998,True
2025-08-20 10:00:00,10,21.0,21.0,21.29,424.0,401.0,23.0,14.0,400.0,415.0,22.415,21.447,99.751,96.386,94.34,True
2025-08-20 11:00:00,11,23.0,23.0,23.408,609.0,574.0,35.0,22.0,571.0,596.0,23.963,22.975,99.477,95.805,93.76,True
2025-08-20 12:00:00,12,28.0,28.0,28.397,676.0,631.0,45.0,29.0,619.0,660.0,28.928,26.991,98.098,93.788,91.568,True
2025-08-20 13:00:00,13,23.0,23.0,23.791,514.0,484.0,30.0,16.0,480.0,500.0,24.412,23.02,99.174,96.0,93.385,True
2025-08-20 14:00:00,14,33.0,33.0,33.654,755.0,682.0,73.0,53.0,607.0,735.0,34.372,28.932,89.003,82.585,80.397,True
2025-08-20 15:00:00,15,62.0,62.0,62.62,636.0,536.0,100.0,80.0,283.0,616.0,64.788,57.384,52.799,45.942,44.497,True
2025-08-20 16:00:00,16,72.0,72.0,72.839,330.0,253.0,77.0,69.0,85.0,322.0,75.749,73.358,33.597,26.398,25.758,True
2025-08-20 17:00:00,17,67.0,66.0,66.764,183.0,137.0,46.0,38.0,58.0,175.0,68.4,67.555,42.336,33.143,31.694,False
2025-08-20 18:00:00,18,56.0,56.0,56.06,115.0,82.0,33.0,24.0,51.0,106.0,56.94,50.004,62.195,48.113,44.348,True
2025-08-20 19:00:00,19,55.0,55.0,55.362,78.0,57.0,21.0,15.0,33.0,72.0,56.466,47.178,57.895,45.833,42.308,True
2025-08-20 20:00:00,20,72.0,72.0,72.191,70.0,47.0,23.0,20.0,16.0,67.0,72.447,72.476,34.043,23.881,22.857,True
2025-08-20 21:00:00,21,60.0,61.0,61.533,19.0,15.0,4.0,3.0,9.0,18.0,61.825,56.549,60.0,50.0,47.368,False
2025-08-20 22:00:00,22,42.0,42.0,42.75,10.0,8.0,2.0,2.0,8.0,10.0,42.791,51.385,100.0,80.0,80.0,True
2025-08-20 23:00:00,23,28.0,28.0,28.222,10.0,9.0,1.0,1.0,9.0,10.0,28.733,26.657,100.0,90.0,90.0,True
2025-08-21 00:00:00,0,43.0,43.0,43.4,4.0,4.0,0.0,0.0,3.0,4.0,54.305,58.272,75.0,75.0,75.0,True
2025-08-21 01:00:00,1,44.0,44.0,44.5,3.0,2.0,1.0,1.0,2.0,3.0,45.289,45.289,100.0,66.667,66.667,True
2025-08-21 02:00:00,2,19.0,19.0,19.75,3.0,3.0,0.0,0.0,3.0,3.0,25.32,23.543,100.0,100.0,100.0,True
2025-08-21 03:00:00,3,23.0,23.0,23.333,5.0,5.0,0.0,0.0,5.0,5.0,28.294,26.307,100.0,100.0,100.0,True
2025-08-21 04:00:00,4,25.0,25.0,25.538,11.0,8.0,3.0,2.0,7.0,10.0,36.19,34.117,87.5,70.0,63.636,True
2025-08-21 05:00:00,5,40.0,40.0,40.32,19.0,17.0,2.0,2.0,14.0,19.0,42.255,36.654,82.353,73.684,73.684,True
2025-08-21 06:00:00,6,33.0,33.0,33.846,28.0,25.0,3.0,1.0,24.0,26.0,33.962,33.942,96.0,92.308,85.714,True
2025-08-21 07:00:00,7,31.0,31.0,31.27,276.0,237.0,39.0,16.0,223.0,253.0,35.532,31.918,94.093,88.142,80.797,True
2025-08-21 08:00:00,8,39.0,39.0,39.748,458.0,399.0,59.0,33.0,331.0,432.0,44.04,41.95,82.957,76.62,72.271,True
2025-08-21 09:00:00,9,35.0,35.0,35.676,371.0,338.0,33.0,20.0,307.0,358.0,36.525,34.05,90.828,85.754,82.749,True
2025-08-21 10:00:00,10,22.0,22.0,22.701,416.0,385.0,31.0,19.0,383.0,404.0,23.93,22.824,99.481,94.802,92.067,True
2025-08-21 11:00:00,11,23.0,23.0,23.53,558.0,529.0,29.0,13.0,528.0,542.0,24.071,22.957,99.811,97.417,94.624,True
2025-08-21 12:00:00,12,24.0,24.0,24.119,583.0,552.0,31.0,19.0,549.0,571.0,24.45,23.225,99.457,96.147,94.168,True
2025-08-21 13:00:00,13,21.0,21.0,21.097,502.0,474.0,28.0,13.0,474.0,487.0,21.536,19.764,100.0,97.331,94.422,True
2025-08-21 14:00:00,14,30.0,30.0,30.546,658.0,597.0,61.0,33.0,545.0,630.0,31.527,26.581,91.29,86.508,82.827,True
2025-08-21 15:00:00,15,54.0,54.0,54.993,676.0,557.0,119.0,96.0,330.0,653.0,56.661,50.814,59.246,50.536,48.817,True
2025-08-21 16:00:00,16,65.0,65.0,65.234,363.0,276.0,87.0,58.0,139.0,334.0,67.91,58.923,50.362,41.617,38.292,True
2025-08-21 17:00:00,17,53.0,53.0,53.28,202.0,147.0,55.0,37.0,92.0,184.0,55.007,43.468,62.585,50.0,45.545,True
2025-08-21 18:00:00,18,47.0,47.0,47.886,114.0,87.0,27.0,18.0,64.0,105.0,47.646,39.748,73.563,60.952,56.14,True
2025-08-21 19:00:00,19,58.0,58.0,58.167,90.0,66.0,24.0,23.0,33.0,89.0,58.304,59.49,50.0,37.079,36.667,True
2025-08-21 20:00:00,20,59.0,60.0,60.452,69.0,43.0,26.0,21.0,19.0,64.0,60.296,65.362,44.186,29.688,27.536,False
2025-08-21 21:00:00,21,71.0,71.0,71.357,42.0,27.0,15.0,15.0,9.0,42.0,72.937,74.004,33.333,21.429,21.429,True
2025-08-21 22:00:00,22,46.0,46.0,46.812,24.0,16.0,8.0,5.0,12.0,21.0,47.156,44.897,75.0,57.143,50.0,True
2025-08-21 23:00:00,23,29.0,30.0,30.167,5.0,5.0,0.0,0.0,5.0,5.0,31.168,28.195,100.0,100.0,100.0,False
2025-08-22 00:00:00,0,44.0,44.0,44.2,5.0,5.0,0.0,0.0,5.0,5.0,45.245,47.403,100.0,100.0,100.0,True
2025-08-22 01:00:00,1,22.0,22.0,22.0,1.0,1.0,0.0,0.0,1.0,1.0,22.062,22.062,100.0,100.0,100.0,True
2025-08-22 02:00:00,2,27.0,27.0,27.5,5.0,5.0,0.0,0.0,5.0,5.0,29.167,33.318,100.0,100.0,100.0,True
2025-08-22 03:00:00,3,39.0,39.0,39.2,5.0,5.0,0.0,0.0,4.0,5.0,39.939,28.355,80.0,80.0,80.0,True
2025-08-22 04:00:00,4,20.0,20.0,20.444,8.0,8.0,0.0,0.0,8.0,8.0,22.788,26.644,100.0,100.0,100.0,True
2025-08-22 05:00:00,5,24.0,24.0,24.368,16.0,9.0,7.0,3.0,7.0,12.0,38.656,21.616,77.778,58.333,43.75,True
2025-08-22 06:00:00,6,26.0,26.0,26.315,29.0,23.0,6.0,2.0,22.0,25.0,31.822,30.762,95.652,88.0,75.862,True
2025-08-22 07:00:00,7,29.0,29.0,29.838,295.0,251.0,44.0,21.0,233.0,272.0,32.926,28.853,92.829,85.662,78.983,True
2025-08-22 08:00:00,8,40.0,40.0,40.65,465.0,415.0,50.0,32.0,333.0,447.0,44.892,43.225,80.241,74.497,71.613,True
2025-08-22 09:00:00,9,32.0,32.0,32.284,354.0,325.0,29.0,23.0,314.0,348.0,32.899,31.624,96.615,90.23,88.701,True
2025-08-22 10:00:00,10,23.0,23.0,23.842,429.0,403.0,26.0,19.0,401.0,422.0,24.976,23.361,99.504,95.024,93.473,True
2025-08-22 11:00:00,11,26.0,26.0,26.549,593.0,557.0,36.0,27.0,551.0,584.0,27.052,25.202,98.923,94.349,92.917,True
2025-08-22 12:00:00,12,25.0,25.0,25.354,548.0,512.0,34.0,25.0,510.0,539.0,26.251,25.145,99.609,94.62,93.066,True
2025-08-22 13:00:00,13,22.0,22.0,22.118,521.0,499.0,21.0,11.0,499.0,511.0,22.534,21.467,100.0,97.652,95.777,True
2025-08-22 14:00:00,14,36.0,36.0,36.98,682.0,609.0,73.0,55.0,510.0,664.0,38.012,30.949,83.744,76.807,74.78,True
2025-08-22 15:00:00,15,59.0,59.0,59.747,606.0,500.0,105.0,86.0,279.0,587.0,61.758,55.187,55.8,47.53,46.04,True
2025-08-22 16:00:00,16,72.0,72.0,72.64,332.0,244.0,87.0,72.0,97.0,317.0,73.867,69.685,39.754,30.599,29.217,True
2025-08-22 17:00:00,17,59.0,59.0,59.156,170.0,117.0,53.0,41.0,65.0,158.0,60.231,48.132,55.556,41.139,38.235,True
2025-08-22 18:00:00,18,56.0,56.0,56.06,115.0,80.0,35.0,31.0,45.0,111.0,57.832,54.427,56.25,40.541,39.13,True
2025-08-22 19:00:00,19,64.0,64.0,64.929,59.0,41.0,18.0,15.0,18.0,56.0,66.718,62.242,43.902,32.143,30.508,True
2025-08-22 20:00:00,20,84.0,84.0,84.22,69.0,41.0,28.0,25.0,11.0,66.0,84.352,84.505,26.829,16.667,15.942,True
2025-08-22 21:00:00,21,80.0,80.0,80.955,30.0,22.0,8.0,8.0,6.0,30.0,81.14,90.084,27.273,20.0,20.0,True
2025-08-22 22:00:00,22,60.0,60.0,60.5,20.0,12.0,8.0,7.0,6.0,19.0,60.656,59.83,50.0,31.579,30.0,True
2025-08-22 23:00:00,23,47.0,47.0,47.818,15.0,12.0,3.0,2.0,9.0,14.0,50.043,51.277,75.0,64.286,60.0,True
2025-08-23 00:00:00,0,43.0,43.0,43.571,11.0,6.0,5.0,4.0,3.0,10.0,52.034,60.36,50.0,30.0,27.273,True
2025-08-23 01:00:00,1,64.0,64.0,64.0,5.0,1.0,4.0,4.0,1.0,5.0,49.94,49.94,100.0,20.0,20.0,True
2025-08-23 03:00:00,3,26.0,26.0,26.8,5.0,5.0,0.0,0.0,5.0,5.0,26.747,27.683,100.0,100.0,100.0,True
2025-08-23 04:00:00,4,27.0,28.0,28.875,14.0,12.0,2.0,1.0,11.0,13.0,38.496,32.629,91.667,84.615,78.571,False
2025-08-23 05:00:00,5,45.0,45.0,45.105,18.0,15.0,3.0,3.0,9.0,18.0,53.038,40.845,60.0,50.0,50.0,True
2025-08-23 06:00:00,6,53.0,53.0,53.722,12.0,11.0,1.0,1.0,8.0,12.0,55.238,53.356,72.727,66.667,66.667,True
2025-08-23 07:00:00,7,30.0,30.0,30.721,78.0,67.0,11.0,4.0,66.0,71.0,32.025,29.355,98.507,92.958,84.615,True
2025-08-23 08:00:00,8,25.0,25.0,25.544,170.0,154.0,16.0,7.0,154.0,161.0,26.73,25.92,100.0,95.652,90.588,True
2025-08-23 09:00:00,9,38.0,37.0,37.915,218.0,183.0,35.0,24.0,162.0,207.0,38.937,34.592,88.525,78.261,74.312,False
2025-08-23 10:00:00,10,43.0,43.0,43.367,222.0,181.0,41.0,37.0,135.0,218.0,47.588,41.897,74.586,61.927,60.811,True
2025-08-23 11:00:00,11,49.0,49.0,49.865,266.0,231.0,35.0,30.0,160.0,261.0,50.906,50.028,69.264,61.303,60.15,True
2025-08-23 12:00:00,12,44.0,45.0,45.1,216.0,179.0,37.0,30.0,132.0,209.0,46.988,45.774,73.743,63.158,61.111,False
2025-08-23 13:00:00,13,36.0,36.0,36.308,190.0,168.0,22.0,16.0,153.0,184.0,36.539,33.562,91.071,83.152,80.526,True
2025-08-23 14:00:00,14,36.0,36.0,36.88,188.0,166.0,22.0,18.0,148.0,184.0,37.335,33.814,89.157,80.435,78.723,True
2025-08-23 15:00:00,15,46.0,46.0,46.818,179.0,148.0,31.0,26.0,114.0,174.0,48.063,37.71,77.027,65.517,63.687,True
2025-08-23 16:00:00,16,63.0,63.0,63.418,167.0,118.0,49.0,42.0,61.0,160.0,65.557,55.904,51.695,38.125,36.527,True
2025-08-23 17:00:00,17,64.0,64.0,64.375,86.0,62.0,24.0,23.0,31.0,85.0,66.511,60.36,50.0,36.471,36.047,True
2025-08-23 18:00:00,18,45.0,45.0,45.984,76.0,62.0,14.0,13.0,46.0,75.0,46.878,45.602,74.194,61.333,60.526,True
2025-08-23 19:00:00,19,42.0,42.0,42.304,60.0,44.0,16.0,11.0,36.0,55.0,42.47,38.999,81.818,65.455,60.0,True
2025-08-23 20:00:00,20,57.0,57.0,57.911,60.0,44.0,16.0,12.0,22.0,56.0,59.298,60.426,50.0,39.286,36.667,True
2025-08-23 21:00:00,21,67.0,67.0,67.75,29.0,20.0,9.0,9.0,7.0,29.0,67.861,69.475,35.0,24.138,24.138,True
2025-08-23 22:00:00,22,35.0,35.0,35.455,15.0,11.0,4.0,4.0,11.0,15.0,35.899,34.417,100.0,73.333,73.333,True
2025-08-23 23:00:00,23,37.0,36.0,36.579,22.0,19.0,3.0,3.0,16.0,22.0,36.975,33.8,84.211,72.727,72.727,False
2025-08-24 00:00:00,0,42.0,42.0,42.5,6.0,4.0,2.0,2.0,3.0,6.0,42.909,39.67,75.0,50.0,50.0,True
2025-08-24 01:00:00,1,42.0,42.0,42.333,5.0,2.0,3.0,3.0,1.0,5.0,61.172,61.172,50.0,20.0,20.0,True
2025-08-24 02:00:00,2,32.0,32.0,32.4,5.0,5.0,0.0,0.0,5.0,5.0,32.646,31.847,100.0,100.0,100.0,True
2025-08-24 03:00:00,3,27.0,27.0,27.75,5.0,4.0,1.0,1.0,4.0,5.0,28.605,32.815,100.0,80.0,80.0,True
2025-08-24 04:00:00,4,56.0,56.0,56.857,8.0,7.0,1.0,1.0,4.0,8.0,57.221,59.7,57.143,50.0,50.0,True
2025-08-24 05:00:00,5,29.0,29.0,29.857,8.0,7.0,1.0,0.0,7.0,7.0,30.734,23.264,100.0,100.0,87.5,True
2025-08-24 06:00:00,6,40.0,40.0,40.333,7.0,6.0,1.0,0.0,6.0,6.0,29.769,19.889,100.0,100.0,85.714,True
2025-08-24 07:00:00,7,25.0,25.0,25.059,82.0,75.0,7.0,3.0,75.0,78.0,26.41,26.349,100.0,96.154,91.463,True
2025-08-24 08:00:00,8,28.0,28.0,28.289,195.0,177.0,18.0,8.0,168.0,185.0,29.696,27.883,94.915,90.811,86.154,True
2025-08-24 09:00:00,9,40.0,40.0,40.847,222.0,184.0,38.0,25.0,159.0,209.0,41.54,37.235,86.413,76.077,71.622,True
2025-08-24 10:00:00,10,37.0,37.0,37.034,136.0,111.0,25.0,22.0,96.0,133.0,38.998,34.881,86.486,72.18,70.588,True
2025-08-24 11:00:00,11,26.0,25.0,25.964,149.0,135.0,14.0,5.0,131.0,140.0,26.828,25.318,97.037,93.571,87.919,False
2025-08-24 12:00:00,12,26.0,26.0,26.654,297.0,285.0,12.0,9.0,283.0,294.0,27.126,25.621,99.298,96.259,95.286,True
2025-08-24 13:00:00,13,31.0,31.0,31.284,232.0,215.0,17.0,14.0,204.0,229.0,31.635,29.712,94.884,89.083,87.931,True
2025-08-24 14:00:00,14,29.0,29.0,29.535,182.0,164.0,18.0,11.0,159.0,175.0,30.711,27.101,96.951,90.857,87.363,True
2025-08-24 15:00:00,15,31.0,32.0,32.053,149.0,125.0,24.0,18.0,117.0,143.0,33.367,29.217,93.6,81.818,78.523,False
2025-08-24 16:00:00,16,40.0,40.0,40.595,132.0,114.0,18.0,11.0,96.0,125.0,41.734,34.351,84.211,76.8,72.727,True
2025-08-24 17:00:00,17,37.0,37.0,37.147,90.0,73.0,17.0,11.0,61.0,84.0,37.936,32.591,83.562,72.619,67.778,True
2025-08-24 18:00:00,18,32.0,32.0,32.439,69.0,65.0,4.0,2.0,61.0,67.0,34.06,28.361,93.846,91.045,88.406,True
2025-08-24 19:00:00,19,42.0,42.0,42.163,57.0,47.0,10.0,9.0,35.0,56.0,45.149,38.074,74.468,62.5,61.404,True
2025-08-24 20:00:00,20,73.0,73.0,73.522,36.0,21.0,15.0,12.0,9.0,33.0,75.927,76.132,42.857,27.273,25.0,True
2025-08-24 21:00:00,21,71.0,71.0,71.273,22.0,10.0,12.0,9.0,3.0,19.0,78.84,88.467,30.0,15.789,13.636,True
2025-08-24 22:00:00,22,69.0,69.0,69.0,9.0,7.0,2.0,1.0,3.0,8.0,69.381,62.282,42.857,37.5,33.333,True
2025-08-24 23:00:00,23,39.0,39.0,39.625,8.0,8.0,0.0,0.0,7.0,8.0,39.996,40.404,87.5,87.5,87.5,True
2025-08-25 00:00:00,0,41.0,41.0,41.75,4.0,4.0,0.0,0.0,3.0,4.0,41.784,33.193,75.0,75.0,75.0,True
2025-08-25 01:00:00,1,39.0,39.0,39.0,3.0,3.0,0.0,0.0,3.0,3.0,39.132,43.174,100.0,100.0,100.0,True
2025-08-25 02:00:00,2,40.0,40.0,40.0,1.0,1.0,0.0,0.0,1.0,1.0,40.56,40.56,100.0,100.0,100.0,True
2025-08-25 03:00:00,3,14.0,14.0,14.0,3.0,3.0,0.0,0.0,3.0,3.0,15.166,18.204,100.0,100.0,100.0,True
2025-08-25 04:00:00,4,26.0,26.0,26.9,10.0,10.0,0.0,0.0,10.0,10.0,27.509,27.97,100.0,100.0,100.0,True
2025-08-25 05:00:00,5,35.0,35.0,35.259,20.0,16.0,4.0,1.0,13.0,17.0,38.364,30.349,81.25,76.471,65.0,True
2025-08-25 06:00:00,6,36.0,36.0,36.333,27.0,23.0,4.0,2.0,22.0,25.0,40.889,42.757,95.652,88.0,81.481,True
2025-08-25 07:00:00,7,38.0,38.0,38.406,349.0,289.0,60.0,38.0,219.0,327.0,46.629,40.062,75.779,66.972,62.751,True
2025-08-25 08:00:00,8,52.0,52.0,52.831,497.0,413.0,84.0,67.0,218.0,480.0,60.022,57.925,52.785,45.417,43.863,True
2025-08-25 09:00:00,9,42.0,42.0,42.318,354.0,295.0,59.0,46.0,240.0,341.0,42.495,38.646,81.356,70.381,67.797,True
2025-08-25 10:00:00,10,25.0,25.0,25.086,384.0,343.0,41.0,22.0,340.0,365.0,25.967,23.716,99.125,93.151,88.542,True
2025-08-25 11:00:00,11,21.0,21.0,21.965,487.0,470.0,17.0,9.0,468.0,479.0,22.292,21.694,99.574,97.704,96.099,True
2025-08-25 12:00:00,12,21.0,21.0,21.092,596.0,562.0,34.0,19.0,561.0,581.0,21.572,20.78,99.822,96.558,94.128,True
2025-08-25 13:00:00,13,21.0,21.0,21.253,512.0,483.0,29.0,12.0,483.0,495.0,21.568,21.044,100.0,97.576,94.336,True
2025-08-25 14:00:00,14,28.0,28.0,28.693,687.0,620.0,67.0,43.0,584.0,663.0,29.488,26.7,94.194,88.084,85.007,True
2025-08-25 15:00:00,15,43.0,43.0,43.756,686.0,574.0,112.0,60.0,424.0,634.0,45.118,39.635,73.868,66.877,61.808,True
2025-08-25 16:00:00,16,48.0,48.0,48.225,349.0,276.0,73.0,39.0,177.0,315.0,49.942,46.278,64.13,56.19,50.716,True
2025-08-25 17:00:00,17,46.0,46.0,46.597,205.0,168.0,37.0,17.0,116.0,185.0,48.297,43.606,69.048,62.703,56.585,True
2025-08-25 18:00:00,18,39.0,39.0,39.78,105.0,89.0,16.0,12.0,75.0,101.0,40.817,36.759,84.27,74.257,71.429,True
2025-08-25 19:00:00,19,33.0,33.0,33.344,72.0,61.0,11.0,8.0,54.0,69.0,34.664,30.93,88.525,78.261,75.0,True
2025-08-25 20:00:00,20,29.0,29.0,29.541,40.0,36.0,4.0,3.0,36.0,39.0,30.267,32.089,100.0,92.308,90.0,True
2025-08-25 21:00:00,21,30.0,30.0,30.208,25.0,23.0,2.0,1.0,23.0,24.0,31.92,30.221,100.0,95.833,92.0,True
2025-08-25 22:00:00,22,21.0,21.0,21.222,10.0,9.0,1.0,1.0,9.0,10.0,21.584,21.467,100.0,90.0,90.0,True
2025-08-25 23:00:00,23,25.0,25.0,25.778,10.0,8.0,2.0,1.0,8.0,9.0,27.946,27.882,100.0,88.889,80.0,True
2025-08-26 00:00:00,0,25.0,25.0,25.5,2.0,2.0,0.0,0.0,2.0,2.0,26.049,26.049,100.0,100.0,100.0,True
2025-08-26 01:00:00,1,44.0,44.0,44.5,2.0,2.0,0.0,0.0,2.0,2.0,45.022,45.022,100.0,100.0,100.0,True
2025-08-26 02:00:00,2,31.0,31.0,31.333,3.0,3.0,0.0,0.0,3.0,3.0,31.961,30.378,100.0,100.0,100.0,True
2025-08-26 03:00:00,3,31.0,31.0,31.0,4.0,3.0,1.0,1.0,3.0,4.0,32.199,33.647,100.0,75.0,75.0,True
2025-08-26 04:00:00,4,24.0,24.0,24.0,11.0,11.0,0.0,0.0,11.0,11.0,32.173,28.717,100.0,100.0,100.0,True
2025-08-26 05:00:00,5,43.0,43.0,43.222,23.0,21.0,2.0,2.0,16.0,23.0,43.022,43.11,76.19,69.565,69.565,True
2025-08-26 06:00:00,6,40.0,40.0,40.828,32.0,27.0,5.0,4.0,23.0,31.0,43.544,45.867,85.185,74.194,71.875,True
2025-08-26 07:00:00,7,41.0,41.0,41.095,374.0,305.0,69.0,44.0,215.0,349.0,49.155,44.805,70.492,61.605,57.487,True
2025-08-26 08:00:00,8,51.0,51.0,51.669,445.0,376.0,69.0,53.0,198.0,429.0,59.447,58.351,52.66,46.154,44.494,True
2025-08-26 09:00:00,9,40.0,40.0,40.556,323.0,285.0,37.0,25.0,248.0,311.0,41.314,39.373,87.018,79.743,76.78,True
2025-08-26 10:00:00,10,24.0,24.0,24.233,373.0,347.0,24.0,12.0,345.0,361.0,25.135,23.764,99.424,95.568,92.493,True
2025-08-26 11:00:00,11,21.0,21.0,21.701,512.0,489.0,22.0,10.0,486.0,500.0,22.418,21.515,99.387,97.2,94.922,True
2025-08-26 12:00:00,12,22.0,22.0,22.874,582.0,554.0,27.0,14.0,552.0,569.0,23.256,22.657,99.639,97.012,94.845,True
2025-08-26 13:00:00,13,21.0,21.0,21.238,512.0,480.0,32.0,12.0,479.0,492.0,21.6,20.497,99.792,97.358,93.555,True
2025-08-26 14:00:00,14,27.0,27.0,27.153,690.0,627.0,62.0,37.0,604.0,665.0,28.077,25.593,96.332,90.827,87.536,True
2025-08-26 15:00:00,15,46.0,45.0,45.948,686.0,585.0,101.0,77.0,428.0,662.0,47.131,42.192,73.162,64.653,62.391,False
2025-08-26 16:00:00,16,51.0,52.0,52.007,372.0,284.0,88.0,56.0,176.0,340.0,53.777,48.874,61.972,51.765,47.312,False
2025-08-26 17:00:00,17,45.0,45.0,45.62,199.0,159.0,40.0,22.0,123.0,181.0,46.999,44.012,77.358,67.956,61.809,True
2025-08-26 18:00:00,18,38.0,38.0,38.355,106.0,89.0,17.0,9.0,77.0,98.0,39.603,37.507,86.517,78.571,72.642,True
2025-08-26 19:00:00,19,38.0,38.0,38.529,83.0,67.0,16.0,13.0,54.0,80.0,39.316,33.994,80.597,67.5,65.06,True
2025-08-26 20:00:00,20,59.0,59.0,59.325,58.0,40.0,18.0,11.0,25.0,51.0,59.608,51.283,62.5,49.02,43.103,True
2025-08-26 21:00:00,21,59.0,59.0,59.227,23.0,20.0,3.0,3.0,8.0,23.0,65.629,75.818,40.0,34.783,34.783,True
2025-08-26 22:00:00,22,64.0,64.0,64.889,12.0,9.0,3.0,3.0,4.0,12.0,64.959,73.27,44.444,33.333,33.333,True
2025-08-26 23:00:00,23,49.0,52.0,52.75,5.0,4.0,1.0,1.0,3.0,5.0,53.219,43.282,75.0,60.0,60.0,False
2025-08-27 00:00:00,0,36.0,36.0,36.667,3.0,3.0,0.0,0.0,3.0,3.0,37.518,36.687,100.0,100.0,100.0,True
2025-08-27 01:00:00,1,12.0,12.0,12.5,1.0,1.0,0.0,0.0,1.0,1.0,23.124,23.124,100.0,100.0,100.0,True
2025-08-27 02:00:00,2,32.0,32.0,32.5,3.0,2.0,1.0,1.0,2.0,3.0,32.672,32.672,100.0,66.667,66.667,True
2025-08-27 03:00:00,3,25.0,25.0,25.3,10.0,9.0,1.0,1.0,9.0,10.0,28.282,26.203,100.0,90.0,90.0,True
2025-08-27 04:00:00,4,35.0,35.0,35.375,9.0,8.0,1.0,1.0,8.0,9.0,36.156,35.773,100.0,88.889,88.889,True
2025-08-27 05:00:00,5,32.0,32.0,32.417,19.0,13.0,6.0,1.0,11.0,14.0,39.339,26.618,84.615,78.571,57.895,True
2025-08-27 06:00:00,6,30.0,30.0,30.2,24.0,18.0,6.0,2.0,18.0,20.0,34.797,36.72,100.0,90.0,75.0,True
2025-08-27 07:00:00,7,38.0,38.0,38.607,347.0,296.0,51.0,25.0,232.0,321.0,46.283,40.54,78.378,72.274,66.859,True
2025-08-27 08:00:00,8,47.0,47.0,47.443,454.0,389.0,65.0,43.0,240.0,432.0,54.211,51.716,61.697,55.556,52.863,True
2025-08-27 09:00:00,9,36.0,36.0,36.698,349.0,316.0,33.0,17.0,280.0,333.0,37.121,33.606,88.608,84.084,80.229,True
2025-08-27 10:00:00,10,21.0,21.0,21.977,382.0,354.0,28.0,17.0,351.0,371.0,23.158,21.804,99.153,94.609,91.885,True
2025-08-27 11:00:00,11,23.0,23.0,23.885,567.0,545.0,22.0,14.0,540.0,559.0,24.478,23.433,99.083,96.601,95.238,True
2025-08-27 12:00:00,12,24.0,24.0,24.986,650.0,618.0,32.0,20.0,611.0,638.0,25.576,24.264,98.867,95.768,94.0,True
2025-08-27 13:00:00,13,23.0,23.0,23.429,515.0,489.0,26.0,14.0,489.0,503.0,23.919,22.073,100.0,97.217,94.951,True
2025-08-27 14:00:00,14,35.0,35.0,35.937,825.0,723.0,102.0,61.0,623.0,784.0,36.792,29.746,86.169,79.464,75.515,True
2025-08-27 15:00:00,15,58.0,58.0,58.878,660.0,521.0,139.0,103.0,304.0,624.0,60.688,51.724,58.349,48.718,46.061,True
2025-08-27 16:00:00,16,61.0,61.0,61.442,353.0,276.0,77.0,58.0,139.0,334.0,62.772,59.396,50.362,41.617,39.377,True
2025-08-27 17:00:00,17,56.0,56.0,56.451,196.0,146.0,50.0,39.0,85.0,185.0,59.218,52.561,58.219,45.946,43.367,True
2025-08-27 18:00:00,18,43.0,43.0,43.442,99.0,83.0,16.0,11.0,61.0,94.0,44.493,35.068,73.494,64.894,61.616,True
2025-08-27 19:00:00,19,42.0,43.0,43.278,67.0,54.0,13.0,10.0,43.0,64.0,43.553,42.319,79.63,67.188,64.179,False
2025-08-27 20:00:00,20,49.0,49.0,49.964,71.0,55.0,16.0,6.0,38.0,61.0,51.17,50.705,69.091,62.295,53.521,True
2025-08-27 21:00:00,21,55.0,55.0,55.833,33.0,24.0,9.0,2.0,14.0,26.0,56.134,58.141,58.333,53.846,42.424,True
2025-08-27 22:00:00,22,34.0,34.0,34.846,18.0,13.0,5.0,3.0,11.0,16.0,35.346,36.136,84.615,68.75,61.111,True
2025-08-27 23:00:00,23,39.0,39.0,39.727,14.0,11.0,3.0,1.0,10.0,12.0,39.945,41.262,90.909,83.333,71.429,True
2025-08-28 00:00:00,0,38.0,38.0,38.571,6.0,6.0,0.0,0.0,5.0,6.0,45.18,33.126,83.333,83.333,83.333,True
2025-08-28 01:00:00,1,43.0,43.0,43.0,3.0,2.0,1.0,1.0,2.0,3.0,42.831,42.831,100.0,66.667,66.667,True
2025-08-28 02:00:00,2,13.0,13.0,13.25,3.0,3.0,0.0,0.0,3.0,3.0,17.029,15.093,100.0,100.0,100.0,True
2025-08-28 03:00:00,3,20.0,20.0,20.5,2.0,2.0,0.0,0.0,2.0,2.0,20.796,20.796,100.0,100.0,100.0,True
2025-08-28 04:00:00,4,20.0,20.0,20.571,10.0,10.0,0.0,0.0,10.0,10.0,28.678,26.734,100.0,100.0,100.0,True
2025-08-28 05:00:00,5,34.0,34.0,34.038,20.0,19.0,1.0,1.0,16.0,20.0,33.626,23.004,84.211,80.0,80.0,True
2025-08-28 06:00:00,6,33.0,33.0,33.286,26.0,24.0,2.0,1.0,23.0,25.0,34.035,32.937,95.833,92.0,88.462,True
2025-08-28 07:00:00,7,35.0,35.0,35.726,307.0,271.0,36.0,20.0,222.0,291.0,41.345,35.794,81.919,76.289,72.313,True
2025-08-28 08:00:00,8,41.0,41.0,41.106,427.0,372.0,55.0,27.0,303.0,399.0,45.389,42.665,81.452,75.94,70.96,True
2025-08-28 09:00:00,9,31.0,31.0,31.356,359.0,329.0,30.0,18.0,315.0,347.0,31.77,29.619,95.745,90.778,87.744,True
2025-08-28 10:00:00,10,23.0,23.0,23.335,406.0,376.0,30.0,21.0,376.0,397.0,24.326,23.178,100.0,94.71,92.611,True
2025-08-28 11:00:00,11,22.0,22.0,22.19,554.0,538.0,15.0,8.0,536.0,547.0,22.83,21.609,99.628,97.989,96.751,True
2025-08-28 12:00:00,12,24.0,24.0,24.163,599.0,566.0,33.0,16.0,563.0,582.0,24.704,23.452,99.47,96.735,93.99,True
2025-08-28 13:00:00,13,23.0,23.0,23.28,540.0,513.0,27.0,18.0,509.0,531.0,23.737,22.062,99.22,95.857,94.259,True
2025-08-28 14:00:00,14,36.0,36.0,36.792,712.0,635.0,77.0,62.0,523.0,697.0,38.051,29.989,82.362,75.036,73.455,True
2025-08-28 15:00:00,15,59.0,59.0,59.843,621.0,508.0,113.0,94.0,266.0,602.0,62.015,58.099,52.362,44.186,42.834,True
2025-08-28 16:00:00,16,68.0,68.0,68.767,331.0,250.0,81.0,67.0,113.0,317.0,70.24,66.402,45.2,35.647,34.139,True
2025-08-28 17:00:00,17,58.0,58.0,58.817,182.0,127.0,55.0,50.0,66.0,177.0,61.386,58.287,51.969,37.288,36.264,True
2025-08-28 18:00:00,18,55.0,55.0,55.593,121.0,90.0,31.0,26.0,53.0,116.0,56.464,50.976,58.889,45.69,43.802,True
2025-08-28 19:00:00,19,61.0,61.0,61.729,83.0,58.0,25.0,24.0,26.0,82.0,63.038,62.509,44.828,31.707,31.325,True
2025-08-28 20:00:00,20,84.0,84.0,84.976,61.0,41.0,20.0,17.0,7.0,58.0,87.344,92.659,17.073,12.069,11.475,True
2025-08-28 21:00:00,21,77.0,77.0,77.043,39.0,21.0,18.0,16.0,5.0,37.0,84.493,89.312,23.81,13.514,12.821,True
2025-08-28 22:00:00,22,69.0,69.0,69.0,22.0,14.0,8.0,5.0,6.0,19.0,69.241,60.727,42.857,31.579,27.273,True
2025-08-28 23:00:00,23,50.0,50.0,50.25,5.0,4.0,1.0,1.0,4.0,5.0,50.393,50.351,100.0,80.0,80.0,True
2025-08-29 00:00:00,0,32.0,32.0,32.333,7.0,6.0,1.0,1.0,6.0,7.0,32.772,31.64,100.0,85.714,85.714,True
2025-08-29 01:00:00,1,47.0,47.0,47.5,3.0,2.0,1.0,1.0,2.0,3.0,47.489,47.489,100.0,66.667,66.667,True
2025-08-29 02:00:00,2,19.0,19.0,19.25,4.0,3.0,1.0,1.0,3.0,4.0,23.665,25.053,100.0,75.0,75.0,True
2025-08-29 03:00:00,3,26.0,26.0,26.2,5.0,5.0,0.0,0.0,5.0,5.0,26.742,23.986,100.0,100.0,100.0,True
2025-08-29 04:00:00,4,24.0,24.0,24.273,11.0,10.0,1.0,1.0,10.0,11.0,26.486,27.594,100.0,90.909,90.909,True
2025-08-29 05:00:00,5,32.0,32.0,32.682,12.0,12.0,0.0,0.0,9.0,12.0,41.846,38.979,75.0,75.0,75.0,True
2025-08-29 06:00:00,6,35.0,35.0,35.39,32.0,27.0,5.0,4.0,27.0,31.0,36.826,34.82,100.0,87.097,84.375,True
2025-08-29 07:00:00,7,33.0,33.0,33.112,324.0,273.0,51.0,30.0,244.0,303.0,37.369,33.588,89.377,80.528,75.309,True
2025-08-29 08:00:00,8,40.0,39.0,39.974,453.0,382.0,71.0,36.0,308.0,418.0,44.707,41.55,80.628,73.684,67.991,False
2025-08-29 09:00:00,9,30.0,30.0,30.814,386.0,340.0,46.0,28.0,328.0,368.0,31.174,29.6,96.471,89.13,84.974,True
2025-08-29 10:00:00,10,23.0,23.0,23.759,425.0,399.0,26.0,14.0,397.0,413.0,24.336,22.998,99.499,96.126,93.412,True
2025-08-29 11:00:00,11,26.0,26.0,26.553,573.0,536.0,36.0,25.0,528.0,562.0,27.272,25.606,98.507,93.95,92.147,True
2025-08-29 12:00:00,12,25.0,25.0,25.832,547.0,511.0,34.0,21.0,507.0,534.0,26.37,24.396,99.217,94.944,92.687,True
2025-08-29 13:00:00,13,23.0,23.0,23.239,526.0,494.0,32.0,19.0,492.0,513.0,23.691,22.498,99.595,95.906,93.536,True
2025-08-29 14:00:00,14,42.0,42.0,42.837,761.0,657.0,104.0,76.0,527.0,733.0,43.731,36.682,80.213,71.896,69.251,True
2025-08-29 15:00:00,15,71.0,71.0,71.964,568.0,445.0,122.0,100.0,167.0,546.0,74.905,71.347,37.528,30.586,29.401,True
2025-08-29 16:00:00,16,93.0,93.0,93.148,367.0,219.0,148.0,129.0,26.0,348.0,95.711,97.498,11.872,7.471,7.084,True
2025-08-29 17:00:00,17,89.0,89.0,89.915,168.0,101.0,67.0,61.0,20.0,162.0,90.961,95.463,19.802,12.346,11.905,True
2025-08-29 18:00:00,18,69.0,70.0,70.462,94.0,61.0,33.0,28.0,22.0,89.0,73.667,71.512,36.066,24.719,23.404,False
2025-08-29 19:00:00,19,81.0,81.0,81.425,65.0,39.0,26.0,23.0,7.0,62.0,85.297,84.13,17.949,11.29,10.769,True
2025-08-29 20:00:00,20,71.0,71.0,71.977,63.0,41.0,22.0,19.0,15.0,60.0,73.904,73.285,36.585,25.0,23.81,True
2025-08-29 21:00:00,21,67.0,67.0,67.667,45.0,22.0,23.0,22.0,8.0,44.0,74.058,80.593,36.364,18.182,17.778,True
2025-08-29 22:00:00,22,67.0,67.0,67.143,14.0,7.0,7.0,6.0,3.0,13.0,67.44,68.948,42.857,23.077,21.429,True
2025-08-29 23:00:00,23,38.0,38.0,38.0,16.0,13.0,3.0,3.0,10.0,16.0,41.022,46.771,76.923,62.5,62.5,True
2025-08-30 00:00:00,0,50.0,50.0,50.2,5.0,5.0,0.0,0.0,4.0,5.0,50.858,52.888,80.0,80.0,80.0,True
2025-08-30 01:00:00,1,42.0,42.0,42.75,13.0,4.0,9.0,9.0,3.0,13.0,42.838,36.646,75.0,23.077,23.077,True
2025-08-30 02:00:00,2,51.0,51.0,51.0,7.0,5.0,2.0,2.0,3.0,7.0,60.845,51.127,60.0,42.857,42.857,True
2025-08-30 03:00:00,3,38.0,38.0,38.0,5.0,5.0,0.0,0.0,5.0,5.0,38.656,40.236,100.0,100.0,100.0,True
2025-08-30 04:00:00,4,30.0,30.0,30.0,15.0,14.0,1.0,1.0,11.0,15.0,41.245,35.355,78.571,73.333,73.333,True
2025-08-30 05:00:00,5,32.0,32.0,32.692,16.0,11.0,5.0,4.0,9.0,15.0,34.82,21.501,81.818,60.0,56.25,True
2025-08-30 06:00:00,6,62.0,62.0,62.125,21.0,18.0,3.0,3.0,10.0,21.0,56.326,55.435,55.556,47.619,47.619,True
2025-08-30 07:00:00,7,36.0,36.0,36.448,65.0,55.0,10.0,8.0,49.0,63.0,37.038,33.854,89.091,77.778,75.385,True
2025-08-30 08:00:00,8,29.0,29.0,29.449,166.0,146.0,20.0,12.0,136.0,158.0,31.632,29.13,93.151,86.076,81.928,True
2025-08-30 09:00:00,9,40.0,40.0,40.811,201.0,165.0,36.0,26.0,137.0,191.0,41.252,34.068,83.03,71.728,68.159,True
2025-08-30 10:00:00,10,45.0,45.0,45.558,226.0,170.0,56.0,45.0,110.0,215.0,51.62,48.001,64.706,51.163,48.673,True
2025-08-30 11:00:00,11,47.0,47.0,47.421,256.0,211.0,45.0,36.0,150.0,247.0,48.455,48.299,71.09,60.729,58.594,True
2025-08-30 12:00:00,12,38.0,38.0,38.681,215.0,189.0,26.0,18.0,158.0,207.0,39.869,35.902,83.598,76.329,73.488,True
2025-08-30 13:00:00,13,29.0,29.0,29.87,181.0,165.0,16.0,12.0,161.0,177.0,30.429,28.142,97.576,90.96,88.95,True
2025-08-30 14:00:00,14,26.0,26.0,26.698,151.0,128.0,23.0,14.0,127.0,142.0,27.42,25.958,99.219,89.437,84.106,True
2025-08-30 15:00:00,15,35.0,35.0,35.923,217.0,192.0,25.0,16.0,167.0,208.0,36.802,30.446,86.979,80.288,76.959,True
2025-08-30 16:00:00,16,53.0,53.0,53.237,168.0,130.0,38.0,32.0,80.0,162.0,55.146,48.276,61.538,49.383,47.619,True
2025-08-30 17:00:00,17,53.0,53.0,53.475,96.0,77.0,19.0,15.0,46.0,92.0,55.131,50.347,59.74,50.0,47.917,True
2025-08-30 18:00:00,18,45.0,45.0,45.824,89.0,64.0,25.0,22.0,47.0,86.0,47.915,45.647,73.438,54.651,52.809,True
2025-08-30 19:00:00,19,57.0,58.0,58.119,84.0,59.0,25.0,23.0,34.0,82.0,58.579,56.086,57.627,41.463,40.476,False
2025-08-30 20:00:00,20,75.0,75.0,75.48,40.0,25.0,15.0,15.0,6.0,40.0,75.614,75.993,24.0,15.0,15.0,True
2025-08-30 21:00:00,21,57.0,57.0,57.545,29.0,21.0,8.0,7.0,10.0,28.0,60.561,61.062,47.619,35.714,34.483,True
2025-08-30 22:00:00,22,52.0,52.0,52.238,26.0,21.0,5.0,4.0,14.0,25.0,52.625,54.015,66.667,56.0,53.846,True
2025-08-30 23:00:00,23,50.0,50.0,50.0,15.0,13.0,2.0,2.0,11.0,15.0,50.708,53.304,84.615,73.333,73.333,True
2025-08-31 00:00:00,0,32.0,32.0,32.667,3.0,2.0,1.0,1.0,2.0,3.0,49.427,49.427,100.0,66.667,66.667,True
2025-08-31 01:00:00,1,25.0,25.0,25.714,6.0,5.0,1.0,1.0,5.0,6.0,35.859,34.084,100.0,83.333,83.333,True
2025-08-31 02:00:00,2,52.0,52.0,52.0,2.0,1.0,1.0,1.0,1.0,2.0,52.783,52.783,100.0,50.0,50.0,True
2025-08-31 03:00:00,3,27.0,27.0,27.0,6.0,6.0,0.0,0.0,6.0,6.0,27.823,27.538,100.0,100.0,100.0,True
2025-08-31 04:00:00,4,31.0,31.0,31.833,6.0,6.0,0.0,0.0,6.0,6.0,32.231,28.721,100.0,100.0,100.0,True
2025-08-31 05:00:00,5,39.0,39.0,39.8,6.0,5.0,1.0,0.0,4.0,5.0,40.353,29.643,80.0,80.0,66.667,True
2025-08-31 06:00:00,6,55.0,55.0,55.25,6.0,5.0,1.0,0.0,3.0,5.0,48.692,32.481,60.0,60.0,50.0,True
2025-08-31 07:00:00,7,24.0,24.0,24.145,66.0,59.0,7.0,2.0,59.0,61.0,25.03,24.535,100.0,96.721,89.394,True
2025-08-31 08:00:00,8,28.0,28.0,28.379,180.0,155.0,25.0,15.0,144.0,170.0,29.632,24.228,92.903,84.706,80.0,True
2025-08-31 09:00:00,9,34.0,34.0,34.825,231.0,182.0,49.0,26.0,162.0,208.0,35.62,32.149,89.011,77.885,70.13,True
2025-08-31 10:00:00,10,32.0,32.0,32.289,151.0,127.0,24.0,20.0,123.0,147.0,33.937,31.271,96.85,83.673,81.457,True
2025-08-31 11:00:00,11,24.0,24.0,24.164,144.0,133.0,11.0,6.0,132.0,139.0,24.926,23.281,99.248,94.964,91.667,True
2025-08-31 12:00:00,12,26.0,26.0,26.813,261.0,248.0,13.0,7.0,245.0,255.0,27.275,24.849,98.79,96.078,93.87,True
2025-08-31 13:00:00,13,30.0,30.0,30.833,226.0,202.0,24.0,15.0,195.0,217.0,31.21,30.627,96.535,89.862,86.283,True
2025-08-31 14:00:00,14,30.0,30.0,30.732,183.0,165.0,18.0,11.0,162.0,176.0,31.386,29.782,98.182,92.045,88.525,True
2025-08-31 15:00:00,15,48.0,48.0,48.673,174.0,147.0,27.0,23.0,97.0,170.0,49.733,44.931,65.986,57.059,55.747,True
2025-08-31 16:00:00,16,56.0,57.0,57.36,110.0,88.0,22.0,21.0,56.0,109.0,58.118,52.347,63.636,51.376,50.909,False
2025-08-31 17:00:00,17,59.0,59.0,59.482,115.0,83.0,32.0,29.0,48.0,112.0,59.699,54.681,57.831,42.857,41.739,True
2025-08-31 18:00:00,18,42.0,42.0,42.824,79.0,67.0,12.0,8.0,54.0,75.0,44.891,35.264,80.597,72.0,68.354,True
2025-08-31 19:00:00,19,71.0,72.0,72.136,70.0,44.0,26.0,20.0,23.0,64.0,72.328,58.337,52.273,35.938,32.857,False
2025-08-31 20:00:00,20,106.0,106.0,106.32,50.0,23.0,27.0,25.0,5.0,48.0,111.58,118.054,21.739,10.417,10.0,True
2025-08-31 21:00:00,21,108.0,108.0,108.857,17.0,6.0,11.0,10.0,0.0,16.0,127.456,117.946,0.0,0.0,0.0,True
2025-08-31 22:00:00,22,80.0,80.0,80.7,20.0,11.0,9.0,9.0,2.0,20.0,81.285,74.423,18.182,10.0,10.0,True
2025-08-31 23:00:00,23,70.0,70.0,70.333,12.0,8.0,4.0,4.0,3.0,12.0,69.654,74.641,37.5,25.0,25.0,True
2025-09-01 00:00:00,0,38.0,38.0,38.0,3.0,2.0,1.0,1.0,2.0,3.0,38.785,38.785,100.0,66.667,66.667,True
2025-09-01 01:00:00,1,38.0,38.0,38.5,3.0,3.0,0.0,0.0,2.0,3.0,51.407,41.058,66.667,66.667,66.667,True
2025-09-01 02:00:00,2,25.0,25.0,25.5,2.0,2.0,0.0,0.0,2.0,2.0,26.692,26.692,100.0,100.0,100.0,True
2025-09-01 03:00:00,3,28.0,28.0,28.0,6.0,6.0,0.0,0.0,6.0,6.0,28.752,27.972,100.0,100.0,100.0,True
2025-09-01 04:00:00,4,27.0,27.0,27.833,12.0,9.0,3.0,2.0,9.0,11.0,32.044,29.662,100.0,81.818,75.0,True
2025-09-01 05:00:00,5,52.0,52.0,52.37,19.0,17.0,2.0,2.0,7.0,19.0,65.542,66.259,41.176,36.842,36.842,True
2025-09-01 06:00:00,6,46.0,46.0,46.29,44.0,38.0,6.0,2.0,30.0,40.0,48.249,49.703,78.947,75.0,68.182,True
2025-09-01 07:00:00,7,46.0,46.0,46.585,402.0,329.0,73.0,44.0,207.0,373.0,55.565,52.062,62.918,55.496,51.493,True
2025-09-01 08:00:00,8,57.0,57.0,57.868,451.0,363.0,88.0,67.0,140.0,430.0,67.206,67.117,38.567,32.558,31.042,True
2025-09-01 09:00:00,9,41.0,41.0,41.149,315.0,272.0,43.0,29.0,230.0,301.0,41.443,39.103,84.559,76.412,73.016,True
2025-09-01 10:00:00,10,22.0,22.0,22.44,353.0,326.0,27.0,13.0,321.0,339.0,23.472,21.899,98.466,94.69,90.935,True
2025-09-01 11:00:00,11,20.0,20.0,20.645,511.0,491.0,20.0,6.0,491.0,497.0,21.278,20.496,100.0,98.793,96.086,True
2025-09-01 12:00:00,12,20.0,20.0,20.638,594.0,566.0,28.0,9.0,565.0,575.0,20.892,20.36,99.823,98.261,95.118,True
2025-09-01 13:00:00,13,19.0,19.0,19.801,527.0,504.0,23.0,13.0,504.0,517.0,20.286,19.674,100.0,97.485,95.636,True
2025-09-01 14:00:00,14,31.0,31.0,31.912,738.0,651.0,87.0,48.0,590.0,699.0,32.634,27.409,90.63,84.406,79.946,True
2025-09-01 15:00:00,15,51.0,51.0,51.764,647.0,560.0,87.0,73.0,355.0,633.0,53.185,44.98,63.393,56.082,54.869,True
2025-09-01 16:00:00,16,52.0,52.0,52.897,325.0,246.0,79.0,52.0,153.0,298.0,54.025,47.624,62.195,51.342,47.077,True
2025-09-01 17:00:00,17,47.0,47.0,47.57,223.0,178.0,45.0,31.0,120.0,209.0,49.243,40.31,67.416,57.416,53.812,True
2025-09-01 18:00:00,18,39.0,39.0,39.656,108.0,89.0,19.0,16.0,71.0,105.0,40.031,34.492,79.775,67.619,65.741,True
2025-09-01 19:00:00,19,34.0,33.0,33.982,58.0,54.0,4.0,1.0,49.0,55.0,35.857,33.974,90.741,89.091,84.483,False
2025-09-01 20:00:00,20,33.0,33.0,33.25,44.0,39.0,5.0,3.0,38.0,42.0,34.191,34.576,97.436,90.476,86.364,True
2025-09-01 21:00:00,21,35.0,35.0,35.7,21.0,20.0,1.0,1.0,19.0,21.0,35.846,34.057,95.0,90.476,90.476,True
2025-09-01 22:00:00,22,24.0,24.0,24.471,19.0,17.0,2.0,1.0,17.0,18.0,24.825,26.641,100.0,94.444,89.474,True
2025-09-01 23:00:00,23,24.0,24.0,24.2,7.0,5.0,2.0,1.0,5.0,6.0,24.869,21.612,100.0,83.333,71.429,True
2025-09-02 00:00:00,0,77.0,77.0,77.75,6.0,4.0,2.0,2.0,1.0,6.0,78.449,80.508,25.0,16.667,16.667,True
2025-09-02 01:00:00,1,20.0,20.0,20.0,2.0,2.0,0.0,0.0,2.0,2.0,20.426,20.426,100.0,100.0,100.0,True
2025-09-02 02:00:00,2,24.0,24.0,24.8,4.0,4.0,0.0,0.0,4.0,4.0,28.96,27.48,100.0,100.0,100.0,True
2025-09-02 03:00:00,3,28.0,28.0,28.8,5.0,5.0,0.0,0.0,5.0,5.0,29.057,26.325,100.0,100.0,100.0,True
2025-09-02 04:00:00,4,28.0,28.0,28.278,13.0,12.0,1.0,1.0,11.0,13.0,39.529,33.809,91.667,84.615,84.615,True
2025-09-02 05:00:00,5,48.0,48.0,48.682,18.0,15.0,3.0,3.0,11.0,18.0,51.177,39.219,73.333,61.111,61.111,True
2025-09-02 06:00:00,6,35.0,35.0,35.927,27.0,25.0,2.0,0.0,23.0,25.0,35.6,37.073,92.0,92.0,85.185,True
2025-09-02 07:00:00,7,36.0,37.0,37.04,352.0,296.0,56.0,38.0,244.0,334.0,43.078,37.421,82.432,73.054,69.318,False
2025-09-02 08:00:00,8,45.0,45.0,45.421,445.0,387.0,58.0,37.0,269.0,424.0,50.446,48.562,69.509,63.443,60.449,True
2025-09-02 09:00:00,9,36.0,36.0,36.128,313.0,285.0,27.0,17.0,270.0,303.0,36.839,34.397,94.737,89.109,86.262,True
2025-09-02 10:00:00,10,21.0,21.0,21.09,371.0,345.0,26.0,13.0,345.0,358.0,21.748,21.369,100.0,96.369,92.992,True
2025-09-02 11:00:00,11,21.0,21.0,21.433,529.0,509.0,20.0,9.0,509.0,518.0,22.021,20.762,100.0,98.263,96.219,True
2025-09-02 12:00:00,12,21.0,21.0,21.562,612.0,588.0,24.0,14.0,587.0,602.0,22.028,20.908,99.83,97.508,95.915,True
2025-09-02 13:00:00,13,20.0,20.0,20.194,563.0,537.0,26.0,12.0,537.0,549.0,20.627,19.63,100.0,97.814,95.382,True
2025-09-02 14:00:00,14,31.0,31.0,31.731,777.0,704.0,72.0,46.0,640.0,751.0,32.547,27.515,90.909,85.22,82.368,True
2025-09-02 15:00:00,15,48.0,48.0,48.413,639.0,523.0,116.0,92.0,383.0,615.0,49.259,40.561,73.231,62.276,59.937,True
2025-09-02 16:00:00,16,54.0,54.0,54.398,350.0,278.0,72.0,51.0,169.0,329.0,55.987,49.168,60.791,51.368,48.286,True
2025-09-02 17:00:00,17,44.0,45.0,45.09,195.0,152.0,43.0,18.0,111.0,170.0,46.471,42.426,73.026,65.294,56.923,False
2025-09-02 18:00:00,18,35.0,35.0,35.837,95.0,82.0,13.0,7.0,75.0,89.0,36.621,36.086,91.463,84.27,78.947,True
2025-09-02 19:00:00,19,41.0,41.0,41.533,87.0,73.0,14.0,9.0,61.0,82.0,41.93,37.209,83.562,74.39,70.115,True
2025-09-02 20:00:00,20,53.0,53.0,53.564,56.0,52.0,4.0,3.0,30.0,55.0,56.007,46.935,57.692,54.545,53.571,True
2025-09-02 21:00:00,21,69.0,69.0,69.036,34.0,28.0,6.0,5.0,12.0,33.0,69.204,70.526,42.857,36.364,35.294,True
2025-09-02 22:00:00,22,34.0,34.0,34.917,14.0,11.0,3.0,3.0,11.0,14.0,37.937,37.172,100.0,78.571,78.571,True
2025-09-02 23:00:00,23,32.0,32.0,32.4,12.0,10.0,2.0,1.0,10.0,11.0,32.638,36.519,100.0,90.909,83.333,True
2025-09-03 00:00:00,0,19.0,19.0,19.5,2.0,2.0,0.0,0.0,2.0,2.0,20.234,20.234,100.0,100.0,100.0,True
2025-09-03 01:00:00,1,35.0,35.0,35.25,6.0,4.0,2.0,1.0,4.0,5.0,35.658,34.429,100.0,80.0,66.667,True
2025-09-03 02:00:00,2,17.0,17.0,17.4,3.0,3.0,0.0,0.0,3.0,3.0,28.263,29.125,100.0,100.0,100.0,True
2025-09-03 03:00:00,3,28.0,29.0,29.154,12.0,12.0,0.0,0.0,12.0,12.0,30.493,29.068,100.0,100.0,100.0,False
2025-09-03 04:00:00,4,29.0,29.0,29.182,9.0,8.0,1.0,1.0,7.0,9.0,35.745,23.535,87.5,77.778,77.778,True
2025-09-03 05:00:00,5,32.0,32.0,32.2,11.0,10.0,1.0,1.0,7.0,11.0,43.459,34.465,70.0,63.636,63.636,True
2025-09-03 06:00:00,6,32.0,32.0,32.769,33.0,27.0,6.0,4.0,24.0,31.0,42.411,38.788,88.889,77.419,72.727,True
2025-09-03 07:00:00,7,38.0,38.0,38.527,328.0,287.0,41.0,21.0,220.0,308.0,45.545,39.72,76.655,71.429,67.073,True
2025-09-03 08:00:00,8,49.0,49.0,49.004,481.0,413.0,68.0,39.0,242.0,452.0,55.883,54.947,58.596,53.54,50.312,True
2025-09-03 09:00:00,9,37.0,37.0,37.366,323.0,297.0,26.0,19.0,266.0,316.0,37.509,35.373,89.562,84.177,82.353,True
2025-09-03 10:00:00,10,21.0,21.0,21.884,379.0,360.0,19.0,11.0,359.0,371.0,22.62,20.923,99.722,96.765,94.723,True
2025-09-03 11:00:00,11,23.0,23.0,23.27,563.0,542.0,21.0,13.0,539.0,555.0,23.947,22.764,99.446,97.117,95.737,True
2025-09-03 12:00:00,12,23.0,23.0,23.326,619.0,600.0,19.0,9.0,598.0,609.0,23.725,22.379,99.667,98.194,96.607,True
2025-09-03 13:00:00,13,22.0,22.0,22.347,564.0,534.0,30.0,15.0,531.0,549.0,22.809,21.289,99.438,96.721,94.149,True
2025-09-03 14:00:00,14,32.0,32.0,32.88,747.0,679.0,68.0,35.0,603.0,714.0,34.161,28.662,88.807,84.454,80.723,True
2025-09-03 15:00:00,15,51.0,51.0,51.189,650.0,544.0,106.0,79.0,357.0,623.0,52.395,43.897,65.625,57.303,54.923,True
2025-09-03 16:00:00,16,54.0,54.0,54.833,315.0,239.0,76.0,58.0,143.0,297.0,55.94,49.952,59.833,48.148,45.397,True
2025-09-03 17:00:00,17,46.0,46.0,46.721,187.0,158.0,29.0,16.0,111.0,174.0,49.317,44.383,70.253,63.793,59.358,True
2025-09-03 18:00:00,18,34.0,34.0,34.824,100.0,85.0,15.0,9.0,76.0,94.0,35.138,30.785,89.412,80.851,76.0,True
2025-09-03 19:00:00,19,36.0,37.0,37.316,72.0,54.0,18.0,9.0,46.0,63.0,39.318,35.423,85.185,73.016,63.889,False
2025-09-03 20:00:00,20,59.0,58.0,58.947,64.0,55.0,9.0,8.0,27.0,63.0,61.369,61.9,49.091,42.857,42.188,False
2025-09-03 21:00:00,21,35.0,35.0,35.905,26.0,20.0,6.0,2.0,19.0,22.0,37.94,36.452,95.0,86.364,73.077,True
2025-09-03 22:00:00,22,30.0,30.0,30.462,14.0,13.0,1.0,0.0,13.0,13.0,30.906,29.821,100.0,100.0,92.857,True
2025-09-03 23:00:00,23,29.0,34.0,34.75,12.0,12.0,0.0,0.0,11.0,12.0,35.143,30.163,91.667,91.667,91.667,False
2025-09-04 00:00:00,0,32.0,32.0,32.5,6.0,4.0,2.0,2.0,4.0,6.0,32.957,27.396,100.0,66.667,66.667,True
2025-09-04 01:00:00,1,72.0,72.0,72.0,2.0,1.0,1.0,1.0,0.0,2.0,72.022,72.022,0.0,0.0,0.0,True
2025-09-04 02:00:00,2,23.0,23.0,23.2,4.0,4.0,0.0,0.0,4.0,4.0,26.837,25.832,100.0,100.0,100.0,True
2025-09-04 03:00:00,3,23.0,23.0,23.6,4.0,4.0,0.0,0.0,4.0,4.0,29.517,29.699,100.0,100.0,100.0,True
2025-09-04 04:00:00,4,23.0,23.0,23.118,12.0,12.0,0.0,0.0,11.0,12.0,32.137,27.875,91.667,91.667,91.667,True
2025-09-04 05:00:00,5,52.0,52.0,52.345,24.0,21.0,3.0,2.0,13.0,23.0,51.457,42.513,61.905,56.522,54.167,True
2025-09-04 06:00:00,6,44.0,44.0,44.972,48.0,44.0,4.0,1.0,33.0,45.0,47.933,45.625,75.0,73.333,68.75,True
2025-09-04 07:00:00,7,46.0,46.0,46.861,414.0,345.0,69.0,48.0,220.0,393.0,55.395,48.141,63.768,55.98,53.14,True
2025-09-04 08:00:00,8,58.0,58.0,58.175,450.0,369.0,81.0,62.0,148.0,431.0,66.957,64.882,40.108,34.339,32.889,True
2025-09-04 09:00:00,9,43.0,43.0,43.626,293.0,252.0,41.0,29.0,201.0,281.0,44.809,42.405,79.762,71.53,68.601,True
2025-09-04 10:00:00,10,25.0,25.0,25.848,369.0,341.0,27.0,17.0,334.0,359.0,26.977,24.895,97.947,93.036,90.515,True
2025-09-04 11:00:00,11,21.0,21.0,21.763,495.0,471.0,24.0,16.0,469.0,487.0,22.217,21.194,99.575,96.304,94.747,True
2025-09-04 12:00:00,12,22.0,22.0,22.193,572.0,548.0,24.0,11.0,547.0,559.0,22.799,21.389,99.818,97.853,95.629,True
2025-09-04 13:00:00,13,21.0,21.0,21.44,520.0,495.0,25.0,13.0,492.0,508.0,21.722,19.886,99.394,96.85,94.615,True
2025-09-04 14:00:00,14,34.0,34.0,34.17,698.0,637.0,61.0,38.0,551.0,675.0,35.377,29.083,86.499,81.63,78.94,True
2025-09-04 15:00:00,15,49.0,49.0,49.412,595.0,482.0,112.0,87.0,331.0,570.0,51.322,41.904,68.672,58.07,55.63,True
2025-09-04 16:00:00,16,51.0,51.0,51.81,327.0,255.0,71.0,54.0,163.0,310.0,52.507,44.676,63.922,52.581,49.847,True
2025-09-04 17:00:00,17,48.0,48.0,48.243,220.0,165.0,55.0,34.0,117.0,199.0,47.967,41.175,70.909,58.794,53.182,True
2025-09-04 18:00:00,18,39.0,39.0,39.174,109.0,82.0,27.0,16.0,67.0,98.0,40.569,27.915,81.707,68.367,61.468,True
2025-09-04 19:00:00,19,46.0,46.0,46.644,73.0,58.0,15.0,14.0,45.0,72.0,47.84,36.993,77.586,62.5,61.644,True
2025-09-04 20:00:00,20,55.0,55.0,55.673,62.0,47.0,15.0,12.0,28.0,59.0,58.388,43.065,59.574,47.458,45.161,True
2025-09-04 21:00:00,21,49.0,49.0,49.476,27.0,21.0,6.0,5.0,14.0,26.0,49.683,40.746,66.667,53.846,51.852,True
2025-09-04 22:00:00,22,30.0,30.0,30.714,14.0,14.0,0.0,0.0,14.0,14.0,31.021,25.139,100.0,100.0,100.0,True
2025-09-04 23:00:00,23,24.0,24.0,24.333,9.0,6.0,3.0,3.0,6.0,9.0,24.733,25.875,100.0,66.667,66.667,True
2025-09-05 00:00:00,0,31.0,31.0,31.0,2.0,1.0,1.0,1.0,1.0,2.0,31.521,31.521,100.0,50.0,50.0,True
2025-09-05 01:00:00,1,32.0,32.0,32.0,2.0,1.0,1.0,1.0,1.0,2.0,31.935,31.935,100.0,50.0,50.0,True
2025-09-05 02:00:00,2,30.0,30.0,30.167,5.0,5.0,0.0,0.0,5.0,5.0,33.701,31.403,100.0,100.0,100.0,True
2025-09-05 03:00:00,3,27.0,27.0,27.333,3.0,3.0,0.0,0.0,3.0,3.0,28.389,29.448,100.0,100.0,100.0,True
2025-09-05 04:00:00,4,21.0,21.0,21.769,10.0,10.0,0.0,0.0,10.0,10.0,25.551,24.178,100.0,100.0,100.0,True
2025-09-05 05:00:00,5,45.0,45.0,45.667,14.0,13.0,1.0,1.0,6.0,14.0,62.671,64.793,46.154,42.857,42.857,True
2025-09-05 06:00:00,6,35.0,35.0,35.033,31.0,28.0,3.0,0.0,27.0,28.0,37.446,35.096,96.429,96.429,87.097,True
2025-09-05 07:00:00,7,34.0,34.0,34.359,340.0,303.0,37.0,19.0,265.0,322.0,39.319,34.585,87.459,82.298,77.941,True
2025-09-05 08:00:00,8,40.0,40.0,40.134,453.0,394.0,59.0,32.0,319.0,426.0,44.974,43.045,80.964,74.883,70.419,True
2025-09-05 09:00:00,9,27.0,27.0,27.84,350.0,316.0,34.0,12.0,311.0,328.0,28.134,26.036,98.418,94.817,88.857,True
2025-09-05 10:00:00,10,21.0,21.0,21.143,437.0,405.0,32.0,15.0,404.0,420.0,21.988,20.647,99.753,96.19,92.449,True
2025-09-05 11:00:00,11,23.0,23.0,23.751,594.0,562.0,32.0,14.0,562.0,576.0,24.103,23.244,100.0,97.569,94.613,True
2025-09-05 12:00:00,12,22.0,22.0,22.632,556.0,535.0,21.0,13.0,534.0,548.0,23.184,21.9,99.813,97.445,96.043,True
2025-09-05 13:00:00,13,22.0,22.0,22.19,536.0,507.0,29.0,15.0,503.0,522.0,22.671,21.215,99.211,96.36,93.843,True
2025-09-05 14:00:00,14,37.0,37.0,37.236,741.0,649.0,92.0,65.0,551.0,714.0,38.703,33.017,84.9,77.171,74.359,True
2025-09-05 15:00:00,15,56.0,56.0,56.927,603.0,493.0,110.0,86.0,297.0,579.0,58.541,50.282,60.243,51.295,49.254,True
2025-09-05 16:00:00,16,69.0,69.0,69.88,331.0,246.0,85.0,58.0,109.0,304.0,72.139,66.347,44.309,35.855,32.931,True
2025-09-05 17:00:00,17,66.0,66.0,66.976,201.0,157.0,44.0,32.0,90.0,189.0,69.0,50.729,57.325,47.619,44.776,True
2025-09-05 18:00:00,18,56.0,56.0,56.045,122.0,85.0,37.0,29.0,55.0,114.0,57.057,42.762,64.706,48.246,45.082,True
2025-09-05 19:00:00,19,71.0,71.0,71.114,63.0,43.0,20.0,19.0,19.0,62.0,70.254,69.35,44.186,30.645,30.159,True
2025-09-05 20:00:00,20,69.0,72.0,72.119,60.0,41.0,19.0,17.0,19.0,58.0,73.969,62.944,46.341,32.759,31.667,False
2025-09-05 21:00:00,21,62.0,62.0,62.3,33.0,20.0,13.0,13.0,9.0,33.0,62.316,62.051,45.0,27.273,27.273,True
2025-09-05 22:00:00,22,77.0,77.0,77.467,20.0,15.0,5.0,5.0,5.0,20.0,78.058,82.174,33.333,25.0,25.0,True
2025-09-05 23:00:00,23,69.0,69.0,69.125,11.0,7.0,4.0,4.0,1.0,11.0,79.631,68.734,14.286,9.091,9.091,True
2025-09-06 00:00:00,0,60.0,60.0,60.182,20.0,11.0,9.0,9.0,6.0,20.0,60.641,58.493,54.545,30.0,30.0,True
2025-09-06 01:00:00,1,71.0,71.0,71.0,6.0,4.0,2.0,2.0,2.0,6.0,88.54,89.102,50.0,33.333,33.333,True
2025-09-06 02:00:00,2,48.0,48.0,48.0,2.0,2.0,0.0,0.0,1.0,2.0,48.238,48.238,50.0,50.0,50.0,True
2025-09-06 03:00:00,3,40.0,40.0,40.0,7.0,6.0,1.0,0.0,6.0,6.0,40.382,41.022,100.0,100.0,85.714,True
2025-09-06 04:00:00,4,43.0,43.0,43.077,14.0,10.0,4.0,3.0,7.0,13.0,52.824,38.342,70.0,53.846,50.0,True
2025-09-06 05:00:00,5,61.0,61.0,61.846,14.0,11.0,3.0,3.0,6.0,14.0,70.63,51.794,54.545,42.857,42.857,True
2025-09-06 06:00:00,6,52.0,52.0,52.0,16.0,14.0,2.0,2.0,12.0,16.0,47.176,48.561,85.714,75.0,75.0,True
2025-09-06 07:00:00,7,28.0,28.0,28.893,70.0,60.0,10.0,4.0,59.0,64.0,31.027,29.68,98.333,92.188,84.286,True
2025-09-06 08:00:00,8,25.0,25.0,25.376,170.0,155.0,15.0,7.0,154.0,162.0,26.899,26.608,99.355,95.062,90.588,True
2025-09-06 09:00:00,9,35.0,35.0,35.548,224.0,196.0,27.0,21.0,181.0,218.0,36.119,33.392,92.347,83.028,80.804,True
2025-09-06 10:00:00,10,44.0,44.0,44.587,233.0,185.0,48.0,40.0,136.0,225.0,47.767,48.149,73.514,60.444,58.369,True
2025-09-06 11:00:00,11,46.0,46.0,46.957,250.0,205.0,45.0,35.0,162.0,240.0,47.78,44.859,79.024,67.5,64.8,True
2025-09-06 12:00:00,12,37.0,37.0,37.807,222.0,189.0,33.0,24.0,160.0,213.0,39.266,36.017,84.656,75.117,72.072,True
2025-09-06 13:00:00,13,33.0,33.0,33.042,205.0,186.0,19.0,10.0,170.0,196.0,33.675,29.46,91.398,86.735,82.927,True
2025-09-06 14:00:00,14,32.0,32.0,32.808,175.0,156.0,19.0,14.0,145.0,170.0,33.653,29.316,92.949,85.294,82.857,True
2025-09-06 15:00:00,15,41.0,41.0,41.858,183.0,156.0,27.0,15.0,129.0,171.0,43.018,35.515,82.692,75.439,70.492,True
2025-09-06 16:00:00,16,69.0,70.0,70.234,185.0,124.0,61.0,49.0,57.0,173.0,73.175,66.833,45.968,32.948,30.811,False
2025-09-06 17:00:00,17,80.0,80.0,80.639,98.0,69.0,29.0,23.0,21.0,92.0,84.599,81.311,30.435,22.826,21.429,True
2025-09-06 18:00:00,18,65.0,64.0,64.491,72.0,55.0,17.0,14.0,32.0,69.0,64.522,49.181,58.182,46.377,44.444,False
2025-09-06 19:00:00,19,56.0,56.0,56.843,87.0,50.0,36.0,29.0,28.0,80.0,58.603,49.732,56.0,35.0,32.184,True
2025-09-06 20:00:00,20,59.0,59.0,59.321,59.0,27.0,32.0,27.0,14.0,54.0,61.163,59.163,51.852,25.926,23.729,True
2025-09-06 21:00:00,21,56.0,57.0,57.05,28.0,20.0,8.0,7.0,10.0,27.0,57.42,59.198,50.0,37.037,35.714,False
2025-09-06 22:00:00,22,45.0,45.0,45.385,17.0,13.0,4.0,3.0,12.0,16.0,45.986,40.833,92.308,75.0,70.588,True
2025-09-06 23:00:00,23,31.0,31.0,31.5,13.0,10.0,2.0,2.0,9.0,13.0,32.115,29.961,90.0,69.231,69.231,True
2025-09-07 00:00:00,0,46.0,46.0,46.5,4.0,4.0,0.0,0.0,3.0,4.0,47.065,36.037,75.0,75.0,75.0,True
2025-09-07 01:00:00,1,22.0,22.0,22.0,4.0,2.0,2.0,2.0,2.0,4.0,22.644,22.644,100.0,50.0,50.0,True
2025-09-07 02:00:00,2,36.0,36.0,36.5,4.0,4.0,0.0,0.0,4.0,4.0,36.514,33.448,100.0,100.0,100.0,True
2025-09-07 03:00:00,3,33.0,33.0,33.4,5.0,5.0,0.0,0.0,5.0,5.0,34.029,34.97,100.0,100.0,100.0,True
2025-09-07 04:00:00,4,23.0,23.0,23.889,10.0,9.0,1.0,1.0,9.0,10.0,24.549,23.86,100.0,90.0,90.0,True
2025-09-07 05:00:00,5,29.0,29.0,29.25,8.0,8.0,0.0,0.0,7.0,8.0,29.794,23.461,87.5,87.5,87.5,True
2025-09-07 06:00:00,6,58.0,58.0,58.0,4.0,3.0,1.0,1.0,2.0,4.0,46.285,24.124,66.667,50.0,50.0,True
2025-09-07 07:00:00,7,26.0,26.0,26.906,70.0,60.0,10.0,5.0,57.0,65.0,28.636,25.93,95.0,87.692,81.429,True
2025-09-07 08:00:00,8,28.0,28.0,28.005,187.0,169.0,18.0,14.0,161.0,183.0,29.476,26.629,95.266,87.978,86.096,True
2025-09-07 09:00:00,9,57.0,57.0,57.45,235.0,186.0,49.0,41.0,103.0,227.0,58.395,56.324,55.376,45.374,43.83,True
2025-09-07 10:00:00,10,43.0,44.0,44.039,145.0,118.0,27.0,24.0,75.0,142.0,52.697,48.919,63.559,52.817,51.724,False
2025-09-07 11:00:00,11,33.0,33.0,33.841,154.0,130.0,24.0,12.0,122.0,142.0,34.525,33.1,93.846,85.915,79.221,True
2025-09-07 12:00:00,12,26.0,26.0,26.248,252.0,238.0,14.0,11.0,235.0,249.0,26.851,24.653,98.739,94.378,93.254,True
2025-09-07 13:00:00,13,26.0,26.0,26.824,221.0,204.0,17.0,10.0,202.0,214.0,27.55,25.866,99.02,94.393,91.403,True
2025-09-07 14:00:00,14,29.0,29.0,29.557,196.0,171.0,25.0,14.0,166.0,185.0,30.19,27.771,97.076,89.73,84.694,True
2025-09-07 15:00:00,15,38.0,37.0,37.91,156.0,138.0,18.0,11.0,118.0,149.0,39.191,34.583,85.507,79.195,75.641,False
2025-09-07 16:00:00,16,47.0,47.0,47.76,143.0,119.0,24.0,15.0,88.0,134.0,48.862,40.255,73.95,65.672,61.538,True
2025-09-07 17:00:00,17,46.0,46.0,46.013,104.0,77.0,27.0,18.0,59.0,95.0,47.064,40.992,76.623,62.105,56.731,True
2025-09-07 18:00:00,18,39.0,39.0,39.333,98.0,77.0,21.0,16.0,66.0,93.0,40.254,33.972,85.714,70.968,67.347,True
2025-09-07 19:00:00,19,52.0,52.0,52.83,73.0,53.0,20.0,16.0,35.0,69.0,53.297,43.066,66.038,50.725,47.945,True
2025-09-07 20:00:00,20,55.0,55.0,55.389,26.0,17.0,9.0,9.0,7.0,26.0,58.781,66.126,41.176,26.923,26.923,True
2025-09-07 21:00:00,21,73.0,73.0,73.0,25.0,13.0,12.0,10.0,2.0,23.0,73.426,74.778,15.385,8.696,8.0,True
2025-09-07 22:00:00,22,44.0,44.0,44.333,13.0,9.0,4.0,3.0,8.0,12.0,44.931,44.967,88.889,66.667,61.538,True
2025-09-07 23:00:00,23,37.0,37.0,37.0,4.0,4.0,0.0,0.0,4.0,4.0,37.363,35.959,100.0,100.0,100.0,True
2025-09-08 00:00:00,0,29.0,29.0,29.667,6.0,6.0,0.0,0.0,6.0,6.0,30.555,32.347,100.0,100.0,100.0,True
2025-09-08 01:00:00,1,31.0,31.0,31.5,2.0,1.0,1.0,1.0,1.0,2.0,49.633,49.633,100.0,50.0,50.0,True
2025-09-08 03:00:00,3,28.0,28.0,28.667,6.0,6.0,0.0,0.0,6.0,6.0,29.225,29.671,100.0,100.0,100.0,True
2025-09-08 04:00:00,4,21.0,21.0,21.727,10.0,10.0,0.0,0.0,10.0,10.0,24.167,25.095,100.0,100.0,100.0,True
2025-09-08 05:00:00,5,43.0,43.0,43.8,18.0,18.0,0.0,0.0,8.0,18.0,56.01,61.346,44.444,44.444,44.444,True
2025-09-08 06:00:00,6,40.0,40.0,40.0,36.0,31.0,5.0,2.0,24.0,33.0,46.553,48.379,77.419,72.727,66.667,True
2025-09-08 07:00:00,7,41.0,41.0,41.949,355.0,297.0,58.0,33.0,206.0,330.0,50.434,46.412,69.36,62.424,58.028,True
2025-09-08 08:00:00,8,49.0,49.0,49.03,407.0,354.0,53.0,43.0,205.0,397.0,56.744,56.5,57.91,51.637,50.369,True
2025-09-08 09:00:00,9,35.0,35.0,35.616,333.0,294.0,39.0,30.0,274.0,324.0,36.02,33.444,93.197,84.568,82.282,True
2025-09-08 10:00:00,10,20.0,20.0,20.333,364.0,344.0,20.0,12.0,344.0,356.0,21.425,20.189,100.0,96.629,94.505,True
2025-09-08 11:00:00,11,20.0,20.0,20.96,525.0,511.0,14.0,7.0,511.0,518.0,21.588,20.482,100.0,98.649,97.333,True
2025-09-08 12:00:00,12,21.0,21.0,21.299,554.0,534.0,19.0,7.0,533.0,542.0,21.648,20.754,99.813,98.339,96.209,True
2025-09-08 13:00:00,13,20.0,20.0,20.633,513.0,484.0,28.0,15.0,484.0,500.0,20.942,19.948,100.0,96.8,94.347,True
2025-09-08 14:00:00,14,30.0,30.0,30.215,723.0,657.0,66.0,36.0,605.0,693.0,30.877,26.2,92.085,87.302,83.679,True
2025-09-08 15:00:00,15,46.0,46.0,46.427,636.0,538.0,98.0,66.0,373.0,604.0,47.805,40.01,69.331,61.755,58.648,True
2025-09-08 16:00:00,16,53.0,53.0,53.957,328.0,263.0,65.0,42.0,154.0,305.0,55.349,50.16,58.555,50.492,46.951,True
2025-09-08 17:00:00,17,43.0,43.0,43.096,227.0,177.0,50.0,31.0,132.0,208.0,45.02,37.246,74.576,63.462,58.15,True
2025-09-08 18:00:00,18,44.0,44.0,44.424,107.0,91.0,16.0,10.0,70.0,101.0,44.984,41.611,76.923,69.307,65.421,True
2025-09-08 19:00:00,19,31.0,31.0,31.776,60.0,49.0,11.0,4.0,47.0,53.0,32.656,31.138,95.918,88.679,78.333,True
2025-09-08 20:00:00,20,29.0,29.0,29.541,44.0,34.0,10.0,7.0,32.0,41.0,30.279,28.78,94.118,78.049,72.727,True
2025-09-08 21:00:00,21,34.0,34.0,34.8,36.0,32.0,4.0,3.0,31.0,35.0,37.111,37.398,96.875,88.571,86.111,True
2025-09-08 22:00:00,22,26.0,26.0,26.364,14.0,11.0,3.0,3.0,11.0,14.0,26.779,27.102,100.0,78.571,78.571,True
2025-09-08 23:00:00,23,26.0,26.0,26.0,7.0,7.0,0.0,0.0,7.0,7.0,26.578,26.533,100.0,100.0,100.0,True
2025-09-09 00:00:00,0,17.0,17.0,17.8,5.0,5.0,0.0,0.0,5.0,5.0,18.281,15.031,100.0,100.0,100.0,True
2025-09-09 01:00:00,1,22.0,22.0,22.8,4.0,4.0,0.0,0.0,4.0,4.0,28.656,25.844,100.0,100.0,100.0,True
2025-09-09 02:00:00,2,21.0,21.0,21.0,2.0,2.0,0.0,0.0,2.0,2.0,27.036,27.036,100.0,100.0,100.0,True
2025-09-09 03:00:00,3,16.0,16.0,16.5,4.0,2.0,2.0,2.0,2.0,4.0,17.357,17.357,100.0,50.0,50.0,True
2025-09-09 04:00:00,4,26.0,26.0,26.526,15.0,14.0,1.0,1.0,12.0,15.0,33.96,26.234,85.714,80.0,80.0,True
2025-09-09 05:00:00,5,35.0,35.0,35.286,19.0,16.0,3.0,3.0,13.0,19.0,40.455,33.725,81.25,68.421,68.421,True
2025-09-09 06:00:00,6,34.0,34.0,34.263,29.0,27.0,2.0,1.0,25.0,28.0,36.331,37.434,92.593,89.286,86.207,True
2025-09-09 07:00:00,7,35.0,35.0,35.396,333.0,284.0,49.0,21.0,235.0,305.0,41.462,37.606,82.746,77.049,70.571,True
2025-09-09 08:00:00,8,45.0,45.0,45.753,444.0,394.0,50.0,30.0,282.0,424.0,51.902,51.313,71.574,66.509,63.514,True
2025-09-09 09:00:00,9,36.0,37.0,37.067,324.0,286.0,38.0,27.0,263.0,313.0,37.529,35.31,91.958,84.026,81.173,False
2025-09-09 10:00:00,10,23.0,23.0,23.18,447.0,416.0,31.0,20.0,415.0,436.0,23.937,22.867,99.76,95.183,92.841,True
2025-09-09 11:00:00,11,23.0,23.0,23.068,535.0,502.0,33.0,22.0,501.0,524.0,23.639,22.958,99.801,95.611,93.645,True
2025-09-09 12:00:00,12,23.0,23.0,23.115,585.0,561.0,24.0,13.0,559.0,574.0,23.585,22.464,99.643,97.387,95.556,True
2025-09-09 13:00:00,13,21.0,21.0,21.433,557.0,532.0,25.0,13.0,530.0,545.0,22.016,20.882,99.624,97.248,95.153,True
2025-09-09 14:00:00,14,36.0,36.0,36.239,725.0,653.0,72.0,52.0,555.0,705.0,36.978,29.93,84.992,78.723,76.552,True
2025-09-09 15:00:00,15,60.0,60.0,60.158,630.0,521.0,107.0,88.0,274.0,611.0,62.261,57.23,52.591,44.845,43.492,True
2025-09-09 16:00:00,16,67.0,67.0,67.294,345.0,246.0,99.0,76.0,106.0,322.0,68.953,66.668,43.089,32.919,30.725,True
2025-09-09 17:00:00,17,56.0,56.0,56.901,193.0,154.0,39.0,28.0,93.0,182.0,58.256,50.588,60.39,51.099,48.187,True
2025-09-09 18:00:00,18,41.0,41.0,41.462,98.0,87.0,11.0,7.0,67.0,94.0,42.423,32.778,77.011,71.277,68.367,True
2025-09-09 19:00:00,19,45.0,45.0,45.766,78.0,63.0,15.0,13.0,47.0,76.0,46.777,37.147,74.603,61.842,60.256,True
2025-09-09 20:00:00,20,57.0,57.0,57.154,51.0,37.0,14.0,14.0,19.0,51.0,60.435,56.798,51.351,37.255,37.255,True
2025-09-09 21:00:00,21,59.0,59.0,59.318,33.0,22.0,11.0,9.0,11.0,31.0,59.716,59.684,50.0,35.484,33.333,True
2025-09-09 22:00:00,22,49.0,49.0,49.333,12.0,12.0,0.0,0.0,8.0,12.0,49.504,44.726,66.667,66.667,66.667,True
2025-09-09 23:00:00,23,36.0,36.0,36.625,9.0,8.0,1.0,1.0,7.0,9.0,37.116,31.484,87.5,77.778,77.778,True
2025-09-10 00:00:00,0,24.0,24.0,24.667,4.0,3.0,1.0,1.0,3.0,4.0,25.464,22.573,100.0,75.0,75.0,True
2025-09-10 01:00:00,1,21.0,21.0,21.0,1.0,1.0,0.0,0.0,1.0,1.0,21.276,21.276,100.0,100.0,100.0,True
2025-09-10 02:00:00,2,26.0,26.0,26.333,3.0,3.0,0.0,0.0,3.0,3.0,26.923,28.13,100.0,100.0,100.0,True
2025-09-10 03:00:00,3,28.0,28.0,28.0,5.0,5.0,0.0,0.0,5.0,5.0,28.464,28.126,100.0,100.0,100.0,True
2025-09-10 04:00:00,4,24.0,24.0,24.538,14.0,12.0,2.0,1.0,12.0,13.0,26.285,27.896,100.0,92.308,85.714,True
2025-09-10 05:00:00,5,32.0,32.0,32.955,13.0,12.0,1.0,0.0,8.0,12.0,47.855,45.102,66.667,66.667,61.538,True
2025-09-10 06:00:00,6,31.0,31.0,31.983,23.0,22.0,1.0,0.0,19.0,22.0,38.643,35.321,86.364,86.364,82.609,True
2025-09-10 07:00:00,7,38.0,38.0,38.856,358.0,312.0,46.0,30.0,240.0,342.0,45.879,43.458,76.923,70.175,67.039,True
2025-09-10 08:00:00,8,51.0,51.0,51.7,419.0,379.0,40.0,30.0,196.0,409.0,59.693,58.648,51.715,47.922,46.778,True
2025-09-10 09:00:00,9,38.0,38.0,38.45,340.0,300.0,40.0,32.0,267.0,332.0,39.214,36.562,89.0,80.422,78.529,True
2025-09-10 10:00:00,10,23.0,23.0,23.901,387.0,364.0,23.0,15.0,359.0,379.0,25.421,23.441,98.626,94.723,92.765,True
2025-09-10 11:00:00,11,24.0,24.0,24.228,534.0,512.0,22.0,11.0,500.0,523.0,24.842,22.674,97.656,95.602,93.633,True
2025-09-10 12:00:00,12,22.0,22.0,22.785,565.0,543.0,21.0,15.0,542.0,559.0,23.186,21.859,99.816,96.959,95.929,True
2025-09-10 13:00:00,13,21.0,21.0,21.638,573.0,535.0,38.0,22.0,534.0,557.0,22.106,20.896,99.813,95.871,93.194,True
2025-09-10 14:00:00,14,34.0,34.0,34.556,720.0,638.0,82.0,50.0,557.0,688.0,35.477,29.455,87.304,80.959,77.361,True
2025-09-10 15:00:00,15,55.0,55.0,55.516,653.0,535.0,118.0,87.0,326.0,622.0,57.401,48.82,60.935,52.412,49.923,True
2025-09-10 16:00:00,16,63.0,63.0,63.312,311.0,241.0,70.0,48.0,124.0,289.0,64.789,57.384,51.452,42.907,39.871,True
2025-09-10 17:00:00,17,52.0,52.0,52.668,208.0,171.0,37.0,26.0,108.0,197.0,54.712,48.412,63.158,54.822,51.923,True
2025-09-10 18:00:00,18,42.0,42.0,42.244,111.0,89.0,22.0,18.0,72.0,107.0,42.71,35.046,80.899,67.29,64.865,True
2025-09-10 19:00:00,19,42.0,42.0,42.569,61.0,50.0,11.0,9.0,41.0,59.0,44.43,42.409,82.0,69.492,67.213,True
2025-09-10 20:00:00,20,58.0,58.0,58.49,65.0,45.0,20.0,20.0,22.0,65.0,62.965,60.317,48.889,33.846,33.846,True
2025-09-10 21:00:00,21,59.0,59.0,59.368,31.0,19.0,12.0,8.0,7.0,27.0,59.764,67.359,36.842,25.926,22.581,True
2025-09-10 22:00:00,22,42.0,42.0,42.933,19.0,15.0,4.0,3.0,12.0,18.0,43.235,43.347,80.0,66.667,63.158,True
2025-09-10 23:00:00,23,41.0,41.0,41.8,6.0,5.0,1.0,1.0,5.0,6.0,42.234,40.246,100.0,83.333,83.333,True
2025-09-11 00:00:00,0,31.0,31.0,31.333,4.0,4.0,0.0,0.0,4.0,4.0,38.719,38.586,100.0,100.0,100.0,True
2025-09-11 01:00:00,1,37.0,37.0,37.2,5.0,4.0,1.0,1.0,4.0,5.0,32.708,29.582,100.0,80.0,80.0,True
2025-09-11 02:00:00,2,21.0,21.0,21.0,3.0,3.0,0.0,0.0,3.0,3.0,26.262,22.746,100.0,100.0,100.0,True
2025-09-11 03:00:00,3,36.0,36.0,36.0,1.0,1.0,0.0,0.0,1.0,1.0,36.754,36.754,100.0,100.0,100.0,True
2025-09-11 04:00:00,4,25.0,25.0,25.867,12.0,11.0,1.0,1.0,9.0,12.0,34.339,31.012,81.818,75.0,75.0,True
2025-09-11 05:00:00,5,35.0,35.0,35.609,17.0,16.0,1.0,1.0,13.0,17.0,41.369,31.473,81.25,76.471,76.471,True
2025-09-11 06:00:00,6,37.0,37.0,37.103,26.0,25.0,1.0,0.0,22.0,25.0,41.343,38.392,88.0,88.0,84.615,True
2025-09-11 07:00:00,7,41.0,41.0,41.414,335.0,284.0,51.0,35.0,194.0,319.0,50.452,46.479,68.31,60.815,57.91,True
2025-09-11 08:00:00,8,49.0,49.0,49.074,394.0,342.0,52.0,32.0,204.0,374.0,56.147,54.827,59.649,54.545,51.777,True
2025-09-11 09:00:00,9,39.0,39.0,39.319,310.0,271.0,39.0,23.0,240.0,294.0,39.793,37.638,88.561,81.633,77.419,True
2025-09-11 10:00:00,10,23.0,23.0,23.043,403.0,376.0,27.0,9.0,375.0,385.0,23.751,23.114,99.734,97.403,93.052,True
2025-09-11 11:00:00,11,23.0,23.0,23.314,533.0,510.0,23.0,14.0,509.0,524.0,23.956,23.261,99.804,97.137,95.497,True
2025-09-11 12:00:00,12,23.0,22.0,22.995,580.0,546.0,33.0,18.0,545.0,565.0,23.792,23.089,99.817,96.46,93.966,False
2025-09-11 13:00:00,13,21.0,22.0,22.069,545.0,525.0,20.0,13.0,524.0,538.0,22.399,21.224,99.81,97.398,96.147,False
2025-09-11 14:00:00,14,34.0,34.0,34.17,711.0,628.0,83.0,49.0,560.0,677.0,35.137,29.076,89.172,82.718,78.762,True
2025-09-11 15:00:00,15,59.0,59.0,59.611,672.0,547.0,125.0,103.0,321.0,650.0,61.525,53.316,58.684,49.385,47.768,True
2025-09-11 16:00:00,16,65.0,65.0,65.988,296.0,225.0,71.0,58.0,107.0,283.0,67.639,62.654,47.556,37.809,36.149,True
2025-09-11 17:00:00,17,52.0,52.0,52.588,217.0,175.0,42.0,29.0,113.0,204.0,54.461,46.897,64.571,55.392,52.074,True
2025-09-11 18:00:00,18,48.0,48.0,48.494,111.0,79.0,32.0,21.0,56.0,100.0,49.355,40.577,70.886,56.0,50.45,True
2025-09-11 19:00:00,19,42.0,43.0,43.797,83.0,63.0,20.0,14.0,47.0,77.0,43.979,38.631,74.603,61.039,56.627,False
2025-09-11 20:00:00,20,57.0,57.0,57.091,74.0,54.0,20.0,14.0,30.0,68.0,58.01,56.669,55.556,44.118,40.541,True
2025-09-11 21:00:00,21,82.0,82.0,82.957,35.0,23.0,12.0,11.0,4.0,34.0,83.197,88.312,17.391,11.765,11.429,True
2025-09-11 22:00:00,22,50.0,54.0,54.6,13.0,10.0,3.0,2.0,6.0,12.0,54.702,54.747,60.0,50.0,46.154,False
2025-09-11 23:00:00,23,27.0,27.0,27.5,8.0,7.0,1.0,1.0,6.0,8.0,31.422,27.834,85.714,75.0,75.0,True
2025-09-12 00:00:00,0,41.0,41.0,41.2,6.0,5.0,1.0,1.0,5.0,6.0,42.074,35.779,100.0,83.333,83.333,True
2025-09-12 01:00:00,1,25.0,25.0,25.0,2.0,2.0,0.0,0.0,2.0,2.0,25.61,25.61,100.0,100.0,100.0,True
2025-09-12 02:00:00,2,34.0,34.0,34.0,3.0,3.0,0.0,0.0,3.0,3.0,34.554,39.278,100.0,100.0,100.0,True
2025-09-12 03:00:00,3,26.0,26.0,26.167,6.0,6.0,0.0,0.0,6.0,6.0,26.83,26.232,100.0,100.0,100.0,True
2025-09-12 04:00:00,4,41.0,41.0,41.182,12.0,10.0,2.0,2.0,7.0,12.0,45.811,37.043,70.0,58.333,58.333,True
2025-09-12 05:00:00,5,35.0,35.0,35.316,10.0,9.0,1.0,1.0,5.0,10.0,52.605,46.88,55.556,50.0,50.0,True
2025-09-12 06:00:00,6,33.0,33.0,33.729,30.0,28.0,2.0,1.0,23.0,29.0,42.124,34.912,82.143,79.31,76.667,True
2025-09-12 07:00:00,7,36.0,36.0,36.161,301.0,265.0,36.0,18.0,228.0,283.0,41.27,37.895,86.038,80.565,75.748,True
2025-09-12 08:00:00,8,40.0,40.0,40.188,392.0,343.0,49.0,22.0,272.0,365.0,45.508,44.206,79.3,74.521,69.388,True
2025-09-12 09:00:00,9,28.0,28.0,28.106,362.0,317.0,45.0,13.0,313.0,330.0,28.398,27.309,98.738,94.848,86.464,True
2025-09-12 10:00:00,10,20.0,20.0,20.967,408.0,386.0,22.0,12.0,386.0,398.0,22.081,21.212,100.0,96.985,94.608,True
2025-09-12 11:00:00,11,23.0,23.0,23.67,535.0,512.0,23.0,13.0,511.0,525.0,24.054,22.914,99.805,97.333,95.514,True
2025-09-12 12:00:00,12,22.0,22.0,22.868,587.0,549.0,37.0,25.0,548.0,575.0,23.482,22.328,99.818,95.304,93.356,True
2025-09-12 13:00:00,13,21.0,21.0,21.947,513.0,489.0,23.0,16.0,489.0,506.0,22.37,21.765,100.0,96.64,95.322,True
2025-09-12 14:00:00,14,38.0,38.0,38.586,697.0,618.0,78.0,56.0,498.0,675.0,39.621,31.047,80.583,73.778,71.449,True
2025-09-12 15:00:00,15,64.0,64.0,64.493,614.0,478.0,136.0,120.0,245.0,598.0,67.23,58.11,51.255,40.97,39.902,True
2025-09-12 16:00:00,16,87.0,87.0,87.392,327.0,227.0,100.0,83.0,64.0,310.0,89.478,87.805,28.194,20.645,19.572,True
2025-09-12 17:00:00,17,82.0,82.0,82.63,184.0,125.0,59.0,45.0,48.0,170.0,84.582,77.509,38.4,28.235,26.087,True
2025-09-12 18:00:00,18,103.0,104.0,104.788,110.0,65.0,45.0,38.0,18.0,103.0,106.747,104.768,27.692,17.476,16.364,False
2025-09-12 19:00:00,19,109.0,108.0,108.568,87.0,38.0,49.0,39.0,10.0,77.0,110.905,119.608,26.316,12.987,11.494,False
2025-09-12 20:00:00,20,114.0,115.0,115.526,59.0,18.0,41.0,40.0,3.0,58.0,112.084,117.753,16.667,5.172,5.085,False
2025-09-12 21:00:00,21,97.0,97.0,97.286,28.0,14.0,14.0,13.0,2.0,27.0,97.704,105.558,14.286,7.407,7.143,True
2025-09-12 22:00:00,22,90.0,90.0,90.667,18.0,9.0,9.0,8.0,1.0,17.0,91.062,97.139,11.111,5.882,5.556,True
2025-09-12 23:00:00,23,61.0,61.0,61.167,9.0,6.0,3.0,3.0,4.0,9.0,61.458,57.209,66.667,44.444,44.444,True
2025-09-13 00:00:00,0,40.0,40.0,40.556,12.0,9.0,3.0,3.0,8.0,12.0,40.849,35.626,88.889,66.667,66.667,True
2025-09-13 02:00:00,2,33.0,33.0,33.25,4.0,4.0,0.0,0.0,4.0,4.0,33.659,34.62,100.0,100.0,100.0,True
2025-09-13 03:00:00,3,29.0,29.0,29.6,5.0,5.0,0.0,0.0,5.0,5.0,30.851,28.247,100.0,100.0,100.0,True
2025-09-13 04:00:00,4,35.0,35.0,35.25,15.0,12.0,3.0,2.0,10.0,14.0,44.201,35.459,83.333,71.429,66.667,True
2025-09-13 05:00:00,5,61.0,61.0,61.833,20.0,16.0,4.0,4.0,10.0,20.0,69.315,37.948,62.5,50.0,50.0,True
2025-09-13 06:00:00,6,87.0,87.0,87.0,12.0,10.0,2.0,2.0,1.0,12.0,83.939,77.012,10.0,8.333,8.333,True
2025-09-13 07:00:00,7,49.0,49.0,49.444,93.0,69.0,24.0,23.0,41.0,92.0,56.422,52.861,59.42,44.565,44.086,True
2025-09-13 08:00:00,8,37.0,37.0,37.665,155.0,131.0,24.0,16.0,107.0,147.0,42.666,37.863,81.679,72.789,69.032,True
2025-09-13 09:00:00,9,42.0,42.0,42.476,205.0,164.0,41.0,26.0,133.0,190.0,42.968,37.792,81.098,70.0,64.878,True
2025-09-13 10:00:00,10,50.0,50.0,50.035,213.0,161.0,52.0,47.0,100.0,208.0,55.534,50.568,62.112,48.077,46.948,True
2025-09-13 11:00:00,11,51.0,51.0,51.71,243.0,193.0,50.0,41.0,130.0,234.0,52.053,48.456,67.358,55.556,53.498,True
2025-09-13 12:00:00,12,39.0,39.0,39.847,264.0,209.0,55.0,32.0,172.0,241.0,40.825,37.555,82.297,71.369,65.152,True
2025-09-13 13:00:00,13,34.0,33.0,33.811,183.0,164.0,19.0,11.0,152.0,175.0,34.77,32.57,92.683,86.857,83.06,False
2025-09-13 14:00:00,14,34.0,34.0,34.145,186.0,163.0,23.0,18.0,145.0,181.0,34.712,32.113,88.957,80.11,77.957,True
2025-09-13 15:00:00,15,39.0,39.0,39.689,174.0,144.0,30.0,24.0,123.0,168.0,41.23,37.032,85.417,73.214,70.69,True
2025-09-13 16:00:00,16,56.0,56.0,56.748,178.0,127.0,51.0,38.0,71.0,165.0,58.257,55.875,55.906,43.03,39.888,True
2025-09-13 17:00:00,17,52.0,51.0,51.797,109.0,73.0,36.0,25.0,52.0,98.0,51.907,43.123,71.233,53.061,47.706,False
2025-09-13 18:00:00,18,45.0,45.0,45.029,88.0,69.0,19.0,15.0,53.0,84.0,45.605,36.117,76.812,63.095,60.227,True
2025-09-13 19:00:00,19,63.0,63.0,63.455,61.0,44.0,17.0,12.0,20.0,56.0,66.282,67.84,45.455,35.714,32.787,True
2025-09-13 20:00:00,20,80.0,80.0,80.571,71.0,34.0,37.0,29.0,11.0,63.0,79.352,82.453,32.353,17.46,15.493,True
2025-09-13 21:00:00,21,81.0,81.0,81.267,28.0,15.0,13.0,13.0,3.0,28.0,81.703,82.802,20.0,10.714,10.714,True
2025-09-13 22:00:00,22,53.0,53.0,53.0,19.0,12.0,7.0,7.0,8.0,19.0,53.096,48.511,66.667,42.105,42.105,True
2025-09-13 23:00:00,23,33.0,33.0,33.6,11.0,10.0,1.0,0.0,9.0,10.0,33.801,32.583,90.0,90.0,81.818,True
2025-09-14 00:00:00,0,54.0,54.0,54.25,4.0,4.0,0.0,0.0,3.0,4.0,54.98,44.727,75.0,75.0,75.0,True
2025-09-14 01:00:00,1,4.0,4.0,4.0,,,,,,,,,,,,True
2025-09-14 02:00:00,2,28.0,28.0,28.0,2.0,2.0,0.0,0.0,2.0,2.0,28.547,28.547,100.0,100.0,100.0,True
2025-09-14 03:00:00,3,27.0,27.0,27.6,4.0,4.0,0.0,0.0,4.0,4.0,34.687,31.808,100.0,100.0,100.0,True
2025-09-14 04:00:00,4,27.0,27.0,27.8,6.0,6.0,0.0,0.0,6.0,6.0,26.554,28.121,100.0,100.0,100.0,True
2025-09-14 05:00:00,5,42.0,42.0,42.0,4.0,4.0,0.0,0.0,3.0,4.0,49.347,30.93,75.0,75.0,75.0,True
2025-09-14 06:00:00,6,33.0,33.0,33.5,3.0,3.0,0.0,0.0,2.0,3.0,50.415,39.034,66.667,66.667,66.667,True
2025-09-14 07:00:00,7,26.0,26.0,26.762,76.0,63.0,13.0,6.0,62.0,69.0,27.602,25.429,98.413,89.855,81.579,True
2025-09-14 08:00:00,8,31.0,31.0,31.031,183.0,165.0,18.0,9.0,151.0,174.0,33.1,29.365,91.515,86.782,82.514,True
2025-09-14 09:00:00,9,44.0,44.0,44.435,217.0,178.0,39.0,25.0,140.0,203.0,45.924,41.346,78.652,68.966,64.516,True
2025-09-14 10:00:00,10,37.0,37.0,37.933,137.0,112.0,25.0,18.0,94.0,130.0,41.812,39.994,83.929,72.308,68.613,True
2025-09-14 11:00:00,11,27.0,27.0,27.439,157.0,141.0,16.0,12.0,141.0,153.0,27.717,26.742,100.0,92.157,89.809,True
2025-09-14 12:00:00,12,28.0,28.0,28.262,269.0,247.0,22.0,12.0,238.0,259.0,29.232,26.921,96.356,91.892,88.476,True
2025-09-14 13:00:00,13,36.0,36.0,36.091,217.0,196.0,21.0,19.0,174.0,215.0,36.856,32.683,88.776,80.93,80.184,True
2025-09-14 14:00:00,14,43.0,43.0,43.362,208.0,172.0,36.0,33.0,131.0,205.0,44.109,37.182,76.163,63.902,62.981,True
2025-09-14 15:00:00,15,49.0,49.0,49.314,146.0,112.0,34.0,28.0,77.0,140.0,51.294,39.122,68.75,55.0,52.74,True
2025-09-14 16:00:00,16,64.0,64.0,64.788,108.0,84.0,24.0,21.0,42.0,105.0,66.215,60.6,50.0,40.0,38.889,True
2025-09-14 17:00:00,17,63.0,63.0,63.182,97.0,64.0,33.0,29.0,34.0,93.0,66.48,57.039,53.125,36.559,35.052,True
2025-09-14 18:00:00,18,69.0,69.0,69.232,76.0,54.0,22.0,17.0,25.0,71.0,69.048,65.119,46.296,35.211,32.895,True
2025-09-14 19:00:00,19,85.0,85.0,85.378,67.0,35.0,32.0,25.0,15.0,60.0,90.109,68.989,42.857,25.0,22.388,True
2025-09-14 20:00:00,20,122.0,125.0,125.095,39.0,21.0,18.0,17.0,4.0,38.0,125.695,135.014,19.048,10.526,10.256,False
2025-09-14 21:00:00,21,136.0,136.0,136.875,22.0,8.0,14.0,12.0,0.0,20.0,137.21,136.812,0.0,0.0,0.0,True
2025-09-14 22:00:00,22,105.0,105.0,105.333,10.0,4.0,6.0,6.0,0.0,10.0,102.715,101.05,0.0,0.0,0.0,True
2025-09-14 23:00:00,23,79.0,79.0,79.0,2.0,2.0,0.0,0.0,1.0,2.0,73.677,73.677,50.0,50.0,50.0,True
2025-09-15 00:00:00,0,31.0,31.0,31.6,7.0,5.0,2.0,2.0,5.0,7.0,32.373,35.171,100.0,71.429,71.429,True
2025-09-15 01:00:00,1,23.0,23.0,23.0,2.0,1.0,1.0,1.0,1.0,2.0,41.16,41.16,100.0,50.0,50.0,True
2025-09-15 02:00:00,2,32.0,32.0,32.0,2.0,2.0,0.0,0.0,2.0,2.0,32.535,32.535,100.0,100.0,100.0,True
2025-09-15 03:00:00,3,19.0,19.0,19.333,3.0,3.0,0.0,0.0,3.0,3.0,20.445,17.869,100.0,100.0,100.0,True
2025-09-15 04:00:00,4,29.0,29.0,29.917,12.0,10.0,2.0,2.0,9.0,12.0,34.677,33.416,90.0,75.0,75.0,True
2025-09-15 05:00:00,5,45.0,45.0,45.308,17.0,15.0,2.0,2.0,7.0,17.0,59.709,60.261,46.667,41.176,41.176,True
2025-09-15 06:00:00,6,45.0,45.0,45.07,40.0,32.0,8.0,4.0,22.0,36.0,49.4,46.718,68.75,61.111,55.0,True
2025-09-15 07:00:00,7,44.0,44.0,44.629,356.0,298.0,58.0,36.0,174.0,334.0,55.896,53.352,58.389,52.096,48.876,True
2025-09-15 08:00:00,8,53.0,53.0,53.198,403.0,348.0,55.0,40.0,166.0,388.0,61.69,60.899,47.701,42.784,41.191,True
2025-09-15 09:00:00,9,35.0,35.0,35.164,285.0,255.0,30.0,24.0,240.0,279.0,35.819,33.929,94.118,86.022,84.211,True
2025-09-15 10:00:00,10,22.0,22.0,22.132,382.0,361.0,21.0,11.0,361.0,372.0,22.755,21.993,100.0,97.043,94.503,True
2025-09-15 11:00:00,11,22.0,22.0,22.185,531.0,506.0,25.0,18.0,506.0,524.0,22.915,21.822,100.0,96.565,95.292,True
2025-09-15 12:00:00,12,23.0,23.0,23.285,638.0,609.0,29.0,19.0,606.0,628.0,23.878,22.247,99.507,96.497,94.984,True
2025-09-15 13:00:00,13,21.0,21.0,21.378,467.0,445.0,22.0,10.0,443.0,455.0,21.799,20.94,99.551,97.363,94.861,True
2025-09-15 14:00:00,14,33.0,33.0,33.408,729.0,641.0,87.0,56.0,562.0,698.0,34.297,28.092,87.676,80.516,77.092,True
2025-09-15 15:00:00,15,55.0,55.0,55.357,619.0,518.0,100.0,77.0,305.0,596.0,57.271,49.004,58.88,51.174,49.273,True
2025-09-15 16:00:00,16,59.0,59.0,59.221,291.0,225.0,65.0,50.0,133.0,276.0,59.369,53.247,59.111,48.188,45.704,True
2025-09-15 17:00:00,17,51.0,51.0,51.299,180.0,141.0,39.0,27.0,89.0,168.0,53.725,45.537,63.121,52.976,49.444,True
2025-09-15 18:00:00,18,39.0,40.0,40.099,90.0,75.0,15.0,12.0,61.0,87.0,41.714,35.652,81.333,70.115,67.778,False
2025-09-15 19:00:00,19,38.0,38.0,38.903,72.0,60.0,12.0,7.0,51.0,67.0,40.505,37.008,85.0,76.119,70.833,True
2025-09-15 20:00:00,20,39.0,39.0,39.622,49.0,43.0,6.0,5.0,38.0,48.0,41.354,38.844,88.372,79.167,77.551,True
2025-09-15 21:00:00,21,35.0,35.0,35.889,24.0,17.0,7.0,6.0,16.0,23.0,36.263,34.358,94.118,69.565,66.667,True
2025-09-15 22:00:00,22,33.0,30.0,30.857,19.0,14.0,4.0,4.0,14.0,19.0,31.085,31.651,100.0,73.684,73.684,False
2025-09-15 23:00:00,23,31.0,34.0,34.5,9.0,8.0,0.0,0.0,7.0,9.0,35.088,38.257,87.5,77.778,77.778,False
2025-09-16 00:00:00,0,36.0,18.0,18.0,2.0,2.0,0.0,0.0,2.0,2.0,19.191,19.191,100.0,100.0,100.0,False
2025-09-16 01:00:00,1,17.0,17.0,17.0,1.0,1.0,0.0,0.0,1.0,1.0,17.602,17.602,100.0,100.0,100.0,True
2025-09-16 02:00:00,2,33.0,33.0,33.5,3.0,2.0,1.0,1.0,2.0,3.0,34.247,34.247,100.0,66.667,66.667,True
2025-09-16 03:00:00,3,20.0,20.0,20.5,3.0,3.0,0.0,0.0,3.0,3.0,27.688,30.98,100.0,100.0,100.0,True
2025-09-16 04:00:00,4,29.0,29.0,29.706,14.0,12.0,2.0,2.0,11.0,14.0,39.278,39.844,91.667,78.571,78.571,True
2025-09-16 05:00:00,5,48.0,48.0,48.115,21.0,20.0,1.0,1.0,15.0,21.0,48.583,46.569,75.0,71.429,71.429,True
2025-09-16 06:00:00,6,35.0,35.0,35.467,29.0,27.0,2.0,2.0,25.0,29.0,38.111,37.932,92.593,86.207,86.207,True
2025-09-16 07:00:00,7,41.0,41.0,41.469,360.0,320.0,40.0,24.0,228.0,344.0,49.313,42.945,71.25,66.279,63.333,True
2025-09-16 08:00:00,8,49.0,49.0,49.127,394.0,340.0,54.0,41.0,194.0,381.0,56.693,53.981,57.059,50.919,49.239,True
2025-09-16 09:00:00,9,37.0,37.0,37.103,301.0,284.0,17.0,7.0,251.0,291.0,37.729,34.812,88.38,86.254,83.389,True
2025-09-16 10:00:00,10,23.0,23.0,23.308,383.0,359.0,24.0,12.0,354.0,371.0,24.649,23.021,98.607,95.418,92.428,True
2025-09-16 11:00:00,11,23.0,23.0,23.053,526.0,507.0,19.0,8.0,507.0,515.0,23.54,22.046,100.0,98.447,96.388,True
2025-09-16 12:00:00,12,23.0,23.0,23.399,544.0,526.0,18.0,8.0,520.0,534.0,23.976,22.389,98.859,97.378,95.588,True
2025-09-16 13:00:00,13,28.0,28.0,28.125,655.0,602.0,53.0,33.0,565.0,635.0,28.773,25.155,93.854,88.976,86.26,True
2025-09-16 14:00:00,14,62.0,62.0,62.569,949.0,710.0,238.0,194.0,404.0,905.0,64.428,53.834,56.901,44.641,42.571,True
2025-09-16 15:00:00,15,84.0,84.0,84.404,597.0,395.0,202.0,173.0,115.0,568.0,87.355,83.968,29.114,20.246,19.263,True
2025-09-16 16:00:00,16,91.0,91.0,91.318,307.0,195.0,112.0,96.0,48.0,291.0,94.909,87.653,24.615,16.495,15.635,True
2025-09-16 17:00:00,17,62.0,62.0,62.58,163.0,112.0,51.0,42.0,68.0,154.0,62.834,52.307,60.714,44.156,41.718,True
2025-09-16 18:00:00,18,80.0,80.0,80.824,113.0,71.0,42.0,34.0,27.0,105.0,81.35,85.171,38.028,25.714,23.894,True
2025-09-16 19:00:00,19,99.0,100.0,100.211,71.0,37.0,34.0,30.0,10.0,67.0,103.3,84.88,27.027,14.925,14.085,False
2025-09-16 20:00:00,20,103.0,103.0,103.407,48.0,27.0,21.0,20.0,9.0,47.0,103.657,82.951,33.333,19.149,18.75,True
2025-09-16 21:00:00,21,84.0,84.0,84.294,24.0,17.0,7.0,6.0,5.0,23.0,84.619,70.442,29.412,21.739,20.833,True
2025-09-16 22:00:00,22,44.0,44.0,44.562,17.0,14.0,3.0,1.0,7.0,15.0,51.19,57.101,50.0,46.667,41.176,True
2025-09-16 23:00:00,23,33.0,33.0,33.333,8.0,3.0,5.0,5.0,3.0,8.0,33.483,29.111,100.0,37.5,37.5,True
2025-09-17 00:00:00,0,41.0,41.0,41.5,2.0,2.0,0.0,0.0,2.0,2.0,42.293,42.293,100.0,100.0,100.0,True
2025-09-17 01:00:00,1,46.0,46.0,46.5,2.0,2.0,0.0,0.0,2.0,2.0,48.179,48.179,100.0,100.0,100.0,True
2025-09-17 02:00:00,2,31.0,31.0,31.0,2.0,1.0,1.0,1.0,1.0,2.0,30.581,30.581,100.0,50.0,50.0,True
2025-09-17 03:00:00,3,22.0,22.0,22.625,7.0,7.0,0.0,0.0,7.0,7.0,26.575,27.245,100.0,100.0,100.0,True
2025-09-17 04:00:00,4,28.0,28.0,28.167,10.0,9.0,1.0,1.0,8.0,10.0,34.749,33.775,88.889,80.0,80.0,True
2025-09-17 05:00:00,5,45.0,45.0,45.963,16.0,14.0,2.0,2.0,8.0,16.0,58.624,52.564,57.143,50.0,50.0,True
2025-09-17 06:00:00,6,39.0,39.0,39.87,32.0,28.0,4.0,3.0,24.0,31.0,42.289,43.698,85.714,77.419,75.0,True
2025-09-17 07:00:00,7,46.0,46.0,46.835,392.0,335.0,57.0,35.0,192.0,370.0,57.195,54.841,57.313,51.892,48.98,True
2025-09-17 08:00:00,8,63.0,63.0,63.712,487.0,399.0,88.0,72.0,112.0,471.0,74.128,74.832,28.07,23.779,22.998,True
2025-09-17 09:00:00,9,60.0,59.0,59.993,353.0,291.0,62.0,54.0,148.0,345.0,60.635,58.683,50.859,42.899,41.926,False
2025-09-17 10:00:00,10,38.0,38.0,38.418,381.0,325.0,56.0,28.0,280.0,353.0,41.626,38.847,86.154,79.32,73.491,True
2025-09-17 11:00:00,11,34.0,34.0,34.736,621.0,543.0,77.0,48.0,503.0,592.0,35.673,32.956,92.634,84.966,80.998,True
2025-09-17 12:00:00,12,28.0,28.0,28.944,545.0,487.0,58.0,30.0,478.0,517.0,29.366,27.596,98.152,92.456,87.706,True
2025-09-17 13:00:00,13,23.0,23.0,23.37,536.0,487.0,49.0,23.0,482.0,510.0,23.84,22.125,98.973,94.51,89.925,True
2025-09-17 14:00:00,14,39.0,39.0,39.553,788.0,681.0,105.0,58.0,562.0,741.0,40.386,32.991,82.526,75.843,71.32,True
2025-09-17 15:00:00,15,64.0,64.0,64.159,668.0,509.0,159.0,131.0,259.0,640.0,66.345,58.573,50.884,40.469,38.772,True
2025-09-17 16:00:00,16,67.0,67.0,67.659,283.0,201.0,82.0,62.0,89.0,263.0,69.78,68.113,44.279,33.84,31.449,True
2025-09-17 17:00:00,17,47.0,47.0,47.197,174.0,124.0,50.0,36.0,81.0,160.0,49.765,40.838,65.323,50.625,46.552,True
2025-09-17 18:00:00,18,39.0,39.0,39.053,79.0,71.0,8.0,3.0,54.0,74.0,40.636,34.405,76.056,72.973,68.354,True
2025-09-17 19:00:00,19,29.0,29.0,29.058,58.0,51.0,7.0,4.0,49.0,55.0,29.706,26.848,96.078,89.091,84.483,True
2025-09-17 20:00:00,20,31.0,31.0,31.756,60.0,45.0,15.0,4.0,43.0,49.0,32.1,32.338,95.556,87.755,71.667,True
2025-09-17 21:00:00,21,35.0,35.0,35.2,31.0,24.0,7.0,6.0,22.0,30.0,36.972,33.051,91.667,73.333,70.968,True
2025-09-17 22:00:00,22,23.0,23.0,23.462,17.0,14.0,3.0,2.0,13.0,16.0,23.033,20.908,92.857,81.25,76.471,True
2025-09-17 23:00:00,23,26.0,26.0,26.714,7.0,6.0,1.0,1.0,6.0,7.0,29.566,29.241,100.0,85.714,85.714,True
2025-09-18 00:00:00,0,24.0,24.0,24.667,4.0,3.0,1.0,1.0,3.0,4.0,25.299,26.573,100.0,75.0,75.0,True
2025-09-18 01:00:00,1,40.0,40.0,40.0,4.0,3.0,1.0,1.0,2.0,4.0,40.964,32.532,66.667,50.0,50.0,True
2025-09-18 02:00:00,2,12.0,12.0,12.0,3.0,3.0,0.0,0.0,3.0,3.0,14.855,19.745,100.0,100.0,100.0,True
2025-09-18 03:00:00,3,24.0,24.0,24.0,2.0,2.0,0.0,0.0,2.0,2.0,24.539,24.539,100.0,100.0,100.0,True
2025-09-18 04:00:00,4,20.0,20.0,20.412,13.0,11.0,2.0,2.0,10.0,13.0,29.753,25.35,90.909,76.923,76.923,True
2025-09-18 05:00:00,5,44.0,44.0,44.44,20.0,18.0,2.0,1.0,14.0,19.0,47.694,42.472,77.778,73.684,70.0,True
2025-09-18 06:00:00,6,34.0,34.0,34.81,33.0,32.0,1.0,0.0,29.0,32.0,38.983,36.788,90.625,90.625,87.879,True
2025-09-18 07:00:00,7,39.0,39.0,39.7,349.0,297.0,52.0,26.0,226.0,323.0,45.876,42.005,76.094,69.969,64.756,True
2025-09-18 08:00:00,8,44.0,44.0,44.07,383.0,319.0,64.0,31.0,230.0,350.0,50.458,46.247,72.1,65.714,60.052,True
2025-09-18 09:00:00,9,34.0,34.0,34.415,337.0,304.0,33.0,15.0,287.0,319.0,35.283,33.109,94.408,89.969,85.163,True
2025-09-18 10:00:00,10,23.0,23.0,23.553,402.0,377.0,25.0,14.0,374.0,391.0,24.381,22.792,99.204,95.652,93.035,True
2025-09-18 11:00:00,11,24.0,24.0,24.758,526.0,501.0,25.0,15.0,497.0,516.0,25.433,24.067,99.202,96.318,94.487,True
2025-09-18 12:00:00,12,22.0,22.0,22.853,537.0,513.0,24.0,12.0,513.0,525.0,23.22,22.916,100.0,97.714,95.531,True
2025-09-18 13:00:00,13,21.0,21.0,21.522,530.0,509.0,21.0,13.0,507.0,522.0,22.216,20.838,99.607,97.126,95.66,True
2025-09-18 14:00:00,14,33.0,33.0,33.675,738.0,637.0,101.0,65.0,569.0,702.0,35.067,29.194,89.325,81.054,77.1,True
2025-09-18 15:00:00,15,51.0,51.0,51.551,596.0,491.0,105.0,71.0,324.0,562.0,53.344,48.25,65.988,57.651,54.362,True
2025-09-18 16:00:00,16,59.0,59.0,59.761,324.0,235.0,89.0,60.0,135.0,295.0,61.053,54.176,57.447,45.763,41.667,True
2025-09-18 17:00:00,17,49.0,50.0,50.05,182.0,147.0,35.0,25.0,108.0,172.0,50.596,44.279,73.469,62.791,59.341,False
2025-09-18 18:00:00,18,47.0,47.0,47.5,117.0,89.0,28.0,24.0,65.0,113.0,49.255,43.628,73.034,57.522,55.556,True
2025-09-18 19:00:00,19,58.0,59.0,59.561,79.0,54.0,25.0,19.0,31.0,73.0,61.065,54.734,57.407,42.466,39.241,False
2025-09-18 20:00:00,20,65.0,65.0,65.486,56.0,35.0,21.0,18.0,16.0,53.0,65.747,70.408,45.714,30.189,28.571,True
2025-09-18 21:00:00,21,61.0,61.0,61.903,40.0,30.0,10.0,7.0,18.0,37.0,63.894,44.817,60.0,48.649,45.0,True
2025-09-18 22:00:00,22,56.0,58.0,58.667,17.0,12.0,5.0,5.0,7.0,17.0,58.886,52.921,58.333,41.176,41.176,False
2025-09-18 23:00:00,23,26.0,26.0,26.2,7.0,5.0,2.0,1.0,5.0,6.0,26.354,24.646,100.0,83.333,71.429,True
2025-09-19 00:00:00,0,43.0,43.0,43.5,5.0,4.0,1.0,0.0,3.0,4.0,43.781,36.823,75.0,75.0,60.0,True
2025-09-19 01:00:00,1,25.0,25.0,25.5,4.0,2.0,2.0,1.0,2.0,3.0,25.728,25.728,100.0,66.667,50.0,True
2025-09-19 02:00:00,2,25.0,25.0,25.4,5.0,5.0,0.0,0.0,5.0,5.0,26.07,26.221,100.0,100.0,100.0,True
2025-09-19 03:00:00,3,21.0,21.0,21.2,6.0,5.0,1.0,1.0,5.0,6.0,26.892,26.721,100.0,83.333,83.333,True
2025-09-19 04:00:00,4,32.0,32.0,32.333,14.0,13.0,1.0,1.0,11.0,14.0,40.423,42.528,84.615,78.571,78.571,True
2025-09-19 05:00:00,5,43.0,43.0,43.043,13.0,13.0,0.0,0.0,6.0,13.0,63.196,67.849,46.154,46.154,46.154,True
2025-09-19 06:00:00,6,36.0,36.0,36.017,28.0,27.0,1.0,0.0,24.0,27.0,39.17,37.649,88.889,88.889,85.714,True
2025-09-19 07:00:00,7,35.0,35.0,35.267,334.0,290.0,44.0,17.0,247.0,307.0,40.996,37.614,85.172,80.456,73.952,True
2025-09-19 08:00:00,8,42.0,43.0,43.053,423.0,373.0,50.0,27.0,286.0,400.0,48.448,47.476,76.676,71.5,67.612,False
2025-09-19 09:00:00,9,31.0,31.0,31.689,356.0,313.0,43.0,21.0,299.0,334.0,32.225,30.908,95.527,89.521,83.989,True
2025-09-19 10:00:00,10,22.0,22.0,22.548,423.0,396.0,27.0,12.0,396.0,408.0,23.586,23.07,100.0,97.059,93.617,True
2025-09-19 11:00:00,11,28.0,28.0,28.879,631.0,585.0,46.0,32.0,570.0,617.0,29.494,27.641,97.436,92.382,90.333,True
2025-09-19 12:00:00,12,28.0,28.0,28.505,638.0,593.0,45.0,34.0,578.0,627.0,29.24,26.867,97.47,92.185,90.596,True
2025-09-19 13:00:00,13,27.0,27.0,27.303,547.0,490.0,57.0,38.0,474.0,528.0,28.025,24.711,96.735,89.773,86.654,True
2025-09-19 14:00:00,14,57.0,57.0,57.417,826.0,683.0,143.0,108.0,429.0,791.0,59.522,46.417,62.811,54.235,51.937,True
2025-09-19 15:00:00,15,100.0,100.0,100.902,614.0,447.0,166.0,149.0,115.0,597.0,104.835,91.885,25.727,19.263,18.73,True
2025-09-19 16:00:00,16,131.0,131.0,131.242,324.0,174.0,150.0,141.0,13.0,315.0,133.552,124.495,7.471,4.127,4.012,True
2025-09-19 17:00:00,17,151.0,151.0,151.732,158.0,64.0,94.0,86.0,3.0,150.0,158.674,143.694,4.688,2.0,1.899,True
2025-09-19 18:00:00,18,157.0,157.0,157.882,103.0,32.0,71.0,69.0,2.0,101.0,162.481,162.328,6.25,1.98,1.942,True
2025-09-19 19:00:00,19,144.0,144.0,144.636,69.0,21.0,48.0,42.0,5.0,63.0,151.56,157.714,23.81,7.937,7.246,True
2025-09-19 20:00:00,20,162.0,162.0,162.769,49.0,13.0,36.0,32.0,1.0,45.0,163.017,154.193,7.692,2.222,2.041,True
2025-09-19 21:00:00,21,174.0,174.0,174.2,23.0,4.0,19.0,18.0,0.0,22.0,197.707,186.839,0.0,0.0,0.0,True
2025-09-19 22:00:00,22,109.0,109.0,109.357,24.0,13.0,11.0,10.0,4.0,23.0,117.927,139.77,30.769,17.391,16.667,True
2025-09-19 23:00:00,23,111.0,111.0,111.0,9.0,7.0,2.0,2.0,2.0,9.0,111.178,97.555,28.571,22.222,22.222,True
2025-09-20 00:00:00,0,106.0,106.0,106.857,10.0,7.0,3.0,3.0,0.0,10.0,107.356,101.45,0.0,0.0,0.0,True
2025-09-20 01:00:00,1,85.0,85.0,85.857,10.0,7.0,3.0,3.0,3.0,10.0,86.032,61.098,42.857,30.0,30.0,True
2025-09-20 02:00:00,2,73.0,73.0,73.0,6.0,1.0,5.0,3.0,0.0,4.0,73.65,73.65,0.0,0.0,0.0,True
2025-09-20 03:00:00,3,67.0,67.0,67.333,5.0,4.0,1.0,1.0,1.0,5.0,63.353,66.633,25.0,20.0,20.0,True
2025-09-20 04:00:00,4,36.0,36.0,36.091,11.0,7.0,4.0,2.0,6.0,9.0,39.417,30.319,85.714,66.667,54.545,True
2025-09-20 05:00:00,5,72.0,72.0,72.25,22.0,14.0,8.0,7.0,6.0,21.0,78.266,82.313,42.857,28.571,27.273,True
2025-09-20 06:00:00,6,63.0,63.0,63.947,16.0,11.0,5.0,3.0,6.0,14.0,55.002,47.186,54.545,42.857,37.5,True
2025-09-20 07:00:00,7,44.0,44.0,44.363,74.0,63.0,11.0,9.0,43.0,72.0,50.523,47.155,68.254,59.722,58.108,True
2025-09-20 08:00:00,8,31.0,31.0,31.95,143.0,129.0,14.0,7.0,123.0,136.0,34.861,32.585,95.349,90.441,86.014,True
2025-09-20 09:00:00,9,51.0,51.0,51.153,209.0,172.0,37.0,30.0,116.0,202.0,52.303,45.865,67.442,57.426,55.502,True
2025-09-20 10:00:00,10,53.0,53.0,53.014,230.0,171.0,59.0,44.0,99.0,215.0,60.509,53.53,57.895,46.047,43.043,True
2025-09-20 11:00:00,11,59.0,59.0,59.912,299.0,223.0,76.0,64.0,113.0,287.0,61.375,59.778,50.673,39.373,37.793,True
2025-09-20 12:00:00,12,58.0,58.0,58.819,214.0,159.0,55.0,48.0,79.0,207.0,61.621,60.07,49.686,38.164,36.916,True
2025-09-20 13:00:00,13,49.0,49.0,49.093,205.0,171.0,34.0,31.0,115.0,202.0,49.994,43.716,67.251,56.931,56.098,True
2025-09-20 14:00:00,14,51.0,51.0,51.394,160.0,135.0,25.0,16.0,91.0,151.0,51.436,45.718,67.407,60.265,56.875,True
2025-09-20 15:00:00,15,69.0,69.0,69.633,210.0,154.0,56.0,47.0,78.0,201.0,71.118,59.486,50.649,38.806,37.143,True
2025-09-20 16:00:00,16,86.0,86.0,86.541,135.0,95.0,40.0,33.0,26.0,128.0,89.406,88.992,27.368,20.312,19.259,True
2025-09-20 17:00:00,17,88.0,88.0,88.043,97.0,67.0,30.0,24.0,15.0,91.0,90.923,93.171,22.388,16.484,15.464,True
2025-09-20 18:00:00,18,84.0,84.0,84.438,88.0,49.0,39.0,28.0,16.0,77.0,84.332,73.736,32.653,20.779,18.182,True
2025-09-20 19:00:00,19,91.0,92.0,92.044,82.0,44.0,38.0,32.0,8.0,76.0,93.26,94.219,18.182,10.526,9.756,False
2025-09-20 20:00:00,20,85.0,83.0,83.5,46.0,25.0,21.0,15.0,5.0,40.0,86.15,82.896,20.0,12.5,10.87,False
2025-09-20 21:00:00,21,71.0,71.0,71.545,19.0,11.0,8.0,2.0,5.0,13.0,71.879,71.232,45.455,38.462,26.316,True
2025-09-20 22:00:00,22,44.0,44.0,44.0,21.0,17.0,4.0,3.0,14.0,20.0,44.109,34.331,82.353,70.0,66.667,True
2025-09-20 23:00:00,23,45.0,45.0,45.818,16.0,11.0,5.0,5.0,7.0,16.0,46.028,54.365,63.636,43.75,43.75,True
2025-09-21 00:00:00,0,58.0,58.0,58.125,14.0,8.0,6.0,3.0,6.0,11.0,58.457,39.653,75.0,54.545,42.857,True
2025-09-21 01:00:00,1,37.0,37.0,37.0,6.0,2.0,4.0,3.0,0.0,5.0,66.825,66.825,0.0,0.0,0.0,True
2025-09-21 02:00:00,2,39.0,39.0,39.667,2.0,2.0,0.0,0.0,2.0,2.0,28.842,28.842,100.0,100.0,100.0,True
2025-09-21 03:00:00,3,30.0,30.0,30.667,9.0,7.0,2.0,1.0,6.0,8.0,40.25,29.002,85.714,75.0,66.667,True
2025-09-21 04:00:00,4,43.0,43.0,43.25,8.0,6.0,2.0,1.0,5.0,7.0,41.767,43.641,83.333,71.429,62.5,True
2025-09-21 05:00:00,5,62.0,51.0,51.8,6.0,5.0,1.0,1.0,4.0,6.0,52.457,38.273,80.0,66.667,66.667,False
2025-09-21 06:00:00,6,42.0,42.0,42.667,4.0,3.0,1.0,1.0,3.0,4.0,42.827,50.634,100.0,75.0,75.0,True
2025-09-21 07:00:00,7,27.0,27.0,27.815,72.0,66.0,5.0,2.0,63.0,69.0,29.725,27.148,95.455,91.304,87.5,True
2025-09-21 08:00:00,8,32.0,31.0,31.987,218.0,197.0,21.0,13.0,175.0,210.0,33.857,28.202,88.832,83.333,80.275,False
2025-09-21 09:00:00,9,46.0,46.0,46.006,216.0,176.0,40.0,24.0,130.0,200.0,46.673,41.411,73.864,65.0,60.185,True
2025-09-21 10:00:00,10,33.0,33.0,33.758,144.0,116.0,28.0,22.0,105.0,138.0,38.49,35.88,90.517,76.087,72.917,True
2025-09-21 11:00:00,11,26.0,26.0,26.603,152.0,137.0,15.0,11.0,136.0,148.0,27.315,25.38,99.27,91.892,89.474,True
2025-09-21 12:00:00,12,25.0,25.0,25.794,273.0,260.0,13.0,9.0,256.0,269.0,26.237,24.595,98.462,95.167,93.773,True
2025-09-21 13:00:00,13,28.0,28.0,28.343,211.0,192.0,19.0,10.0,185.0,202.0,29.195,26.129,96.354,91.584,87.678,True
2025-09-21 14:00:00,14,28.0,28.0,28.516,195.0,180.0,15.0,6.0,171.0,186.0,29.504,26.678,95.0,91.935,87.692,True
2025-09-21 15:00:00,15,42.0,42.0,42.51,177.0,144.0,33.0,19.0,113.0,163.0,44.562,39.245,78.472,69.325,63.842,True
2025-09-21 16:00:00,16,52.0,52.0,52.841,133.0,103.0,30.0,21.0,70.0,124.0,54.433,43.275,67.961,56.452,52.632,True
2025-09-21 17:00:00,17,55.0,55.0,55.713,110.0,85.0,24.0,15.0,57.0,101.0,56.892,46.194,67.059,56.436,51.818,True
2025-09-21 18:00:00,18,51.0,51.0,51.613,87.0,63.0,24.0,19.0,40.0,82.0,52.208,41.223,63.492,48.78,45.977,True
2025-09-21 19:00:00,19,51.0,51.0,51.956,62.0,44.0,18.0,17.0,27.0,61.0,51.829,41.472,61.364,44.262,43.548,True
2025-09-21 20:00:00,20,87.0,87.0,87.929,46.0,28.0,18.0,14.0,8.0,42.0,88.193,97.25,28.571,19.048,17.391,True
2025-09-21 21:00:00,21,82.0,82.0,82.75,14.0,8.0,6.0,6.0,2.0,14.0,83.265,79.218,25.0,14.286,14.286,True
2025-09-21 22:00:00,22,58.0,58.0,58.143,9.0,7.0,2.0,2.0,4.0,9.0,58.339,48.84,57.143,44.444,44.444,True
2025-09-21 23:00:00,23,21.0,21.0,21.5,3.0,2.0,1.0,1.0,2.0,3.0,21.5,21.5,100.0,66.667,66.667,True
2025-09-22 00:00:00,0,44.0,44.0,44.5,5.0,5.0,0.0,0.0,2.0,5.0,54.14,60.612,40.0,40.0,40.0,True
2025-09-22 01:00:00,1,43.0,43.0,43.333,3.0,3.0,0.0,0.0,2.0,3.0,43.684,38.801,66.667,66.667,66.667,True
2025-09-22 02:00:00,2,21.0,21.0,21.0,1.0,1.0,0.0,0.0,1.0,1.0,22.45,22.45,100.0,100.0,100.0,True
2025-09-22 03:00:00,3,22.0,22.0,22.25,3.0,3.0,0.0,0.0,3.0,3.0,29.46,35.308,100.0,100.0,100.0,True
2025-09-22 04:00:00,4,22.0,22.0,22.583,10.0,10.0,0.0,0.0,10.0,10.0,27.241,25.632,100.0,100.0,100.0,True
2025-09-22 05:00:00,5,51.0,51.0,51.828,19.0,16.0,3.0,2.0,7.0,18.0,63.847,64.733,43.75,38.889,36.842,True
2025-09-22 06:00:00,6,41.0,41.0,41.878,38.0,36.0,2.0,2.0,29.0,38.0,44.198,38.748,80.556,76.316,76.316,True
2025-09-22 07:00:00,7,42.0,43.0,43.071,355.0,305.0,50.0,33.0,199.0,338.0,52.299,47.927,65.246,58.876,56.056,False
2025-09-22 08:00:00,8,49.0,50.0,50.071,384.0,335.0,49.0,28.0,182.0,363.0,58.693,56.916,54.328,50.138,47.396,False
2025-09-22 09:00:00,9,35.0,35.0,35.722,335.0,307.0,28.0,15.0,281.0,322.0,36.287,33.686,91.531,87.267,83.881,True
2025-09-22 10:00:00,10,22.0,22.0,22.217,414.0,386.0,28.0,16.0,384.0,402.0,23.289,22.405,99.482,95.522,92.754,True
2025-09-22 11:00:00,11,22.0,22.0,22.473,551.0,527.0,24.0,15.0,525.0,542.0,23.161,21.421,99.62,96.863,95.281,True
2025-09-22 12:00:00,12,25.0,25.0,25.266,598.0,570.0,28.0,16.0,566.0,586.0,25.639,24.626,99.298,96.587,94.649,True
2025-09-22 13:00:00,13,20.0,20.0,20.872,525.0,490.0,35.0,23.0,490.0,513.0,21.308,19.779,100.0,95.517,93.333,True
2025-09-22 14:00:00,14,35.0,35.0,35.456,727.0,623.0,104.0,69.0,540.0,692.0,36.246,29.779,86.677,78.035,74.278,True
2025-09-22 15:00:00,15,59.0,59.0,59.235,632.0,515.0,117.0,93.0,287.0,608.0,60.815,54.069,55.728,47.204,45.411,True
2025-09-22 16:00:00,16,68.0,68.0,68.904,330.0,252.0,78.0,53.0,110.0,305.0,70.539,70.039,43.651,36.066,33.333,True
2025-09-22 17:00:00,17,59.0,59.0,59.447,195.0,148.0,47.0,36.0,77.0,184.0,61.283,55.903,52.027,41.848,39.487,True
2025-09-22 18:00:00,18,54.0,54.0,54.039,95.0,71.0,24.0,19.0,44.0,90.0,56.156,45.806,61.972,48.889,46.316,True
2025-09-22 19:00:00,19,51.0,51.0,51.42,72.0,50.0,22.0,18.0,34.0,68.0,51.763,45.456,68.0,50.0,47.222,True
2025-09-22 20:00:00,20,60.0,60.0,60.088,45.0,35.0,10.0,5.0,20.0,40.0,58.948,56.542,57.143,50.0,44.444,True
2025-09-22 21:00:00,21,36.0,36.0,36.789,21.0,17.0,3.0,3.0,16.0,21.0,39.269,36.933,94.118,76.19,76.19,True
2025-09-22 22:00:00,22,31.0,31.0,31.5,9.0,9.0,0.0,0.0,9.0,9.0,35.256,39.392,100.0,100.0,100.0,True
2025-09-22 23:00:00,23,29.0,29.0,29.0,1.0,1.0,0.0,0.0,1.0,1.0,29.379,29.379,100.0,100.0,100.0,True
2025-09-23 00:00:00,0,37.0,37.0,37.333,5.0,3.0,2.0,2.0,2.0,5.0,38.162,29.142,66.667,40.0,40.0,True
2025-09-23 01:00:00,1,24.0,24.0,24.5,2.0,2.0,0.0,0.0,2.0,2.0,25.802,25.802,100.0,100.0,100.0,True
2025-09-23 02:00:00,2,24.0,24.0,24.75,4.0,3.0,1.0,0.0,3.0,3.0,25.445,27.937,100.0,100.0,75.0,True
2025-09-23 03:00:00,3,27.0,27.0,27.5,4.0,4.0,0.0,0.0,4.0,4.0,27.818,24.7,100.0,100.0,100.0,True
2025-09-23 04:00:00,4,19.0,19.0,19.75,14.0,11.0,3.0,3.0,11.0,14.0,29.235,27.053,100.0,78.571,78.571,True
2025-09-23 05:00:00,5,38.0,38.0,38.8,24.0,19.0,5.0,2.0,16.0,21.0,37.41,31.934,84.211,76.19,66.667,True
2025-09-23 06:00:00,6,39.0,39.0,39.475,41.0,36.0,5.0,2.0,31.0,38.0,42.322,40.126,86.111,81.579,75.61,True
2025-09-23 07:00:00,7,40.0,40.0,40.635,344.0,292.0,52.0,32.0,212.0,324.0,47.956,41.864,72.603,65.432,61.628,True
2025-09-23 08:00:00,8,49.0,49.0,49.017,422.0,350.0,72.0,45.0,221.0,395.0,57.003,53.383,63.143,55.949,52.37,True
2025-09-23 09:00:00,9,39.0,39.0,39.428,353.0,318.0,35.0,22.0,287.0,340.0,40.214,37.88,90.252,84.412,81.303,True
2025-09-23 10:00:00,10,24.0,24.0,24.446,369.0,350.0,19.0,8.0,348.0,358.0,26.319,25.075,99.429,97.207,94.309,True
2025-09-23 11:00:00,11,25.0,25.0,25.329,534.0,507.0,27.0,21.0,504.0,528.0,26.006,24.289,99.408,95.455,94.382,True
2025-09-23 12:00:00,12,26.0,26.0,26.3,612.0,573.0,39.0,26.0,557.0,599.0,26.702,24.254,97.208,92.988,91.013,True
2025-09-23 13:00:00,13,24.0,24.0,24.777,558.0,522.0,36.0,19.0,517.0,541.0,25.175,23.402,99.042,95.564,92.652,True
2025-09-23 14:00:00,14,47.0,47.0,47.917,852.0,704.0,147.0,119.0,508.0,824.0,49.672,38.371,72.159,61.65,59.624,True
2025-09-23 15:00:00,15,76.0,76.0,76.139,642.0,476.0,166.0,153.0,179.0,629.0,79.092,72.296,37.605,28.458,27.882,True
2025-09-23 16:00:00,16,86.0,86.0,86.592,284.0,190.0,94.0,83.0,51.0,273.0,87.705,85.907,26.842,18.681,17.958,True
2025-09-23 17:00:00,17,68.0,68.0,68.717,175.0,111.0,64.0,48.0,53.0,159.0,70.884,63.968,47.748,33.333,30.286,True
2025-09-23 18:00:00,18,66.0,66.0,66.5,110.0,77.0,33.0,29.0,37.0,106.0,68.508,68.32,48.052,34.906,33.636,True
2025-09-23 19:00:00,19,87.0,87.0,87.237,63.0,36.0,27.0,25.0,11.0,61.0,85.778,86.206,30.556,18.033,17.46,True
2025-09-23 20:00:00,20,65.0,65.0,65.556,56.0,35.0,21.0,21.0,19.0,56.0,64.905,54.008,54.286,33.929,33.929,True
2025-09-23 21:00:00,21,60.0,60.0,60.688,22.0,16.0,6.0,5.0,7.0,21.0,61.086,63.451,43.75,33.333,31.818,True
2025-09-23 22:00:00,22,52.0,52.0,52.1,11.0,10.0,1.0,1.0,6.0,11.0,52.381,35.161,60.0,54.545,54.545,True
2025-09-23 23:00:00,23,48.0,48.0,48.167,8.0,6.0,2.0,1.0,5.0,7.0,48.44,49.206,83.333,71.429,62.5,True
2025-09-24 00:00:00,0,32.0,32.0,32.667,4.0,3.0,1.0,1.0,3.0,4.0,33.406,27.626,100.0,75.0,75.0,True
2025-09-24 01:00:00,1,34.0,34.0,34.5,2.0,2.0,0.0,0.0,2.0,2.0,35.69,35.69,100.0,100.0,100.0,True
2025-09-24 02:00:00,2,31.0,31.0,31.0,1.0,1.0,0.0,0.0,1.0,1.0,31.344,31.344,100.0,100.0,100.0,True
2025-09-24 03:00:00,3,24.0,24.0,24.222,9.0,9.0,0.0,0.0,9.0,9.0,24.789,27.362,100.0,100.0,100.0,True
2025-09-24 04:00:00,4,30.0,30.0,30.846,14.0,11.0,3.0,3.0,10.0,14.0,36.785,33.017,90.909,71.429,71.429,True
2025-09-24 05:00:00,5,40.0,40.0,40.083,15.0,14.0,1.0,1.0,10.0,15.0,48.615,43.11,71.429,66.667,66.667,True
2025-09-24 06:00:00,6,36.0,36.0,36.309,35.0,33.0,2.0,1.0,30.0,34.0,38.231,34.214,90.909,88.235,85.714,True
2025-09-24 07:00:00,7,43.0,43.0,43.281,377.0,317.0,60.0,31.0,202.0,348.0,52.049,49.311,63.722,58.046,53.581,True
2025-09-24 08:00:00,8,53.0,53.0,53.662,419.0,360.0,59.0,41.0,157.0,401.0,62.694,63.441,43.611,39.152,37.47,True
2025-09-24 09:00:00,9,43.0,43.0,43.734,338.0,291.0,47.0,35.0,230.0,326.0,44.529,41.676,79.038,70.552,68.047,True
2025-09-24 10:00:00,10,24.0,24.0,24.457,375.0,346.0,29.0,17.0,338.0,363.0,25.918,23.679,97.688,93.113,90.133,True
2025-09-24 11:00:00,11,26.0,26.0,26.265,565.0,537.0,28.0,21.0,528.0,558.0,26.663,24.956,98.324,94.624,93.451,True
2025-09-24 12:00:00,12,30.0,30.0,30.24,648.0,606.0,42.0,30.0,581.0,636.0,30.837,28.021,95.875,91.352,89.66,True
2025-09-24 13:00:00,13,32.0,32.0,32.233,638.0,554.0,84.0,56.0,521.0,610.0,33.139,29.756,94.043,85.41,81.661,True
2025-09-24 14:00:00,14,58.0,58.0,58.391,871.0,709.0,161.0,105.0,438.0,815.0,59.673,48.924,61.777,53.742,50.287,True
2025-09-24 15:00:00,15,88.0,88.0,88.467,668.0,488.0,179.0,149.0,124.0,638.0,91.307,82.585,25.41,19.436,18.563,True
2025-09-24 16:00:00,16,105.0,105.0,105.895,312.0,195.0,117.0,94.0,29.0,289.0,107.903,105.096,14.872,10.035,9.295,True
2025-09-24 17:00:00,17,84.0,83.0,83.597,152.0,111.0,41.0,34.0,43.0,145.0,87.517,75.766,38.739,29.655,28.289,False
2025-09-24 18:00:00,18,88.0,88.0,88.048,119.0,61.0,58.0,45.0,17.0,106.0,89.604,90.732,27.869,16.038,14.286,True
2025-09-24 19:00:00,19,93.0,93.0,93.788,75.0,33.0,42.0,35.0,6.0,68.0,97.738,102.745,18.182,8.824,8.0,True
2025-09-24 20:00:00,20,92.0,92.0,92.219,60.0,31.0,29.0,25.0,8.0,56.0,91.676,101.505,25.806,14.286,13.333,True
2025-09-24 21:00:00,21,74.0,74.0,74.118,28.0,17.0,11.0,9.0,5.0,26.0,74.441,77.349,29.412,19.231,17.857,True
2025-09-24 22:00:00,22,25.0,25.0,25.714,11.0,6.0,5.0,3.0,6.0,9.0,29.389,26.986,100.0,66.667,54.545,True
2025-09-24 23:00:00,23,25.0,25.0,25.6,5.0,5.0,0.0,0.0,5.0,5.0,26.185,28.211,100.0,100.0,100.0,True
2025-09-25 00:00:00,0,60.0,60.0,60.333,3.0,3.0,0.0,0.0,1.0,3.0,61.067,65.169,33.333,33.333,33.333,True
2025-09-25 01:00:00,1,23.0,23.0,23.5,3.0,3.0,0.0,0.0,3.0,3.0,31.784,33.273,100.0,100.0,100.0,True
2025-09-25 02:00:00,2,18.0,18.0,18.75,3.0,3.0,0.0,0.0,3.0,3.0,20.862,21.962,100.0,100.0,100.0,True
2025-09-25 03:00:00,3,41.0,41.0,41.0,1.0,1.0,0.0,0.0,1.0,1.0,41.012,41.012,100.0,100.0,100.0,True
2025-09-25 04:00:00,4,29.0,29.0,29.762,17.0,16.0,1.0,1.0,15.0,17.0,38.092,35.57,93.75,88.235,88.235,True
2025-09-25 05:00:00,5,41.0,41.0,41.815,26.0,21.0,5.0,4.0,18.0,25.0,46.661,42.032,85.714,72.0,69.231,True
2025-09-25 06:00:00,6,37.0,37.0,37.333,26.0,25.0,1.0,0.0,22.0,25.0,41.956,40.523,88.0,88.0,84.615,True
2025-09-25 07:00:00,7,46.0,46.0,46.495,354.0,299.0,55.0,39.0,174.0,338.0,56.493,52.212,58.194,51.479,49.153,True
2025-09-25 08:00:00,8,54.0,54.0,54.302,421.0,358.0,63.0,48.0,175.0,406.0,62.665,60.752,48.883,43.103,41.568,True
2025-09-25 09:00:00,9,50.0,50.0,50.164,325.0,280.0,45.0,38.0,206.0,318.0,51.461,50.015,73.571,64.78,63.385,True
2025-09-25 10:00:00,10,29.0,29.0,29.396,366.0,330.0,36.0,23.0,313.0,353.0,32.034,28.903,94.848,88.669,85.519,True
2025-09-25 11:00:00,11,28.0,28.0,28.567,512.0,482.0,30.0,19.0,472.0,501.0,28.802,27.81,97.925,94.212,92.188,True
2025-09-25 12:00:00,12,26.0,26.0,26.314,595.0,554.0,41.0,26.0,550.0,580.0,26.9,25.639,99.278,94.828,92.437,True
2025-09-25 13:00:00,13,24.0,24.0,24.891,555.0,527.0,28.0,15.0,520.0,542.0,25.335,23.696,98.672,95.941,93.694,True
2025-09-25 14:00:00,14,41.0,41.0,41.048,751.0,647.0,104.0,73.0,506.0,720.0,42.752,35.442,78.207,70.278,67.377,True
2025-09-25 15:00:00,15,69.0,69.0,69.295,630.0,489.0,141.0,105.0,201.0,594.0,72.209,69.501,41.104,33.838,31.905,True
2025-09-25 16:00:00,16,89.0,89.0,89.087,327.0,217.0,110.0,89.0,36.0,306.0,90.718,89.794,16.59,11.765,11.009,True
2025-09-25 17:00:00,17,72.0,71.0,71.951,163.0,112.0,51.0,44.0,43.0,156.0,76.122,70.208,38.393,27.564,26.38,False
2025-09-25 18:00:00,18,55.0,55.0,55.966,83.0,56.0,27.0,22.0,30.0,78.0,56.838,50.423,53.571,38.462,36.145,True
2025-09-25 19:00:00,19,57.0,57.0,57.667,88.0,61.0,27.0,21.0,30.0,82.0,57.633,61.499,49.18,36.585,34.091,True
2025-09-25 20:00:00,20,63.0,63.0,63.596,69.0,46.0,23.0,19.0,18.0,65.0,64.839,69.598,39.13,27.692,26.087,True
2025-09-25 21:00:00,21,64.0,64.0,64.048,31.0,21.0,10.0,8.0,10.0,29.0,67.224,60.78,47.619,34.483,32.258,True
2025-09-25 22:00:00,22,44.0,44.0,44.636,13.0,10.0,3.0,2.0,9.0,12.0,43.424,40.763,90.0,75.0,69.231,True
2025-09-25 23:00:00,23,32.0,32.0,32.444,13.0,9.0,4.0,2.0,9.0,11.0,32.351,35.307,100.0,81.818,69.231,True
2025-09-26 00:00:00,0,23.0,23.0,23.5,4.0,2.0,2.0,2.0,2.0,4.0,22.942,22.942,100.0,50.0,50.0,True
2025-09-26 01:00:00,1,26.0,26.0,26.333,3.0,3.0,0.0,0.0,3.0,3.0,27.623,23.206,100.0,100.0,100.0,True
2025-09-26 02:00:00,2,25.0,25.0,25.75,3.0,3.0,0.0,0.0,3.0,3.0,26.563,29.751,100.0,100.0,100.0,True
2025-09-26 03:00:00,3,30.0,30.0,30.333,6.0,6.0,0.0,0.0,6.0,6.0,30.628,30.689,100.0,100.0,100.0,True
2025-09-26 04:00:00,4,24.0,24.0,24.692,10.0,10.0,0.0,0.0,10.0,10.0,26.645,27.172,100.0,100.0,100.0,True
2025-09-26 05:00:00,5,38.0,38.0,38.444,14.0,9.0,5.0,4.0,7.0,13.0,48.879,48.763,77.778,53.846,50.0,True
2025-09-26 06:00:00,6,38.0,38.0,38.232,32.0,26.0,6.0,3.0,22.0,29.0,42.484,39.192,84.615,75.862,68.75,True
2025-09-26 07:00:00,7,42.0,42.0,42.798,367.0,312.0,55.0,29.0,216.0,341.0,50.935,45.814,69.231,63.343,58.856,True
2025-09-26 08:00:00,8,55.0,55.0,55.045,433.0,374.0,59.0,36.0,179.0,410.0,63.951,60.811,47.861,43.659,41.339,True
2025-09-26 09:00:00,9,47.0,47.0,47.723,378.0,328.0,50.0,35.0,235.0,363.0,48.2,45.884,71.646,64.738,62.169,True
2025-09-26 10:00:00,10,34.0,34.0,34.419,420.0,378.0,42.0,35.0,337.0,413.0,37.496,35.757,89.153,81.598,80.238,True
2025-09-26 11:00:00,11,35.0,35.0,35.064,582.0,513.0,69.0,58.0,467.0,571.0,35.854,33.708,91.033,81.786,80.241,True
2025-09-26 12:00:00,12,30.0,30.0,30.995,569.0,526.0,43.0,28.0,502.0,554.0,31.953,30.123,95.437,90.614,88.225,True
2025-09-26 13:00:00,13,27.0,27.0,27.624,551.0,499.0,52.0,33.0,492.0,532.0,28.347,26.652,98.597,92.481,89.292,True
2025-09-26 14:00:00,14,51.0,51.0,51.994,798.0,638.0,160.0,127.0,429.0,765.0,53.117,42.542,67.241,56.078,53.759,True
2025-09-26 15:00:00,15,78.0,78.0,78.197,555.0,438.0,117.0,100.0,139.0,538.0,81.074,77.071,31.735,25.836,25.045,True
2025-09-26 16:00:00,16,97.0,97.0,97.907,290.0,193.0,97.0,81.0,17.0,274.0,99.969,95.513,8.808,6.204,5.862,True
2025-09-26 17:00:00,17,82.0,82.0,82.795,149.0,111.0,38.0,31.0,26.0,142.0,86.179,87.065,23.423,18.31,17.45,True
2025-09-26 18:00:00,18,75.0,75.0,75.597,91.0,61.0,30.0,24.0,25.0,85.0,78.807,68.487,40.984,29.412,27.473,True
2025-09-26 19:00:00,19,80.0,80.0,80.354,84.0,47.0,37.0,32.0,16.0,79.0,80.564,74.165,34.043,20.253,19.048,True
2025-09-26 20:00:00,20,95.0,95.0,95.97,56.0,30.0,26.0,19.0,5.0,49.0,105.802,119.884,16.667,10.204,8.929,True
2025-09-26 21:00:00,21,77.0,77.0,77.842,27.0,18.0,9.0,9.0,5.0,27.0,82.438,75.354,27.778,18.519,18.519,True
2025-09-26 22:00:00,22,78.0,78.0,78.0,12.0,9.0,3.0,3.0,3.0,12.0,78.264,80.896,33.333,25.0,25.0,True
2025-09-26 23:00:00,23,58.0,58.0,58.0,14.0,10.0,4.0,3.0,5.0,13.0,58.657,57.135,50.0,38.462,35.714,True
2025-09-27 00:00:00,0,46.0,46.0,46.167,8.0,6.0,2.0,2.0,5.0,8.0,46.393,36.878,83.333,62.5,62.5,True
2025-09-27 01:00:00,1,14.0,14.0,14.75,2.0,2.0,0.0,0.0,2.0,2.0,27.836,27.836,100.0,100.0,100.0,True
2025-09-27 02:00:00,2,36.0,36.0,36.2,6.0,4.0,2.0,1.0,3.0,5.0,41.156,38.984,75.0,60.0,50.0,True
2025-09-27 03:00:00,3,26.0,26.0,26.333,5.0,5.0,0.0,0.0,5.0,5.0,31.679,30.562,100.0,100.0,100.0,True
2025-09-27 04:00:00,4,30.0,30.0,30.941,15.0,14.0,1.0,0.0,14.0,14.0,37.127,36.448,100.0,100.0,93.333,True
2025-09-27 05:00:00,5,40.0,40.0,40.067,18.0,12.0,6.0,6.0,10.0,18.0,50.186,35.8,83.333,55.556,55.556,True
2025-09-27 06:00:00,6,59.0,59.0,59.174,21.0,17.0,4.0,4.0,8.0,21.0,61.128,67.185,47.059,38.095,38.095,True
2025-09-27 07:00:00,7,45.0,45.0,45.761,83.0,65.0,18.0,11.0,49.0,76.0,48.228,45.029,75.385,64.474,59.036,True
2025-09-27 08:00:00,8,37.0,37.0,37.391,165.0,131.0,34.0,21.0,112.0,152.0,40.362,33.652,85.496,73.684,67.879,True
2025-09-27 09:00:00,9,53.0,52.0,52.65,211.0,156.0,54.0,50.0,105.0,207.0,54.101,51.765,67.308,50.725,49.763,False
2025-09-27 10:00:00,10,58.0,58.0,58.836,228.0,162.0,66.0,57.0,62.0,219.0,68.597,70.999,38.272,28.311,27.193,True
2025-09-27 11:00:00,11,72.0,73.0,73.015,282.0,199.0,83.0,71.0,66.0,270.0,74.398,72.121,33.166,24.444,23.404,False
2025-09-27 12:00:00,12,59.0,59.0,59.899,236.0,165.0,71.0,65.0,90.0,230.0,60.959,55.868,54.545,39.13,38.136,True
2025-09-27 13:00:00,13,51.0,51.0,51.319,175.0,132.0,43.0,32.0,81.0,164.0,53.38,47.87,61.364,49.39,46.286,True
2025-09-27 14:00:00,14,52.0,53.0,53.035,212.0,168.0,44.0,36.0,112.0,204.0,54.454,42.659,66.667,54.902,52.83,False
2025-09-27 15:00:00,15,69.0,70.0,70.368,205.0,130.0,75.0,60.0,62.0,190.0,74.269,61.634,47.692,32.632,30.244,False
2025-09-27 16:00:00,16,98.0,98.0,98.013,132.0,72.0,60.0,54.0,13.0,126.0,102.136,103.685,18.056,10.317,9.848,True
2025-09-27 17:00:00,17,97.0,97.0,97.271,83.0,46.0,37.0,34.0,4.0,80.0,101.016,105.126,8.696,5.0,4.819,True
2025-09-27 18:00:00,18,83.0,83.0,83.113,90.0,53.0,37.0,34.0,15.0,87.0,82.977,72.942,28.302,17.241,16.667,True
2025-09-27 19:00:00,19,98.0,98.0,98.514,58.0,35.0,23.0,23.0,7.0,58.0,101.412,95.829,20.0,12.069,12.069,True
2025-09-27 20:00:00,20,91.0,91.0,91.6,52.0,35.0,17.0,15.0,9.0,50.0,91.937,92.859,25.714,18.0,17.308,True
2025-09-27 21:00:00,21,75.0,75.0,75.167,27.0,12.0,15.0,13.0,4.0,25.0,75.597,72.43,33.333,16.0,14.815,True
2025-09-27 22:00:00,22,62.0,62.0,62.5,20.0,12.0,8.0,8.0,5.0,20.0,56.896,62.606,41.667,25.0,25.0,True
2025-09-27 23:00:00,23,55.0,55.0,55.533,14.0,13.0,1.0,1.0,7.0,14.0,60.292,59.688,53.846,50.0,50.0,True
2025-09-28 00:00:00,0,44.0,44.0,44.75,4.0,4.0,0.0,0.0,4.0,4.0,45.247,44.22,100.0,100.0,100.0,True
2025-09-28 01:00:00,1,37.0,37.0,37.5,2.0,1.0,1.0,0.0,1.0,1.0,38.908,38.908,100.0,100.0,50.0,True
2025-09-28 02:00:00,2,47.0,47.0,47.5,4.0,2.0,2.0,2.0,2.0,4.0,48.212,48.212,100.0,50.0,50.0,True
2025-09-28 03:00:00,3,22.0,22.0,22.0,4.0,4.0,0.0,0.0,4.0,4.0,24.755,26.258,100.0,100.0,100.0,True
2025-09-28 04:00:00,4,28.0,28.0,28.333,8.0,8.0,0.0,0.0,8.0,8.0,28.802,28.004,100.0,100.0,100.0,True
2025-09-28 05:00:00,5,30.0,30.0,30.5,5.0,4.0,1.0,1.0,4.0,5.0,31.443,30.06,100.0,80.0,80.0,True
2025-09-28 06:00:00,6,53.0,53.0,53.5,3.0,2.0,1.0,1.0,1.0,3.0,53.707,53.707,50.0,33.333,33.333,True
2025-09-28 07:00:00,7,33.0,33.0,33.393,99.0,86.0,13.0,9.0,82.0,95.0,35.676,32.469,95.349,86.316,82.828,True
2025-09-28 08:00:00,8,37.0,37.0,37.463,183.0,159.0,24.0,13.0,138.0,172.0,40.616,36.619,86.792,80.233,75.41,True
2025-09-28 09:00:00,9,59.0,59.0,59.467,235.0,176.0,59.0,49.0,94.0,225.0,61.043,57.542,53.409,41.778,40.0,True
2025-09-28 10:00:00,10,51.0,51.0,51.246,137.0,106.0,31.0,20.0,57.0,126.0,58.603,57.644,53.774,45.238,41.606,True
2025-09-28 11:00:00,11,34.0,34.0,34.88,121.0,99.0,22.0,13.0,94.0,112.0,35.595,33.938,94.949,83.929,77.686,True
2025-09-28 12:00:00,12,25.0,25.0,25.483,226.0,208.0,18.0,10.0,208.0,218.0,26.084,25.137,100.0,95.413,92.035,True
2025-09-28 13:00:00,13,26.0,26.0,26.351,203.0,190.0,13.0,8.0,187.0,198.0,26.743,24.335,98.421,94.444,92.118,True
2025-09-28 14:00:00,14,31.0,32.0,32.026,165.0,145.0,20.0,16.0,132.0,161.0,33.351,29.598,91.034,81.988,80.0,False
2025-09-28 15:00:00,15,46.0,46.0,46.172,147.0,124.0,23.0,16.0,94.0,140.0,48.078,39.629,75.806,67.143,63.946,True
2025-09-28 16:00:00,16,53.0,53.0,53.301,120.0,88.0,32.0,26.0,56.0,114.0,54.898,47.269,63.636,49.123,46.667,True
2025-09-28 17:00:00,17,47.0,47.0,47.032,81.0,61.0,20.0,12.0,42.0,73.0,48.324,39.005,68.852,57.534,51.852,True
2025-09-28 18:00:00,18,53.0,53.0,53.172,82.0,61.0,21.0,17.0,34.0,78.0,54.755,51.081,55.738,43.59,41.463,True
2025-09-28 19:00:00,19,68.0,68.0,68.0,54.0,31.0,23.0,18.0,14.0,49.0,68.371,64.25,45.161,28.571,25.926,True
2025-09-28 20:00:00,20,90.0,90.0,90.625,35.0,16.0,19.0,17.0,3.0,33.0,90.876,94.653,18.75,9.091,8.571,True
2025-09-28 21:00:00,21,106.0,106.0,106.6,16.0,5.0,11.0,10.0,0.0,15.0,106.902,103.571,0.0,0.0,0.0,True
2025-09-28 22:00:00,22,42.0,42.0,42.636,12.0,11.0,1.0,0.0,8.0,11.0,42.812,44.105,72.727,72.727,66.667,True
2025-09-28 23:00:00,23,20.0,20.0,20.0,2.0,1.0,1.0,1.0,1.0,2.0,21.488,21.488,100.0,50.0,50.0,True
2025-09-29 00:00:00,0,46.0,46.0,46.333,7.0,6.0,1.0,1.0,5.0,7.0,47.299,45.603,83.333,71.429,71.429,True
2025-09-29 01:00:00,1,26.0,26.0,26.0,1.0,1.0,0.0,0.0,1.0,1.0,26.886,26.886,100.0,100.0,100.0,True
2025-09-29 02:00:00,2,22.0,22.0,22.0,3.0,2.0,1.0,1.0,2.0,3.0,22.152,22.152,100.0,66.667,66.667,True
2025-09-29 03:00:00,3,29.0,29.0,29.8,7.0,5.0,2.0,1.0,5.0,6.0,30.312,30.775,100.0,83.333,71.429,True
2025-09-29 04:00:00,4,28.0,28.0,28.462,11.0,10.0,1.0,1.0,10.0,11.0,33.989,33.933,100.0,90.909,90.909,True
2025-09-29 05:00:00,5,49.0,49.0,49.857,14.0,12.0,2.0,2.0,6.0,14.0,59.777,61.882,50.0,42.857,42.857,True
2025-09-29 06:00:00,6,44.0,44.0,44.25,35.0,32.0,3.0,2.0,22.0,34.0,49.824,50.975,68.75,64.706,62.857,True
2025-09-29 07:00:00,7,45.0,45.0,45.799,383.0,338.0,45.0,25.0,207.0,363.0,55.34,51.614,61.243,57.025,54.047,True
2025-09-29 08:00:00,8,55.0,55.0,55.375,410.0,360.0,50.0,35.0,159.0,395.0,63.459,63.585,44.167,40.253,38.78,True
2025-09-29 09:00:00,9,40.0,40.0,40.474,347.0,315.0,32.0,23.0,277.0,338.0,40.958,37.62,87.937,81.953,79.827,True
2025-09-29 10:00:00,10,25.0,25.0,25.118,377.0,343.0,34.0,21.0,340.0,364.0,26.287,24.642,99.125,93.407,90.186,True
2025-09-29 11:00:00,11,24.0,24.0,24.793,549.0,517.0,32.0,18.0,515.0,535.0,25.547,24.267,99.613,96.262,93.807,True
2025-09-29 12:00:00,12,24.0,24.0,24.492,611.0,586.0,25.0,15.0,583.0,601.0,25.088,23.916,99.488,97.005,95.417,True
2025-09-29 13:00:00,13,23.0,23.0,23.211,550.0,509.0,41.0,19.0,507.0,528.0,23.732,22.004,99.607,96.023,92.182,True
2025-09-29 14:00:00,14,39.0,39.0,39.568,797.0,712.0,85.0,60.0,580.0,772.0,40.439,33.382,81.461,75.13,72.773,True
2025-09-29 15:00:00,15,65.0,65.0,65.238,615.0,482.0,133.0,109.0,220.0,591.0,68.012,65.833,45.643,37.225,35.772,True
2025-09-29 16:00:00,16,80.0,80.0,80.29,331.0,231.0,100.0,72.0,51.0,303.0,81.906,83.274,22.078,16.832,15.408,True
2025-09-29 17:00:00,17,73.0,73.0,73.06,170.0,135.0,35.0,23.0,52.0,158.0,75.332,72.124,38.519,32.911,30.588,True
2025-09-29 18:00:00,18,53.0,53.0,53.863,89.0,70.0,19.0,13.0,45.0,83.0,54.993,47.773,64.286,54.217,50.562,True
2025-09-29 19:00:00,19,51.0,51.0,51.625,77.0,48.0,29.0,19.0,36.0,67.0,51.883,46.218,75.0,53.731,46.753,True
2025-09-29 20:00:00,20,49.0,49.0,49.556,42.0,34.0,8.0,4.0,23.0,38.0,51.372,47.528,67.647,60.526,54.762,True
2025-09-29 21:00:00,21,46.0,46.0,46.786,37.0,28.0,9.0,7.0,23.0,35.0,46.956,44.101,82.143,65.714,62.162,True
2025-09-29 22:00:00,22,28.0,28.0,28.3,13.0,10.0,3.0,1.0,10.0,11.0,28.391,28.861,100.0,90.909,76.923,True
2025-09-29 23:00:00,23,33.0,33.0,33.167,7.0,6.0,1.0,1.0,6.0,7.0,33.605,31.726,100.0,85.714,85.714,True
2025-09-30 00:00:00,0,22.0,29.0,29.5,5.0,2.0,3.0,2.0,2.0,4.0,30.434,30.434,100.0,50.0,40.0,False
2025-09-30 01:00:00,1,14.0,14.0,14.5,4.0,2.0,2.0,2.0,2.0,4.0,15.075,15.075,100.0,50.0,50.0,True
2025-09-30 02:00:00,2,14.0,14.0,14.5,1.0,1.0,0.0,0.0,1.0,1.0,22.051,22.051,100.0,100.0,100.0,True
2025-09-30 03:00:00,3,26.0,26.0,26.6,5.0,5.0,0.0,0.0,5.0,5.0,26.963,23.144,100.0,100.0,100.0,True
2025-09-30 04:00:00,4,37.0,37.0,37.6,14.0,11.0,3.0,2.0,8.0,13.0,47.962,38.201,72.727,61.538,57.143,True
2025-09-30 05:00:00,5,47.0,47.0,47.44,27.0,19.0,8.0,6.0,12.0,25.0,50.488,44.415,63.158,48.0,44.444,True
2025-09-30 06:00:00,6,44.0,44.0,44.655,31.0,27.0,4.0,1.0,24.0,28.0,41.976,38.525,88.889,85.714,77.419,True
2025-09-30 07:00:00,7,40.0,40.0,40.154,364.0,310.0,54.0,27.0,224.0,337.0,48.36,44.221,72.258,66.469,61.538,True
2025-09-30 08:00:00,8,51.0,51.0,51.433,461.0,390.0,71.0,43.0,207.0,433.0,58.855,58.785,53.077,47.806,44.902,True
2025-09-30 09:00:00,9,44.0,44.0,44.576,339.0,305.0,34.0,27.0,250.0,332.0,45.861,45.008,81.967,75.301,73.746,True
2025-09-30 10:00:00,10,31.0,31.0,31.447,405.0,361.0,44.0,25.0,337.0,386.0,33.935,31.361,93.352,87.306,83.21,True
2025-09-30 11:00:00,11,31.0,31.0,31.937,588.0,546.0,42.0,29.0,527.0,575.0,32.783,30.584,96.52,91.652,89.626,True
2025-09-30 12:00:00,12,29.0,29.0,29.61,590.0,547.0,43.0,28.0,533.0,575.0,30.246,28.447,97.441,92.696,90.339,True
2025-09-30 13:00:00,13,26.0,26.0,26.896,536.0,492.0,43.0,29.0,486.0,522.0,27.279,25.607,98.78,93.103,90.672,True
2025-09-30 14:00:00,14,47.0,47.0,47.965,808.0,666.0,142.0,110.0,476.0,776.0,49.61,43.897,71.471,61.34,58.911,True
2025-09-30 15:00:00,15,78.0,78.0,78.115,563.0,426.0,137.0,113.0,118.0,539.0,81.548,81.256,27.7,21.892,20.959,True
2025-09-30 16:00:00,16,92.0,92.0,92.379,284.0,189.0,95.0,84.0,28.0,273.0,94.365,94.819,14.815,10.256,9.859,True
2025-09-30 17:00:00,17,80.0,80.0,80.52,189.0,138.0,51.0,36.0,50.0,174.0,83.056,74.622,36.232,28.736,26.455,True
2025-09-30 18:00:00,18,63.0,63.0,63.205,85.0,69.0,16.0,13.0,38.0,82.0,65.779,55.63,55.072,46.341,44.706,True
2025-09-30 19:00:00,19,57.0,57.0,57.688,67.0,48.0,19.0,15.0,27.0,63.0,58.057,52.41,56.25,42.857,40.299,True
2025-09-30 20:00:00,20,46.0,46.0,46.75,48.0,37.0,11.0,8.0,25.0,45.0,50.199,45.709,67.568,55.556,52.083,True
2025-09-30 21:00:00,21,53.0,53.0,53.333,27.0,21.0,6.0,3.0,13.0,24.0,53.538,51.36,61.905,54.167,48.148,True
2025-09-30 22:00:00,22,30.0,30.0,30.182,13.0,11.0,2.0,2.0,11.0,13.0,30.395,29.6,100.0,84.615,84.615,True
2025-09-30 23:00:00,23,20.0,20.0,20.333,6.0,6.0,0.0,0.0,6.0,6.0,20.633,17.944,100.0,100.0,100.0,True
2025-10-01 00:00:00,0,24.0,24.0,24.0,4.0,4.0,0.0,0.0,4.0,4.0,24.604,21.835,100.0,100.0,100.0,True
2025-10-01 01:00:00,1,32.0,32.0,32.75,5.0,4.0,1.0,1.0,4.0,5.0,33.615,33.937,100.0,80.0,80.0,True
2025-10-01 02:00:00,2,31.0,31.0,31.8,5.0,5.0,0.0,0.0,5.0,5.0,31.868,28.812,100.0,100.0,100.0,True
2025-10-01 03:00:00,3,24.0,24.0,24.5,6.0,6.0,0.0,0.0,6.0,6.0,24.528,26.539,100.0,100.0,100.0,True
2025-10-01 04:00:00,4,22.0,22.0,22.714,13.0,11.0,2.0,2.0,11.0,13.0,26.008,22.405,100.0,84.615,84.615,True
2025-10-01 05:00:00,5,43.0,43.0,43.591,15.0,14.0,1.0,1.0,10.0,15.0,48.025,36.844,71.429,66.667,66.667,True
2025-10-01 06:00:00,6,32.0,32.0,32.794,35.0,32.0,3.0,2.0,31.0,34.0,37.551,35.915,96.875,91.176,88.571,True
2025-10-01 07:00:00,7,44.0,44.0,44.547,397.0,348.0,47.0,24.0,216.0,374.0,53.042,50.375,62.069,57.754,54.408,True
2025-10-01 08:00:00,8,57.0,57.0,57.204,408.0,356.0,52.0,36.0,141.0,392.0,66.958,65.665,39.607,35.969,34.559,True
2025-10-01 09:00:00,9,48.0,48.0,48.313,381.0,327.0,54.0,42.0,236.0,369.0,49.104,47.111,72.171,63.957,61.942,True
2025-10-01 10:00:00,10,30.0,30.0,30.762,421.0,376.0,45.0,25.0,362.0,401.0,33.492,31.634,96.277,90.274,85.986,True
2025-10-01 11:00:00,11,28.0,28.0,28.057,574.0,529.0,45.0,24.0,521.0,553.0,28.537,26.947,98.488,94.213,90.767,True
2025-10-01 12:00:00,12,29.0,29.0,29.353,644.0,594.0,50.0,26.0,580.0,620.0,30.121,27.997,97.643,93.548,90.062,True
2025-10-01 13:00:00,13,27.0,27.0,27.193,557.0,504.0,53.0,30.0,496.0,534.0,27.888,26.189,98.413,92.884,89.048,True
2025-10-01 14:00:00,14,49.0,49.0,49.407,836.0,689.0,145.0,101.0,489.0,792.0,50.325,39.362,70.972,61.742,58.493,True
2025-10-01 15:00:00,15,79.0,79.0,79.282,598.0,439.0,159.0,130.0,155.0,569.0,82.235,73.428,35.308,27.241,25.92,True
2025-10-01 16:00:00,16,80.0,80.0,80.616,313.0,210.0,103.0,73.0,63.0,283.0,83.716,77.317,30.0,22.261,20.128,True
2025-10-01 17:00:00,17,69.0,68.0,68.986,181.0,129.0,52.0,39.0,63.0,168.0,73.373,60.501,48.837,37.5,34.807,False
2025-10-01 18:00:00,18,53.0,53.0,53.417,85.0,67.0,18.0,15.0,47.0,82.0,55.367,41.851,70.149,57.317,55.294,True
2025-10-01 19:00:00,19,71.0,70.0,70.837,66.0,44.0,22.0,18.0,22.0,62.0,70.415,61.47,50.0,35.484,33.333,False
2025-10-01 20:00:00,20,87.0,87.0,87.07,62.0,42.0,20.0,16.0,10.0,58.0,88.627,99.365,23.81,17.241,16.129,True
2025-10-01 21:00:00,21,72.0,72.0,72.571,20.0,13.0,7.0,7.0,4.0,20.0,78.135,74.04,30.769,20.0,20.0,True
2025-10-01 22:00:00,22,52.0,52.0,52.0,12.0,9.0,3.0,2.0,5.0,11.0,57.898,52.708,55.556,45.455,41.667,True
2025-10-01 23:00:00,23,31.0,31.0,31.375,10.0,6.0,4.0,4.0,5.0,10.0,42.243,38.644,83.333,50.0,50.0,True
2025-10-02 00:00:00,0,29.0,33.0,33.0,9.0,5.0,4.0,3.0,5.0,8.0,33.506,36.078,100.0,62.5,55.556,False
2025-10-02 01:00:00,1,43.0,43.0,43.0,1.0,1.0,0.0,0.0,1.0,1.0,44.226,44.226,100.0,100.0,100.0,True
2025-10-02 02:00:00,2,22.0,22.0,22.0,4.0,4.0,0.0,0.0,4.0,4.0,21.874,17.63,100.0,100.0,100.0,True
2025-10-02 03:00:00,3,31.0,31.0,31.833,6.0,6.0,0.0,0.0,6.0,6.0,32.513,29.146,100.0,100.0,100.0,True
2025-10-02 04:00:00,4,25.0,25.0,25.188,11.0,11.0,0.0,0.0,10.0,11.0,33.673,29.868,90.909,90.909,90.909,True
2025-10-02 05:00:00,5,48.0,48.0,48.536,24.0,24.0,0.0,0.0,18.0,24.0,45.921,44.751,75.0,75.0,75.0,True
2025-10-02 06:00:00,6,36.0,36.0,36.281,30.0,29.0,1.0,0.0,23.0,29.0,46.096,39.167,79.31,79.31,76.667,True
2025-10-02 07:00:00,7,47.0,47.0,47.568,363.0,310.0,52.0,32.0,182.0,343.0,57.308,52.867,58.71,53.061,50.138,True
2025-10-02 08:00:00,8,56.0,56.0,56.558,405.0,351.0,54.0,46.0,153.0,397.0,65.633,63.357,43.59,38.539,37.778,True
2025-10-02 09:00:00,9,50.0,50.0,50.847,334.0,287.0,47.0,30.0,198.0,317.0,51.887,51.222,68.99,62.461,59.281,True
2025-10-02 10:00:00,10,31.0,31.0,31.664,380.0,339.0,41.0,28.0,324.0,367.0,34.547,32.402,95.575,88.283,85.263,True
2025-10-02 11:00:00,11,29.0,29.0,29.81,573.0,530.0,42.0,29.0,511.0,560.0,30.526,28.532,96.415,91.25,89.18,True
2025-10-02 12:00:00,12,30.0,30.0,30.014,604.0,537.0,66.0,39.0,506.0,577.0,30.978,27.833,94.227,87.695,83.775,True
2025-10-02 13:00:00,13,30.0,30.0,30.767,590.0,530.0,60.0,44.0,503.0,574.0,31.641,28.642,94.906,87.631,85.254,True
2025-10-02 14:00:00,14,54.0,54.0,54.501,770.0,605.0,165.0,127.0,383.0,732.0,56.63,47.805,63.306,52.322,49.74,True
2025-10-02 15:00:00,15,90.0,90.0,90.428,536.0,363.0,173.0,145.0,94.0,508.0,93.285,90.027,25.895,18.504,17.537,True
2025-10-02 16:00:00,16,98.0,98.0,98.147,267.0,166.0,101.0,82.0,35.0,248.0,102.227,102.708,21.084,14.113,13.109,True
2025-10-02 17:00:00,17,83.0,83.0,83.41,160.0,92.0,68.0,48.0,34.0,140.0,87.549,92.975,36.957,24.286,21.25,True
2025-10-02 18:00:00,18,86.0,86.0,86.281,88.0,54.0,34.0,28.0,18.0,82.0,88.763,82.725,33.333,21.951,20.455,True
2025-10-02 19:00:00,19,67.0,67.0,67.8,59.0,32.0,27.0,21.0,16.0,53.0,72.383,56.703,50.0,30.189,27.119,True
2025-10-02 20:00:00,20,80.0,80.0,80.368,38.0,19.0,19.0,15.0,5.0,34.0,80.784,87.453,26.316,14.706,13.158,True
2025-10-02 21:00:00,21,69.0,69.0,69.167,27.0,17.0,10.0,8.0,5.0,25.0,73.578,68.396,29.412,20.0,18.519,True
2025-10-02 22:00:00,22,51.0,51.0,51.158,26.0,19.0,7.0,5.0,11.0,24.0,51.57,48.469,57.895,45.833,42.308,True
2025-10-02 23:00:00,23,39.0,39.0,39.111,13.0,9.0,4.0,4.0,8.0,13.0,39.891,37.222,88.889,61.538,61.538,True
2025-10-03 00:00:00,0,63.0,63.0,63.5,9.0,6.0,3.0,3.0,2.0,9.0,64.142,66.545,33.333,22.222,22.222,True
2025-10-03 01:00:00,1,39.0,39.0,39.667,10.0,6.0,4.0,3.0,5.0,9.0,40.024,41.019,83.333,55.556,50.0,True
2025-10-03 02:00:00,2,22.0,22.0,22.333,2.0,2.0,0.0,0.0,2.0,2.0,32.474,32.474,100.0,100.0,100.0,True
2025-10-03 03:00:00,3,34.0,34.0,34.857,7.0,7.0,0.0,0.0,6.0,7.0,35.489,31.064,85.714,85.714,85.714,True
2025-10-03 04:00:00,4,27.0,27.0,27.333,8.0,8.0,0.0,0.0,8.0,8.0,31.464,29.852,100.0,100.0,100.0,True
2025-10-03 05:00:00,5,34.0,34.0,34.846,11.0,7.0,4.0,2.0,6.0,9.0,44.554,36.805,85.714,66.667,54.545,True
2025-10-03 06:00:00,6,46.0,46.0,46.818,12.0,10.0,2.0,2.0,5.0,12.0,61.779,62.456,50.0,41.667,41.667,True
2025-10-03 07:00:00,7,33.0,33.0,33.276,43.0,35.0,8.0,6.0,30.0,41.0,38.462,36.804,85.714,73.171,69.767,True
2025-10-03 08:00:00,8,26.0,26.0,26.515,99.0,82.0,17.0,9.0,79.0,91.0,28.057,24.112,96.341,86.813,79.798,True
2025-10-03 09:00:00,9,30.0,30.0,30.314,183.0,156.0,27.0,15.0,145.0,171.0,31.242,27.383,92.949,84.795,79.235,True
2025-10-03 10:00:00,10,37.0,37.0,37.345,235.0,191.0,44.0,34.0,161.0,225.0,40.555,35.691,84.293,71.556,68.511,True
2025-10-03 11:00:00,11,42.0,42.0,42.423,218.0,187.0,31.0,25.0,156.0,212.0,43.195,39.974,83.422,73.585,71.56,True
2025-10-03 12:00:00,12,25.0,25.0,25.654,185.0,170.0,15.0,7.0,169.0,177.0,26.608,25.977,99.412,95.48,91.351,True
2025-10-03 13:00:00,13,22.0,22.0,22.361,191.0,167.0,23.0,10.0,166.0,178.0,22.799,22.009,99.401,93.258,86.911,True
2025-10-03 14:00:00,14,24.0,24.0,24.812,217.0,186.0,31.0,13.0,181.0,199.0,25.834,23.399,97.312,90.955,83.41,True
2025-10-03 15:00:00,15,29.0,30.0,30.457,188.0,151.0,37.0,25.0,141.0,176.0,31.173,27.606,93.377,80.114,75.0,False
2025-10-03 16:00:00,16,38.0,38.0,38.662,183.0,146.0,37.0,19.0,122.0,165.0,39.603,34.825,83.562,73.939,66.667,True
2025-10-03 17:00:00,17,30.0,30.0,30.811,79.0,66.0,13.0,12.0,63.0,78.0,31.034,27.895,95.455,80.769,79.747,True
2025-10-03 18:00:00,18,34.0,35.0,35.074,85.0,67.0,18.0,10.0,59.0,77.0,36.027,31.691,88.06,76.623,69.412,False
2025-10-03 19:00:00,19,28.0,28.0,28.698,59.0,53.0,6.0,4.0,53.0,57.0,28.992,29.315,100.0,92.982,89.831,True
2025-10-03 20:00:00,20,35.0,35.0,35.692,33.0,25.0,8.0,7.0,22.0,32.0,37.249,36.18,88.0,68.75,66.667,True
2025-10-03 21:00:00,21,36.0,36.0,36.759,36.0,29.0,7.0,4.0,28.0,33.0,37.195,35.499,96.552,84.848,77.778,True
2025-10-03 22:00:00,22,40.0,40.0,40.5,19.0,12.0,7.0,7.0,11.0,19.0,40.826,37.321,91.667,57.895,57.895,True
2025-10-03 23:00:00,23,31.0,31.0,31.75,5.0,4.0,1.0,1.0,4.0,5.0,32.055,28.906,100.0,80.0,80.0,True
2025-10-04 00:00:00,0,37.0,37.0,37.4,6.0,6.0,0.0,0.0,6.0,6.0,33.884,28.822,100.0,100.0,100.0,True
2025-10-04 01:00:00,1,26.0,26.0,26.25,5.0,3.0,2.0,2.0,3.0,5.0,30.601,29.388,100.0,60.0,60.0,True
2025-10-04 02:00:00,2,29.0,29.0,29.667,10.0,9.0,1.0,1.0,9.0,10.0,30.35,23.699,100.0,90.0,90.0,True
2025-10-04 04:00:00,4,32.0,32.0,32.526,18.0,16.0,2.0,1.0,15.0,17.0,36.287,34.06,93.75,88.235,83.333,True
2025-10-04 05:00:00,5,34.0,33.0,33.857,14.0,11.0,3.0,3.0,8.0,14.0,39.493,30.016,72.727,57.143,57.143,False
2025-10-04 06:00:00,6,52.0,52.0,52.478,15.0,14.0,1.0,1.0,9.0,15.0,49.221,51.135,64.286,60.0,60.0,True
2025-10-04 07:00:00,7,27.0,27.0,27.59,52.0,43.0,9.0,5.0,41.0,48.0,28.483,26.964,95.349,85.417,78.846,True
2025-10-04 08:00:00,8,24.0,23.0,23.87,127.0,111.0,16.0,5.0,111.0,116.0,23.956,23.718,100.0,95.69,87.402,False
2025-10-04 09:00:00,9,27.0,27.0,27.252,188.0,165.0,23.0,8.0,160.0,173.0,27.927,25.212,96.97,92.486,85.106,True
2025-10-04 10:00:00,10,33.0,33.0,33.493,184.0,158.0,26.0,15.0,144.0,173.0,36.779,35.654,91.139,83.237,78.261,True
2025-10-04 11:00:00,11,34.0,34.0,34.576,244.0,214.0,30.0,17.0,204.0,231.0,35.323,33.919,95.327,88.312,83.607,True
2025-10-04 12:00:00,12,25.0,25.0,25.637,198.0,180.0,18.0,9.0,180.0,189.0,26.705,26.304,100.0,95.238,90.909,True
2025-10-04 13:00:00,13,21.0,21.0,21.019,174.0,150.0,24.0,15.0,150.0,165.0,21.615,21.026,100.0,90.909,86.207,True
2025-10-04 14:00:00,14,20.0,20.0,20.14,161.0,151.0,10.0,8.0,151.0,159.0,21.359,20.396,100.0,94.969,93.789,True
2025-10-04 15:00:00,15,24.0,24.0,24.974,169.0,148.0,21.0,9.0,147.0,157.0,25.869,24.116,99.324,93.631,86.982,True
2025-10-04 16:00:00,16,29.0,29.0,29.793,146.0,132.0,14.0,3.0,128.0,135.0,31.013,30.033,96.97,94.815,87.671,True
2025-10-04 17:00:00,17,32.0,32.0,32.99,108.0,100.0,8.0,7.0,96.0,107.0,33.74,31.742,96.0,89.72,88.889,True
2025-10-04 18:00:00,18,33.0,33.0,33.571,78.0,68.0,10.0,7.0,61.0,75.0,34.337,31.217,89.706,81.333,78.205,True
2025-10-04 19:00:00,19,30.0,30.0,30.1,51.0,41.0,10.0,9.0,39.0,50.0,30.751,28.804,95.122,78.0,76.471,True
2025-10-04 20:00:00,20,47.0,47.0,47.286,54.0,41.0,13.0,11.0,33.0,52.0,47.805,44.789,80.488,63.462,61.111,True
2025-10-04 21:00:00,21,58.0,58.0,58.074,34.0,27.0,7.0,7.0,15.0,34.0,58.489,56.022,55.556,44.118,44.118,True
2025-10-04 22:00:00,22,42.0,42.0,42.25,14.0,12.0,2.0,2.0,11.0,14.0,42.706,46.723,91.667,78.571,78.571,True
2025-10-04 23:00:00,23,33.0,33.0,33.333,11.0,9.0,2.0,2.0,9.0,11.0,33.778,32.067,100.0,81.818,81.818,True
2025-10-05 00:00:00,0,57.0,57.0,57.333,4.0,3.0,1.0,1.0,2.0,4.0,58.189,49.443,66.667,50.0,50.0,True
2025-10-05 02:00:00,2,25.0,25.0,25.75,5.0,4.0,1.0,1.0,4.0,5.0,26.359,22.729,100.0,80.0,80.0,True
2025-10-05 03:00:00,3,39.0,39.0,39.667,7.0,6.0,1.0,0.0,6.0,6.0,40.379,39.124,100.0,100.0,85.714,True
2025-10-05 04:00:00,4,26.0,26.0,26.875,10.0,8.0,2.0,1.0,8.0,9.0,27.278,28.399,100.0,88.889,80.0,True
2025-10-05 05:00:00,5,48.0,48.0,48.833,7.0,6.0,1.0,1.0,5.0,7.0,49.355,36.963,83.333,71.429,71.429,True
2025-10-05 06:00:00,6,114.0,114.0,114.0,5.0,1.0,4.0,4.0,0.0,5.0,114.181,114.181,0.0,0.0,0.0,True
2025-10-05 07:00:00,7,33.0,33.0,33.541,65.0,53.0,12.0,10.0,48.0,63.0,36.243,32.148,90.566,76.19,73.846,True
2025-10-05 08:00:00,8,37.0,37.0,37.136,173.0,146.0,27.0,23.0,122.0,169.0,40.826,33.637,83.562,72.189,70.52,True
2025-10-05 09:00:00,9,57.0,57.0,57.493,202.0,140.0,62.0,49.0,77.0,189.0,59.286,55.246,55.0,40.741,38.119,True
2025-10-05 10:00:00,10,59.0,59.0,59.847,146.0,102.0,44.0,36.0,39.0,138.0,68.282,68.327,38.235,28.261,26.712,True
2025-10-05 11:00:00,11,46.0,46.0,46.413,156.0,123.0,32.0,22.0,101.0,146.0,46.516,45.493,82.114,69.178,64.744,True
2025-10-05 12:00:00,12,38.0,38.0,38.089,238.0,199.0,38.0,27.0,177.0,227.0,38.61,33.241,88.945,77.974,74.37,True
2025-10-05 13:00:00,13,33.0,33.0,33.699,175.0,149.0,26.0,21.0,140.0,170.0,34.147,31.909,93.96,82.353,80.0,True
2025-10-05 14:00:00,14,29.0,29.0,29.197,147.0,133.0,14.0,9.0,127.0,142.0,30.195,27.126,95.489,89.437,86.395,True
2025-10-05 15:00:00,15,30.0,30.0,30.0,118.0,100.0,18.0,11.0,95.0,111.0,30.731,28.647,95.0,85.586,80.508,True
2025-10-05 16:00:00,16,33.0,33.0,33.721,118.0,103.0,15.0,8.0,91.0,111.0,34.439,28.87,88.35,81.982,77.119,True
2025-10-05 17:00:00,17,37.0,37.0,37.493,87.0,74.0,13.0,6.0,62.0,80.0,38.354,32.439,83.784,77.5,71.264,True
2025-10-05 18:00:00,18,39.0,39.0,39.593,74.0,59.0,15.0,8.0,49.0,67.0,41.311,31.721,83.051,73.134,66.216,True
2025-10-05 19:00:00,19,49.0,49.0,49.689,55.0,42.0,13.0,7.0,31.0,49.0,51.839,44.91,73.81,63.265,56.364,True
2025-10-05 20:00:00,20,81.0,80.0,80.696,35.0,23.0,12.0,11.0,7.0,34.0,81.184,78.804,30.435,20.588,20.0,False
2025-10-05 21:00:00,21,90.0,94.0,94.917,21.0,12.0,9.0,9.0,2.0,21.0,95.461,106.72,16.667,9.524,9.524,False
2025-10-05 22:00:00,22,46.0,46.0,46.8,11.0,6.0,5.0,5.0,4.0,11.0,51.381,52.371,66.667,36.364,36.364,True
2025-10-05 23:00:00,23,37.0,37.0,37.9,8.0,8.0,0.0,0.0,8.0,8.0,38.63,39.234,100.0,100.0,100.0,True
2025-10-06 00:00:00,0,35.0,35.0,35.571,9.0,8.0,1.0,1.0,8.0,9.0,37.61,41.662,100.0,88.889,88.889,True
2025-10-06 01:00:00,1,45.0,45.0,45.5,3.0,1.0,2.0,1.0,1.0,2.0,45.97,45.97,100.0,50.0,33.333,True
2025-10-06 02:00:00,2,34.0,34.0,34.0,4.0,3.0,1.0,1.0,3.0,4.0,34.723,36.757,100.0,75.0,75.0,True
2025-10-06 03:00:00,3,18.0,18.0,18.5,3.0,2.0,1.0,1.0,2.0,3.0,19.137,19.137,100.0,66.667,66.667,True
2025-10-06 04:00:00,4,24.0,24.0,24.667,12.0,10.0,2.0,2.0,10.0,12.0,29.605,29.236,100.0,83.333,83.333,True
2025-10-06 05:00:00,5,36.0,36.0,36.071,16.0,9.0,7.0,6.0,5.0,15.0,54.32,47.937,55.556,33.333,31.25,True
2025-10-06 06:00:00,6,52.0,52.0,52.737,13.0,11.0,2.0,2.0,6.0,13.0,59.531,55.006,54.545,46.154,46.154,True
2025-10-06 07:00:00,7,44.0,44.0,44.061,49.0,36.0,13.0,13.0,23.0,49.0,52.414,45.937,63.889,46.939,46.939,True
2025-10-06 08:00:00,8,28.0,28.0,28.389,89.0,76.0,13.0,8.0,71.0,84.0,30.071,26.01,93.421,84.524,79.775,True
2025-10-06 09:00:00,9,22.0,22.0,22.505,106.0,94.0,12.0,4.0,94.0,98.0,23.214,21.772,100.0,95.918,88.679,True
2025-10-06 10:00:00,10,25.0,25.0,25.013,160.0,141.0,19.0,8.0,139.0,149.0,25.669,22.813,98.582,93.289,86.875,True
2025-10-06 11:00:00,11,28.0,28.0,28.352,181.0,157.0,24.0,16.0,157.0,173.0,29.268,28.271,100.0,90.751,86.74,True
2025-10-06 12:00:00,12,25.0,25.0,25.067,136.0,124.0,12.0,9.0,123.0,133.0,25.284,23.798,99.194,92.481,90.441,True
2025-10-06 13:00:00,13,23.0,23.0,23.336,133.0,119.0,14.0,10.0,118.0,129.0,23.858,22.871,99.16,91.473,88.722,True
2025-10-06 14:00:00,14,25.0,24.0,24.992,139.0,131.0,8.0,5.0,129.0,136.0,25.826,23.119,98.473,94.853,92.806,False
2025-10-06 15:00:00,15,34.0,34.0,34.503,169.0,143.0,26.0,15.0,128.0,158.0,36.17,31.775,89.51,81.013,75.74,True
2025-10-06 16:00:00,16,58.0,58.0,58.579,142.0,110.0,32.0,24.0,63.0,134.0,59.919,49.286,57.273,47.015,44.366,True
2025-10-06 17:00:00,17,69.0,69.0,69.862,81.0,61.0,20.0,19.0,23.0,80.0,74.07,74.006,37.705,28.75,28.395,True
2025-10-06 18:00:00,18,64.0,64.0,64.485,87.0,62.0,24.0,16.0,32.0,79.0,67.308,57.648,51.613,40.506,36.782,True
2025-10-06 19:00:00,19,60.0,60.0,60.357,66.0,42.0,24.0,17.0,22.0,59.0,60.703,54.476,52.381,37.288,33.333,True
2025-10-06 20:00:00,20,72.0,72.0,72.44,33.0,25.0,8.0,6.0,9.0,31.0,73.027,68.202,36.0,29.032,27.273,True
2025-10-06 21:00:00,21,67.0,67.0,67.357,21.0,13.0,8.0,7.0,6.0,20.0,71.939,62.769,46.154,30.0,28.571,True
2025-10-06 22:00:00,22,55.0,55.0,55.091,13.0,12.0,1.0,1.0,8.0,13.0,54.673,49.699,66.667,61.538,61.538,True
2025-10-06 23:00:00,23,46.0,46.0,46.5,8.0,7.0,1.0,1.0,5.0,8.0,46.654,46.227,71.429,62.5,62.5,True
2025-10-07 00:00:00,0,23.0,23.0,23.0,3.0,2.0,1.0,0.0,2.0,2.0,24.154,24.154,100.0,100.0,66.667,True
2025-10-07 01:00:00,1,41.0,41.0,41.333,3.0,3.0,0.0,0.0,2.0,3.0,41.329,46.646,66.667,66.667,66.667,True
2025-10-07 02:00:00,2,36.0,36.0,36.0,1.0,1.0,0.0,0.0,1.0,1.0,36.413,36.413,100.0,100.0,100.0,True
2025-10-07 03:00:00,3,32.0,32.0,32.0,1.0,1.0,0.0,0.0,1.0,1.0,32.653,32.653,100.0,100.0,100.0,True
2025-10-07 04:00:00,4,24.0,24.0,24.7,8.0,7.0,1.0,1.0,7.0,8.0,34.817,29.345,100.0,87.5,87.5,True
2025-10-07 05:00:00,5,37.0,37.0,37.25,14.0,13.0,1.0,1.0,12.0,14.0,34.388,25.252,92.308,85.714,85.714,True
2025-10-07 06:00:00,6,53.0,53.0,53.882,12.0,10.0,2.0,2.0,6.0,12.0,55.838,53.563,60.0,50.0,50.0,True
2025-10-07 07:00:00,7,35.0,35.0,35.108,21.0,17.0,4.0,4.0,13.0,21.0,39.505,34.421,76.471,61.905,61.905,True
2025-10-07 08:00:00,8,25.0,25.0,25.043,44.0,33.0,11.0,8.0,33.0,41.0,25.614,24.826,100.0,80.488,75.0,True
2025-10-07 09:00:00,9,29.0,29.0,29.011,99.0,86.0,13.0,8.0,81.0,94.0,29.741,25.868,94.186,86.17,81.818,True
2025-10-07 10:00:00,10,32.0,32.0,32.736,142.0,122.0,20.0,10.0,113.0,132.0,34.433,29.63,92.623,85.606,79.577,True
2025-10-07 11:00:00,11,37.0,36.0,36.822,160.0,141.0,19.0,13.0,122.0,154.0,37.647,33.744,86.525,79.221,76.25,False
2025-10-07 12:00:00,12,24.0,24.0,24.765,153.0,143.0,10.0,8.0,141.0,151.0,25.42,23.922,98.601,93.377,92.157,True
2025-10-07 13:00:00,13,25.0,25.0,25.479,151.0,142.0,9.0,8.0,140.0,150.0,26.112,25.048,98.592,93.333,92.715,True
2025-10-07 14:00:00,14,29.0,30.0,30.116,140.0,130.0,10.0,5.0,122.0,135.0,31.37,27.767,93.846,90.37,87.143,False
2025-10-07 15:00:00,15,32.0,32.0,32.61,142.0,115.0,27.0,13.0,108.0,128.0,33.835,28.69,93.913,84.375,76.056,True
2025-10-07 16:00:00,16,42.0,42.0,42.593,155.0,134.0,21.0,18.0,101.0,152.0,45.199,40.715,75.373,66.447,65.161,True
2025-10-07 17:00:00,17,48.0,48.0,48.288,87.0,70.0,17.0,15.0,56.0,85.0,48.37,39.864,80.0,65.882,64.368,True
2025-10-07 18:00:00,18,50.0,50.0,50.261,80.0,69.0,11.0,9.0,46.0,78.0,50.586,47.069,66.667,58.974,57.5,True
2025-10-07 19:00:00,19,46.0,46.0,46.455,47.0,43.0,4.0,4.0,31.0,47.0,46.445,43.586,72.093,65.957,65.957,True
2025-10-07 20:00:00,20,43.0,43.0,43.125,34.0,22.0,12.0,11.0,15.0,33.0,47.247,48.285,68.182,45.455,44.118,True
2025-10-07 21:00:00,21,40.0,40.0,40.263,25.0,19.0,6.0,4.0,17.0,23.0,40.685,38.33,89.474,73.913,68.0,True
2025-10-07 22:00:00,22,33.0,33.0,33.6,11.0,9.0,2.0,1.0,9.0,10.0,36.704,31.283,100.0,90.0,81.818,True
2025-10-07 23:00:00,23,36.0,36.0,36.667,7.0,6.0,1.0,1.0,5.0,7.0,36.992,32.294,83.333,71.429,71.429,True
2025-10-08 00:00:00,0,51.0,51.0,51.0,1.0,1.0,0.0,0.0,1.0,1.0,51.534,51.534,100.0,100.0,100.0,True
2025-10-08 01:00:00,1,28.0,28.0,28.0,5.0,4.0,1.0,1.0,4.0,5.0,28.351,28.25,100.0,80.0,80.0,True
2025-10-08 02:00:00,2,18.0,18.0,18.0,1.0,1.0,0.0,0.0,1.0,1.0,17.749,17.749,100.0,100.0,100.0,True
2025-10-08 03:00:00,3,21.0,21.0,21.4,5.0,4.0,1.0,1.0,4.0,5.0,27.654,24.328,100.0,80.0,80.0,True
2025-10-08 04:00:00,4,21.0,21.0,21.1,9.0,9.0,0.0,0.0,9.0,9.0,23.522,23.722,100.0,100.0,100.0,True
2025-10-08 05:00:00,5,25.0,25.0,25.818,7.0,6.0,1.0,1.0,5.0,7.0,46.023,28.762,83.333,71.429,71.429,True
2025-10-08 06:00:00,6,38.0,38.0,38.773,15.0,13.0,2.0,1.0,10.0,14.0,43.6,33.141,76.923,71.429,66.667,True
2025-10-08 07:00:00,7,24.0,24.0,24.017,35.0,26.0,9.0,6.0,26.0,32.0,23.031,23.887,100.0,81.25,74.286,True
2025-10-08 08:00:00,8,24.0,24.0,24.31,81.0,69.0,12.0,7.0,69.0,76.0,25.077,23.074,100.0,90.789,85.185,True
2025-10-08 09:00:00,9,24.0,24.0,24.253,156.0,147.0,9.0,5.0,147.0,152.0,24.666,22.64,100.0,96.711,94.231,True
2025-10-08 10:00:00,10,27.0,27.0,27.106,198.0,184.0,14.0,9.0,174.0,193.0,28.693,25.559,94.565,90.155,87.879,True
2025-10-08 11:00:00,11,33.0,33.0,33.903,204.0,183.0,21.0,15.0,173.0,198.0,34.715,32.189,94.536,87.374,84.804,True
2025-10-08 12:00:00,12,24.0,24.0,24.344,199.0,181.0,18.0,13.0,180.0,194.0,24.708,22.576,99.448,92.784,90.452,True
2025-10-08 13:00:00,13,24.0,24.0,24.148,167.0,148.0,19.0,15.0,147.0,163.0,25.56,24.555,99.324,90.184,88.024,True
2025-10-08 14:00:00,14,26.0,26.0,26.684,197.0,180.0,17.0,9.0,173.0,189.0,27.811,25.862,96.111,91.534,87.817,True
2025-10-08 15:00:00,15,30.0,30.0,30.129,190.0,168.0,22.0,13.0,161.0,181.0,31.632,28.778,95.833,88.95,84.737,True
2025-10-08 16:00:00,16,35.0,35.0,35.41,153.0,119.0,34.0,26.0,107.0,145.0,36.308,31.393,89.916,73.793,69.935,True
2025-10-08 17:00:00,17,37.0,38.0,38.126,135.0,107.0,28.0,22.0,89.0,129.0,39.517,35.004,83.178,68.992,65.926,False
2025-10-08 18:00:00,18,46.0,46.0,46.095,85.0,61.0,24.0,20.0,41.0,81.0,47.566,33.576,67.213,50.617,48.235,True
2025-10-08 19:00:00,19,45.0,45.0,45.396,67.0,48.0,19.0,17.0,35.0,65.0,45.693,46.283,72.917,53.846,52.239,True
2025-10-08 20:00:00,20,65.0,65.0,65.077,52.0,39.0,13.0,11.0,17.0,50.0,65.313,62.293,43.59,34.0,32.692,True
2025-10-08 21:00:00,21,60.0,60.0,60.0,28.0,17.0,11.0,11.0,5.0,28.0,63.961,66.581,29.412,17.857,17.857,True
2025-10-08 22:00:00,22,47.0,47.0,47.75,19.0,12.0,7.0,7.0,8.0,19.0,47.75,45.419,66.667,42.105,42.105,True
2025-10-08 23:00:00,23,74.0,74.0,74.267,17.0,15.0,2.0,2.0,4.0,17.0,74.91,73.671,26.667,23.529,23.529,True
2025-10-09 00:00:00,0,57.0,57.0,57.5,11.0,4.0,7.0,3.0,2.0,7.0,58.271,59.579,50.0,28.571,18.182,True
2025-10-09 01:00:00,1,67.0,67.0,67.0,9.0,4.0,5.0,2.0,1.0,6.0,67.789,70.183,25.0,16.667,11.111,True
2025-10-09 02:00:00,2,37.0,30.0,30.5,4.0,4.0,0.0,0.0,4.0,4.0,31.126,28.331,100.0,100.0,100.0,False
2025-10-09 03:00:00,3,32.0,32.0,32.4,5.0,5.0,0.0,0.0,5.0,5.0,32.938,31.276,100.0,100.0,100.0,True
2025-10-09 04:00:00,4,21.0,21.0,21.3,9.0,7.0,2.0,2.0,7.0,9.0,29.555,29.389,100.0,77.778,77.778,True
2025-10-09 05:00:00,5,39.0,39.0,39.529,13.0,13.0,0.0,0.0,12.0,13.0,36.966,28.981,92.308,92.308,92.308,True
2025-10-09 06:00:00,6,52.0,52.0,52.5,12.0,10.0,2.0,2.0,6.0,12.0,50.056,46.87,60.0,50.0,50.0,True
2025-10-09 07:00:00,7,36.0,36.0,36.5,28.0,21.0,7.0,4.0,15.0,25.0,43.158,39.226,71.429,60.0,53.571,True
2025-10-09 08:00:00,8,24.0,24.0,24.764,60.0,53.0,7.0,5.0,53.0,58.0,25.466,23.224,100.0,91.379,88.333,True
2025-10-09 09:00:00,9,24.0,24.0,24.06,148.0,132.0,16.0,9.0,131.0,141.0,24.716,23.236,99.242,92.908,88.514,True
2025-10-09 10:00:00,10,22.0,22.0,22.165,155.0,143.0,12.0,7.0,143.0,150.0,22.978,22.638,100.0,95.333,92.258,True
2025-10-09 11:00:00,11,20.0,20.0,20.171,177.0,173.0,4.0,2.0,173.0,175.0,21.12,20.423,100.0,98.857,97.74,True
2025-10-09 12:00:00,12,21.0,21.0,21.072,199.0,194.0,5.0,3.0,194.0,197.0,21.65,21.571,100.0,98.477,97.487,True
2025-10-09 13:00:00,13,21.0,21.0,21.621,190.0,167.0,23.0,17.0,165.0,184.0,22.514,20.003,98.802,89.674,86.842,True
2025-10-09 14:00:00,14,21.0,21.0,21.195,173.0,162.0,11.0,5.0,161.0,167.0,22.108,20.782,99.383,96.407,93.064,True
2025-10-09 15:00:00,15,24.0,24.0,24.148,198.0,173.0,25.0,11.0,170.0,184.0,24.683,23.406,98.266,92.391,85.859,True
2025-10-09 16:00:00,16,26.0,26.0,26.841,145.0,125.0,20.0,9.0,120.0,134.0,27.533,24.874,96.0,89.552,82.759,True
2025-10-09 17:00:00,17,28.0,28.0,28.682,95.0,83.0,12.0,8.0,76.0,91.0,29.826,26.668,91.566,83.516,80.0,True
2025-10-09 18:00:00,18,40.0,40.0,40.227,74.0,66.0,8.0,4.0,55.0,70.0,40.584,37.422,83.333,78.571,74.324,True
2025-10-09 19:00:00,19,33.0,33.0,33.457,51.0,45.0,6.0,4.0,43.0,49.0,34.571,33.276,95.556,87.755,84.314,True
2025-10-09 20:00:00,20,41.0,41.0,41.147,46.0,34.0,12.0,8.0,31.0,42.0,41.364,39.159,91.176,73.81,67.391,True
2025-10-09 21:00:00,21,39.0,38.0,38.6,33.0,25.0,8.0,5.0,22.0,30.0,39.041,38.246,88.0,73.333,66.667,False
2025-10-09 22:00:00,22,36.0,36.0,36.9,13.0,10.0,3.0,3.0,8.0,13.0,37.465,33.845,80.0,61.538,61.538,True
2025-10-09 23:00:00,23,31.0,31.0,31.222,12.0,9.0,3.0,2.0,8.0,11.0,31.735,27.114,88.889,72.727,66.667,True
2025-10-10 00:00:00,0,51.0,51.0,51.0,4.0,4.0,0.0,0.0,3.0,4.0,51.789,43.921,75.0,75.0,75.0,True
2025-10-10 01:00:00,1,29.0,29.0,29.0,3.0,3.0,0.0,0.0,3.0,3.0,29.737,35.022,100.0,100.0,100.0,True
2025-10-10 02:00:00,2,36.0,36.0,36.5,2.0,2.0,0.0,0.0,2.0,2.0,36.394,36.394,100.0,100.0,100.0,True
2025-10-10 03:00:00,3,47.0,47.0,47.25,4.0,4.0,0.0,0.0,3.0,4.0,47.761,35.356,75.0,75.0,75.0,True
2025-10-10 04:00:00,4,31.0,31.0,31.444,9.0,7.0,2.0,2.0,6.0,9.0,39.065,29.555,85.714,66.667,66.667,True
2025-10-10 05:00:00,5,44.0,44.0,44.636,15.0,12.0,3.0,3.0,7.0,15.0,56.093,52.04,58.333,46.667,46.667,True
2025-10-10 06:00:00,6,35.0,35.0,35.778,29.0,28.0,1.0,1.0,25.0,29.0,40.904,36.219,89.286,86.207,86.207,True
2025-10-10 07:00:00,7,27.0,28.0,28.073,214.0,164.0,50.0,13.0,163.0,177.0,28.892,28.209,99.39,92.09,76.168,False
2025-10-10 08:00:00,8,27.0,27.0,27.86,413.0,340.0,73.0,24.0,336.0,364.0,29.161,27.661,98.824,92.308,81.356,True
2025-10-10 09:00:00,9,29.0,29.0,29.014,450.0,419.0,31.0,15.0,407.0,434.0,29.543,27.084,97.136,93.779,90.444,True
2025-10-10 10:00:00,10,24.0,24.0,24.831,423.0,394.0,29.0,15.0,389.0,409.0,25.506,24.062,98.731,95.11,91.962,True
2025-10-10 11:00:00,11,25.0,25.0,25.365,533.0,507.0,26.0,20.0,506.0,527.0,25.829,25.211,99.803,96.015,94.934,True
2025-10-10 12:00:00,12,22.0,22.0,22.246,503.0,474.0,29.0,16.0,473.0,490.0,22.614,21.847,99.789,96.531,94.036,True
2025-10-10 13:00:00,13,21.0,21.0,21.769,484.0,442.0,42.0,24.0,442.0,466.0,22.202,20.678,100.0,94.85,91.322,True
2025-10-10 14:00:00,14,31.0,31.0,31.294,668.0,586.0,82.0,39.0,544.0,625.0,31.934,27.261,92.833,87.04,81.437,True
2025-10-10 15:00:00,15,47.0,47.0,47.522,546.0,472.0,74.0,49.0,343.0,521.0,48.644,46.042,72.669,65.835,62.821,True
2025-10-10 16:00:00,16,48.0,48.0,48.543,276.0,203.0,73.0,36.0,152.0,239.0,49.476,46.413,74.877,63.598,55.072,True
2025-10-10 17:00:00,17,36.0,36.0,36.699,227.0,171.0,56.0,24.0,150.0,195.0,37.128,32.571,87.719,76.923,66.079,True
2025-10-10 18:00:00,18,33.0,33.0,33.961,114.0,99.0,15.0,8.0,88.0,107.0,34.812,31.695,88.889,82.243,77.193,True
2025-10-10 19:00:00,19,32.0,32.0,32.193,66.0,56.0,10.0,7.0,53.0,63.0,32.596,28.722,94.643,84.127,80.303,True
2025-10-10 20:00:00,20,61.0,61.0,61.667,76.0,51.0,25.0,16.0,29.0,67.0,61.736,54.758,56.863,43.284,38.158,True
2025-10-10 21:00:00,21,77.0,77.0,77.519,40.0,28.0,12.0,10.0,12.0,38.0,76.777,62.646,42.857,31.579,30.0,True
2025-10-10 22:00:00,22,63.0,63.0,63.0,18.0,8.0,10.0,6.0,5.0,14.0,70.096,54.021,62.5,35.714,27.778,True
2025-10-10 23:00:00,23,68.0,68.0,68.0,10.0,7.0,3.0,3.0,2.0,10.0,68.937,71.184,28.571,20.0,20.0,True
2025-10-11 00:00:00,0,41.0,41.0,41.0,2.0,1.0,1.0,1.0,1.0,2.0,41.17,41.17,100.0,50.0,50.0,True
2025-10-11 01:00:00,1,52.0,52.0,52.0,4.0,2.0,2.0,1.0,1.0,3.0,52.205,52.205,50.0,33.333,25.0,True
2025-10-11 02:00:00,2,29.0,29.0,29.5,4.0,2.0,2.0,2.0,2.0,4.0,29.681,29.681,100.0,50.0,50.0,True
2025-10-11 03:00:00,3,24.0,24.0,24.0,2.0,2.0,0.0,0.0,2.0,2.0,24.653,24.653,100.0,100.0,100.0,True
2025-10-11 04:00:00,4,28.0,28.0,28.905,17.0,17.0,0.0,0.0,16.0,17.0,34.475,35.629,94.118,94.118,94.118,True
2025-10-11 05:00:00,5,29.0,29.0,29.188,16.0,14.0,2.0,2.0,13.0,16.0,31.994,30.217,92.857,81.25,81.25,True
2025-10-11 06:00:00,6,50.0,50.0,50.556,21.0,18.0,3.0,2.0,15.0,20.0,47.022,49.07,83.333,75.0,71.429,True
2025-10-11 07:00:00,7,32.0,32.0,32.688,66.0,60.0,6.0,5.0,56.0,65.0,35.202,30.776,93.333,86.154,84.848,True
2025-10-11 08:00:00,8,26.0,26.0,26.096,141.0,120.0,21.0,8.0,119.0,128.0,27.894,27.551,99.167,92.969,84.397,True
2025-10-11 09:00:00,9,28.0,28.0,28.229,184.0,165.0,19.0,14.0,159.0,179.0,28.849,25.768,96.364,88.827,86.413,True
2025-10-11 10:00:00,10,25.0,25.0,25.5,215.0,189.0,26.0,13.0,185.0,202.0,27.323,25.694,97.884,91.584,86.047,True
2025-10-11 11:00:00,11,28.0,28.0,28.61,257.0,229.0,28.0,12.0,227.0,241.0,29.249,28.182,99.127,94.191,88.327,True
2025-10-11 12:00:00,12,22.0,22.0,22.29,219.0,199.0,20.0,6.0,199.0,205.0,22.924,21.946,100.0,97.073,90.868,True
2025-10-11 13:00:00,13,21.0,21.0,21.731,182.0,166.0,16.0,6.0,165.0,172.0,22.376,21.235,99.398,95.93,90.659,True
2025-10-11 14:00:00,14,22.0,22.0,22.939,152.0,141.0,11.0,7.0,140.0,148.0,24.296,21.91,99.291,94.595,92.105,True
2025-10-11 15:00:00,15,25.0,25.0,25.293,190.0,164.0,26.0,15.0,162.0,179.0,25.931,25.184,98.78,90.503,85.263,True
2025-10-11 16:00:00,16,31.0,31.0,31.234,158.0,140.0,18.0,10.0,134.0,150.0,32.327,29.967,95.714,89.333,84.81,True
2025-10-11 17:00:00,17,36.0,36.0,36.446,112.0,92.0,20.0,15.0,81.0,107.0,37.654,33.677,88.043,75.701,72.321,True
2025-10-11 18:00:00,18,39.0,39.0,39.534,97.0,82.0,15.0,10.0,67.0,92.0,40.459,36.395,81.707,72.826,69.072,True
2025-10-11 19:00:00,19,39.0,39.0,39.449,69.0,49.0,20.0,14.0,39.0,63.0,39.834,36.647,79.592,61.905,56.522,True
2025-10-11 20:00:00,20,47.0,48.0,48.396,58.0,47.0,11.0,7.0,33.0,54.0,49.789,40.41,70.213,61.111,56.897,False
2025-10-11 21:00:00,21,39.0,39.0,39.812,20.0,15.0,5.0,4.0,11.0,19.0,43.032,35.148,73.333,57.895,55.0,True
2025-10-11 22:00:00,22,35.0,35.0,35.8,11.0,10.0,1.0,1.0,8.0,11.0,36.215,28.594,80.0,72.727,72.727,True
2025-10-11 23:00:00,23,25.0,24.0,24.667,7.0,6.0,1.0,1.0,6.0,7.0,25.638,26.292,100.0,85.714,85.714,False
2025-10-12 00:00:00,0,44.0,44.0,44.0,4.0,2.0,2.0,1.0,1.0,3.0,45.429,45.429,50.0,33.333,25.0,True
2025-10-12 02:00:00,2,22.0,22.0,22.5,5.0,4.0,1.0,1.0,4.0,5.0,22.833,22.916,100.0,80.0,80.0,True
2025-10-12 03:00:00,3,29.0,29.0,29.571,8.0,7.0,1.0,1.0,7.0,8.0,29.872,24.867,100.0,87.5,87.5,True
2025-10-12 04:00:00,4,31.0,31.0,31.25,4.0,4.0,0.0,0.0,4.0,4.0,32.095,31.603,100.0,100.0,100.0,True
2025-10-12 05:00:00,5,23.0,23.0,23.833,6.0,6.0,0.0,0.0,6.0,6.0,24.249,19.191,100.0,100.0,100.0,True
2025-10-12 06:00:00,6,29.0,29.0,29.5,6.0,4.0,2.0,1.0,4.0,5.0,31.37,32.166,100.0,80.0,66.667,True
2025-10-12 07:00:00,7,36.0,35.0,35.989,79.0,66.0,13.0,12.0,58.0,78.0,40.286,34.818,87.879,74.359,73.418,False
2025-10-12 08:00:00,8,41.0,41.0,41.274,188.0,159.0,29.0,24.0,127.0,183.0,44.148,34.085,79.874,69.399,67.553,True
2025-10-12 09:00:00,9,56.0,56.0,56.622,208.0,160.0,48.0,36.0,89.0,196.0,57.451,57.128,55.625,45.408,42.788,True
2025-10-12 10:00:00,10,42.0,42.0,42.577,113.0,87.0,26.0,23.0,58.0,110.0,51.104,47.437,66.667,52.727,51.327,True
2025-10-12 11:00:00,11,27.0,27.0,27.725,125.0,117.0,8.0,7.0,115.0,124.0,28.588,25.888,98.291,92.742,92.0,True
2025-10-12 12:00:00,12,23.0,23.0,23.76,256.0,244.0,12.0,6.0,243.0,250.0,24.301,23.24,99.59,97.2,94.922,True
2025-10-12 13:00:00,13,28.0,28.0,28.335,234.0,216.0,18.0,12.0,207.0,228.0,28.788,25.049,95.833,90.789,88.462,True
2025-10-12 14:00:00,14,33.0,33.0,33.749,184.0,172.0,12.0,9.0,155.0,181.0,34.829,28.51,90.116,85.635,84.239,True
2025-10-12 15:00:00,15,36.0,36.0,36.397,155.0,137.0,18.0,15.0,112.0,152.0,38.218,33.105,81.752,73.684,72.258,True
2025-10-12 16:00:00,16,38.0,38.0,38.822,110.0,95.0,15.0,9.0,78.0,104.0,40.268,35.486,82.105,75.0,70.909,True
2025-10-12 17:00:00,17,31.0,31.0,31.456,78.0,68.0,10.0,8.0,62.0,76.0,31.706,26.88,91.176,81.579,79.487,True
2025-10-12 18:00:00,18,33.0,33.0,33.203,71.0,59.0,12.0,10.0,54.0,69.0,33.445,29.945,91.525,78.261,76.056,True
2025-10-12 19:00:00,19,32.0,32.0,32.485,43.0,33.0,10.0,5.0,31.0,38.0,33.261,33.877,93.939,81.579,72.093,True
2025-10-12 20:00:00,20,33.0,33.0,33.129,32.0,29.0,3.0,2.0,28.0,31.0,34.742,31.134,96.552,90.323,87.5,True
2025-10-12 21:00:00,21,50.0,50.0,50.562,23.0,16.0,7.0,5.0,11.0,21.0,50.93,49.614,68.75,52.381,47.826,True
2025-10-12 22:00:00,22,42.0,42.0,42.222,11.0,9.0,2.0,2.0,8.0,11.0,42.826,40.43,88.889,72.727,72.727,True
2025-10-12 23:00:00,23,22.0,22.0,22.8,6.0,5.0,1.0,1.0,5.0,6.0,23.515,18.792,100.0,83.333,83.333,True
2025-10-13 00:00:00,0,33.0,33.0,33.25,4.0,4.0,0.0,0.0,4.0,4.0,33.943,34.483,100.0,100.0,100.0,True
2025-10-13 01:00:00,1,24.0,24.0,24.0,3.0,2.0,1.0,1.0,2.0,3.0,23.707,23.707,100.0,66.667,66.667,True
2025-10-13 02:00:00,2,28.0,28.0,28.333,3.0,3.0,0.0,0.0,3.0,3.0,29.254,32.802,100.0,100.0,100.0,True
2025-10-13 03:00:00,3,20.0,20.0,20.75,5.0,4.0,1.0,1.0,4.0,5.0,20.92,20.93,100.0,80.0,80.0,True
2025-10-13 04:00:00,4,33.0,33.0,33.143,12.0,12.0,0.0,0.0,10.0,12.0,39.455,27.643,83.333,83.333,83.333,True
2025-10-13 05:00:00,5,49.0,49.0,49.815,21.0,16.0,5.0,3.0,8.0,19.0,59.665,60.206,50.0,42.105,38.095,True
2025-10-13 06:00:00,6,47.0,47.0,47.439,48.0,43.0,5.0,4.0,31.0,47.0,47.994,44.378,72.093,65.957,64.583,True
2025-10-13 07:00:00,7,62.0,62.0,62.367,479.0,386.0,93.0,74.0,107.0,460.0,77.594,76.822,27.72,23.261,22.338,True
2025-10-13 08:00:00,8,70.0,70.0,70.083,435.0,329.0,106.0,86.0,42.0,415.0,83.866,82.187,12.766,10.12,9.655,True
2025-10-13 09:00:00,9,55.0,55.0,55.152,328.0,262.0,66.0,56.0,172.0,318.0,55.027,52.487,65.649,54.088,52.439,True
2025-10-13 10:00:00,10,29.0,29.0,29.699,374.0,337.0,37.0,17.0,326.0,354.0,32.141,30.91,96.736,92.09,87.166,True
2025-10-13 11:00:00,11,22.0,22.0,22.802,548.0,525.0,22.0,12.0,525.0,538.0,23.43,22.835,100.0,97.584,95.803,True
2025-10-13 12:00:00,12,23.0,23.0,23.458,657.0,623.0,34.0,18.0,620.0,641.0,23.965,23.384,99.518,96.724,94.368,True
2025-10-13 13:00:00,13,23.0,23.0,23.018,595.0,544.0,51.0,29.0,539.0,573.0,23.319,22.081,99.081,94.066,90.588,True
2025-10-13 14:00:00,14,44.0,43.0,43.982,906.0,753.0,153.0,103.0,583.0,856.0,45.167,38.316,77.424,68.107,64.349,False
2025-10-13 15:00:00,15,68.0,68.0,68.111,747.0,585.0,162.0,117.0,262.0,702.0,70.32,66.368,44.786,37.322,35.074,True
2025-10-13 16:00:00,16,79.0,79.0,79.397,332.0,247.0,85.0,63.0,74.0,310.0,81.789,82.31,29.96,23.871,22.289,True
2025-10-13 17:00:00,17,66.0,67.0,67.154,212.0,161.0,50.0,31.0,78.0,193.0,69.23,64.752,48.447,40.415,36.792,False
2025-10-13 18:00:00,18,54.0,55.0,55.31,114.0,84.0,30.0,19.0,50.0,103.0,56.495,46.586,59.524,48.544,43.86,False
2025-10-13 19:00:00,19,49.0,49.0,49.553,52.0,45.0,7.0,4.0,33.0,49.0,50.583,43.54,73.333,67.347,63.462,True
2025-10-13 20:00:00,20,44.0,45.0,45.182,45.0,32.0,13.0,4.0,24.0,36.0,46.897,41.217,75.0,66.667,53.333,False
2025-10-13 21:00:00,21,36.0,36.0,36.167,18.0,17.0,1.0,0.0,16.0,17.0,38.38,38.004,94.118,94.118,88.889,True
2025-10-13 22:00:00,22,32.0,32.0,32.714,16.0,14.0,2.0,1.0,12.0,15.0,32.993,26.606,85.714,80.0,75.0,True
2025-10-13 23:00:00,23,22.0,22.0,22.25,4.0,4.0,0.0,0.0,4.0,4.0,22.768,21.944,100.0,100.0,100.0,True
2025-10-14 00:00:00,0,18.0,18.0,18.0,1.0,1.0,0.0,0.0,1.0,1.0,18.727,18.727,100.0,100.0,100.0,True
2025-10-14 01:00:00,1,28.0,28.0,28.0,2.0,1.0,1.0,1.0,1.0,2.0,28.754,28.754,100.0,50.0,50.0,True
2025-10-14 02:00:00,2,22.0,22.0,22.5,2.0,1.0,1.0,1.0,1.0,2.0,23.888,23.888,100.0,50.0,50.0,True
2025-10-14 03:00:00,3,23.0,23.0,23.5,4.0,4.0,0.0,0.0,4.0,4.0,23.993,27.022,100.0,100.0,100.0,True
2025-10-14 04:00:00,4,24.0,24.0,24.688,11.0,11.0,0.0,0.0,10.0,11.0,32.909,27.348,90.909,90.909,90.909,True
2025-10-14 05:00:00,5,40.0,40.0,40.231,23.0,21.0,2.0,2.0,17.0,23.0,40.507,36.902,80.952,73.913,73.913,True
2025-10-14 06:00:00,6,37.0,37.0,37.507,42.0,39.0,3.0,1.0,37.0,40.0,39.854,40.888,94.872,92.5,88.095,True
2025-10-14 07:00:00,7,44.0,44.0,44.953,374.0,313.0,61.0,39.0,199.0,352.0,55.397,52.19,63.578,56.534,53.209,True
2025-10-14 08:00:00,8,55.0,55.0,55.114,444.0,380.0,64.0,50.0,189.0,430.0,62.765,60.033,49.737,43.953,42.568,True
2025-10-14 09:00:00,9,43.0,43.0,43.944,303.0,268.0,35.0,22.0,219.0,290.0,44.742,43.734,81.716,75.517,72.277,True
2025-10-14 10:00:00,10,22.0,22.0,22.863,379.0,352.0,27.0,15.0,351.0,367.0,23.487,21.786,99.716,95.64,92.612,True
2025-10-14 11:00:00,11,21.0,21.0,21.61,525.0,497.0,28.0,13.0,497.0,510.0,22.111,21.536,100.0,97.451,94.667,True
2025-10-14 12:00:00,12,21.0,21.0,21.773,573.0,554.0,19.0,11.0,553.0,565.0,22.087,21.238,99.819,97.876,96.51,True
2025-10-14 13:00:00,13,21.0,21.0,21.942,559.0,516.0,43.0,28.0,513.0,544.0,22.5,21.075,99.419,94.301,91.771,True
2025-10-14 14:00:00,14,37.0,37.0,37.295,786.0,682.0,104.0,72.0,578.0,754.0,38.667,31.674,84.751,76.658,73.537,True
2025-10-14 15:00:00,15,59.0,59.0,59.253,663.0,535.0,128.0,95.0,306.0,630.0,60.874,52.624,57.196,48.571,46.154,True
2025-10-14 16:00:00,16,64.0,64.0,64.709,332.0,256.0,75.0,52.0,124.0,309.0,65.9,62.494,48.438,40.129,37.349,True
2025-10-14 17:00:00,17,57.0,57.0,57.738,192.0,146.0,46.0,34.0,82.0,180.0,59.387,54.809,56.164,45.556,42.708,True
2025-10-14 18:00:00,18,50.0,50.0,50.692,99.0,76.0,23.0,13.0,52.0,89.0,51.052,47.479,68.421,58.427,52.525,True
2025-10-14 19:00:00,19,49.0,48.0,48.952,78.0,58.0,19.0,15.0,42.0,74.0,48.017,41.809,72.414,56.757,53.846,False
2025-10-14 20:00:00,20,54.0,54.0,54.231,61.0,49.0,12.0,6.0,32.0,55.0,57.905,43.981,65.306,58.182,52.459,True
2025-10-14 21:00:00,21,54.0,54.0,54.154,34.0,26.0,8.0,8.0,17.0,34.0,54.301,56.188,65.385,50.0,50.0,True
2025-10-14 22:00:00,22,35.0,35.0,35.0,11.0,7.0,4.0,3.0,7.0,10.0,35.215,35.195,100.0,70.0,63.636,True
2025-10-14 23:00:00,23,38.0,38.0,38.5,11.0,8.0,3.0,3.0,7.0,11.0,38.641,34.297,87.5,63.636,63.636,True
2025-10-15 00:00:00,0,38.0,38.0,38.286,7.0,7.0,0.0,0.0,5.0,7.0,38.919,31.008,71.429,71.429,71.429,True
2025-10-15 01:00:00,1,27.0,27.0,27.25,5.0,4.0,1.0,0.0,4.0,4.0,27.419,27.993,100.0,100.0,80.0,True
2025-10-15 02:00:00,2,23.0,23.0,23.5,2.0,2.0,0.0,0.0,2.0,2.0,23.79,23.79,100.0,100.0,100.0,True
2025-10-15 03:00:00,3,26.0,26.0,26.286,7.0,7.0,0.0,0.0,7.0,7.0,26.869,24.293,100.0,100.0,100.0,True
2025-10-15 04:00:00,4,27.0,27.0,27.643,12.0,11.0,1.0,1.0,10.0,12.0,35.448,27.346,90.909,83.333,83.333,True
2025-10-15 05:00:00,5,40.0,40.0,40.75,19.0,16.0,3.0,2.0,10.0,18.0,53.05,47.677,62.5,55.556,52.632,True
2025-10-15 06:00:00,6,33.0,33.0,33.484,31.0,28.0,3.0,0.0,28.0,28.0,35.909,34.833,100.0,100.0,90.323,True
2025-10-15 07:00:00,7,47.0,47.0,47.024,414.0,352.0,62.0,39.0,223.0,391.0,56.127,50.066,63.352,57.033,53.865,True
2025-10-15 08:00:00,8,54.0,54.0,54.774,422.0,353.0,69.0,46.0,159.0,399.0,64.005,62.741,45.042,39.85,37.678,True
2025-10-15 09:00:00,9,43.0,43.0,43.114,334.0,294.0,40.0,29.0,234.0,323.0,43.263,39.723,79.592,72.446,70.06,True
2025-10-15 10:00:00,10,25.0,25.0,25.702,384.0,345.0,37.0,16.0,338.0,363.0,26.977,25.201,97.971,93.113,88.021,True
2025-10-15 11:00:00,11,25.0,25.0,25.536,577.0,540.0,37.0,19.0,533.0,559.0,26.013,24.59,98.704,95.349,92.374,True
2025-10-15 12:00:00,12,25.0,24.0,24.919,586.0,564.0,21.0,16.0,561.0,581.0,25.516,23.889,99.468,96.558,95.734,False
2025-10-15 13:00:00,13,22.0,22.0,22.319,538.0,501.0,37.0,22.0,499.0,523.0,22.659,21.155,99.601,95.411,92.751,True
2025-10-15 14:00:00,14,36.0,36.0,36.438,752.0,662.0,90.0,55.0,572.0,717.0,37.391,30.463,86.405,79.777,76.064,True
2025-10-15 15:00:00,15,62.0,62.0,62.563,665.0,533.0,131.0,94.0,287.0,628.0,64.702,56.511,53.846,45.701,43.158,True
2025-10-15 16:00:00,16,64.0,64.0,64.343,320.0,223.0,96.0,66.0,109.0,290.0,65.887,62.044,48.879,37.586,34.062,True
2025-10-15 17:00:00,17,61.0,61.0,61.231,209.0,144.0,65.0,43.0,77.0,187.0,63.921,54.341,53.472,41.176,36.842,True
2025-10-15 18:00:00,18,51.0,51.0,51.321,111.0,76.0,35.0,29.0,49.0,105.0,52.6,44.914,64.474,46.667,44.144,True
2025-10-15 19:00:00,19,61.0,61.0,61.053,79.0,54.0,25.0,18.0,27.0,72.0,63.637,60.146,50.0,37.5,34.177,True
2025-10-15 20:00:00,20,86.0,86.0,86.591,69.0,44.0,25.0,23.0,9.0,67.0,86.799,89.856,20.455,13.433,13.043,True
2025-10-15 21:00:00,21,79.0,79.0,79.818,21.0,11.0,10.0,8.0,2.0,19.0,80.004,84.035,18.182,10.526,9.524,True
2025-10-15 22:00:00,22,49.0,49.0,49.667,17.0,15.0,2.0,1.0,11.0,16.0,49.8,50.312,73.333,68.75,64.706,True
2025-10-15 23:00:00,23,34.0,34.0,34.429,8.0,7.0,1.0,1.0,7.0,8.0,34.832,38.776,100.0,87.5,87.5,True
2025-10-16 00:00:00,0,51.0,51.0,51.25,5.0,4.0,1.0,1.0,3.0,5.0,51.441,51.37,75.0,60.0,60.0,True
2025-10-16 01:00:00,1,38.0,38.0,38.0,1.0,1.0,0.0,0.0,1.0,1.0,39.156,39.156,100.0,100.0,100.0,True
2025-10-16 02:00:00,2,23.0,23.0,23.75,3.0,3.0,0.0,0.0,3.0,3.0,28.632,32.387,100.0,100.0,100.0,True
2025-10-16 03:00:00,3,33.0,33.0,33.667,3.0,3.0,0.0,0.0,3.0,3.0,34.373,34.389,100.0,100.0,100.0,True
2025-10-16 04:00:00,4,27.0,27.0,27.5,14.0,10.0,4.0,4.0,10.0,14.0,34.421,30.806,100.0,71.429,71.429,True
2025-10-16 05:00:00,5,49.0,49.0,49.962,28.0,20.0,8.0,7.0,11.0,27.0,55.111,53.188,55.0,40.741,39.286,True
2025-10-16 06:00:00,6,37.0,37.0,37.085,25.0,23.0,2.0,1.0,21.0,24.0,43.065,41.894,91.304,87.5,84.0,True
2025-10-16 07:00:00,7,44.0,44.0,44.79,387.0,325.0,62.0,38.0,203.0,363.0,53.013,49.098,62.462,55.923,52.455,True
2025-10-16 08:00:00,8,52.0,52.0,52.078,416.0,350.0,66.0,46.0,190.0,396.0,59.713,56.348,54.286,47.98,45.673,True
2025-10-16 09:00:00,9,41.0,41.0,41.942,295.0,257.0,37.0,26.0,217.0,284.0,42.746,40.706,84.436,76.408,73.559,True
2025-10-16 10:00:00,10,23.0,23.0,23.071,354.0,326.0,28.0,21.0,325.0,347.0,24.156,23.108,99.693,93.66,91.808,True
2025-10-16 11:00:00,11,23.0,23.0,23.914,553.0,527.0,26.0,12.0,527.0,539.0,24.407,23.316,100.0,97.774,95.298,True
2025-10-16 12:00:00,12,22.0,22.0,22.241,531.0,516.0,15.0,7.0,515.0,523.0,22.603,21.74,99.806,98.47,96.987,True
2025-10-16 13:00:00,13,21.0,21.0,21.733,514.0,497.0,17.0,12.0,493.0,509.0,22.23,20.905,99.195,96.857,95.914,True
2025-10-16 14:00:00,14,35.0,35.0,35.813,742.0,654.0,88.0,44.0,575.0,698.0,36.738,30.541,87.92,82.378,77.493,True
2025-10-16 15:00:00,15,56.0,56.0,56.998,601.0,476.0,124.0,101.0,267.0,578.0,59.26,51.613,56.092,46.194,44.426,True
2025-10-16 16:00:00,16,58.0,57.0,57.965,327.0,236.0,91.0,59.0,134.0,295.0,60.022,53.426,56.78,45.424,40.979,False
2025-10-16 17:00:00,17,48.0,48.0,48.03,213.0,157.0,56.0,35.0,115.0,192.0,49.207,42.956,73.248,59.896,53.991,True
2025-10-16 18:00:00,18,37.0,37.0,37.347,112.0,95.0,17.0,11.0,82.0,106.0,37.811,31.952,86.316,77.358,73.214,True
2025-10-16 19:00:00,19,39.0,39.0,39.081,73.0,61.0,12.0,6.0,51.0,67.0,41.154,33.601,83.607,76.119,69.863,True
2025-10-16 20:00:00,20,58.0,58.0,58.905,56.0,42.0,14.0,7.0,22.0,49.0,57.712,55.35,52.381,44.898,39.286,True
2025-10-16 21:00:00,21,55.0,55.0,55.593,31.0,25.0,6.0,6.0,12.0,31.0,58.13,63.519,48.0,38.71,38.71,True
2025-10-16 22:00:00,22,26.0,26.0,26.833,14.0,13.0,1.0,1.0,12.0,14.0,27.266,25.806,92.308,85.714,85.714,True
2025-10-16 23:00:00,23,23.0,23.0,23.4,10.0,8.0,2.0,2.0,8.0,10.0,26.766,27.665,100.0,80.0,80.0,True
2025-10-17 00:00:00,0,61.0,61.0,61.833,6.0,6.0,0.0,0.0,2.0,6.0,61.794,67.542,33.333,33.333,33.333,True
2025-10-17 01:00:00,1,44.0,44.0,44.0,4.0,3.0,1.0,1.0,2.0,4.0,44.738,39.416,66.667,50.0,50.0,True
2025-10-17 02:00:00,2,22.0,22.0,22.333,2.0,2.0,0.0,0.0,2.0,2.0,30.913,30.913,100.0,100.0,100.0,True
2025-10-17 03:00:00,3,25.0,25.0,25.2,5.0,5.0,0.0,0.0,5.0,5.0,25.639,26.465,100.0,100.0,100.0,True
2025-10-17 04:00:00,4,26.0,26.0,26.692,11.0,11.0,0.0,0.0,10.0,11.0,30.955,29.89,90.909,90.909,90.909,True
2025-10-17 05:00:00,5,32.0,32.0,32.2,18.0,13.0,5.0,2.0,9.0,15.0,41.697,35.124,69.231,60.0,50.0,True
2025-10-17 06:00:00,6,31.0,31.0,31.305,23.0,20.0,3.0,0.0,18.0,20.0,37.604,39.185,90.0,90.0,78.261,True
2025-10-17 07:00:00,7,43.0,43.0,43.538,398.0,319.0,78.0,40.0,204.0,360.0,52.81,46.386,63.95,56.667,51.256,True
2025-10-17 08:00:00,8,52.0,52.0,52.443,441.0,374.0,66.0,43.0,198.0,418.0,59.752,58.47,52.941,47.368,44.898,True
2025-10-17 09:00:00,9,42.0,42.0,42.382,333.0,295.0,38.0,26.0,248.0,321.0,42.784,40.989,84.068,77.259,74.474,True
2025-10-17 10:00:00,10,26.0,26.0,26.466,423.0,382.0,41.0,24.0,376.0,406.0,27.567,26.081,98.429,92.611,88.889,True
2025-10-17 11:00:00,11,27.0,27.0,27.649,596.0,559.0,37.0,21.0,553.0,580.0,28.35,26.342,98.927,95.345,92.785,True
2025-10-17 12:00:00,12,25.0,25.0,25.898,547.0,521.0,26.0,19.0,515.0,540.0,26.501,25.074,98.848,95.37,94.15,True
2025-10-17 13:00:00,13,25.0,25.0,25.468,603.0,550.0,53.0,32.0,532.0,582.0,26.101,22.985,96.727,91.409,88.226,True
2025-10-17 14:00:00,14,42.0,42.0,42.185,734.0,613.0,121.0,90.0,489.0,703.0,43.247,34.468,79.772,69.559,66.621,True
2025-10-17 15:00:00,15,59.0,59.0,59.219,618.0,469.0,149.0,105.0,265.0,574.0,61.332,50.437,56.503,46.167,42.88,True
2025-10-17 16:00:00,16,72.0,72.0,72.067,387.0,271.0,115.0,86.0,128.0,358.0,72.614,64.999,47.232,35.754,33.075,True
2025-10-17 17:00:00,17,69.0,69.0,69.236,196.0,136.0,60.0,41.0,66.0,177.0,71.705,62.78,48.529,37.288,33.673,True
2025-10-17 18:00:00,18,67.0,67.0,67.663,155.0,98.0,57.0,48.0,48.0,146.0,67.92,61.858,48.98,32.877,30.968,True
2025-10-17 19:00:00,19,73.0,73.0,73.976,76.0,42.0,34.0,27.0,14.0,69.0,74.241,71.537,33.333,20.29,18.421,True
2025-10-17 20:00:00,20,63.0,63.0,63.243,50.0,34.0,16.0,14.0,15.0,48.0,68.977,69.568,44.118,31.25,30.0,True
2025-10-17 21:00:00,21,61.0,61.0,61.4,39.0,25.0,14.0,13.0,15.0,38.0,61.676,51.133,60.0,39.474,38.462,True
2025-10-17 22:00:00,22,57.0,57.0,57.286,21.0,14.0,7.0,6.0,9.0,20.0,57.472,51.631,64.286,45.0,42.857,True
2025-10-17 23:00:00,23,36.0,36.0,36.143,11.0,7.0,4.0,3.0,6.0,10.0,36.341,39.04,85.714,60.0,54.545,True
2025-10-18 00:00:00,0,32.0,32.0,32.8,7.0,5.0,2.0,1.0,5.0,6.0,33.801,30.086,100.0,83.333,71.429,True
2025-10-18 01:00:00,1,66.0,66.0,66.625,9.0,8.0,1.0,0.0,5.0,8.0,67.292,42.399,62.5,62.5,55.556,True
2025-10-18 02:00:00,2,21.0,21.0,21.0,3.0,1.0,2.0,2.0,1.0,3.0,35.146,35.146,100.0,33.333,33.333,True
2025-10-18 03:00:00,3,32.0,32.0,32.5,5.0,4.0,1.0,1.0,4.0,5.0,33.664,30.74,100.0,80.0,80.0,True
2025-10-18 04:00:00,4,42.0,41.0,41.875,12.0,12.0,0.0,0.0,8.0,12.0,50.62,36.988,66.667,66.667,66.667,False
2025-10-18 05:00:00,5,32.0,32.0,32.5,18.0,11.0,7.0,7.0,9.0,18.0,38.549,30.38,81.818,50.0,50.0,True
2025-10-18 06:00:00,6,47.0,47.0,47.913,18.0,15.0,3.0,3.0,14.0,18.0,43.258,49.136,93.333,77.778,77.778,True
2025-10-18 07:00:00,7,31.0,31.0,31.629,64.0,57.0,7.0,5.0,52.0,62.0,34.41,31.645,91.228,83.871,81.25,True
2025-10-18 08:00:00,8,29.0,29.0,29.358,158.0,131.0,27.0,16.0,123.0,147.0,31.284,27.949,93.893,83.673,77.848,True
2025-10-18 09:00:00,9,42.0,41.0,41.832,220.0,188.0,32.0,26.0,156.0,214.0,42.896,36.325,82.979,72.897,70.909,False
2025-10-18 10:00:00,10,48.0,48.0,48.624,220.0,174.0,46.0,43.0,109.0,217.0,53.29,50.397,62.644,50.23,49.545,True
2025-10-18 11:00:00,11,50.0,50.0,50.804,264.0,217.0,47.0,37.0,145.0,254.0,52.315,52.558,66.82,57.087,54.924,True
2025-10-18 12:00:00,12,38.0,38.0,38.908,241.0,204.0,36.0,22.0,174.0,227.0,40.245,37.732,85.294,76.652,72.199,True
2025-10-18 13:00:00,13,31.0,31.0,31.814,208.0,177.0,31.0,26.0,166.0,203.0,32.305,29.537,93.785,81.773,79.808,True
2025-10-18 14:00:00,14,30.0,30.0,30.789,191.0,174.0,17.0,11.0,167.0,185.0,31.322,28.752,95.977,90.27,87.435,True
2025-10-18 15:00:00,15,36.0,36.0,36.698,213.0,174.0,39.0,22.0,154.0,196.0,37.561,32.141,88.506,78.571,72.3,True
2025-10-18 16:00:00,16,52.0,52.0,52.897,157.0,123.0,34.0,25.0,79.0,148.0,54.016,48.32,64.228,53.378,50.318,True
2025-10-18 17:00:00,17,53.0,53.0,53.855,100.0,68.0,32.0,24.0,46.0,92.0,54.646,47.708,67.647,50.0,46.0,True
2025-10-18 18:00:00,18,45.0,45.0,45.831,91.0,70.0,21.0,11.0,49.0,81.0,45.341,41.569,70.0,60.494,53.846,True
2025-10-18 19:00:00,19,45.0,45.0,45.377,78.0,61.0,17.0,13.0,48.0,74.0,45.719,38.474,78.689,64.865,61.538,True
2025-10-18 20:00:00,20,56.0,56.0,56.25,45.0,35.0,10.0,7.0,23.0,42.0,60.511,53.152,65.714,54.762,51.111,True
2025-10-18 21:00:00,21,48.0,48.0,48.476,33.0,19.0,14.0,11.0,15.0,30.0,49.723,51.205,78.947,50.0,45.455,True
2025-10-18 22:00:00,22,43.0,43.0,43.529,25.0,17.0,8.0,5.0,15.0,22.0,44.093,46.109,88.235,68.182,60.0,True
2025-10-18 23:00:00,23,34.0,34.0,34.167,13.0,12.0,1.0,1.0,12.0,13.0,34.322,35.088,100.0,92.308,92.308,True
2025-10-19 00:00:00,0,49.0,49.0,49.6,6.0,5.0,1.0,1.0,3.0,6.0,49.841,54.929,60.0,50.0,50.0,True
2025-10-19 01:00:00,1,91.0,91.0,91.0,,,,,,,,,,,,True
2025-10-19 02:00:00,2,41.0,41.0,41.5,6.0,4.0,2.0,1.0,4.0,5.0,41.81,40.405,100.0,80.0,66.667,True
2025-10-19 03:00:00,3,21.0,21.0,21.167,9.0,7.0,2.0,0.0,7.0,7.0,24.148,20.69,100.0,100.0,77.778,True
2025-10-19 04:00:00,4,26.0,26.0,26.429,9.0,6.0,3.0,2.0,6.0,8.0,25.112,23.092,100.0,75.0,66.667,True
2025-10-19 05:00:00,5,31.0,31.0,31.8,6.0,5.0,1.0,1.0,5.0,6.0,32.227,26.325,100.0,83.333,83.333,True
2025-10-19 06:00:00,6,39.0,39.0,39.0,4.0,2.0,2.0,2.0,2.0,4.0,39.254,39.254,100.0,50.0,50.0,True
2025-10-19 07:00:00,7,33.0,33.0,33.298,67.0,61.0,6.0,4.0,57.0,65.0,37.101,33.267,93.443,87.692,85.075,True
2025-10-19 08:00:00,8,36.0,36.0,36.93,197.0,169.0,28.0,21.0,139.0,190.0,39.884,32.698,82.249,73.158,70.558,True
2025-10-19 09:00:00,9,53.0,53.0,53.963,228.0,184.0,44.0,34.0,102.0,218.0,54.973,53.65,55.435,46.789,44.737,True
2025-10-19 10:00:00,10,48.0,49.0,49.27,160.0,125.0,35.0,32.0,81.0,157.0,55.318,53.037,64.8,51.592,50.625,False
2025-10-19 11:00:00,11,36.0,36.0,36.929,145.0,127.0,18.0,13.0,116.0,140.0,37.185,35.215,91.339,82.857,80.0,True
2025-10-19 12:00:00,12,30.0,30.0,30.126,208.0,188.0,20.0,12.0,179.0,200.0,30.715,27.181,95.213,89.5,86.058,True
2025-10-19 13:00:00,13,33.0,33.0,33.119,235.0,220.0,15.0,12.0,197.0,232.0,34.082,29.823,89.545,84.914,83.83,True
2025-10-19 14:00:00,14,46.0,46.0,46.0,210.0,183.0,27.0,17.0,137.0,200.0,46.528,37.997,74.863,68.5,65.238,True
2025-10-19 15:00:00,15,61.0,61.0,61.2,183.0,139.0,44.0,40.0,76.0,179.0,64.557,53.635,54.676,42.458,41.53,True
2025-10-19 16:00:00,16,82.0,82.0,82.831,107.0,70.0,37.0,33.0,25.0,103.0,83.736,76.252,35.714,24.272,23.364,True
2025-10-19 17:00:00,17,81.0,80.0,80.861,117.0,70.0,46.0,36.0,27.0,107.0,81.793,84.912,38.571,25.234,23.077,False
2025-10-19 18:00:00,18,75.0,75.0,75.859,80.0,62.0,18.0,15.0,27.0,77.0,77.883,65.643,43.548,35.065,33.75,True
2025-10-19 19:00:00,19,105.0,105.0,105.05,76.0,19.0,57.0,53.0,1.0,72.0,110.943,94.457,5.263,1.389,1.316,True
2025-10-19 20:00:00,20,140.0,140.0,140.889,39.0,18.0,21.0,19.0,1.0,37.0,141.087,145.358,5.556,2.703,2.564,True
2025-10-19 21:00:00,21,103.0,103.0,103.375,19.0,7.0,12.0,11.0,0.0,18.0,118.567,115.763,0.0,0.0,0.0,True
2025-10-19 22:00:00,22,96.0,96.0,96.25,10.0,7.0,3.0,3.0,0.0,10.0,110.223,109.629,0.0,0.0,0.0,True
2025-10-19 23:00:00,23,46.0,46.0,46.0,6.0,5.0,1.0,1.0,3.0,6.0,46.853,41.457,60.0,50.0,50.0,True
2025-10-20 00:00:00,0,20.0,20.0,20.667,3.0,3.0,0.0,0.0,3.0,3.0,21.481,29.404,100.0,100.0,100.0,True
2025-10-20 01:00:00,1,30.0,30.0,30.667,3.0,2.0,1.0,0.0,2.0,2.0,44.88,44.88,100.0,100.0,66.667,True
2025-10-20 02:00:00,2,26.0,26.0,26.5,4.0,4.0,0.0,0.0,4.0,4.0,26.728,25.557,100.0,100.0,100.0,True
2025-10-20 03:00:00,3,24.0,24.0,24.571,8.0,7.0,1.0,1.0,7.0,8.0,25.3,23.036,100.0,87.5,87.5,True
2025-10-20 04:00:00,4,35.0,35.0,35.733,15.0,13.0,2.0,2.0,11.0,15.0,35.322,25.887,84.615,73.333,73.333,True
2025-10-20 05:00:00,5,56.0,56.0,56.231,23.0,15.0,8.0,7.0,7.0,22.0,64.844,65.897,46.667,31.818,30.435,True
2025-10-20 06:00:00,6,51.0,51.0,51.571,31.0,30.0,1.0,1.0,16.0,31.0,56.745,58.62,53.333,51.613,51.613,True
2025-10-20 07:00:00,7,55.0,55.0,55.654,424.0,358.0,66.0,48.0,141.0,406.0,69.206,69.468,39.385,34.729,33.255,True
2025-10-20 08:00:00,8,61.0,61.0,61.57,368.0,314.0,54.0,41.0,98.0,355.0,72.987,73.095,31.21,27.606,26.63,True
2025-10-20 09:00:00,9,45.0,45.0,45.52,309.0,259.0,50.0,31.0,213.0,290.0,46.434,44.653,82.239,73.448,68.932,True
2025-10-20 10:00:00,10,23.0,23.0,23.15,376.0,336.0,40.0,25.0,335.0,361.0,24.15,23.933,99.702,92.798,89.096,True
2025-10-20 11:00:00,11,22.0,22.0,22.384,548.0,522.0,25.0,8.0,520.0,531.0,23.002,22.184,99.617,97.928,94.891,True
2025-10-20 12:00:00,12,22.0,22.0,22.367,597.0,574.0,22.0,14.0,573.0,589.0,22.894,22.119,99.826,97.284,95.98,True
2025-10-20 13:00:00,13,21.0,21.0,21.16,514.0,477.0,37.0,22.0,476.0,499.0,21.716,20.419,99.79,95.391,92.607,True
2025-10-20 14:00:00,14,30.0,30.0,30.851,735.0,643.0,91.0,41.0,607.0,685.0,31.501,28.02,94.401,88.613,82.585,True
2025-10-20 15:00:00,15,45.0,45.0,45.415,685.0,555.0,129.0,72.0,398.0,628.0,46.544,43.549,71.712,63.376,58.102,True
2025-10-20 16:00:00,16,48.0,48.0,48.648,356.0,275.0,81.0,42.0,186.0,317.0,50.276,47.106,67.636,58.675,52.247,True
2025-10-20 17:00:00,17,44.0,44.0,44.483,234.0,185.0,49.0,19.0,139.0,204.0,45.714,41.291,75.135,68.137,59.402,True
2025-10-20 18:00:00,18,40.0,40.0,40.616,113.0,97.0,16.0,7.0,80.0,104.0,41.221,36.877,82.474,76.923,70.796,True
2025-10-20 19:00:00,19,28.0,28.0,28.157,56.0,49.0,7.0,6.0,48.0,55.0,28.955,27.729,97.959,87.273,85.714,True
2025-10-20 20:00:00,20,30.0,30.0,30.717,51.0,44.0,7.0,5.0,42.0,49.0,32.428,32.064,95.455,85.714,82.353,True
2025-10-20 21:00:00,21,38.0,38.0,38.115,32.0,26.0,6.0,4.0,24.0,30.0,38.36,35.67,92.308,80.0,75.0,True
2025-10-20 22:00:00,22,29.0,29.0,29.0,8.0,8.0,0.0,0.0,8.0,8.0,29.238,27.482,100.0,100.0,100.0,True
2025-10-20 23:00:00,23,21.0,21.0,21.0,8.0,8.0,0.0,0.0,8.0,8.0,21.334,20.957,100.0,100.0,100.0,True
2025-10-21 00:00:00,0,32.0,32.0,32.333,4.0,4.0,0.0,0.0,4.0,4.0,25.16,29.702,100.0,100.0,100.0,True
2025-10-21 01:00:00,1,15.0,15.0,15.714,5.0,5.0,0.0,0.0,5.0,5.0,22.773,24.211,100.0,100.0,100.0,True
2025-10-21 02:00:00,2,17.0,17.0,17.25,3.0,3.0,0.0,0.0,3.0,3.0,20.834,20.343,100.0,100.0,100.0,True
2025-10-21 03:00:00,3,38.0,38.0,38.667,4.0,3.0,1.0,0.0,2.0,3.0,39.401,29.798,66.667,66.667,50.0,True
2025-10-21 04:00:00,4,26.0,26.0,26.062,13.0,12.0,1.0,1.0,10.0,13.0,32.839,29.705,83.333,76.923,76.923,True
2025-10-21 05:00:00,5,42.0,42.0,42.087,19.0,16.0,3.0,2.0,13.0,18.0,45.327,38.314,81.25,72.222,68.421,True
2025-10-21 06:00:00,6,39.0,39.0,39.067,26.0,24.0,2.0,1.0,23.0,25.0,39.1,37.908,95.833,92.0,88.462,True
2025-10-21 07:00:00,7,45.0,45.0,45.585,393.0,339.0,54.0,35.0,210.0,374.0,55.484,53.047,61.947,56.15,53.435,True
2025-10-21 08:00:00,8,50.0,50.0,50.739,376.0,317.0,59.0,33.0,177.0,350.0,59.455,57.683,55.836,50.571,47.074,True
2025-10-21 09:00:00,9,40.0,40.0,40.57,325.0,293.0,32.0,20.0,252.0,313.0,41.239,39.062,86.007,80.511,77.538,True
2025-10-21 10:00:00,10,22.0,22.0,22.115,358.0,334.0,24.0,11.0,333.0,345.0,23.469,23.113,99.701,96.522,93.017,True
2025-10-21 11:00:00,11,22.0,22.0,22.188,519.0,492.0,27.0,12.0,491.0,504.0,22.654,21.382,99.797,97.421,94.605,True
2025-10-21 12:00:00,12,22.0,22.0,22.353,572.0,540.0,32.0,16.0,537.0,556.0,22.756,21.607,99.444,96.583,93.881,True
2025-10-21 13:00:00,13,22.0,22.0,22.201,532.0,500.0,31.0,21.0,493.0,522.0,22.54,20.685,98.6,94.444,92.669,True
2025-10-21 14:00:00,14,33.0,33.0,33.827,771.0,693.0,78.0,54.0,618.0,747.0,34.773,28.926,89.177,82.731,80.156,True
2025-10-21 15:00:00,15,56.0,56.0,56.279,639.0,524.0,115.0,85.0,315.0,609.0,57.788,50.976,60.115,51.724,49.296,True
2025-10-21 16:00:00,16,58.0,58.0,58.988,321.0,234.0,87.0,58.0,131.0,292.0,61.014,54.048,55.983,44.863,40.81,True
2025-10-21 17:00:00,17,56.0,56.0,56.078,215.0,156.0,59.0,40.0,97.0,196.0,57.302,48.604,62.179,49.49,45.116,True
2025-10-21 18:00:00,18,45.0,45.0,45.892,99.0,83.0,16.0,15.0,62.0,98.0,46.121,39.876,74.699,63.265,62.626,True
2025-10-21 19:00:00,19,37.0,37.0,37.098,61.0,49.0,12.0,8.0,45.0,57.0,38.077,33.112,91.837,78.947,73.77,True
2025-10-21 20:00:00,20,40.0,40.0,40.061,61.0,48.0,13.0,8.0,44.0,56.0,41.121,40.422,91.667,78.571,72.131,True
2025-10-21 21:00:00,21,36.0,36.0,36.571,17.0,14.0,3.0,3.0,13.0,17.0,36.735,35.959,92.857,76.471,76.471,True
2025-10-21 22:00:00,22,25.0,25.0,25.444,19.0,18.0,1.0,0.0,18.0,18.0,25.713,23.905,100.0,100.0,94.737,True
2025-10-21 23:00:00,23,21.0,21.0,21.75,4.0,4.0,0.0,0.0,4.0,4.0,22.078,23.412,100.0,100.0,100.0,True
2025-10-22 00:00:00,0,48.0,48.0,48.0,4.0,4.0,0.0,0.0,4.0,4.0,48.615,49.979,100.0,100.0,100.0,True
2025-10-22 01:00:00,1,30.0,30.0,30.0,4.0,3.0,1.0,1.0,3.0,4.0,39.977,42.558,100.0,75.0,75.0,True
2025-10-22 02:00:00,2,44.0,44.0,44.5,2.0,2.0,0.0,0.0,2.0,2.0,45.194,45.194,100.0,100.0,100.0,True
2025-10-22 03:00:00,3,26.0,26.0,26.7,10.0,10.0,0.0,0.0,10.0,10.0,26.991,23.925,100.0,100.0,100.0,True
2025-10-22 04:00:00,4,32.0,32.0,32.75,14.0,13.0,1.0,1.0,12.0,14.0,37.855,36.553,92.308,85.714,85.714,True
2025-10-22 05:00:00,5,50.0,50.0,50.75,17.0,14.0,3.0,1.0,6.0,15.0,66.858,67.703,42.857,40.0,35.294,True
2025-10-22 06:00:00,6,35.0,35.0,35.861,37.0,33.0,4.0,2.0,31.0,35.0,38.704,38.147,93.939,88.571,83.784,True
2025-10-22 07:00:00,7,42.0,42.0,42.613,380.0,327.0,53.0,23.0,232.0,350.0,49.92,47.412,70.948,66.286,61.053,True
2025-10-22 08:00:00,8,51.0,51.0,51.158,438.0,380.0,58.0,37.0,206.0,417.0,58.816,57.338,54.211,49.4,47.032,True
2025-10-22 09:00:00,9,37.0,37.0,37.782,359.0,317.0,42.0,30.0,282.0,347.0,37.936,34.915,88.959,81.268,78.552,True
2025-10-22 10:00:00,10,23.0,23.0,23.024,352.0,331.0,21.0,12.0,327.0,343.0,23.8,21.789,98.792,95.335,92.898,True
2025-10-22 11:00:00,11,24.0,24.0,24.572,574.0,544.0,30.0,16.0,538.0,560.0,25.115,23.698,98.897,96.071,93.728,True
2025-10-22 12:00:00,12,25.0,25.0,25.371,615.0,581.0,33.0,25.0,574.0,607.0,25.938,24.402,98.795,94.563,93.333,True
2025-10-22 13:00:00,13,22.0,22.0,22.106,530.0,499.0,31.0,14.0,496.0,513.0,22.513,21.145,99.399,96.686,93.585,True
2025-10-22 14:00:00,14,39.0,39.0,39.547,818.0,704.0,114.0,81.0,573.0,785.0,40.51,30.963,81.392,72.994,70.049,True
2025-10-22 15:00:00,15,60.0,60.0,60.682,617.0,468.0,149.0,121.0,252.0,589.0,63.046,55.307,53.846,42.784,40.843,True
2025-10-22 16:00:00,16,75.0,75.0,75.242,316.0,222.0,94.0,75.0,87.0,297.0,77.545,76.553,39.189,29.293,27.532,True
2025-10-22 17:00:00,17,64.0,63.0,63.726,192.0,142.0,50.0,43.0,75.0,185.0,65.21,57.341,52.817,40.541,39.062,False
2025-10-22 18:00:00,18,52.0,52.0,52.524,105.0,82.0,23.0,16.0,50.0,98.0,53.573,44.879,60.976,51.02,47.619,True
2025-10-22 19:00:00,19,64.0,64.0,64.2,51.0,40.0,11.0,11.0,18.0,51.0,64.445,67.154,45.0,35.294,35.294,True
2025-10-22 20:00:00,20,54.0,55.0,55.27,56.0,36.0,20.0,9.0,20.0,45.0,57.163,56.712,55.556,44.444,35.714,False
2025-10-22 21:00:00,21,41.0,41.0,41.81,26.0,22.0,4.0,3.0,20.0,25.0,41.878,39.125,90.909,80.0,76.923,True
2025-10-22 22:00:00,22,24.0,24.0,24.429,15.0,12.0,3.0,2.0,11.0,14.0,26.153,22.102,91.667,78.571,73.333,True
2025-10-22 23:00:00,23,29.0,29.0,29.4,5.0,5.0,0.0,0.0,5.0,5.0,30.083,25.93,100.0,100.0,100.0,True
2025-10-23 00:00:00,0,31.0,31.0,31.333,5.0,3.0,2.0,2.0,3.0,5.0,31.415,24.16,100.0,60.0,60.0,True
2025-10-23 01:00:00,1,32.0,32.0,32.0,5.0,5.0,0.0,0.0,5.0,5.0,32.657,38.739,100.0,100.0,100.0,True
2025-10-23 02:00:00,2,26.0,26.0,26.333,2.0,2.0,0.0,0.0,2.0,2.0,39.914,39.914,100.0,100.0,100.0,True
2025-10-23 03:00:00,3,27.0,27.0,27.0,3.0,3.0,0.0,0.0,3.0,3.0,26.34,25.434,100.0,100.0,100.0,True
2025-10-23 04:00:00,4,25.0,25.0,25.882,13.0,12.0,1.0,1.0,12.0,13.0,32.195,31.518,100.0,92.308,92.308,True
2025-10-23 05:00:00,5,41.0,41.0,41.24,25.0,20.0,5.0,3.0,15.0,23.0,41.284,33.507,75.0,65.217,60.0,True
2025-10-23 06:00:00,6,35.0,35.0,35.623,32.0,30.0,2.0,0.0,27.0,30.0,35.608,37.126,90.0,90.0,84.375,True
2025-10-23 07:00:00,7,43.0,43.0,43.424,407.0,348.0,59.0,31.0,239.0,379.0,51.846,46.45,68.678,63.061,58.722,True
2025-10-23 08:00:00,8,53.0,53.0,53.693,437.0,373.0,64.0,45.0,193.0,418.0,61.338,58.461,51.743,46.172,44.165,True
2025-10-23 09:00:00,9,48.0,48.0,48.475,352.0,309.0,43.0,32.0,222.0,341.0,49.61,47.681,71.845,65.103,63.068,True
2025-10-23 10:00:00,10,27.0,27.0,27.263,363.0,334.0,28.0,16.0,326.0,351.0,29.008,26.772,97.605,92.877,89.807,True
2025-10-23 11:00:00,11,22.0,22.0,22.872,499.0,480.0,19.0,11.0,479.0,491.0,23.37,22.405,99.792,97.556,95.992,True
2025-10-23 12:00:00,12,23.0,23.0,23.364,560.0,538.0,22.0,13.0,537.0,551.0,24.073,22.621,99.814,97.459,95.893,True
2025-10-23 13:00:00,13,23.0,23.0,23.298,554.0,512.0,42.0,21.0,508.0,533.0,23.926,22.759,99.219,95.31,91.697,True
2025-10-23 14:00:00,14,40.0,40.0,40.546,705.0,603.0,101.0,56.0,489.0,660.0,41.935,31.687,81.095,74.091,69.362,True
2025-10-23 15:00:00,15,64.0,63.0,63.9,643.0,496.0,147.0,117.0,258.0,613.0,66.441,56.435,52.016,42.088,40.124,False
2025-10-23 16:00:00,16,74.0,74.0,74.253,322.0,216.0,106.0,73.0,99.0,289.0,75.184,67.318,45.833,34.256,30.745,True
2025-10-23 17:00:00,17,59.0,59.0,59.737,187.0,145.0,41.0,29.0,76.0,175.0,61.498,59.257,52.414,43.429,40.642,True
2025-10-23 18:00:00,18,48.0,48.0,48.759,96.0,78.0,18.0,11.0,54.0,89.0,49.425,42.565,69.231,60.674,56.25,True
2025-10-23 19:00:00,19,41.0,41.0,41.79,84.0,58.0,26.0,15.0,43.0,73.0,42.547,37.569,74.138,58.904,51.19,True
2025-10-23 20:00:00,20,61.0,62.0,62.488,61.0,44.0,16.0,14.0,23.0,59.0,62.962,57.249,52.273,38.983,37.705,False
2025-10-23 21:00:00,21,78.0,78.0,78.182,37.0,21.0,16.0,15.0,6.0,36.0,79.029,81.568,28.571,16.667,16.216,True
2025-10-23 22:00:00,22,79.0,79.0,79.7,14.0,10.0,4.0,4.0,4.0,14.0,80.176,81.679,40.0,28.571,28.571,True
2025-10-23 23:00:00,23,27.0,27.0,27.8,5.0,5.0,0.0,0.0,5.0,5.0,28.209,27.543,100.0,100.0,100.0,True
2025-10-24 00:00:00,0,28.0,29.0,29.75,4.0,4.0,0.0,0.0,4.0,4.0,30.057,31.078,100.0,100.0,100.0,False
2025-10-24 01:00:00,1,32.0,32.0,32.0,3.0,2.0,1.0,0.0,1.0,2.0,46.911,46.911,50.0,50.0,33.333,True
2025-10-24 02:00:00,2,34.0,34.0,34.75,4.0,4.0,0.0,0.0,4.0,4.0,34.297,31.347,100.0,100.0,100.0,True
2025-10-24 03:00:00,3,28.0,28.0,28.0,5.0,4.0,1.0,1.0,4.0,5.0,30.824,31.883,100.0,80.0,80.0,True
2025-10-24 04:00:00,4,27.0,27.0,27.455,9.0,9.0,0.0,0.0,9.0,9.0,31.859,34.133,100.0,100.0,100.0,True
2025-10-24 05:00:00,5,43.0,43.0,43.154,19.0,16.0,3.0,3.0,10.0,19.0,57.554,54.021,62.5,52.632,52.632,True
2025-10-24 06:00:00,6,39.0,39.0,39.892,30.0,29.0,1.0,0.0,25.0,29.0,46.201,40.059,86.207,86.207,83.333,True
2025-10-24 07:00:00,7,47.0,46.0,46.992,375.0,308.0,67.0,41.0,177.0,349.0,57.293,54.527,57.468,50.716,47.2,False
2025-10-24 08:00:00,8,54.0,54.0,54.852,410.0,330.0,80.0,61.0,137.0,391.0,64.273,65.014,41.515,35.038,33.415,True
2025-10-24 09:00:00,9,44.0,44.0,44.826,330.0,283.0,47.0,35.0,224.0,318.0,45.633,45.417,79.152,70.44,67.879,True
2025-10-24 10:00:00,10,29.0,29.0,29.007,406.0,376.0,30.0,20.0,367.0,396.0,30.867,29.454,97.606,92.677,90.394,True
2025-10-24 11:00:00,11,29.0,28.0,28.981,529.0,502.0,27.0,14.0,490.0,516.0,29.724,28.513,97.61,94.961,92.628,False
2025-10-24 12:00:00,12,28.0,28.0,28.51,580.0,543.0,37.0,28.0,525.0,571.0,29.152,27.055,96.685,91.944,90.517,True
2025-10-24 13:00:00,13,27.0,27.0,27.256,522.0,483.0,39.0,29.0,467.0,512.0,27.806,24.721,96.687,91.211,89.464,True
2025-10-24 14:00:00,14,45.0,45.0,45.698,783.0,677.0,106.0,77.0,502.0,754.0,47.158,37.93,74.151,66.578,64.112,True
2025-10-24 15:00:00,15,67.0,67.0,67.914,544.0,428.0,115.0,93.0,199.0,522.0,70.263,63.193,46.495,38.123,36.581,True
2025-10-24 16:00:00,16,80.0,81.0,81.465,281.0,192.0,87.0,66.0,56.0,260.0,84.002,79.804,29.167,21.538,19.929,False
2025-10-24 17:00:00,17,73.0,73.0,73.629,172.0,133.0,39.0,29.0,53.0,162.0,75.573,73.556,39.85,32.716,30.814,True
2025-10-24 18:00:00,18,49.0,49.0,49.028,91.0,67.0,24.0,15.0,48.0,82.0,51.495,42.474,71.642,58.537,52.747,True
2025-10-24 19:00:00,19,40.0,40.0,40.25,64.0,51.0,13.0,10.0,41.0,61.0,40.904,34.882,80.392,67.213,64.062,True
2025-10-24 20:00:00,20,62.0,62.0,62.5,71.0,54.0,17.0,17.0,28.0,71.0,62.662,59.548,51.852,39.437,39.437,True
2025-10-24 21:00:00,21,74.0,76.0,76.111,42.0,26.0,16.0,15.0,7.0,41.0,75.83,80.284,26.923,17.073,16.667,False
2025-10-24 22:00:00,22,74.0,74.0,74.833,12.0,6.0,6.0,6.0,2.0,12.0,75.16,75.247,33.333,16.667,16.667,True
2025-10-24 23:00:00,23,50.0,50.0,50.571,9.0,7.0,2.0,2.0,5.0,9.0,50.8,58.942,71.429,55.556,55.556,True
2025-10-25 00:00:00,0,39.0,39.0,39.75,5.0,4.0,1.0,1.0,4.0,5.0,40.21,38.291,100.0,80.0,80.0,True
2025-10-25 01:00:00,1,35.0,35.0,35.8,6.0,5.0,1.0,1.0,5.0,6.0,36.563,40.331,100.0,83.333,83.333,True
2025-10-25 02:00:00,2,24.0,24.0,24.0,4.0,4.0,0.0,0.0,4.0,4.0,27.928,23.991,100.0,100.0,100.0,True
2025-10-25 03:00:00,3,38.0,38.0,38.25,10.0,8.0,2.0,2.0,7.0,10.0,38.283,38.298,87.5,70.0,70.0,True
2025-10-25 04:00:00,4,25.0,25.0,25.417,10.0,9.0,1.0,1.0,9.0,10.0,27.531,25.485,100.0,90.0,90.0,True
2025-10-25 05:00:00,5,33.0,33.0,33.571,19.0,19.0,0.0,0.0,15.0,19.0,41.161,27.577,78.947,78.947,78.947,True
2025-10-25 06:00:00,6,59.0,59.0,59.13,14.0,13.0,1.0,1.0,9.0,14.0,50.914,50.209,69.231,64.286,64.286,True
2025-10-25 07:00:00,7,33.0,33.0,33.941,63.0,56.0,7.0,4.0,48.0,60.0,39.183,34.252,85.714,80.0,76.19,True
2025-10-25 08:00:00,8,27.0,27.0,27.217,163.0,145.0,18.0,11.0,142.0,156.0,28.44,27.102,97.931,91.026,87.117,True
2025-10-25 09:00:00,9,45.0,45.0,45.928,245.0,205.0,40.0,30.0,159.0,235.0,46.518,39.916,77.561,67.66,64.898,True
2025-10-25 10:00:00,10,50.0,49.0,49.892,215.0,170.0,45.0,43.0,99.0,213.0,56.02,53.147,58.235,46.479,46.047,False
2025-10-25 11:00:00,11,56.0,56.0,56.519,286.0,238.0,48.0,38.0,144.0,276.0,57.461,56.907,60.504,52.174,50.35,True
2025-10-25 12:00:00,12,47.0,47.0,47.406,240.0,204.0,36.0,27.0,142.0,231.0,49.235,46.891,69.608,61.472,59.167,True
2025-10-25 13:00:00,13,41.0,41.0,41.597,204.0,179.0,25.0,23.0,147.0,202.0,42.282,39.948,82.123,72.772,72.059,True
2025-10-25 14:00:00,14,35.0,35.0,35.215,176.0,155.0,21.0,15.0,137.0,170.0,36.332,34.129,88.387,80.588,77.841,True
2025-10-25 15:00:00,15,47.0,47.0,47.022,215.0,178.0,37.0,27.0,135.0,205.0,48.264,39.848,75.843,65.854,62.791,True
2025-10-25 16:00:00,16,56.0,56.0,56.484,186.0,123.0,63.0,55.0,74.0,178.0,58.231,48.341,60.163,41.573,39.785,True
2025-10-25 17:00:00,17,62.0,62.0,62.892,100.0,73.0,27.0,25.0,33.0,98.0,63.588,61.202,45.205,33.673,33.0,True
2025-10-25 18:00:00,18,45.0,45.0,45.255,68.0,50.0,18.0,16.0,40.0,66.0,46.581,41.669,80.0,60.606,58.824,True
2025-10-25 19:00:00,19,36.0,36.0,36.914,67.0,59.0,8.0,5.0,57.0,64.0,37.684,36.587,96.61,89.062,85.075,True
2025-10-25 20:00:00,20,37.0,37.0,37.5,47.0,37.0,10.0,5.0,34.0,42.0,37.224,36.033,91.892,80.952,72.34,True
2025-10-25 21:00:00,21,30.0,30.0,30.724,34.0,29.0,5.0,5.0,29.0,34.0,30.779,29.564,100.0,85.294,85.294,True
2025-10-25 22:00:00,22,32.0,32.0,32.769,14.0,12.0,2.0,2.0,11.0,14.0,36.093,30.328,91.667,78.571,78.571,True
2025-10-25 23:00:00,23,34.0,34.0,34.769,14.0,13.0,1.0,1.0,12.0,14.0,34.891,31.463,92.308,85.714,85.714,True
2025-10-26 00:00:00,0,27.0,27.0,27.75,4.0,4.0,0.0,0.0,4.0,4.0,28.175,26.404,100.0,100.0,100.0,True
2025-10-26 01:00:00,1,24.0,24.0,24.2,4.0,4.0,0.0,0.0,4.0,4.0,27.877,25.634,100.0,100.0,100.0,True
2025-10-26 02:00:00,2,20.0,20.0,20.5,3.0,2.0,1.0,1.0,2.0,3.0,20.926,20.926,100.0,66.667,66.667,True
2025-10-26 03:00:00,3,35.0,35.0,35.667,4.0,3.0,1.0,1.0,3.0,4.0,35.975,35.837,100.0,75.0,75.0,True
2025-10-26 04:00:00,4,24.0,24.0,24.25,4.0,4.0,0.0,0.0,4.0,4.0,24.597,26.296,100.0,100.0,100.0,True
2025-10-26 05:00:00,5,43.0,43.0,43.833,7.0,6.0,1.0,1.0,5.0,7.0,44.299,28.026,83.333,71.429,71.429,True
2025-10-26 06:00:00,6,42.0,42.0,42.667,6.0,4.0,2.0,1.0,2.0,5.0,51.062,50.294,50.0,40.0,33.333,True
2025-10-26 07:00:00,7,46.0,46.0,46.494,76.0,64.0,12.0,10.0,45.0,74.0,52.05,47.153,70.312,60.811,59.211,True
2025-10-26 08:00:00,8,45.0,45.0,45.688,204.0,163.0,41.0,35.0,115.0,198.0,50.852,40.318,70.552,58.081,56.373,True
2025-10-26 09:00:00,9,68.0,68.0,68.47,219.0,162.0,57.0,52.0,63.0,214.0,69.359,69.501,38.889,29.439,28.767,True
2025-10-26 10:00:00,10,53.0,53.0,53.669,131.0,97.0,34.0,34.0,39.0,131.0,64.069,64.74,40.206,29.771,29.771,True
2025-10-26 11:00:00,11,39.0,39.0,39.11,141.0,127.0,14.0,9.0,121.0,136.0,39.563,39.802,95.276,88.971,85.816,True
2025-10-26 12:00:00,12,32.0,32.0,32.905,288.0,252.0,36.0,22.0,232.0,274.0,33.805,30.492,92.063,84.672,80.556,True
2025-10-26 13:00:00,13,36.0,36.0,36.444,252.0,222.0,30.0,19.0,198.0,241.0,36.761,32.26,89.189,82.158,78.571,True
2025-10-26 14:00:00,14,42.0,42.0,42.057,184.0,157.0,27.0,19.0,123.0,176.0,42.773,36.576,78.344,69.886,66.848,True
2025-10-26 15:00:00,15,42.0,42.0,42.597,168.0,137.0,31.0,23.0,106.0,160.0,44.841,36.63,77.372,66.25,63.095,True
2025-10-26 16:00:00,16,49.0,50.0,50.0,122.0,92.0,30.0,22.0,58.0,114.0,51.969,46.773,63.043,50.877,47.541,False
2025-10-26 17:00:00,17,41.0,40.0,40.742,83.0,63.0,20.0,9.0,50.0,72.0,41.094,37.178,79.365,69.444,60.241,False
2025-10-26 18:00:00,18,45.0,45.0,45.435,86.0,62.0,24.0,13.0,51.0,75.0,45.57,44.565,82.258,68.0,59.302,True
2025-10-26 19:00:00,19,55.0,56.0,56.759,65.0,53.0,12.0,9.0,34.0,62.0,57.81,44.166,64.151,54.839,52.308,False
2025-10-26 20:00:00,20,66.0,66.0,66.875,25.0,16.0,9.0,8.0,7.0,24.0,72.06,73.523,43.75,29.167,28.0,True
2025-10-26 21:00:00,21,98.0,98.0,98.133,24.0,14.0,10.0,8.0,0.0,22.0,100.041,98.92,0.0,0.0,0.0,True
2025-10-26 22:00:00,22,84.0,84.0,84.75,4.0,4.0,0.0,0.0,1.0,4.0,85.378,78.498,25.0,25.0,25.0,True
2025-10-26 23:00:00,23,29.0,29.0,29.667,4.0,3.0,0.0,0.0,3.0,4.0,29.986,28.681,100.0,75.0,75.0,True
2025-10-27 00:00:00,0,29.0,29.0,29.0,5.0,4.0,1.0,0.0,4.0,4.0,29.799,28.833,100.0,100.0,80.0,True
2025-10-27 01:00:00,1,50.0,50.0,50.25,6.0,4.0,2.0,0.0,3.0,4.0,50.796,45.149,75.0,75.0,50.0,True
2025-10-27 02:00:00,2,53.0,53.0,53.0,3.0,3.0,0.0,0.0,3.0,3.0,53.717,53.42,100.0,100.0,100.0,True
2025-10-27 03:00:00,3,34.0,34.0,34.0,2.0,2.0,0.0,0.0,2.0,2.0,33.431,33.431,100.0,100.0,100.0,True
2025-10-27 04:00:00,4,27.0,27.0,27.368,17.0,17.0,0.0,0.0,17.0,17.0,30.755,28.962,100.0,100.0,100.0,True
2025-10-27 05:00:00,5,45.0,45.0,45.731,21.0,17.0,4.0,3.0,9.0,20.0,58.876,58.61,52.941,45.0,42.857,True
2025-10-27 06:00:00,6,41.0,41.0,41.97,30.0,27.0,3.0,2.0,21.0,29.0,49.074,48.758,77.778,72.414,70.0,True
2025-10-27 07:00:00,7,58.0,58.0,58.255,410.0,344.0,66.0,46.0,113.0,390.0,70.815,70.72,32.849,28.974,27.561,True
2025-10-27 08:00:00,8,65.0,65.0,65.244,367.0,321.0,46.0,38.0,59.0,359.0,77.0,77.16,18.38,16.435,16.076,True
2025-10-27 09:00:00,9,51.0,51.0,51.077,305.0,261.0,44.0,31.0,168.0,292.0,52.214,52.27,64.368,57.534,55.082,True
2025-10-27 10:00:00,10,27.0,27.0,27.533,364.0,325.0,39.0,14.0,318.0,339.0,29.208,27.332,97.846,93.805,87.363,True
2025-10-27 11:00:00,11,25.0,25.0,25.515,569.0,533.0,36.0,23.0,528.0,556.0,26.303,24.864,99.062,94.964,92.794,True
2025-10-27 12:00:00,12,23.0,23.0,23.918,549.0,517.0,31.0,14.0,515.0,532.0,24.358,23.784,99.613,96.805,93.807,True
2025-10-27 13:00:00,13,20.0,20.0,20.864,493.0,457.0,36.0,21.0,456.0,478.0,21.121,20.11,99.781,95.397,92.495,True
2025-10-27 14:00:00,14,32.0,32.0,32.641,797.0,697.0,100.0,51.0,626.0,748.0,33.61,28.072,89.813,83.69,78.545,True
2025-10-27 15:00:00,15,51.0,51.0,51.988,644.0,549.0,94.0,60.0,330.0,610.0,54.06,49.782,60.109,54.098,51.242,True
2025-10-27 16:00:00,16,57.0,57.0,57.599,358.0,270.0,88.0,47.0,147.0,317.0,58.669,55.867,54.444,46.372,41.061,True
2025-10-27 17:00:00,17,50.0,50.0,50.824,189.0,154.0,35.0,20.0,105.0,174.0,52.566,45.439,68.182,60.345,55.556,True
2025-10-27 18:00:00,18,32.0,32.0,32.449,98.0,74.0,24.0,13.0,70.0,87.0,33.362,30.339,94.595,80.46,71.429,True
2025-10-27 19:00:00,19,29.0,29.0,29.111,74.0,63.0,11.0,8.0,62.0,71.0,29.465,27.813,98.413,87.324,83.784,True
2025-10-27 20:00:00,20,32.0,32.0,32.025,48.0,39.0,9.0,4.0,37.0,43.0,32.889,26.675,94.872,86.047,77.083,True
2025-10-27 21:00:00,21,48.0,48.0,48.423,31.0,26.0,5.0,4.0,19.0,30.0,48.834,39.837,73.077,63.333,61.29,True
2025-10-27 22:00:00,22,43.0,43.0,43.273,15.0,11.0,4.0,4.0,9.0,15.0,43.452,34.35,81.818,60.0,60.0,True
2025-10-27 23:00:00,23,51.0,51.0,51.2,6.0,5.0,1.0,1.0,4.0,6.0,51.984,41.854,80.0,66.667,66.667,True
2025-10-28 00:00:00,0,37.0,37.0,37.667,3.0,3.0,0.0,0.0,3.0,3.0,38.208,39.601,100.0,100.0,100.0,True
2025-10-28 01:00:00,1,23.0,23.0,23.0,5.0,5.0,0.0,0.0,5.0,5.0,23.903,16.024,100.0,100.0,100.0,True
2025-10-28 02:00:00,2,26.0,26.0,26.667,2.0,2.0,0.0,0.0,2.0,2.0,21.311,21.311,100.0,100.0,100.0,True
2025-10-28 03:00:00,3,17.0,17.0,17.0,2.0,1.0,1.0,1.0,1.0,2.0,18.497,18.497,100.0,50.0,50.0,True
2025-10-28 04:00:00,4,29.0,29.0,29.667,12.0,11.0,1.0,1.0,9.0,12.0,35.086,23.586,81.818,75.0,75.0,True
2025-10-28 05:00:00,5,56.0,56.0,56.296,23.0,21.0,2.0,1.0,14.0,22.0,52.778,48.54,66.667,63.636,60.87,True
2025-10-28 06:00:00,6,40.0,40.0,40.87,21.0,19.0,1.0,1.0,18.0,21.0,38.909,38.689,94.737,85.714,85.714,True
2025-10-28 07:00:00,7,52.0,52.0,52.724,403.0,341.0,62.0,46.0,166.0,387.0,63.995,61.132,48.68,42.894,41.191,True
2025-10-28 08:00:00,8,58.0,58.0,58.861,361.0,315.0,46.0,34.0,97.0,349.0,70.248,68.864,30.794,27.794,26.87,True
2025-10-28 09:00:00,9,46.0,46.0,46.178,288.0,246.0,42.0,23.0,188.0,269.0,47.197,47.091,76.423,69.888,65.278,True
2025-10-28 10:00:00,10,27.0,27.0,27.315,363.0,337.0,26.0,17.0,328.0,354.0,29.087,26.825,97.329,92.655,90.358,True
2025-10-28 11:00:00,11,25.0,25.0,25.784,515.0,486.0,29.0,14.0,480.0,500.0,26.273,24.178,98.765,96.0,93.204,True
2025-10-28 12:00:00,12,25.0,25.0,25.139,547.0,521.0,26.0,13.0,518.0,534.0,25.801,24.689,99.424,97.004,94.698,True
2025-10-28 13:00:00,13,23.0,23.0,23.886,595.0,553.0,42.0,26.0,550.0,579.0,24.263,22.994,99.458,94.991,92.437,True
2025-10-28 14:00:00,14,37.0,37.0,37.446,794.0,664.0,130.0,88.0,565.0,752.0,38.611,32.035,85.09,75.133,71.159,True
2025-10-28 15:00:00,15,57.0,57.0,57.901,655.0,531.0,124.0,90.0,328.0,621.0,59.516,51.444,61.77,52.818,50.076,True
2025-10-28 16:00:00,16,62.0,62.0,62.111,288.0,218.0,70.0,42.0,111.0,260.0,63.457,58.763,50.917,42.692,38.542,True
2025-10-28 17:00:00,17,51.0,51.0,51.065,191.0,157.0,34.0,16.0,99.0,173.0,52.19,45.726,63.057,57.225,51.832,True
2025-10-28 18:00:00,18,38.0,38.0,38.457,93.0,81.0,12.0,5.0,67.0,86.0,38.973,37.01,82.716,77.907,72.043,True
2025-10-28 19:00:00,19,31.0,31.0,31.5,74.0,66.0,8.0,5.0,63.0,71.0,31.85,28.305,95.455,88.732,85.135,True
2025-10-28 20:00:00,20,32.0,32.0,32.787,52.0,46.0,6.0,3.0,44.0,49.0,32.001,29.813,95.652,89.796,84.615,True
2025-10-28 21:00:00,21,37.0,37.0,37.929,30.0,28.0,2.0,1.0,27.0,29.0,38.197,35.165,96.429,93.103,90.0,True
2025-10-28 22:00:00,22,28.0,28.0,28.857,12.0,12.0,0.0,0.0,12.0,12.0,33.787,31.949,100.0,100.0,100.0,True
2025-10-28 23:00:00,23,33.0,33.0,33.167,6.0,6.0,0.0,0.0,6.0,6.0,33.683,35.615,100.0,100.0,100.0,True
2025-10-29 00:00:00,0,39.0,39.0,39.333,7.0,3.0,4.0,4.0,3.0,7.0,40.31,35.533,100.0,42.857,42.857,True
2025-10-29 01:00:00,1,45.0,45.0,45.0,3.0,3.0,0.0,0.0,3.0,3.0,44.94,50.128,100.0,100.0,100.0,True
2025-10-29 02:00:00,2,26.0,26.0,26.667,3.0,3.0,0.0,0.0,3.0,3.0,27.135,26.569,100.0,100.0,100.0,True
2025-10-29 03:00:00,3,28.0,28.0,28.714,6.0,6.0,0.0,0.0,6.0,6.0,33.743,33.314,100.0,100.0,100.0,True
2025-10-29 04:00:00,4,27.0,27.0,27.0,11.0,11.0,0.0,0.0,11.0,11.0,30.4,29.701,100.0,100.0,100.0,True
2025-10-29 05:00:00,5,46.0,46.0,46.792,20.0,16.0,4.0,1.0,11.0,17.0,45.719,38.497,68.75,64.706,55.0,True
2025-10-29 06:00:00,6,36.0,36.0,36.735,35.0,29.0,6.0,5.0,26.0,34.0,42.046,41.134,89.655,76.471,74.286,True
2025-10-29 07:00:00,7,44.0,44.0,44.736,419.0,348.0,71.0,29.0,237.0,377.0,50.794,44.434,68.103,62.865,56.563,True
2025-10-29 08:00:00,8,54.0,54.0,54.393,443.0,380.0,63.0,39.0,180.0,419.0,62.487,61.274,47.368,42.959,40.632,True
2025-10-29 09:00:00,9,39.0,39.0,39.96,370.0,320.0,50.0,35.0,274.0,355.0,40.581,36.838,85.625,77.183,74.054,True
2025-10-29 10:00:00,10,24.0,24.0,24.783,382.0,351.0,31.0,17.0,350.0,368.0,25.587,23.813,99.715,95.109,91.623,True
2025-10-29 11:00:00,11,22.0,22.0,22.045,539.0,516.0,23.0,14.0,513.0,530.0,22.524,21.502,99.419,96.792,95.176,True
2025-10-29 12:00:00,12,23.0,23.0,23.725,619.0,582.0,37.0,18.0,581.0,600.0,24.257,22.809,99.828,96.833,93.861,True
2025-10-29 13:00:00,13,22.0,22.0,22.861,534.0,492.0,42.0,24.0,489.0,516.0,23.194,22.291,99.39,94.767,91.573,True
2025-10-29 14:00:00,14,36.0,36.0,36.723,830.0,723.0,107.0,62.0,620.0,785.0,37.514,30.021,85.754,78.981,74.699,True
2025-10-29 15:00:00,15,58.0,58.0,58.374,595.0,465.0,128.0,95.0,282.0,562.0,60.771,49.494,60.645,50.178,47.395,True
2025-10-29 16:00:00,16,63.0,63.0,63.701,342.0,253.0,89.0,73.0,129.0,326.0,65.665,58.709,50.988,39.571,37.719,True
2025-10-29 17:00:00,17,57.0,57.0,57.081,212.0,151.0,60.0,43.0,88.0,195.0,58.243,46.746,58.278,45.128,41.509,True
2025-10-29 18:00:00,18,47.0,47.0,47.329,88.0,72.0,16.0,8.0,48.0,80.0,49.275,41.451,66.667,60.0,54.545,True
2025-10-29 19:00:00,19,35.0,35.0,35.655,66.0,55.0,11.0,6.0,46.0,61.0,35.973,34.295,83.636,75.41,69.697,True
2025-10-29 20:00:00,20,40.0,40.0,40.311,57.0,44.0,13.0,10.0,36.0,54.0,41.456,35.133,81.818,66.667,63.158,True
2025-10-29 21:00:00,21,35.0,35.0,35.708,27.0,24.0,3.0,2.0,21.0,26.0,35.859,33.922,87.5,80.769,77.778,True
2025-10-29 22:00:00,22,30.0,30.0,30.333,15.0,12.0,3.0,3.0,12.0,15.0,30.543,30.139,100.0,80.0,80.0,True
2025-10-29 23:00:00,23,24.0,24.0,24.6,5.0,5.0,0.0,0.0,5.0,5.0,25.812,18.897,100.0,100.0,100.0,True
2025-10-30 00:00:00,0,27.0,27.0,27.0,5.0,4.0,1.0,1.0,4.0,5.0,27.186,20.672,100.0,80.0,80.0,True
2025-10-30 01:00:00,1,35.0,35.0,35.0,2.0,2.0,0.0,0.0,2.0,2.0,36.098,36.098,100.0,100.0,100.0,True
2025-10-30 03:00:00,3,26.0,26.0,26.625,8.0,8.0,0.0,0.0,8.0,8.0,26.92,26.893,100.0,100.0,100.0,True
2025-10-30 04:00:00,4,31.0,31.0,31.25,14.0,12.0,2.0,2.0,10.0,14.0,37.025,29.654,83.333,71.429,71.429,True
2025-10-30 05:00:00,5,39.0,39.0,39.96,21.0,19.0,2.0,1.0,16.0,20.0,41.506,39.902,84.211,80.0,76.19,True
2025-10-30 06:00:00,6,36.0,36.0,36.309,21.0,20.0,1.0,0.0,20.0,20.0,37.659,35.237,100.0,100.0,95.238,True
2025-10-30 07:00:00,7,36.0,36.0,36.851,377.0,298.0,79.0,32.0,246.0,330.0,41.82,37.754,82.55,74.545,65.252,True
2025-10-30 08:00:00,8,46.0,46.0,46.325,433.0,381.0,52.0,21.0,263.0,402.0,52.847,52.828,69.029,65.423,60.739,True
2025-10-30 09:00:00,9,31.0,31.0,31.0,282.0,249.0,33.0,18.0,236.0,267.0,31.498,27.984,94.779,88.39,83.688,True
2025-10-30 10:00:00,10,22.0,22.0,22.544,430.0,404.0,26.0,12.0,403.0,416.0,23.496,21.438,99.752,96.875,93.721,True
2025-10-30 11:00:00,11,23.0,23.0,23.415,504.0,480.0,24.0,16.0,479.0,496.0,23.811,22.82,99.792,96.573,95.04,True
2025-10-30 12:00:00,12,24.0,24.0,24.023,545.0,520.0,25.0,17.0,515.0,537.0,24.677,23.241,99.038,95.903,94.495,True
2025-10-30 13:00:00,13,23.0,23.0,23.682,508.0,482.0,26.0,22.0,480.0,504.0,24.147,22.748,99.585,95.238,94.488,True
2025-10-30 14:00:00,14,37.0,37.0,37.649,741.0,648.0,93.0,56.0,545.0,704.0,38.768,29.728,84.105,77.415,73.549,True
2025-10-30 15:00:00,15,55.0,55.0,55.703,593.0,482.0,111.0,83.0,286.0,565.0,57.267,47.228,59.336,50.619,48.229,True
2025-10-30 16:00:00,16,59.0,59.0,59.813,311.0,224.0,86.0,56.0,120.0,281.0,60.82,53.676,53.571,42.705,38.585,True
2025-10-30 17:00:00,17,54.0,54.0,54.132,188.0,142.0,46.0,33.0,87.0,175.0,55.25,43.951,61.268,49.714,46.277,True
2025-10-30 18:00:00,18,38.0,39.0,39.175,114.0,95.0,18.0,15.0,78.0,111.0,39.747,33.164,82.105,70.27,68.421,False
2025-10-30 19:00:00,19,33.0,33.0,33.353,75.0,66.0,9.0,6.0,62.0,72.0,33.896,30.588,93.939,86.111,82.667,True
2025-10-30 20:00:00,20,53.0,53.0,53.341,63.0,44.0,19.0,16.0,27.0,60.0,53.436,47.634,61.364,45.0,42.857,True
2025-10-30 21:00:00,21,39.0,39.0,39.905,29.0,21.0,8.0,6.0,17.0,27.0,40.162,35.643,80.952,62.963,58.621,True
2025-10-30 22:00:00,22,38.0,38.0,38.696,26.0,23.0,3.0,1.0,19.0,24.0,38.946,35.387,82.609,79.167,73.077,True
2025-10-30 23:00:00,23,30.0,30.0,30.857,8.0,7.0,1.0,1.0,7.0,8.0,31.381,28.112,100.0,87.5,87.5,True
2025-10-31 00:00:00,0,16.0,16.0,16.5,2.0,2.0,0.0,0.0,2.0,2.0,17.077,17.077,100.0,100.0,100.0,True
2025-10-31 01:00:00,1,35.0,35.0,35.75,5.0,5.0,0.0,0.0,4.0,5.0,35.633,31.724,80.0,80.0,80.0,True
2025-10-31 02:00:00,2,33.0,33.0,33.875,7.0,6.0,1.0,1.0,6.0,7.0,39.245,37.9,100.0,85.714,85.714,True
2025-10-31 03:00:00,3,30.0,30.0,30.714,7.0,7.0,0.0,0.0,7.0,7.0,30.855,31.499,100.0,100.0,100.0,True
2025-10-31 04:00:00,4,32.0,32.0,32.062,13.0,13.0,0.0,0.0,12.0,13.0,35.155,31.883,92.308,92.308,92.308,True
2025-10-31 05:00:00,5,44.0,44.0,44.375,19.0,14.0,5.0,4.0,8.0,18.0,59.59,52.647,57.143,44.444,42.105,True
2025-10-31 06:00:00,6,40.0,40.0,40.759,25.0,23.0,2.0,0.0,18.0,23.0,46.607,44.452,78.261,78.261,72.0,True
2025-10-31 07:00:00,7,36.0,36.0,36.536,272.0,234.0,38.0,12.0,191.0,246.0,42.789,37.97,81.624,77.642,70.221,True
2025-10-31 08:00:00,8,40.0,40.0,40.623,416.0,353.0,63.0,21.0,283.0,374.0,44.933,41.978,80.17,75.668,68.029,True
2025-10-31 09:00:00,9,29.0,29.0,29.963,354.0,309.0,45.0,22.0,304.0,331.0,30.276,28.65,98.382,91.843,85.876,True
2025-10-31 10:00:00,10,22.0,22.0,22.038,407.0,382.0,25.0,10.0,380.0,392.0,23.066,21.525,99.476,96.939,93.366,True
2025-10-31 11:00:00,11,24.0,24.0,24.727,508.0,471.0,35.0,22.0,469.0,495.0,25.303,23.525,99.575,94.747,92.323,True
2025-10-31 12:00:00,12,24.0,24.0,24.648,544.0,511.0,32.0,21.0,506.0,533.0,25.049,23.374,99.022,94.934,93.015,True
2025-10-31 13:00:00,13,24.0,24.0,24.063,529.0,491.0,38.0,23.0,488.0,514.0,24.625,23.577,99.389,94.942,92.25,True
2025-10-31 14:00:00,14,38.0,38.0,38.195,667.0,577.0,90.0,60.0,482.0,637.0,39.177,30.793,83.536,75.667,72.264,True
2025-10-31 15:00:00,15,58.0,58.0,58.24,570.0,464.0,106.0,75.0,272.0,539.0,60.21,50.621,58.621,50.464,47.719,True
2025-10-31 16:00:00,16,74.0,74.0,74.321,309.0,218.0,91.0,59.0,74.0,277.0,76.033,75.996,33.945,26.715,23.948,True
2025-10-31 17:00:00,17,73.0,73.0,73.333,201.0,134.0,67.0,54.0,54.0,188.0,74.008,74.063,40.299,28.723,26.866,True
2025-10-31 18:00:00,18,59.0,59.0,59.104,95.0,63.0,31.0,24.0,37.0,88.0,61.015,52.38,58.73,42.045,38.947,True
2025-10-31 19:00:00,19,41.0,41.0,41.891,57.0,46.0,11.0,6.0,39.0,52.0,42.626,38.543,84.783,75.0,68.421,True
2025-10-31 20:00:00,20,51.0,51.0,51.873,69.0,54.0,15.0,12.0,35.0,66.0,54.891,43.804,64.815,53.03,50.725,True
2025-10-31 21:00:00,21,56.0,56.0,56.519,36.0,26.0,10.0,8.0,18.0,34.0,54.233,47.137,69.231,52.941,50.0,True
2025-10-31 22:00:00,22,51.0,52.0,52.353,23.0,17.0,6.0,5.0,12.0,22.0,52.735,47.749,70.588,54.545,52.174,False
2025-10-31 23:00:00,23,70.0,67.0,67.5,19.0,9.0,9.0,6.0,2.0,16.0,69.369,77.21,22.222,12.5,10.526,False
2025-11-01 00:00:00,0,81.0,81.0,81.167,10.0,5.0,5.0,4.0,1.0,9.0,82.505,83.811,20.0,11.111,10.0,True
2025-11-01 01:00:00,1,58.0,58.0,58.667,5.0,3.0,2.0,1.0,2.0,4.0,58.948,42.881,66.667,50.0,40.0,True
2025-11-01 02:00:00,2,32.0,32.0,32.333,4.0,3.0,1.0,1.0,3.0,4.0,33.673,34.517,100.0,75.0,75.0,True
2025-11-01 03:00:00,3,32.0,32.0,32.1,9.0,9.0,0.0,0.0,9.0,9.0,32.507,33.812,100.0,100.0,100.0,True
2025-11-01 04:00:00,4,31.0,31.0,31.308,10.0,10.0,0.0,0.0,9.0,10.0,39.133,31.378,90.0,90.0,90.0,True
2025-11-01 05:00:00,5,37.0,37.0,37.0,14.0,10.0,4.0,4.0,7.0,14.0,46.441,31.381,70.0,50.0,50.0,True
2025-11-01 06:00:00,6,57.0,57.0,57.455,14.0,14.0,0.0,0.0,8.0,14.0,53.565,46.771,57.143,57.143,57.143,True
2025-11-01 07:00:00,7,32.0,32.0,32.167,67.0,61.0,6.0,4.0,59.0,65.0,36.427,34.772,96.721,90.769,88.06,True
2025-11-01 08:00:00,8,29.0,28.0,28.918,136.0,117.0,19.0,11.0,112.0,128.0,31.458,28.941,95.726,87.5,82.353,False
2025-11-01 09:00:00,9,46.0,46.0,46.791,240.0,193.0,47.0,38.0,143.0,231.0,47.734,42.36,74.093,61.905,59.583,True
2025-11-01 10:00:00,10,57.0,56.0,56.915,219.0,167.0,52.0,44.0,84.0,211.0,63.493,58.902,50.299,39.81,38.356,False
2025-11-01 11:00:00,11,57.0,57.0,57.667,273.0,203.0,70.0,50.0,124.0,253.0,58.462,57.217,61.084,49.012,45.421,True
2025-11-01 12:00:00,12,46.0,46.0,46.159,206.0,161.0,45.0,35.0,118.0,196.0,48.502,44.125,73.292,60.204,57.282,True
2025-11-01 13:00:00,13,34.0,34.0,34.613,204.0,176.0,28.0,17.0,160.0,193.0,35.881,32.608,90.909,82.902,78.431,True
2025-11-01 14:00:00,14,34.0,34.0,34.206,198.0,171.0,27.0,17.0,158.0,188.0,35.045,31.767,92.398,84.043,79.798,True
2025-11-01 15:00:00,15,50.0,49.0,49.891,218.0,182.0,36.0,25.0,131.0,207.0,50.907,42.449,71.978,63.285,60.092,False
2025-11-01 16:00:00,16,66.0,66.0,66.505,158.0,106.0,52.0,48.0,51.0,154.0,68.491,62.657,48.113,33.117,32.278,True
2025-11-01 17:00:00,17,72.0,72.0,72.924,148.0,90.0,58.0,44.0,38.0,134.0,73.811,67.855,42.222,28.358,25.676,True
2025-11-01 18:00:00,18,59.0,59.0,59.632,84.0,56.0,28.0,22.0,33.0,78.0,60.489,50.384,58.929,42.308,39.286,True
2025-11-01 19:00:00,19,48.0,48.0,48.267,68.0,45.0,23.0,14.0,32.0,59.0,48.754,45.787,71.111,54.237,47.059,True
2025-11-01 20:00:00,20,44.0,44.0,44.069,47.0,29.0,18.0,11.0,24.0,40.0,44.399,38.338,82.759,60.0,51.064,True
2025-11-01 21:00:00,21,48.0,48.0,48.968,38.0,31.0,7.0,7.0,22.0,38.0,49.366,46.606,70.968,57.895,57.895,True
2025-11-01 22:00:00,22,38.0,38.0,38.133,18.0,14.0,4.0,3.0,11.0,17.0,41.215,38.648,78.571,64.706,61.111,True
2025-11-01 23:00:00,23,49.0,49.0,49.333,8.0,6.0,2.0,1.0,4.0,7.0,49.754,51.854,66.667,57.143,50.0,True
2025-11-02 00:00:00,0,81.0,81.0,81.2,8.0,5.0,3.0,2.0,3.0,7.0,81.71,50.952,60.0,42.857,37.5,True
2025-11-02 01:00:00,1,37.0,37.0,37.0,3.0,3.0,0.0,0.0,3.0,3.0,36.825,34.952,100.0,100.0,100.0,True
2025-11-02 02:00:00,2,34.0,34.0,34.0,4.0,3.0,1.0,1.0,3.0,4.0,35.093,37.622,100.0,75.0,75.0,True
2025-11-02 03:00:00,3,33.0,33.0,33.25,4.0,4.0,0.0,0.0,4.0,4.0,33.667,31.175,100.0,100.0,100.0,True
2025-11-02 04:00:00,4,33.0,33.0,33.0,6.0,6.0,0.0,0.0,6.0,6.0,33.708,35.19,100.0,100.0,100.0,True
2025-11-02 05:00:00,5,28.0,28.0,28.75,8.0,8.0,0.0,0.0,8.0,8.0,29.179,29.256,100.0,100.0,100.0,True
2025-11-02 06:00:00,6,146.0,146.0,146.0,5.0,4.0,1.0,1.0,3.0,5.0,55.286,26.434,75.0,60.0,60.0,True
2025-11-02 07:00:00,7,41.0,41.0,41.437,69.0,61.0,8.0,7.0,49.0,68.0,43.798,39.002,80.328,72.059,71.014,True
2025-11-02 08:00:00,8,56.0,56.0,56.28,206.0,154.0,52.0,45.0,98.0,199.0,61.263,48.713,63.636,49.246,47.573,True
2025-11-02 09:00:00,9,81.0,81.0,81.763,203.0,127.0,76.0,72.0,42.0,199.0,84.963,88.876,33.071,21.106,20.69,True
2025-11-02 10:00:00,10,60.0,60.0,60.983,139.0,80.0,59.0,51.0,14.0,131.0,78.341,78.983,17.5,10.687,10.072,True
2025-11-02 11:00:00,11,51.0,51.0,51.385,134.0,102.0,32.0,22.0,75.0,124.0,51.802,49.148,73.529,60.484,55.97,True
2025-11-02 12:00:00,12,37.0,37.0,37.131,219.0,194.0,25.0,18.0,168.0,212.0,38.248,33.751,86.598,79.245,76.712,True
2025-11-02 13:00:00,13,38.0,38.0,38.116,217.0,182.0,35.0,28.0,161.0,210.0,39.047,33.13,88.462,76.667,74.194,True
2025-11-02 14:00:00,14,38.0,37.0,37.929,212.0,183.0,29.0,17.0,162.0,200.0,38.286,34.737,88.525,81.0,76.415,False
2025-11-02 15:00:00,15,51.0,52.0,52.055,161.0,119.0,42.0,39.0,72.0,158.0,55.083,46.332,60.504,45.57,44.72,False
2025-11-02 16:00:00,16,67.0,67.0,67.809,118.0,91.0,27.0,21.0,42.0,112.0,69.791,67.841,46.154,37.5,35.593,True
2025-11-02 17:00:00,17,56.0,56.0,56.443,111.0,69.0,42.0,30.0,40.0,99.0,58.675,47.956,57.971,40.404,36.036,True
2025-11-02 18:00:00,18,65.0,65.0,65.644,94.0,73.0,21.0,16.0,40.0,89.0,66.441,55.444,54.795,44.944,42.553,True
2025-11-02 19:00:00,19,70.0,71.0,71.024,63.0,40.0,23.0,18.0,18.0,58.0,72.32,63.535,45.0,31.034,28.571,False
2025-11-02 20:00:00,20,84.0,84.0,84.133,38.0,15.0,23.0,22.0,5.0,37.0,84.332,79.099,33.333,13.514,13.158,True
2025-11-02 21:00:00,21,94.0,94.0,94.714,19.0,7.0,12.0,12.0,0.0,19.0,94.894,98.726,0.0,0.0,0.0,True
2025-11-02 22:00:00,22,48.0,48.0,48.625,10.0,8.0,2.0,2.0,6.0,10.0,49.126,50.736,75.0,60.0,60.0,True
2025-11-02 23:00:00,23,24.0,24.0,24.667,3.0,3.0,0.0,0.0,3.0,3.0,25.333,15.494,100.0,100.0,100.0,True
2025-11-03 00:00:00,0,72.0,72.0,72.0,5.0,3.0,2.0,2.0,1.0,5.0,72.706,61.818,33.333,20.0,20.0,True
2025-11-03 01:00:00,1,49.0,49.0,49.143,7.0,6.0,1.0,0.0,6.0,6.0,41.39,38.994,100.0,100.0,85.714,True
2025-11-03 02:00:00,2,25.0,25.0,25.0,1.0,1.0,0.0,0.0,1.0,1.0,25.033,25.033,100.0,100.0,100.0,True
2025-11-03 03:00:00,3,21.0,21.0,21.571,6.0,6.0,0.0,0.0,6.0,6.0,25.009,24.202,100.0,100.0,100.0,True
2025-11-03 04:00:00,4,31.0,31.0,31.9,9.0,8.0,1.0,1.0,7.0,9.0,38.521,34.372,87.5,77.778,77.778,True
2025-11-03 05:00:00,5,51.0,51.0,51.643,24.0,17.0,7.0,2.0,8.0,19.0,60.541,66.35,47.059,42.105,33.333,True
2025-11-03 06:00:00,6,42.0,42.0,42.529,34.0,28.0,6.0,5.0,23.0,33.0,47.09,39.39,82.143,69.697,67.647,True
2025-11-03 07:00:00,7,49.0,49.0,49.883,384.0,317.0,67.0,31.0,183.0,348.0,59.031,54.567,57.729,52.586,47.656,True
2025-11-03 08:00:00,8,62.0,62.0,62.483,412.0,359.0,53.0,38.0,115.0,397.0,72.326,71.522,32.033,28.967,27.913,True
2025-11-03 09:00:00,9,45.0,45.0,45.51,288.0,246.0,41.0,33.0,192.0,280.0,46.961,46.386,78.049,68.571,66.667,True
2025-11-03 10:00:00,10,24.0,24.0,24.143,351.0,321.0,29.0,13.0,319.0,335.0,25.261,23.357,99.377,95.224,90.883,True
2025-11-03 11:00:00,11,22.0,22.0,22.743,512.0,493.0,18.0,11.0,489.0,505.0,23.23,22.196,99.189,96.832,95.508,True
2025-11-03 12:00:00,12,24.0,24.0,24.064,554.0,522.0,31.0,18.0,518.0,541.0,24.457,22.964,99.234,95.749,93.502,True
2025-11-03 13:00:00,13,23.0,23.0,23.117,535.0,500.0,35.0,22.0,496.0,522.0,23.532,21.898,99.2,95.019,92.71,True
2025-11-03 14:00:00,14,34.0,34.0,34.41,707.0,626.0,80.0,44.0,548.0,671.0,35.253,28.947,87.54,81.669,77.511,True
2025-11-03 15:00:00,15,53.0,52.0,52.976,616.0,510.0,106.0,75.0,304.0,585.0,55.161,49.408,59.608,51.966,49.351,False
2025-11-03 16:00:00,16,59.0,59.0,59.209,312.0,239.0,73.0,50.0,119.0,289.0,61.026,60.108,49.791,41.176,38.141,True
2025-11-03 17:00:00,17,49.0,49.0,49.657,188.0,147.0,41.0,25.0,94.0,172.0,50.966,45.785,63.946,54.651,50.0,True
2025-11-03 18:00:00,18,41.0,41.0,41.697,89.0,75.0,14.0,9.0,60.0,84.0,42.775,35.644,80.0,71.429,67.416,True
2025-11-03 19:00:00,19,29.0,29.0,29.347,57.0,47.0,10.0,5.0,46.0,52.0,29.57,28.417,97.872,88.462,80.702,True
2025-11-03 20:00:00,20,28.0,28.0,28.789,46.0,37.0,9.0,5.0,36.0,42.0,29.823,28.796,97.297,85.714,78.261,True
2025-11-03 21:00:00,21,33.0,33.0,33.429,33.0,28.0,5.0,4.0,27.0,32.0,33.695,32.461,96.429,84.375,81.818,True
2025-11-03 22:00:00,22,23.0,23.0,23.5,10.0,10.0,0.0,0.0,10.0,10.0,23.915,23.822,100.0,100.0,100.0,True
2025-11-03 23:00:00,23,19.0,19.0,19.75,6.0,6.0,0.0,0.0,6.0,6.0,26.198,30.634,100.0,100.0,100.0,True
2025-11-04 00:00:00,0,30.0,30.0,30.0,2.0,2.0,0.0,0.0,2.0,2.0,30.246,30.246,100.0,100.0,100.0,True
2025-11-04 01:00:00,1,20.0,20.0,20.333,5.0,5.0,0.0,0.0,5.0,5.0,24.77,23.759,100.0,100.0,100.0,True
2025-11-04 02:00:00,2,21.0,21.0,21.667,2.0,2.0,0.0,0.0,2.0,2.0,25.857,25.857,100.0,100.0,100.0,True
2025-11-04 03:00:00,3,30.0,30.0,30.75,4.0,4.0,0.0,0.0,4.0,4.0,31.101,29.243,100.0,100.0,100.0,True
2025-11-04 04:00:00,4,31.0,31.0,31.118,14.0,13.0,1.0,1.0,13.0,14.0,38.154,39.032,100.0,92.857,92.857,True
2025-11-04 05:00:00,5,39.0,39.0,39.042,23.0,17.0,6.0,5.0,15.0,22.0,41.633,38.913,88.235,68.182,65.217,True
2025-11-04 06:00:00,6,36.0,36.0,36.375,29.0,26.0,3.0,2.0,25.0,28.0,37.759,36.482,96.154,89.286,86.207,True
2025-11-04 07:00:00,7,47.0,47.0,47.3,375.0,314.0,60.0,36.0,187.0,351.0,56.254,53.235,59.554,53.276,49.867,True
2025-11-04 08:00:00,8,53.0,53.0,53.641,379.0,323.0,54.0,44.0,152.0,369.0,62.975,61.156,47.059,41.192,40.106,True
2025-11-04 09:00:00,9,43.0,43.0,43.65,305.0,269.0,36.0,28.0,220.0,297.0,44.452,41.643,81.784,74.074,72.131,True
2025-11-04 10:00:00,10,26.0,26.0,26.662,369.0,336.0,33.0,18.0,331.0,354.0,28.123,26.119,98.512,93.503,89.702,True
2025-11-04 11:00:00,11,25.0,25.0,25.678,548.0,514.0,34.0,26.0,512.0,540.0,26.199,24.892,99.611,94.815,93.431,True
2025-11-04 12:00:00,12,24.0,24.0,24.938,552.0,521.0,30.0,9.0,518.0,531.0,25.409,24.245,99.424,97.552,93.841,True
2025-11-04 13:00:00,13,20.0,20.0,20.752,503.0,472.0,31.0,17.0,472.0,489.0,21.096,20.005,100.0,96.524,93.837,True
2025-11-04 14:00:00,14,33.0,33.0,33.897,751.0,680.0,70.0,47.0,602.0,728.0,35.027,29.338,88.529,82.692,80.16,True
2025-11-04 15:00:00,15,50.0,50.0,50.51,548.0,455.0,93.0,66.0,310.0,521.0,51.89,45.465,68.132,59.501,56.569,True
2025-11-04 16:00:00,16,54.0,54.0,54.778,320.0,241.0,79.0,40.0,155.0,281.0,55.724,49.945,64.315,55.16,48.438,True
2025-11-04 17:00:00,17,45.0,45.0,45.534,214.0,165.0,49.0,21.0,121.0,186.0,45.988,37.834,73.333,65.054,56.542,True
2025-11-04 18:00:00,18,35.0,35.0,35.798,115.0,96.0,19.0,7.0,81.0,103.0,36.314,30.169,84.375,78.641,70.435,True
2025-11-04 19:00:00,19,30.0,30.0,30.727,70.0,65.0,5.0,3.0,62.0,68.0,31.436,28.431,95.385,91.176,88.571,True
2025-11-04 20:00:00,20,31.0,31.0,31.583,48.0,36.0,12.0,8.0,36.0,44.0,31.869,32.849,100.0,81.818,75.0,True
2025-11-04 21:00:00,21,35.0,35.0,35.833,36.0,29.0,7.0,5.0,27.0,34.0,37.19,35.87,93.103,79.412,75.0,True
2025-11-04 22:00:00,22,36.0,36.0,36.583,13.0,12.0,1.0,1.0,11.0,13.0,36.641,35.971,91.667,84.615,84.615,True
2025-11-04 23:00:00,23,33.0,33.0,33.923,15.0,13.0,2.0,2.0,12.0,15.0,34.354,28.988,92.308,80.0,80.0,True
2025-11-05 00:00:00,0,25.0,25.0,25.5,4.0,4.0,0.0,0.0,4.0,4.0,26.216,24.767,100.0,100.0,100.0,True
2025-11-05 01:00:00,1,41.0,41.0,41.4,6.0,5.0,1.0,1.0,4.0,6.0,42.069,35.157,80.0,66.667,66.667,True
2025-11-05 02:00:00,2,24.0,24.0,24.667,4.0,3.0,1.0,0.0,3.0,3.0,24.949,24.303,100.0,100.0,75.0,True
2025-11-05 03:00:00,3,26.0,26.0,26.75,9.0,8.0,1.0,0.0,8.0,8.0,27.307,26.517,100.0,100.0,88.889,True
2025-11-05 04:00:00,4,27.0,27.0,27.75,7.0,6.0,1.0,1.0,6.0,7.0,34.897,33.426,100.0,85.714,85.714,True
2025-11-05 05:00:00,5,44.0,44.0,44.0,16.0,14.0,2.0,2.0,8.0,16.0,55.057,51.135,57.143,50.0,50.0,True
2025-11-05 06:00:00,6,37.0,37.0,37.627,22.0,22.0,0.0,0.0,19.0,22.0,38.046,33.601,86.364,86.364,86.364,True
2025-11-05 07:00:00,7,48.0,48.0,48.398,386.0,330.0,56.0,35.0,190.0,365.0,57.234,53.179,57.576,52.055,49.223,True
2025-11-05 08:00:00,8,60.0,60.0,60.662,413.0,356.0,57.0,39.0,142.0,395.0,71.294,68.409,39.888,35.949,34.383,True
2025-11-05 09:00:00,9,45.0,45.0,45.857,310.0,267.0,43.0,31.0,206.0,298.0,46.6,41.508,77.154,69.128,66.452,True
2025-11-05 10:00:00,10,25.0,25.0,25.99,351.0,322.0,29.0,20.0,312.0,342.0,27.448,24.51,96.894,91.228,88.889,True
2025-11-05 11:00:00,11,23.0,23.0,23.256,537.0,515.0,22.0,13.0,515.0,528.0,23.797,22.755,100.0,97.538,95.903,True
2025-11-05 12:00:00,12,24.0,24.0,24.69,568.0,537.0,31.0,18.0,535.0,555.0,25.277,24.183,99.628,96.396,94.19,True
2025-11-05 13:00:00,13,22.0,22.0,22.343,550.0,522.0,28.0,13.0,514.0,535.0,22.889,21.367,98.467,96.075,93.455,True
2025-11-05 14:00:00,14,37.0,37.0,37.054,809.0,715.0,94.0,47.0,605.0,762.0,37.99,30.008,84.615,79.396,74.784,True
2025-11-05 15:00:00,15,55.0,55.0,55.13,590.0,484.0,106.0,75.0,312.0,559.0,56.861,48.607,64.463,55.814,52.881,True
2025-11-05 16:00:00,16,64.0,64.0,64.064,338.0,243.0,95.0,67.0,135.0,310.0,64.206,56.058,55.556,43.548,39.941,True
2025-11-05 17:00:00,17,51.0,51.0,51.396,171.0,137.0,34.0,24.0,82.0,161.0,53.569,43.337,59.854,50.932,47.953,True
2025-11-05 18:00:00,18,37.0,37.0,37.972,125.0,105.0,20.0,15.0,86.0,120.0,39.114,32.524,81.905,71.667,68.8,True
2025-11-05 19:00:00,19,30.0,30.0,30.5,59.0,51.0,8.0,6.0,46.0,57.0,32.14,29.223,90.196,80.702,77.966,True
2025-11-05 20:00:00,20,32.0,32.0,32.186,54.0,42.0,12.0,4.0,42.0,46.0,33.145,31.412,100.0,91.304,77.778,True
2025-11-05 21:00:00,21,41.0,41.0,41.0,35.0,30.0,5.0,4.0,24.0,34.0,42.553,40.464,80.0,70.588,68.571,True
2025-11-05 22:00:00,22,29.0,29.0,29.467,18.0,15.0,3.0,1.0,15.0,16.0,29.788,29.34,100.0,93.75,83.333,True
2025-11-05 23:00:00,23,35.0,35.0,35.5,7.0,4.0,3.0,2.0,4.0,6.0,35.161,38.292,100.0,66.667,57.143,True
2025-11-06 00:00:00,0,47.0,47.0,47.0,7.0,4.0,3.0,2.0,2.0,6.0,47.423,48.972,50.0,33.333,28.571,True
2025-11-06 01:00:00,1,15.0,15.0,15.0,2.0,1.0,1.0,1.0,1.0,2.0,15.855,15.855,100.0,50.0,50.0,True
2025-11-06 02:00:00,2,26.0,26.0,26.5,5.0,5.0,0.0,0.0,5.0,5.0,30.721,28.588,100.0,100.0,100.0,True
2025-11-06 03:00:00,3,24.0,24.0,24.333,6.0,6.0,0.0,0.0,6.0,6.0,25.102,22.869,100.0,100.0,100.0,True
2025-11-06 04:00:00,4,31.0,31.0,31.2,12.0,11.0,1.0,1.0,10.0,12.0,39.294,37.617,90.909,83.333,83.333,True
2025-11-06 05:00:00,5,47.0,47.0,47.333,21.0,12.0,9.0,8.0,9.0,20.0,42.643,45.056,75.0,45.0,42.857,True
2025-11-06 06:00:00,6,34.0,34.0,34.481,27.0,23.0,4.0,1.0,20.0,24.0,37.553,33.849,86.957,83.333,74.074,True
2025-11-06 07:00:00,7,45.0,45.0,45.642,350.0,297.0,53.0,26.0,186.0,323.0,54.56,48.622,62.626,57.585,53.143,True
2025-11-06 08:00:00,8,49.0,49.0,49.771,380.0,325.0,55.0,27.0,174.0,352.0,58.188,57.341,53.538,49.432,45.789,True
2025-11-06 09:00:00,9,35.0,35.0,35.415,267.0,243.0,24.0,14.0,223.0,257.0,36.121,32.046,91.77,86.77,83.521,True
2025-11-06 10:00:00,10,20.0,20.0,20.905,381.0,359.0,22.0,10.0,357.0,369.0,21.831,19.89,99.443,96.748,93.701,True
2025-11-06 11:00:00,11,21.0,21.0,21.998,449.0,429.0,20.0,14.0,429.0,443.0,22.667,22.033,100.0,96.84,95.546,True
2025-11-06 12:00:00,12,22.0,22.0,22.41,573.0,539.0,34.0,16.0,538.0,555.0,22.821,21.748,99.814,96.937,93.892,True
2025-11-06 13:00:00,13,21.0,21.0,21.709,504.0,470.0,34.0,21.0,467.0,491.0,21.97,21.108,99.362,95.112,92.659,True
2025-11-06 14:00:00,14,35.0,35.0,35.148,736.0,648.0,88.0,50.0,563.0,698.0,36.252,28.868,86.883,80.659,76.495,True
2025-11-06 15:00:00,15,54.0,54.0,54.856,558.0,470.0,88.0,70.0,291.0,540.0,56.632,45.139,61.915,53.889,52.151,True
2025-11-06 16:00:00,16,56.0,56.0,56.339,302.0,235.0,67.0,41.0,143.0,276.0,57.205,49.545,60.851,51.812,47.351,True
2025-11-06 17:00:00,17,54.0,54.0,54.842,231.0,179.0,52.0,34.0,118.0,213.0,55.451,39.685,65.922,55.399,51.082,True
2025-11-06 18:00:00,18,41.0,41.0,41.935,92.0,75.0,17.0,14.0,58.0,89.0,42.753,27.976,77.333,65.169,63.043,True
2025-11-06 19:00:00,19,37.0,37.0,37.577,63.0,51.0,12.0,11.0,45.0,62.0,38.529,31.282,88.235,72.581,71.429,True
2025-11-06 20:00:00,20,58.0,58.0,58.756,64.0,43.0,21.0,19.0,26.0,62.0,61.92,49.771,60.465,41.935,40.625,True
2025-11-06 21:00:00,21,61.0,61.0,61.238,27.0,20.0,7.0,6.0,11.0,26.0,64.558,52.541,55.0,42.308,40.741,True
2025-11-06 22:00:00,22,50.0,50.0,50.182,11.0,11.0,0.0,0.0,6.0,11.0,50.323,36.324,54.545,54.545,54.545,True
2025-11-06 23:00:00,23,50.0,50.0,50.167,6.0,6.0,0.0,0.0,4.0,6.0,50.52,42.936,66.667,66.667,66.667,True
2025-11-07 00:00:00,0,45.0,45.0,45.5,7.0,6.0,1.0,1.0,4.0,7.0,46.187,36.686,66.667,57.143,57.143,True
2025-11-07 01:00:00,1,33.0,33.0,33.5,2.0,2.0,0.0,0.0,2.0,2.0,34.464,34.464,100.0,100.0,100.0,True
2025-11-07 02:00:00,2,28.0,28.0,28.0,2.0,2.0,0.0,0.0,2.0,2.0,28.358,28.358,100.0,100.0,100.0,True
2025-11-07 03:00:00,3,28.0,28.0,28.571,7.0,7.0,0.0,0.0,7.0,7.0,28.991,25.071,100.0,100.0,100.0,True
2025-11-07 04:00:00,4,27.0,27.0,27.7,9.0,8.0,1.0,1.0,7.0,9.0,33.144,29.097,87.5,77.778,77.778,True
2025-11-07 05:00:00,5,31.0,31.0,31.524,20.0,12.0,7.0,0.0,8.0,13.0,45.802,39.476,66.667,61.538,40.0,True
2025-11-07 06:00:00,6,35.0,35.0,35.567,30.0,27.0,3.0,3.0,25.0,30.0,35.42,32.36,92.593,83.333,83.333,True
2025-11-07 07:00:00,7,40.0,40.0,40.791,353.0,287.0,66.0,26.0,211.0,313.0,47.922,43.048,73.519,67.412,59.773,True
2025-11-07 08:00:00,8,43.0,43.0,43.236,388.0,320.0,68.0,31.0,226.0,351.0,49.915,49.145,70.625,64.387,58.247,True
2025-11-07 09:00:00,9,33.0,33.0,33.431,331.0,306.0,25.0,12.0,284.0,318.0,34.041,31.019,92.81,89.308,85.801,True
2025-11-07 10:00:00,10,22.0,22.0,22.664,376.0,361.0,15.0,7.0,361.0,368.0,23.839,22.347,100.0,98.098,96.011,True
2025-11-07 11:00:00,11,23.0,23.0,23.573,511.0,488.0,23.0,16.0,488.0,504.0,24.093,23.149,100.0,96.825,95.499,True
2025-11-07 12:00:00,12,24.0,24.0,24.344,502.0,479.0,23.0,12.0,477.0,491.0,24.797,23.422,99.582,97.149,95.02,True
2025-11-07 13:00:00,13,23.0,23.0,23.976,519.0,484.0,35.0,23.0,480.0,507.0,24.6,22.685,99.174,94.675,92.486,True
2025-11-07 14:00:00,14,42.0,42.0,42.95,686.0,595.0,90.0,62.0,466.0,658.0,44.14,34.232,78.319,70.821,67.93,True
2025-11-07 15:00:00,15,61.0,61.0,61.383,589.0,455.0,134.0,96.0,265.0,551.0,63.29,52.843,58.242,48.094,44.992,True
2025-11-07 16:00:00,16,81.0,81.0,81.141,327.0,251.0,76.0,57.0,84.0,308.0,82.478,76.296,33.466,27.273,25.688,True
2025-11-07 17:00:00,17,75.0,75.0,75.553,174.0,130.0,44.0,37.0,54.0,167.0,78.534,72.048,41.538,32.335,31.034,True
2025-11-07 18:00:00,18,60.0,61.0,61.028,90.0,69.0,21.0,18.0,38.0,87.0,62.383,53.171,55.072,43.678,42.222,False
2025-11-07 19:00:00,19,53.0,53.0,53.118,67.0,49.0,18.0,14.0,30.0,63.0,55.616,48.275,61.224,47.619,44.776,True
2025-11-07 20:00:00,20,57.0,57.0,57.184,62.0,36.0,26.0,19.0,20.0,55.0,59.919,53.868,55.556,36.364,32.258,True
2025-11-07 21:00:00,21,76.0,76.0,76.708,44.0,25.0,19.0,16.0,8.0,41.0,75.242,72.875,32.0,19.512,18.182,True
2025-11-07 22:00:00,22,64.0,64.0,64.769,24.0,12.0,12.0,6.0,8.0,18.0,67.899,54.145,66.667,44.444,33.333,True
2025-11-07 23:00:00,23,38.0,38.0,38.143,22.0,13.0,9.0,1.0,10.0,14.0,41.25,36.336,76.923,71.429,45.455,True
2025-11-08 00:00:00,0,41.0,42.0,42.6,12.0,10.0,2.0,2.0,9.0,12.0,42.955,34.762,90.0,75.0,75.0,False
2025-11-08 01:00:00,1,46.0,46.0,46.857,7.0,7.0,0.0,0.0,5.0,7.0,47.148,42.439,71.429,71.429,71.429,True
2025-11-08 02:00:00,2,32.0,32.0,32.5,4.0,1.0,3.0,1.0,1.0,2.0,40.993,40.993,100.0,50.0,25.0,True
2025-11-08 03:00:00,3,37.0,37.0,37.667,5.0,3.0,2.0,1.0,3.0,4.0,37.897,39.932,100.0,75.0,60.0,True
2025-11-08 04:00:00,4,31.0,31.0,31.6,18.0,15.0,3.0,3.0,13.0,18.0,39.606,39.206,86.667,72.222,72.222,True
2025-11-08 05:00:00,5,41.0,41.0,41.421,18.0,15.0,3.0,2.0,11.0,17.0,46.382,34.011,73.333,64.706,61.111,True
2025-11-08 06:00:00,6,57.0,57.0,57.708,19.0,16.0,3.0,0.0,12.0,16.0,59.903,54.975,75.0,75.0,63.158,True
2025-11-08 07:00:00,7,45.0,45.0,45.739,95.0,76.0,19.0,14.0,48.0,90.0,53.508,44.442,63.158,53.333,50.526,True
2025-11-08 08:00:00,8,36.0,36.0,36.74,164.0,137.0,27.0,17.0,111.0,154.0,41.175,32.518,81.022,72.078,67.683,True
2025-11-08 09:00:00,9,47.0,47.0,47.123,210.0,180.0,30.0,24.0,134.0,204.0,48.127,35.373,74.444,65.686,63.81,True
2025-11-08 10:00:00,10,45.0,45.0,45.61,216.0,166.0,50.0,36.0,115.0,202.0,49.693,43.294,69.277,56.931,53.241,True
2025-11-08 11:00:00,11,46.0,46.0,46.719,268.0,219.0,49.0,34.0,161.0,253.0,47.241,43.703,73.516,63.636,60.075,True
2025-11-08 12:00:00,12,35.0,35.0,35.371,229.0,189.0,40.0,25.0,174.0,214.0,36.098,34.288,92.063,81.308,75.983,True
2025-11-08 13:00:00,13,30.0,30.0,30.66,218.0,198.0,20.0,13.0,194.0,211.0,31.775,31.073,97.98,91.943,88.991,True
2025-11-08 14:00:00,14,34.0,34.0,34.639,211.0,177.0,34.0,21.0,160.0,198.0,35.763,30.011,90.395,80.808,75.829,True
2025-11-08 15:00:00,15,42.0,42.0,42.367,192.0,165.0,27.0,14.0,139.0,179.0,43.726,34.118,84.242,77.654,72.396,True
2025-11-08 16:00:00,16,56.0,56.0,56.447,161.0,112.0,49.0,41.0,67.0,153.0,57.617,45.29,59.821,43.791,41.615,True
2025-11-08 17:00:00,17,70.0,69.0,69.762,109.0,77.0,32.0,29.0,34.0,106.0,70.751,65.919,44.156,32.075,31.193,False
2025-11-08 18:00:00,18,43.0,43.0,43.328,84.0,65.0,19.0,12.0,50.0,77.0,44.855,38.098,76.923,64.935,59.524,True
2025-11-08 19:00:00,19,47.0,47.0,47.638,80.0,58.0,22.0,16.0,44.0,74.0,48.074,42.491,75.862,59.459,55.0,True
2025-11-08 20:00:00,20,52.0,52.0,52.622,54.0,36.0,18.0,17.0,26.0,53.0,54.467,49.184,72.222,49.057,48.148,True
2025-11-08 21:00:00,21,52.0,52.0,52.958,27.0,24.0,3.0,3.0,14.0,27.0,53.306,50.975,58.333,51.852,51.852,True
2025-11-08 22:00:00,22,46.0,46.0,46.2,11.0,10.0,1.0,1.0,8.0,11.0,46.302,34.981,80.0,72.727,72.727,True
2025-11-08 23:00:00,23,48.0,48.0,48.857,8.0,7.0,1.0,1.0,6.0,8.0,49.176,39.968,85.714,75.0,75.0,True
2025-11-09 00:00:00,0,52.0,52.0,52.25,5.0,4.0,1.0,1.0,3.0,5.0,52.2,48.549,75.0,60.0,60.0,True
2025-11-09 01:00:00,1,62.0,62.0,62.0,2.0,2.0,0.0,0.0,1.0,2.0,62.125,62.125,50.0,50.0,50.0,True
2025-11-09 02:00:00,2,51.0,51.0,51.0,3.0,2.0,1.0,0.0,1.0,2.0,51.553,51.553,50.0,50.0,33.333,True
2025-11-09 03:00:00,3,28.0,28.0,28.875,7.0,7.0,0.0,0.0,7.0,7.0,29.394,25.85,100.0,100.0,100.0,True
2025-11-09 04:00:00,4,24.0,24.0,24.2,5.0,4.0,1.0,1.0,4.0,5.0,29.069,31.378,100.0,80.0,80.0,True
2025-11-09 05:00:00,5,59.0,59.0,59.167,8.0,6.0,2.0,1.0,4.0,7.0,59.693,38.137,66.667,57.143,50.0,True
2025-11-09 06:00:00,6,119.0,119.0,119.0,3.0,1.0,2.0,2.0,0.0,3.0,118.913,118.913,0.0,0.0,0.0,True
2025-11-09 07:00:00,7,41.0,41.0,41.538,64.0,53.0,11.0,8.0,42.0,61.0,44.194,38.912,79.245,68.852,65.625,True
2025-11-09 08:00:00,8,46.0,47.0,47.009,215.0,178.0,37.0,29.0,120.0,207.0,51.343,43.014,67.416,57.971,55.814,False
2025-11-09 09:00:00,9,70.0,71.0,71.094,209.0,158.0,51.0,42.0,59.0,200.0,71.852,76.518,37.342,29.5,28.23,False
2025-11-09 10:00:00,10,54.0,54.0,54.511,135.0,89.0,46.0,43.0,31.0,132.0,68.53,70.29,34.831,23.485,22.963,True
2025-11-09 11:00:00,11,43.0,42.0,42.88,147.0,118.0,29.0,23.0,100.0,141.0,43.34,40.285,84.746,70.922,68.027,False
2025-11-09 12:00:00,12,29.0,29.0,29.272,225.0,207.0,18.0,15.0,202.0,222.0,29.763,27.501,97.585,90.991,89.778,True
2025-11-09 13:00:00,13,33.0,33.0,33.798,238.0,214.0,24.0,18.0,195.0,232.0,34.846,32.074,91.121,84.052,81.933,True
2025-11-09 14:00:00,14,38.0,38.0,38.429,214.0,181.0,33.0,24.0,156.0,205.0,39.326,36.162,86.188,76.098,72.897,True
2025-11-09 15:00:00,15,49.0,49.0,49.515,163.0,125.0,38.0,26.0,85.0,151.0,51.23,40.809,68.0,56.291,52.147,True
2025-11-09 16:00:00,16,62.0,62.0,62.116,116.0,82.0,34.0,32.0,45.0,114.0,65.265,55.88,54.878,39.474,38.793,True
2025-11-09 17:00:00,17,62.0,62.0,62.338,90.0,64.0,26.0,22.0,30.0,86.0,63.562,66.305,46.875,34.884,33.333,True
2025-11-09 18:00:00,18,47.0,47.0,47.673,60.0,47.0,13.0,9.0,32.0,56.0,49.912,44.946,68.085,57.143,53.333,True
2025-11-09 19:00:00,19,46.0,46.0,46.571,59.0,41.0,18.0,13.0,30.0,54.0,47.13,39.274,73.171,55.556,50.847,True
2025-11-09 20:00:00,20,65.0,65.0,65.455,34.0,22.0,12.0,11.0,10.0,33.0,65.808,62.849,45.455,30.303,29.412,True
2025-11-09 21:00:00,21,60.0,60.0,60.5,14.0,12.0,2.0,2.0,7.0,14.0,60.641,56.497,58.333,50.0,50.0,True
2025-11-09 22:00:00,22,48.0,48.0,48.2,6.0,5.0,1.0,1.0,5.0,6.0,48.035,54.079,100.0,83.333,83.333,True
2025-11-09 23:00:00,23,32.0,32.0,32.0,5.0,3.0,1.0,1.0,3.0,5.0,32.718,32.342,100.0,60.0,60.0,True
2025-11-10 00:00:00,0,33.0,33.0,33.333,4.0,3.0,1.0,1.0,3.0,4.0,33.938,37.35,100.0,75.0,75.0,True
2025-11-10 01:00:00,1,33.0,33.0,33.833,5.0,5.0,0.0,0.0,4.0,5.0,39.849,36.994,80.0,80.0,80.0,True
2025-11-10 02:00:00,2,29.0,29.0,29.5,2.0,2.0,0.0,0.0,2.0,2.0,30.439,30.439,100.0,100.0,100.0,True
2025-11-10 03:00:00,3,30.0,30.0,30.667,3.0,3.0,0.0,0.0,3.0,3.0,30.97,28.309,100.0,100.0,100.0,True
2025-11-10 04:00:00,4,28.0,28.0,28.417,13.0,11.0,2.0,2.0,8.0,13.0,48.183,36.898,72.727,61.538,61.538,True
2025-11-10 05:00:00,5,49.0,49.0,49.931,19.0,17.0,2.0,2.0,9.0,19.0,57.586,52.689,52.941,47.368,47.368,True
2025-11-10 06:00:00,6,42.0,42.0,42.258,33.0,26.0,7.0,6.0,21.0,32.0,43.273,37.818,80.769,65.625,63.636,True
2025-11-10 07:00:00,7,53.0,53.0,53.327,429.0,373.0,56.0,35.0,175.0,408.0,63.785,63.875,46.917,42.892,40.793,True
2025-11-10 08:00:00,8,60.0,60.0,60.341,402.0,329.0,73.0,61.0,91.0,390.0,71.511,73.352,27.66,23.333,22.637,True
2025-11-10 09:00:00,9,43.0,43.0,43.899,289.0,266.0,23.0,13.0,215.0,279.0,44.314,43.318,80.827,77.061,74.394,True
2025-11-10 10:00:00,10,26.0,26.0,26.703,383.0,355.0,28.0,15.0,350.0,370.0,27.664,26.07,98.592,94.595,91.384,True
2025-11-10 11:00:00,11,23.0,23.0,23.561,526.0,501.0,25.0,10.0,498.0,511.0,24.36,23.679,99.401,97.456,94.677,True
2025-11-10 12:00:00,12,23.0,23.0,23.662,584.0,558.0,26.0,11.0,554.0,569.0,24.164,22.27,99.283,97.364,94.863,True
2025-11-10 13:00:00,13,21.0,21.0,21.145,526.0,500.0,26.0,14.0,500.0,514.0,21.533,20.696,100.0,97.276,95.057,True
2025-11-10 14:00:00,14,33.0,33.0,33.038,757.0,666.0,91.0,50.0,599.0,716.0,33.589,28.52,89.94,83.659,79.128,True
2025-11-10 15:00:00,15,49.0,49.0,49.421,615.0,510.0,105.0,66.0,352.0,576.0,51.428,44.773,69.02,61.111,57.236,True
2025-11-10 16:00:00,16,54.0,54.0,54.208,325.0,253.0,72.0,47.0,149.0,300.0,55.403,53.302,58.893,49.667,45.846,True
2025-11-10 17:00:00,17,43.0,43.0,43.088,227.0,181.0,46.0,23.0,133.0,204.0,43.702,37.968,73.481,65.196,58.59,True
2025-11-10 18:00:00,18,38.0,38.0,38.361,95.0,81.0,14.0,8.0,65.0,89.0,38.693,35.444,80.247,73.034,68.421,True
2025-11-10 19:00:00,19,26.0,26.0,26.662,75.0,65.0,10.0,7.0,64.0,72.0,26.986,23.372,98.462,88.889,85.333,True
2025-11-10 20:00:00,20,33.0,33.0,33.979,51.0,46.0,5.0,2.0,44.0,48.0,35.053,32.782,95.652,91.667,86.275,True
2025-11-10 21:00:00,21,37.0,37.0,37.826,28.0,23.0,5.0,4.0,19.0,27.0,37.864,32.473,82.609,70.37,67.857,True
2025-11-10 22:00:00,22,39.0,39.0,39.786,16.0,15.0,1.0,1.0,12.0,16.0,39.529,36.847,80.0,75.0,75.0,True
2025-11-10 23:00:00,23,32.0,32.0,32.0,7.0,6.0,1.0,1.0,6.0,7.0,32.678,27.616,100.0,85.714,85.714,True
2025-11-11 00:00:00,0,22.0,22.0,22.0,3.0,2.0,1.0,1.0,2.0,3.0,23.346,23.346,100.0,66.667,66.667,True
2025-11-11 01:00:00,1,37.0,37.0,37.0,2.0,1.0,1.0,1.0,1.0,2.0,36.497,36.497,100.0,50.0,50.0,True
2025-11-11 02:00:00,2,25.0,25.0,25.0,2.0,2.0,0.0,0.0,2.0,2.0,26.436,26.436,100.0,100.0,100.0,True
2025-11-11 03:00:00,3,25.0,25.0,25.75,4.0,4.0,0.0,0.0,4.0,4.0,26.504,26.468,100.0,100.0,100.0,True
2025-11-11 04:00:00,4,36.0,36.0,36.375,19.0,18.0,1.0,1.0,14.0,19.0,45.45,37.678,77.778,73.684,73.684,True
2025-11-11 05:00:00,5,49.0,49.0,49.682,17.0,16.0,1.0,1.0,9.0,17.0,54.072,43.381,56.25,52.941,52.941,True
2025-11-11 06:00:00,6,39.0,39.0,39.475,35.0,29.0,6.0,3.0,25.0,32.0,38.955,41.03,86.207,78.125,71.429,True
2025-11-11 07:00:00,7,48.0,48.0,48.34,390.0,325.0,65.0,40.0,167.0,365.0,59.257,58.73,51.385,45.753,42.821,True
2025-11-11 08:00:00,8,59.0,59.0,59.804,402.0,338.0,64.0,51.0,105.0,389.0,70.714,72.507,31.065,26.992,26.119,True
2025-11-11 09:00:00,9,50.0,50.0,50.123,296.0,254.0,42.0,35.0,179.0,289.0,50.859,49.063,70.472,61.938,60.473,True
2025-11-11 10:00:00,10,27.0,27.0,27.019,365.0,337.0,27.0,15.0,332.0,353.0,28.99,27.92,98.516,94.051,90.959,True
2025-11-11 11:00:00,11,24.0,24.0,24.594,493.0,467.0,26.0,13.0,464.0,480.0,25.236,24.087,99.358,96.667,94.118,True
2025-11-11 12:00:00,12,24.0,24.0,24.688,586.0,561.0,25.0,12.0,559.0,573.0,25.153,24.804,99.643,97.557,95.392,True
2025-11-11 13:00:00,13,22.0,22.0,22.867,546.0,525.0,20.0,9.0,521.0,535.0,23.363,22.141,99.238,97.383,95.421,True
2025-11-11 14:00:00,14,35.0,35.0,35.616,777.0,661.0,116.0,65.0,570.0,726.0,36.473,29.727,86.233,78.512,73.359,True
2025-11-11 15:00:00,15,55.0,55.0,55.375,606.0,488.0,118.0,89.0,291.0,577.0,57.57,49.723,59.631,50.433,48.02,True
2025-11-11 16:00:00,16,55.0,56.0,56.015,323.0,243.0,80.0,50.0,134.0,293.0,57.911,53.939,55.144,45.734,41.486,False
2025-11-11 17:00:00,17,52.0,52.0,52.182,197.0,158.0,39.0,22.0,103.0,180.0,52.967,46.568,65.19,57.222,52.284,True
2025-11-11 18:00:00,18,38.0,38.0,38.093,95.0,84.0,11.0,8.0,73.0,92.0,38.866,34.202,86.905,79.348,76.842,True
2025-11-11 19:00:00,19,30.0,30.0,30.774,64.0,53.0,11.0,3.0,51.0,56.0,30.985,28.649,96.226,91.071,79.688,True
2025-11-11 20:00:00,20,39.0,39.0,39.683,69.0,61.0,8.0,8.0,50.0,69.0,40.049,32.898,81.967,72.464,72.464,True
2025-11-11 21:00:00,21,35.0,35.0,35.933,36.0,29.0,7.0,6.0,27.0,35.0,35.878,31.425,93.103,77.143,75.0,True
2025-11-11 22:00:00,22,32.0,32.0,32.769,19.0,13.0,6.0,5.0,11.0,18.0,32.938,26.862,84.615,61.111,57.895,True
2025-11-11 23:00:00,23,28.0,28.0,28.727,12.0,11.0,1.0,1.0,11.0,12.0,29.052,26.399,100.0,91.667,91.667,True
2025-11-12 00:00:00,0,48.0,48.0,48.0,7.0,5.0,2.0,2.0,3.0,7.0,48.631,38.365,60.0,42.857,42.857,True
2025-11-12 01:00:00,1,43.0,43.0,43.5,8.0,6.0,2.0,1.0,4.0,7.0,44.003,42.488,66.667,57.143,50.0,True
2025-11-12 02:00:00,2,24.0,24.0,24.75,5.0,4.0,1.0,1.0,4.0,5.0,24.882,23.78,100.0,80.0,80.0,True
2025-11-12 03:00:00,3,29.0,29.0,29.429,7.0,7.0,0.0,0.0,7.0,7.0,29.826,24.499,100.0,100.0,100.0,True
2025-11-12 04:00:00,4,34.0,34.0,34.0,10.0,9.0,1.0,1.0,8.0,10.0,40.652,36.454,88.889,80.0,80.0,True
2025-11-12 05:00:00,5,43.0,43.0,43.077,19.0,16.0,3.0,2.0,9.0,18.0,58.72,56.044,56.25,50.0,47.368,True
2025-11-12 06:00:00,6,39.0,39.0,39.446,29.0,27.0,2.0,2.0,21.0,29.0,45.094,45.381,77.778,72.414,72.414,True
2025-11-12 07:00:00,7,44.0,44.0,44.07,367.0,309.0,58.0,27.0,203.0,336.0,52.38,47.659,65.696,60.417,55.313,True
2025-11-12 08:00:00,8,51.0,51.0,51.171,436.0,380.0,56.0,35.0,199.0,415.0,59.417,58.683,52.368,47.952,45.642,True
2025-11-12 09:00:00,9,37.0,36.0,36.996,309.0,268.0,41.0,22.0,245.0,290.0,37.428,34.9,91.418,84.483,79.288,False
2025-11-12 10:00:00,10,21.0,21.0,21.216,355.0,334.0,21.0,10.0,332.0,344.0,22.34,20.923,99.401,96.512,93.521,True
2025-11-12 11:00:00,11,22.0,22.0,22.592,583.0,553.0,30.0,18.0,552.0,571.0,23.068,22.294,99.819,96.673,94.683,True
2025-11-12 12:00:00,12,24.0,24.0,24.393,566.0,537.0,28.0,18.0,535.0,556.0,24.883,23.655,99.628,96.223,94.523,True
2025-11-12 13:00:00,13,21.0,21.0,21.82,511.0,482.0,29.0,18.0,476.0,500.0,22.322,21.006,98.755,95.2,93.151,True
2025-11-12 14:00:00,14,32.0,32.0,32.837,700.0,604.0,95.0,43.0,535.0,648.0,33.761,27.689,88.576,82.562,76.429,True
2025-11-12 15:00:00,15,51.0,51.0,51.995,665.0,539.0,126.0,82.0,348.0,621.0,53.628,47.372,64.564,56.039,52.331,True
2025-11-12 16:00:00,16,61.0,61.0,61.984,316.0,241.0,75.0,48.0,113.0,289.0,63.447,60.921,46.888,39.1,35.759,True
2025-11-12 17:00:00,17,51.0,51.0,51.301,215.0,165.0,49.0,29.0,109.0,195.0,52.32,45.771,66.061,55.897,50.698,True
2025-11-12 18:00:00,18,45.0,45.0,45.357,103.0,94.0,9.0,7.0,68.0,101.0,47.412,39.503,72.34,67.327,66.019,True
2025-11-12 19:00:00,19,39.0,39.0,39.102,65.0,58.0,7.0,7.0,48.0,65.0,39.212,36.507,82.759,73.846,73.846,True
2025-11-12 20:00:00,20,43.0,43.0,43.667,54.0,42.0,12.0,9.0,34.0,51.0,44.017,39.427,80.952,66.667,62.963,True
2025-11-12 21:00:00,21,32.0,32.0,32.75,26.0,19.0,7.0,7.0,18.0,26.0,34.166,28.085,94.737,69.231,69.231,True
2025-11-12 22:00:00,22,24.0,24.0,24.556,11.0,9.0,2.0,2.0,9.0,11.0,25.006,19.652,100.0,81.818,81.818,True
2025-11-12 23:00:00,23,28.0,28.0,28.0,6.0,5.0,1.0,1.0,5.0,6.0,28.407,27.846,100.0,83.333,83.333,True
2025-11-13 00:00:00,0,50.0,50.0,50.8,6.0,5.0,1.0,1.0,3.0,6.0,51.611,46.278,60.0,50.0,50.0,True
2025-11-13 01:00:00,1,57.0,57.0,57.667,3.0,3.0,0.0,0.0,2.0,3.0,58.183,50.191,66.667,66.667,66.667,True
2025-11-13 02:00:00,2,21.0,22.0,22.5,6.0,6.0,0.0,0.0,6.0,6.0,28.773,29.506,100.0,100.0,100.0,False
2025-11-13 03:00:00,3,20.0,20.0,20.8,6.0,5.0,1.0,0.0,5.0,5.0,31.646,26.372,100.0,100.0,83.333,True
2025-11-13 04:00:00,4,34.0,34.0,34.263,15.0,13.0,2.0,2.0,10.0,15.0,44.491,39.639,76.923,66.667,66.667,True
2025-11-13 05:00:00,5,45.0,45.0,45.875,19.0,18.0,1.0,1.0,11.0,19.0,48.63,40.186,61.111,57.895,57.895,True
2025-11-13 06:00:00,6,36.0,36.0,36.644,28.0,25.0,3.0,2.0,21.0,27.0,41.639,39.306,84.0,77.778,75.0,True
2025-11-13 07:00:00,7,41.0,41.0,41.424,322.0,261.0,60.0,26.0,195.0,288.0,48.335,46.628,74.713,67.708,60.559,True
2025-11-13 08:00:00,8,47.0,47.0,47.327,450.0,382.0,68.0,27.0,247.0,409.0,54.07,51.859,64.66,60.391,54.889,True
2025-11-13 09:00:00,9,39.0,39.0,39.613,302.0,263.0,39.0,28.0,233.0,291.0,40.769,39.901,88.593,80.069,77.152,True
2025-11-13 10:00:00,10,22.0,22.0,22.742,378.0,351.0,27.0,16.0,350.0,367.0,23.874,22.982,99.715,95.368,92.593,True
2025-11-13 11:00:00,11,23.0,23.0,23.114,544.0,517.0,27.0,17.0,515.0,534.0,23.809,22.509,99.613,96.442,94.669,True
2025-11-13 12:00:00,12,25.0,25.0,25.036,519.0,480.0,39.0,26.0,478.0,506.0,25.362,24.178,99.583,94.466,92.1,True
2025-11-13 13:00:00,13,24.0,24.0,24.632,584.0,547.0,37.0,20.0,536.0,567.0,25.151,23.015,97.989,94.533,91.781,True
2025-11-13 14:00:00,14,39.0,39.0,39.784,716.0,621.0,93.0,58.0,503.0,681.0,40.954,32.493,80.998,73.862,70.251,True
2025-11-13 15:00:00,15,57.0,57.0,57.927,549.0,446.0,101.0,72.0,257.0,520.0,59.769,54.387,57.623,49.423,46.812,True
2025-11-13 16:00:00,16,65.0,65.0,65.789,298.0,225.0,73.0,49.0,111.0,274.0,67.71,60.488,49.333,40.511,37.248,True
2025-11-13 17:00:00,17,57.0,57.0,57.288,201.0,150.0,50.0,37.0,90.0,188.0,57.882,50.183,60.0,47.872,44.776,True
2025-11-13 18:00:00,18,49.0,49.0,49.016,87.0,61.0,26.0,19.0,42.0,80.0,48.952,44.194,68.852,52.5,48.276,True
2025-11-13 19:00:00,19,45.0,45.0,45.689,75.0,61.0,13.0,11.0,50.0,73.0,46.131,38.178,81.967,68.493,66.667,True
2025-11-13 20:00:00,20,56.0,56.0,56.538,64.0,51.0,13.0,10.0,36.0,61.0,57.485,47.938,70.588,59.016,56.25,True
2025-11-13 21:00:00,21,61.0,63.0,63.154,31.0,24.0,7.0,5.0,11.0,29.0,68.75,63.6,45.833,37.931,35.484,False
2025-11-13 22:00:00,22,54.0,54.0,54.0,13.0,8.0,5.0,4.0,5.0,12.0,54.106,58.082,62.5,41.667,38.462,True
2025-11-13 23:00:00,23,29.0,29.0,29.5,10.0,6.0,3.0,3.0,5.0,10.0,30.141,24.921,83.333,50.0,50.0,True
2025-11-14 00:00:00,0,36.0,36.0,36.0,3.0,1.0,2.0,2.0,1.0,3.0,36.807,36.807,100.0,33.333,33.333,True
2025-11-14 01:00:00,1,32.0,32.0,32.0,4.0,4.0,0.0,0.0,4.0,4.0,32.765,30.935,100.0,100.0,100.0,True
2025-11-14 02:00:00,2,28.0,28.0,28.0,3.0,3.0,0.0,0.0,3.0,3.0,32.368,42.407,100.0,100.0,100.0,True
2025-11-14 03:00:00,3,33.0,33.0,33.5,6.0,6.0,0.0,0.0,6.0,6.0,33.801,36.333,100.0,100.0,100.0,True
2025-11-14 04:00:00,4,34.0,34.0,34.188,16.0,13.0,3.0,2.0,12.0,15.0,39.855,34.561,92.308,80.0,75.0,True
2025-11-14 05:00:00,5,42.0,42.0,42.909,17.0,14.0,3.0,2.0,10.0,16.0,56.87,52.951,71.429,62.5,58.824,True
2025-11-14 06:00:00,6,35.0,35.0,35.117,36.0,28.0,8.0,6.0,27.0,34.0,36.583,36.159,96.429,79.412,75.0,True
2025-11-14 07:00:00,7,39.0,39.0,39.683,338.0,278.0,60.0,24.0,222.0,302.0,47.218,46.752,79.856,73.51,65.68,True
2025-11-14 08:00:00,8,43.0,42.0,42.985,342.0,279.0,63.0,26.0,202.0,305.0,50.404,47.284,72.401,66.23,59.064,False
2025-11-14 09:00:00,9,33.0,33.0,33.136,391.0,345.0,44.0,24.0,324.0,371.0,33.662,30.601,93.913,87.332,82.864,True
2025-11-14 10:00:00,10,24.0,24.0,24.808,395.0,367.0,28.0,17.0,360.0,384.0,26.196,24.704,98.093,93.75,91.139,True
2025-11-14 11:00:00,11,27.0,27.0,27.481,514.0,484.0,30.0,19.0,480.0,503.0,28.066,26.997,99.174,95.427,93.385,True
2025-11-14 12:00:00,12,27.0,27.0,27.309,518.0,482.0,36.0,21.0,469.0,503.0,28.155,25.835,97.303,93.241,90.541,True
2025-11-14 13:00:00,13,26.0,26.0,26.142,490.0,456.0,34.0,19.0,452.0,475.0,26.514,25.796,99.123,95.158,92.245,True
2025-11-14 14:00:00,14,46.0,46.0,46.805,765.0,646.0,119.0,90.0,489.0,736.0,48.143,38.19,75.697,66.44,63.922,True
2025-11-14 15:00:00,15,69.0,69.0,69.844,516.0,381.0,135.0,110.0,172.0,491.0,72.923,64.955,45.144,35.031,33.333,True
2025-11-14 16:00:00,16,84.0,84.0,84.745,277.0,196.0,81.0,67.0,55.0,263.0,86.333,80.884,28.061,20.913,19.856,True
2025-11-14 17:00:00,17,66.0,66.0,66.848,172.0,119.0,53.0,43.0,55.0,162.0,70.241,66.751,46.218,33.951,31.977,True
2025-11-14 18:00:00,18,50.0,50.0,50.259,107.0,78.0,29.0,23.0,52.0,101.0,51.841,44.168,66.667,51.485,48.598,True
2025-11-14 19:00:00,19,52.0,53.0,53.564,70.0,55.0,15.0,13.0,34.0,68.0,54.036,43.214,61.818,50.0,48.571,False
2025-11-14 20:00:00,20,65.0,64.0,64.622,68.0,46.0,22.0,14.0,32.0,60.0,64.845,47.864,69.565,53.333,47.059,False
2025-11-14 21:00:00,21,64.0,64.0,64.111,33.0,23.0,10.0,7.0,12.0,30.0,71.623,51.536,52.174,40.0,36.364,True
2025-11-14 22:00:00,22,42.0,42.0,42.643,21.0,14.0,7.0,6.0,11.0,20.0,42.852,30.929,78.571,55.0,52.381,True
2025-11-14 23:00:00,23,46.0,44.0,44.571,11.0,7.0,4.0,3.0,5.0,10.0,44.929,36.364,71.429,50.0,45.455,False
2025-11-15 00:00:00,0,58.0,58.0,58.125,9.0,8.0,1.0,0.0,5.0,8.0,58.764,48.002,62.5,62.5,55.556,True
2025-11-15 01:00:00,1,38.0,38.0,38.667,5.0,3.0,2.0,2.0,3.0,5.0,39.196,37.365,100.0,60.0,60.0,True
2025-11-15 02:00:00,2,20.0,20.0,20.5,4.0,4.0,0.0,0.0,4.0,4.0,20.741,20.09,100.0,100.0,100.0,True
2025-11-15 03:00:00,3,34.0,34.0,34.8,10.0,10.0,0.0,0.0,10.0,10.0,35.216,31.868,100.0,100.0,100.0,True
2025-11-15 04:00:00,4,27.0,27.0,27.688,11.0,10.0,1.0,1.0,9.0,11.0,39.122,41.141,90.0,81.818,81.818,True
2025-11-15 05:00:00,5,25.0,25.0,25.846,13.0,10.0,3.0,2.0,10.0,12.0,27.844,24.451,100.0,83.333,76.923,True
2025-11-15 06:00:00,6,47.0,47.0,47.682,15.0,14.0,1.0,0.0,9.0,14.0,52.648,48.5,64.286,64.286,60.0,True
2025-11-15 07:00:00,7,33.0,33.0,33.176,68.0,54.0,14.0,10.0,52.0,64.0,32.714,29.718,96.296,81.25,76.471,True
2025-11-15 08:00:00,8,28.0,28.0,28.702,154.0,135.0,19.0,7.0,129.0,142.0,30.67,26.455,95.556,90.845,83.766,True
2025-11-15 09:00:00,9,34.0,34.0,34.458,197.0,175.0,22.0,17.0,160.0,192.0,35.037,30.766,91.429,83.333,81.218,True
2025-11-15 10:00:00,10,46.0,46.0,46.735,223.0,181.0,42.0,34.0,131.0,215.0,51.212,46.478,72.376,60.93,58.744,True
2025-11-15 11:00:00,11,52.0,52.0,52.37,272.0,215.0,57.0,44.0,146.0,259.0,53.337,51.072,67.907,56.371,53.676,True
2025-11-15 12:00:00,12,42.0,42.0,42.489,206.0,168.0,38.0,28.0,132.0,196.0,44.518,41.436,78.571,67.347,64.078,True
2025-11-15 13:00:00,13,32.0,32.0,32.472,186.0,162.0,24.0,14.0,155.0,176.0,33.131,31.081,95.679,88.068,83.333,True
2025-11-15 14:00:00,14,33.0,33.0,33.536,161.0,146.0,15.0,8.0,132.0,154.0,34.631,30.928,90.411,85.714,81.988,True
2025-11-15 15:00:00,15,50.0,50.0,50.237,221.0,177.0,44.0,30.0,128.0,207.0,51.315,40.592,72.316,61.836,57.919,True
2025-11-15 16:00:00,16,77.0,77.0,77.483,157.0,110.0,47.0,40.0,47.0,150.0,81.123,67.849,42.727,31.333,29.936,True
2025-11-15 17:00:00,17,71.0,71.0,71.015,88.0,64.0,24.0,22.0,30.0,86.0,72.477,64.905,46.875,34.884,34.091,True
2025-11-15 18:00:00,18,57.0,57.0,57.574,67.0,51.0,16.0,13.0,29.0,64.0,60.672,48.497,56.863,45.312,43.284,True
2025-11-15 19:00:00,19,60.0,59.0,59.462,78.0,52.0,26.0,19.0,30.0,71.0,60.56,48.919,57.692,42.254,38.462,False
2025-11-15 20:00:00,20,71.0,71.0,71.452,46.0,29.0,17.0,16.0,10.0,45.0,74.946,81.302,34.483,22.222,21.739,True
2025-11-15 21:00:00,21,57.0,57.0,57.533,22.0,14.0,8.0,7.0,6.0,21.0,61.811,63.204,42.857,28.571,27.273,True
2025-11-15 22:00:00,22,28.0,28.0,28.25,16.0,12.0,4.0,2.0,12.0,14.0,28.142,30.51,100.0,85.714,75.0,True
2025-11-15 23:00:00,23,36.0,36.0,36.667,13.0,12.0,1.0,1.0,10.0,13.0,36.523,33.193,83.333,76.923,76.923,True
2025-11-16 00:00:00,0,32.0,32.0,32.0,7.0,6.0,1.0,1.0,5.0,7.0,35.555,29.087,83.333,71.429,71.429,True
2025-11-16 01:00:00,1,36.0,36.0,36.833,5.0,5.0,0.0,0.0,4.0,5.0,43.02,40.456,80.0,80.0,80.0,True
2025-11-16 02:00:00,2,18.0,18.0,18.5,3.0,2.0,1.0,1.0,2.0,3.0,20.037,20.037,100.0,66.667,66.667,True
2025-11-16 03:00:00,3,22.0,22.0,22.25,6.0,6.0,0.0,0.0,6.0,6.0,26.556,23.361,100.0,100.0,100.0,True
2025-11-16 04:00:00,4,28.0,29.0,29.111,8.0,8.0,0.0,0.0,8.0,8.0,32.341,30.813,100.0,100.0,100.0,False
2025-11-16 05:00:00,5,27.0,27.0,27.333,6.0,6.0,0.0,0.0,6.0,6.0,28.077,26.419,100.0,100.0,100.0,True
2025-11-16 06:00:00,6,97.0,97.0,97.0,3.0,2.0,1.0,1.0,1.0,3.0,62.272,62.272,50.0,33.333,33.333,True
2025-11-16 07:00:00,7,35.0,35.0,35.692,70.0,63.0,7.0,6.0,55.0,69.0,37.841,31.546,87.302,79.71,78.571,True
2025-11-16 08:00:00,8,47.0,47.0,47.454,213.0,169.0,44.0,29.0,121.0,198.0,53.452,40.117,71.598,61.111,56.808,True
2025-11-16 09:00:00,9,70.0,69.0,69.935,216.0,152.0,64.0,53.0,57.0,205.0,70.833,75.241,37.5,27.805,26.389,False
2025-11-16 10:00:00,10,50.0,51.0,51.009,109.0,75.0,34.0,29.0,32.0,104.0,65.856,64.981,42.667,30.769,29.358,False
2025-11-16 11:00:00,11,38.0,38.0,38.173,145.0,126.0,19.0,14.0,110.0,140.0,39.151,36.439,87.302,78.571,75.862,True
2025-11-16 12:00:00,12,36.0,36.0,36.93,245.0,221.0,24.0,19.0,192.0,240.0,37.872,33.429,86.878,80.0,78.367,True
2025-11-16 13:00:00,13,40.0,39.0,39.9,233.0,197.0,36.0,30.0,161.0,227.0,40.478,33.729,81.726,70.925,69.099,False
2025-11-16 14:00:00,14,45.0,45.0,45.428,163.0,141.0,22.0,17.0,103.0,158.0,46.938,39.07,73.05,65.19,63.19,True
2025-11-16 15:00:00,15,53.0,53.0,53.496,138.0,109.0,29.0,24.0,69.0,133.0,55.261,45.513,63.303,51.88,50.0,True
2025-11-16 16:00:00,16,64.0,64.0,64.545,120.0,88.0,31.0,21.0,42.0,110.0,66.39,62.482,47.727,38.182,35.0,True
2025-11-16 17:00:00,17,78.0,78.0,78.607,87.0,54.0,33.0,26.0,18.0,80.0,79.083,75.958,33.333,22.5,20.69,True
2025-11-16 18:00:00,18,58.0,59.0,59.196,69.0,47.0,22.0,15.0,26.0,62.0,59.512,54.286,55.319,41.935,37.681,False
2025-11-16 19:00:00,19,68.0,68.0,68.947,55.0,35.0,20.0,15.0,20.0,50.0,71.837,47.634,57.143,40.0,36.364,True
2025-11-16 20:00:00,20,101.0,101.0,101.75,34.0,16.0,18.0,16.0,4.0,32.0,101.96,101.462,25.0,12.5,11.765,True
2025-11-16 21:00:00,21,90.0,90.0,90.545,18.0,11.0,7.0,5.0,2.0,16.0,91.048,88.503,18.182,12.5,11.111,True
2025-11-16 22:00:00,22,43.0,43.0,43.25,5.0,4.0,1.0,0.0,3.0,4.0,44.026,43.748,75.0,75.0,60.0,True
2025-11-16 23:00:00,23,49.0,49.0,49.857,11.0,7.0,4.0,2.0,5.0,9.0,50.413,43.747,71.429,55.556,45.455,True
2025-11-17 00:00:00,0,36.0,36.0,36.833,6.0,6.0,0.0,0.0,6.0,6.0,37.077,38.991,100.0,100.0,100.0,True
2025-11-17 01:00:00,1,32.0,32.0,32.143,7.0,6.0,1.0,1.0,6.0,7.0,35.185,34.095,100.0,85.714,85.714,True
2025-11-17 02:00:00,2,32.0,32.0,32.5,3.0,2.0,1.0,1.0,2.0,3.0,33.878,33.878,100.0,66.667,66.667,True
2025-11-17 03:00:00,3,27.0,27.0,27.0,3.0,3.0,0.0,0.0,3.0,3.0,27.546,24.895,100.0,100.0,100.0,True
2025-11-17 04:00:00,4,33.0,33.0,33.438,14.0,14.0,0.0,0.0,11.0,14.0,38.464,34.977,78.571,78.571,78.571,True
2025-11-17 05:00:00,5,38.0,38.0,38.769,16.0,14.0,2.0,2.0,8.0,16.0,51.482,54.954,57.143,50.0,50.0,True
2025-11-17 06:00:00,6,41.0,41.0,41.523,28.0,25.0,3.0,3.0,19.0,28.0,48.195,44.858,76.0,67.857,67.857,True
2025-11-17 07:00:00,7,48.0,48.0,48.972,381.0,322.0,59.0,33.0,169.0,355.0,60.011,58.41,52.484,47.606,44.357,True
2025-11-17 08:00:00,8,58.0,58.0,58.118,408.0,353.0,55.0,41.0,112.0,394.0,67.434,68.738,31.728,28.426,27.451,True
2025-11-17 09:00:00,9,43.0,43.0,43.675,312.0,261.0,51.0,32.0,210.0,293.0,44.285,43.031,80.46,71.672,67.308,True
2025-11-17 10:00:00,10,24.0,24.0,24.158,348.0,319.0,29.0,15.0,316.0,334.0,24.946,23.264,99.06,94.611,90.805,True
2025-11-17 11:00:00,11,23.0,23.0,23.365,526.0,509.0,17.0,10.0,507.0,519.0,24.089,23.267,99.607,97.688,96.388,True
2025-11-17 12:00:00,12,24.0,24.0,24.079,616.0,586.0,30.0,17.0,584.0,603.0,24.705,23.433,99.659,96.849,94.805,True
2025-11-17 13:00:00,13,20.0,20.0,20.878,469.0,441.0,28.0,14.0,438.0,455.0,21.186,19.861,99.32,96.264,93.39,True
2025-11-17 14:00:00,14,33.0,33.0,33.612,776.0,692.0,84.0,50.0,604.0,742.0,34.254,27.644,87.283,81.402,77.835,True
2025-11-17 15:00:00,15,51.0,51.0,51.487,668.0,561.0,107.0,69.0,387.0,630.0,53.267,44.459,68.984,61.429,57.934,True
2025-11-17 16:00:00,16,54.0,54.0,54.884,309.0,237.0,72.0,43.0,143.0,280.0,56.326,50.545,60.338,51.071,46.278,True
2025-11-17 17:00:00,17,43.0,43.0,43.18,217.0,171.0,46.0,27.0,134.0,198.0,43.906,38.608,78.363,67.677,61.751,True
2025-11-17 18:00:00,18,37.0,37.0,37.74,94.0,74.0,20.0,12.0,64.0,86.0,37.859,33.786,86.486,74.419,68.085,True
2025-11-17 19:00:00,19,29.0,29.0,29.594,76.0,62.0,14.0,12.0,57.0,74.0,30.037,25.276,91.935,77.027,75.0,True
2025-11-17 20:00:00,20,35.0,35.0,35.532,50.0,46.0,4.0,3.0,40.0,49.0,36.205,32.334,86.957,81.633,80.0,True
2025-11-17 21:00:00,21,35.0,35.0,35.519,31.0,25.0,6.0,4.0,22.0,29.0,38.746,37.243,88.0,75.862,70.968,True
2025-11-17 22:00:00,22,27.0,27.0,27.611,18.0,18.0,0.0,0.0,17.0,18.0,28.121,23.207,94.444,94.444,94.444,True
2025-11-17 23:00:00,23,24.0,24.0,24.0,6.0,6.0,0.0,0.0,6.0,6.0,24.3,23.246,100.0,100.0,100.0,True
2025-11-18 00:00:00,0,27.0,27.0,27.0,6.0,3.0,3.0,3.0,3.0,6.0,27.311,23.74,100.0,50.0,50.0,True
2025-11-18 01:00:00,1,28.0,28.0,28.5,1.0,1.0,0.0,0.0,1.0,1.0,55.671,55.671,100.0,100.0,100.0,True
2025-11-18 02:00:00,2,17.0,17.0,17.25,3.0,3.0,0.0,0.0,3.0,3.0,21.635,28.966,100.0,100.0,100.0,True
2025-11-18 04:00:00,4,27.0,27.0,27.941,13.0,12.0,1.0,0.0,11.0,12.0,37.158,34.404,91.667,91.667,84.615,True
2025-11-18 05:00:00,5,32.0,32.0,32.238,20.0,17.0,3.0,2.0,13.0,19.0,38.566,32.053,76.471,68.421,65.0,True
2025-11-18 06:00:00,6,40.0,40.0,40.8,35.0,31.0,4.0,2.0,28.0,33.0,43.18,41.282,90.323,84.848,80.0,True
2025-11-18 07:00:00,7,48.0,48.0,48.107,379.0,321.0,58.0,41.0,190.0,362.0,58.744,52.479,59.19,52.486,50.132,True
2025-11-18 08:00:00,8,55.0,55.0,55.756,364.0,306.0,58.0,40.0,128.0,346.0,66.227,64.555,41.83,36.994,35.165,True
2025-11-18 09:00:00,9,46.0,46.0,46.114,293.0,260.0,33.0,21.0,203.0,281.0,47.115,46.212,78.077,72.242,69.283,True
2025-11-18 10:00:00,10,25.0,25.0,25.01,339.0,307.0,32.0,14.0,301.0,321.0,26.357,24.48,98.046,93.769,88.791,True
2025-11-18 11:00:00,11,23.0,23.0,23.206,468.0,445.0,23.0,15.0,443.0,460.0,23.789,23.055,99.551,96.304,94.658,True
2025-11-18 12:00:00,12,23.0,23.0,23.441,570.0,541.0,29.0,15.0,540.0,556.0,23.775,22.436,99.815,97.122,94.737,True
2025-11-18 13:00:00,13,22.0,22.0,22.651,507.0,479.0,28.0,16.0,478.0,495.0,23.319,22.066,99.791,96.566,94.28,True
2025-11-18 14:00:00,14,33.0,33.0,33.074,769.0,683.0,86.0,37.0,621.0,720.0,33.708,28.394,90.922,86.25,80.754,True
2025-11-18 15:00:00,15,52.0,53.0,53.056,607.0,511.0,95.0,56.0,308.0,568.0,55.424,51.908,60.274,54.225,50.741,False
2025-11-18 16:00:00,16,59.0,59.0,59.946,336.0,273.0,63.0,46.0,138.0,319.0,61.339,58.589,50.549,43.26,41.071,True
2025-11-18 17:00:00,17,55.0,55.0,55.847,210.0,167.0,43.0,26.0,98.0,193.0,56.788,49.439,58.683,50.777,46.667,True
2025-11-18 18:00:00,18,45.0,45.0,45.286,119.0,101.0,18.0,13.0,75.0,114.0,46.327,32.801,74.257,65.789,63.025,True
2025-11-18 19:00:00,19,40.0,40.0,40.879,75.0,63.0,12.0,10.0,48.0,73.0,41.905,34.116,76.19,65.753,64.0,True
2025-11-18 20:00:00,20,49.0,49.0,49.622,56.0,46.0,10.0,9.0,34.0,55.0,51.393,50.217,73.913,61.818,60.714,True
2025-11-18 21:00:00,21,53.0,53.0,53.238,27.0,20.0,7.0,2.0,14.0,22.0,50.215,52.637,70.0,63.636,51.852,True
2025-11-18 22:00:00,22,27.0,27.0,27.636,13.0,11.0,2.0,2.0,11.0,13.0,27.579,25.764,100.0,84.615,84.615,True
2025-11-18 23:00:00,23,34.0,34.0,34.75,4.0,4.0,0.0,0.0,3.0,4.0,34.823,29.024,75.0,75.0,75.0,True
2025-11-19 00:00:00,0,39.0,39.0,39.5,6.0,4.0,2.0,2.0,4.0,6.0,40.012,37.997,100.0,66.667,66.667,True
2025-11-19 01:00:00,1,25.0,25.0,25.333,2.0,2.0,0.0,0.0,2.0,2.0,38.156,38.156,100.0,100.0,100.0,True
2025-11-19 02:00:00,2,26.0,26.0,26.5,2.0,2.0,0.0,0.0,2.0,2.0,26.878,26.878,100.0,100.0,100.0,True
2025-11-19 03:00:00,3,34.0,34.0,34.556,9.0,9.0,0.0,0.0,9.0,9.0,34.853,35.148,100.0,100.0,100.0,True
2025-11-19 04:00:00,4,34.0,34.0,34.462,12.0,10.0,2.0,2.0,10.0,12.0,38.493,40.135,100.0,83.333,83.333,True
2025-11-19 05:00:00,5,38.0,38.0,38.654,21.0,18.0,3.0,3.0,14.0,21.0,46.575,49.996,77.778,66.667,66.667,True
2025-11-19 06:00:00,6,40.0,40.0,40.206,28.0,25.0,3.0,2.0,19.0,27.0,47.956,42.944,76.0,70.37,67.857,True
2025-11-19 07:00:00,7,46.0,46.0,46.8,362.0,306.0,56.0,32.0,190.0,338.0,55.916,53.608,62.092,56.213,52.486,True
2025-11-19 08:00:00,8,58.0,58.0,58.554,408.0,354.0,54.0,36.0,122.0,390.0,68.644,66.729,34.463,31.282,29.902,True
2025-11-19 09:00:00,9,43.0,43.0,43.738,326.0,278.0,48.0,37.0,221.0,315.0,44.517,42.797,79.496,70.159,67.791,True
2025-11-19 10:00:00,10,23.0,23.0,23.247,323.0,298.0,25.0,12.0,298.0,310.0,24.426,23.423,100.0,96.129,92.26,True
2025-11-19 11:00:00,11,24.0,24.0,24.851,558.0,540.0,18.0,7.0,539.0,547.0,25.41,24.617,99.815,98.537,96.595,True
2025-11-19 12:00:00,12,25.0,25.0,25.019,535.0,507.0,28.0,18.0,507.0,525.0,25.695,24.48,100.0,96.571,94.766,True
2025-11-19 13:00:00,13,22.0,22.0,22.38,533.0,499.0,34.0,15.0,499.0,514.0,22.892,21.262,100.0,97.082,93.621,True
2025-11-19 14:00:00,14,32.0,32.0,32.319,744.0,649.0,95.0,45.0,584.0,694.0,33.046,27.059,89.985,84.15,78.495,True
2025-11-19 15:00:00,15,54.0,54.0,54.915,702.0,574.0,128.0,86.0,363.0,660.0,56.766,46.375,63.24,55.0,51.709,True
2025-11-19 16:00:00,16,65.0,65.0,65.077,318.0,249.0,69.0,50.0,115.0,299.0,67.198,64.238,46.185,38.462,36.164,True
2025-11-19 17:00:00,17,59.0,59.0,59.32,198.0,154.0,44.0,36.0,86.0,190.0,60.501,50.638,55.844,45.263,43.434,True
2025-11-19 18:00:00,18,43.0,43.0,43.553,93.0,74.0,19.0,15.0,53.0,89.0,45.297,37.438,71.622,59.551,56.989,True
2025-11-19 19:00:00,19,35.0,35.0,35.255,62.0,48.0,14.0,8.0,41.0,56.0,36.161,32.23,85.417,73.214,66.129,True
2025-11-19 20:00:00,20,36.0,36.0,36.122,57.0,49.0,8.0,3.0,43.0,52.0,36.504,32.267,87.755,82.692,75.439,True
2025-11-19 21:00:00,21,37.0,37.0,37.542,26.0,24.0,2.0,2.0,23.0,26.0,37.616,36.021,95.833,88.462,88.462,True
2025-11-19 22:00:00,22,31.0,31.0,31.353,19.0,17.0,2.0,2.0,17.0,19.0,31.555,32.763,100.0,89.474,89.474,True
2025-11-19 23:00:00,23,25.0,25.0,25.0,10.0,8.0,2.0,0.0,8.0,8.0,25.737,24.811,100.0,100.0,80.0,True
2025-11-20 00:00:00,0,16.0,16.0,16.0,4.0,3.0,1.0,1.0,3.0,4.0,16.342,12.32,100.0,75.0,75.0,True
2025-11-20 01:00:00,1,42.0,42.0,42.333,4.0,4.0,0.0,0.0,4.0,4.0,38.864,37.289,100.0,100.0,100.0,True
2025-11-20 02:00:00,2,17.0,17.0,17.0,2.0,2.0,0.0,0.0,2.0,2.0,17.269,17.269,100.0,100.0,100.0,True
2025-11-20 03:00:00,3,24.0,24.0,24.667,4.0,3.0,1.0,1.0,3.0,4.0,25.246,26.203,100.0,75.0,75.0,True
2025-11-20 04:00:00,4,24.0,24.0,24.176,12.0,12.0,0.0,0.0,12.0,12.0,34.197,35.424,100.0,100.0,100.0,True
2025-11-20 05:00:00,5,46.0,46.0,46.87,23.0,18.0,5.0,3.0,11.0,21.0,49.143,38.688,61.111,52.381,47.826,True
2025-11-20 06:00:00,6,36.0,36.0,36.636,25.0,24.0,1.0,0.0,21.0,24.0,36.387,35.788,87.5,87.5,84.0,True
2025-11-20 07:00:00,7,43.0,43.0,43.947,359.0,295.0,64.0,34.0,205.0,329.0,51.467,47.255,69.492,62.31,57.103,True
2025-11-20 08:00:00,8,49.0,49.0,49.903,412.0,353.0,59.0,40.0,182.0,393.0,57.889,59.472,51.558,46.31,44.175,True
2025-11-20 09:00:00,9,38.0,39.0,39.011,298.0,266.0,32.0,21.0,230.0,287.0,40.126,38.403,86.466,80.139,77.181,False
2025-11-20 10:00:00,10,23.0,23.0,23.98,401.0,373.0,27.0,13.0,372.0,387.0,25.42,24.201,99.732,96.124,92.768,True
2025-11-20 11:00:00,11,22.0,22.0,22.43,485.0,461.0,23.0,14.0,461.0,476.0,22.964,22.308,100.0,96.849,95.052,True
2025-11-20 12:00:00,12,23.0,23.0,23.005,574.0,547.0,26.0,12.0,547.0,560.0,23.502,22.678,100.0,97.679,95.296,True
2025-11-20 13:00:00,13,21.0,21.0,21.935,575.0,530.0,45.0,22.0,529.0,552.0,22.253,20.825,99.811,95.833,92.0,True
2025-11-20 14:00:00,14,32.0,32.0,32.38,744.0,662.0,82.0,42.0,604.0,704.0,33.137,28.158,91.239,85.795,81.183,True
2025-11-20 15:00:00,15,51.0,51.0,51.574,628.0,506.0,122.0,75.0,311.0,581.0,53.233,47.97,61.462,53.528,49.522,True
2025-11-20 16:00:00,16,55.0,55.0,55.112,329.0,244.0,85.0,50.0,152.0,294.0,56.23,52.13,62.295,51.701,46.201,True
2025-11-20 17:00:00,17,53.0,53.0,53.545,224.0,177.0,47.0,31.0,117.0,208.0,54.558,47.921,66.102,56.25,52.232,True
2025-11-20 18:00:00,18,41.0,41.0,41.536,98.0,82.0,16.0,11.0,66.0,93.0,42.637,35.762,80.488,70.968,67.347,True
2025-11-20 19:00:00,19,33.0,33.0,33.347,89.0,75.0,14.0,9.0,69.0,84.0,33.677,31.11,92.0,82.143,77.528,True
2025-11-20 20:00:00,20,39.0,39.0,39.878,53.0,41.0,12.0,7.0,33.0,48.0,40.124,40.826,80.488,68.75,62.264,True
2025-11-20 21:00:00,21,47.0,47.0,47.091,41.0,32.0,9.0,7.0,25.0,39.0,48.776,41.743,78.125,64.103,60.976,True
2025-11-20 22:00:00,22,50.0,50.0,50.0,15.0,11.0,4.0,3.0,7.0,14.0,50.354,52.05,63.636,50.0,46.667,True
2025-11-20 23:00:00,23,37.0,37.0,37.636,11.0,11.0,0.0,0.0,9.0,11.0,37.803,31.31,81.818,81.818,81.818,True
2025-11-21 00:00:00,0,49.0,49.0,49.0,3.0,2.0,1.0,1.0,1.0,3.0,49.106,49.106,50.0,33.333,33.333,True
2025-11-21 01:00:00,1,29.0,29.0,29.0,4.0,3.0,1.0,1.0,3.0,4.0,30.115,20.738,100.0,75.0,75.0,True
2025-11-21 02:00:00,2,44.0,44.0,44.5,2.0,2.0,0.0,0.0,2.0,2.0,45.488,45.488,100.0,100.0,100.0,True
2025-11-21 03:00:00,3,29.0,29.0,29.667,5.0,5.0,0.0,0.0,5.0,5.0,33.889,35.363,100.0,100.0,100.0,True
2025-11-21 04:00:00,4,32.0,32.0,32.333,14.0,12.0,2.0,1.0,10.0,13.0,38.957,28.206,83.333,76.923,71.429,True
2025-11-21 05:00:00,5,61.0,61.0,61.192,22.0,18.0,4.0,2.0,7.0,20.0,68.031,68.225,38.889,35.0,31.818,True
2025-11-21 06:00:00,6,40.0,40.0,40.375,28.0,27.0,1.0,0.0,20.0,27.0,46.361,38.754,74.074,74.074,71.429,True
2025-11-21 07:00:00,7,38.0,38.0,38.246,330.0,265.0,65.0,26.0,215.0,291.0,43.534,39.649,81.132,73.883,65.152,True
2025-11-21 08:00:00,8,41.0,41.0,41.401,426.0,363.0,63.0,27.0,295.0,390.0,47.055,45.841,81.267,75.641,69.249,True
2025-11-21 09:00:00,9,31.0,31.0,31.796,340.0,312.0,28.0,10.0,304.0,322.0,32.015,30.106,97.436,94.41,89.412,True
2025-11-21 10:00:00,10,21.0,21.0,21.8,405.0,381.0,24.0,11.0,379.0,392.0,22.847,21.386,99.475,96.684,93.58,True
2025-11-21 11:00:00,11,25.0,25.0,25.013,548.0,517.0,31.0,18.0,515.0,535.0,25.576,24.251,99.613,96.262,93.978,True
2025-11-21 12:00:00,12,24.0,24.0,24.437,551.0,524.0,27.0,18.0,522.0,542.0,24.962,23.849,99.618,96.31,94.737,True
2025-11-21 13:00:00,13,23.0,23.0,23.539,530.0,501.0,29.0,13.0,497.0,514.0,24.296,22.62,99.202,96.693,93.774,True
2025-11-21 14:00:00,14,41.0,41.0,41.366,749.0,620.0,129.0,81.0,501.0,701.0,42.44,32.91,80.806,71.469,66.889,True
2025-11-21 15:00:00,15,64.0,64.0,64.527,585.0,462.0,123.0,98.0,231.0,560.0,67.233,59.969,50.0,41.25,39.487,True
2025-11-21 16:00:00,16,82.0,82.0,82.192,302.0,205.0,97.0,80.0,70.0,285.0,84.677,75.594,34.146,24.561,23.179,True
2025-11-21 17:00:00,17,71.0,72.0,72.438,176.0,118.0,57.0,46.0,46.0,165.0,74.785,69.989,38.983,27.879,26.136,False
2025-11-21 18:00:00,18,66.0,66.0,66.091,98.0,75.0,23.0,18.0,40.0,93.0,66.41,52.498,53.333,43.011,40.816,True
2025-11-21 19:00:00,19,62.0,62.0,62.618,76.0,54.0,22.0,16.0,30.0,70.0,64.124,47.484,55.556,42.857,39.474,True
2025-11-21 20:00:00,20,87.0,87.0,87.182,58.0,33.0,25.0,21.0,8.0,54.0,87.635,94.586,24.242,14.815,13.793,True
2025-11-21 21:00:00,21,95.0,95.0,95.211,41.0,19.0,22.0,21.0,2.0,40.0,95.613,103.993,10.526,5.0,4.878,True
2025-11-21 22:00:00,22,90.0,93.0,93.1,20.0,10.0,10.0,9.0,2.0,19.0,93.608,106.343,20.0,10.526,10.0,False
2025-11-21 23:00:00,23,53.0,53.0,53.0,13.0,7.0,6.0,6.0,5.0,13.0,53.423,46.769,71.429,38.462,38.462,True
2025-11-22 00:00:00,0,21.0,21.0,21.0,5.0,4.0,1.0,0.0,4.0,4.0,21.904,18.935,100.0,100.0,80.0,True
2025-11-22 01:00:00,1,73.0,73.0,73.5,4.0,2.0,2.0,0.0,0.0,2.0,73.737,73.737,0.0,0.0,0.0,True
2025-11-22 02:00:00,2,34.0,34.0,34.818,11.0,9.0,2.0,1.0,9.0,10.0,39.734,38.505,100.0,90.0,81.818,True
2025-11-22 03:00:00,3,27.0,27.0,27.4,5.0,5.0,0.0,0.0,5.0,5.0,27.669,29.919,100.0,100.0,100.0,True
2025-11-22 04:00:00,4,27.0,27.0,27.722,13.0,13.0,0.0,0.0,13.0,13.0,34.74,31.549,100.0,100.0,100.0,True
2025-11-22 05:00:00,5,35.0,35.0,35.429,12.0,11.0,1.0,1.0,10.0,12.0,37.649,34.137,90.909,83.333,83.333,True
2025-11-22 06:00:00,6,43.0,43.0,43.708,15.0,14.0,1.0,1.0,12.0,15.0,44.292,48.113,85.714,80.0,80.0,True
2025-11-22 07:00:00,7,30.0,30.0,30.99,61.0,53.0,8.0,4.0,52.0,57.0,33.212,31.33,98.113,91.228,85.246,True
2025-11-22 08:00:00,8,30.0,30.0,30.063,180.0,153.0,27.0,8.0,147.0,161.0,31.216,30.18,96.078,91.304,81.667,True
2025-11-22 09:00:00,9,45.0,45.0,45.168,216.0,182.0,34.0,26.0,142.0,208.0,46.449,39.173,78.022,68.269,65.741,True
2025-11-22 10:00:00,10,49.0,49.0,49.62,222.0,170.0,52.0,45.0,106.0,215.0,56.372,49.497,62.353,49.302,47.748,True
2025-11-22 11:00:00,11,51.0,51.0,51.862,252.0,212.0,40.0,30.0,136.0,242.0,52.614,49.903,64.151,56.198,53.968,True
2025-11-22 12:00:00,12,50.0,50.0,50.971,247.0,198.0,49.0,38.0,134.0,236.0,52.972,47.98,67.677,56.78,54.251,True
2025-11-22 13:00:00,13,44.0,44.0,44.907,210.0,180.0,30.0,23.0,137.0,203.0,46.451,41.026,76.111,67.488,65.238,True
2025-11-22 14:00:00,14,49.0,49.0,49.655,199.0,159.0,40.0,30.0,114.0,189.0,49.867,41.12,71.698,60.317,57.286,True
2025-11-22 15:00:00,15,61.0,62.0,62.056,191.0,139.0,52.0,43.0,80.0,182.0,64.603,52.959,57.554,43.956,41.885,False
2025-11-22 16:00:00,16,88.0,88.0,88.264,157.0,104.0,53.0,48.0,30.0,152.0,92.959,99.313,28.846,19.737,19.108,True
2025-11-22 17:00:00,17,86.0,86.0,86.409,91.0,62.0,29.0,25.0,17.0,87.0,92.055,94.827,27.419,19.54,18.681,True
2025-11-22 18:00:00,18,80.0,80.0,80.189,68.0,51.0,17.0,15.0,17.0,66.0,82.125,86.784,33.333,25.758,25.0,True
2025-11-22 19:00:00,19,66.0,66.0,66.341,57.0,43.0,14.0,10.0,20.0,53.0,68.396,60.759,46.512,37.736,35.088,True
2025-11-22 20:00:00,20,82.0,82.0,82.971,51.0,33.0,18.0,17.0,11.0,50.0,85.512,83.578,33.333,22.0,21.569,True
2025-11-22 21:00:00,21,74.0,74.0,74.375,25.0,16.0,9.0,7.0,7.0,23.0,74.881,65.268,43.75,30.435,28.0,True
2025-11-22 22:00:00,22,41.0,41.0,41.3,14.0,9.0,5.0,4.0,7.0,13.0,46.174,31.316,77.778,53.846,50.0,True
2025-11-22 23:00:00,23,39.0,39.0,39.111,10.0,9.0,1.0,1.0,8.0,10.0,39.118,36.533,88.889,80.0,80.0,True
2025-11-23 00:00:00,0,27.0,27.0,27.0,1.0,1.0,0.0,0.0,1.0,1.0,28.089,28.089,100.0,100.0,100.0,True
2025-11-23 01:00:00,1,48.0,48.0,48.333,5.0,3.0,2.0,2.0,3.0,5.0,49.452,57.763,100.0,60.0,60.0,True
2025-11-23 02:00:00,2,25.0,25.0,25.0,9.0,9.0,0.0,0.0,9.0,9.0,25.307,27.415,100.0,100.0,100.0,True
2025-11-23 03:00:00,3,36.0,36.0,36.333,3.0,3.0,0.0,0.0,3.0,3.0,37.087,41.443,100.0,100.0,100.0,True
2025-11-23 04:00:00,4,24.0,24.0,24.714,7.0,6.0,1.0,1.0,6.0,7.0,29.564,31.621,100.0,85.714,85.714,True
2025-11-23 05:00:00,5,36.0,36.0,36.0,11.0,10.0,1.0,1.0,9.0,11.0,36.652,28.983,90.0,81.818,81.818,True
2025-11-23 06:00:00,6,60.0,60.0,60.5,5.0,4.0,1.0,1.0,2.0,5.0,61.04,55.252,50.0,40.0,40.0,True
2025-11-23 07:00:00,7,38.0,38.0,38.544,70.0,56.0,14.0,8.0,47.0,64.0,42.454,38.754,83.929,73.438,67.143,True
2025-11-23 08:00:00,8,45.0,45.0,45.184,204.0,173.0,31.0,25.0,127.0,198.0,49.905,42.946,73.41,64.141,62.255,True
2025-11-23 09:00:00,9,66.0,66.0,66.746,187.0,139.0,48.0,46.0,47.0,185.0,68.163,70.488,33.813,25.405,25.134,True
2025-11-23 10:00:00,10,44.0,45.0,45.275,122.0,93.0,29.0,21.0,61.0,114.0,55.352,55.221,65.591,53.509,50.0,False
2025-11-23 11:00:00,11,38.0,38.0,38.721,145.0,124.0,21.0,14.0,111.0,138.0,39.055,36.559,89.516,80.435,76.552,True
2025-11-23 12:00:00,12,35.0,35.0,35.683,266.0,242.0,24.0,19.0,214.0,261.0,36.415,30.682,88.43,81.992,80.451,True
2025-11-23 13:00:00,13,38.0,38.0,38.588,215.0,192.0,23.0,16.0,162.0,208.0,39.603,32.669,84.375,77.885,75.349,True
2025-11-23 14:00:00,14,36.0,36.0,36.427,183.0,159.0,24.0,14.0,138.0,173.0,37.654,33.106,86.792,79.769,75.41,True
2025-11-23 15:00:00,15,37.0,37.0,37.982,128.0,108.0,20.0,13.0,98.0,121.0,38.712,35.892,90.741,80.992,76.562,True
2025-11-23 16:00:00,16,40.0,40.0,40.723,94.0,78.0,16.0,13.0,60.0,91.0,43.199,40.646,76.923,65.934,63.83,True
2025-11-23 17:00:00,17,40.0,40.0,40.966,73.0,56.0,17.0,12.0,42.0,68.0,43.193,30.849,75.0,61.765,57.534,True
2025-11-23 18:00:00,18,37.0,37.0,37.368,88.0,70.0,18.0,11.0,62.0,81.0,39.614,37.355,88.571,76.543,70.455,True
2025-11-23 19:00:00,19,45.0,45.0,45.512,50.0,37.0,13.0,11.0,27.0,48.0,44.394,41.24,72.973,56.25,54.0,True
2025-11-23 20:00:00,20,57.0,57.0,57.636,29.0,21.0,8.0,7.0,12.0,28.0,60.089,56.727,57.143,42.857,41.379,True
2025-11-23 21:00:00,21,60.0,60.0,60.733,21.0,14.0,7.0,7.0,6.0,21.0,65.209,67.73,42.857,28.571,28.571,True
2025-11-23 22:00:00,22,29.0,29.0,29.571,8.0,7.0,1.0,1.0,7.0,8.0,29.935,26.782,100.0,87.5,87.5,True
2025-11-23 23:00:00,23,28.0,28.0,28.667,6.0,6.0,0.0,0.0,6.0,6.0,28.899,25.065,100.0,100.0,100.0,True
2025-11-24 00:00:00,0,58.0,58.0,58.4,8.0,5.0,3.0,3.0,3.0,8.0,58.479,57.336,60.0,37.5,37.5,True
2025-11-24 01:00:00,1,25.0,25.0,25.0,1.0,1.0,0.0,0.0,1.0,1.0,26.199,26.199,100.0,100.0,100.0,True
2025-11-24 03:00:00,3,23.0,23.0,23.0,3.0,3.0,0.0,0.0,3.0,3.0,23.132,25.634,100.0,100.0,100.0,True
2025-11-24 04:00:00,4,31.0,31.0,31.357,11.0,11.0,0.0,0.0,10.0,11.0,38.811,38.171,90.909,90.909,90.909,True
2025-11-24 05:00:00,5,45.0,45.0,45.76,19.0,15.0,4.0,3.0,7.0,18.0,58.991,62.929,46.667,38.889,36.842,True
2025-11-24 06:00:00,6,41.0,41.0,41.781,37.0,33.0,4.0,2.0,23.0,35.0,50.017,44.541,69.697,65.714,62.162,True
2025-11-24 07:00:00,7,45.0,46.0,46.208,382.0,328.0,54.0,36.0,206.0,364.0,54.775,50.77,62.805,56.593,53.927,False
2025-11-24 08:00:00,8,55.0,55.0,55.376,390.0,349.0,41.0,29.0,147.0,378.0,64.167,64.706,42.12,38.889,37.692,True
2025-11-24 09:00:00,9,40.0,40.0,40.495,304.0,274.0,30.0,20.0,242.0,294.0,41.411,38.775,88.321,82.313,79.605,True
2025-11-24 10:00:00,10,23.0,23.0,23.245,383.0,355.0,28.0,16.0,355.0,371.0,24.471,24.074,100.0,95.687,92.689,True
2025-11-24 11:00:00,11,22.0,22.0,22.38,529.0,503.0,26.0,21.0,501.0,524.0,23.181,22.331,99.602,95.611,94.707,True
2025-11-24 12:00:00,12,22.0,22.0,22.85,570.0,539.0,31.0,17.0,535.0,556.0,23.248,22.08,99.258,96.223,93.86,True
2025-11-24 13:00:00,13,20.0,20.0,20.352,520.0,477.0,43.0,23.0,477.0,500.0,20.889,19.806,100.0,95.4,91.731,True
2025-11-24 14:00:00,14,31.0,31.0,31.99,723.0,655.0,67.0,34.0,589.0,690.0,32.754,27.3,89.924,85.362,81.466,True
2025-11-24 15:00:00,15,51.0,51.0,51.674,645.0,538.0,106.0,73.0,338.0,612.0,53.102,46.424,62.825,55.229,52.403,True
2025-11-24 16:00:00,16,58.0,59.0,59.081,300.0,227.0,73.0,61.0,124.0,288.0,60.758,54.541,54.626,43.056,41.333,False
2025-11-24 17:00:00,17,46.0,46.0,46.31,209.0,173.0,36.0,18.0,122.0,191.0,48.062,41.13,70.52,63.874,58.373,True
2025-11-24 18:00:00,18,33.0,33.0,33.588,78.0,63.0,15.0,10.0,60.0,73.0,32.635,30.686,95.238,82.192,76.923,True
2025-11-24 19:00:00,19,28.0,28.0,28.482,63.0,56.0,7.0,6.0,56.0,62.0,28.883,25.505,100.0,90.323,88.889,True
2025-11-24 20:00:00,20,29.0,29.0,29.892,43.0,36.0,7.0,4.0,36.0,40.0,30.361,29.772,100.0,90.0,83.721,True
2025-11-24 21:00:00,21,29.0,29.0,29.414,36.0,29.0,7.0,4.0,28.0,33.0,29.587,26.863,96.552,84.848,77.778,True
2025-11-24 22:00:00,22,32.0,32.0,32.7,12.0,10.0,2.0,2.0,8.0,12.0,32.672,27.743,80.0,66.667,66.667,True
2025-11-24 23:00:00,23,31.0,31.0,31.0,4.0,3.0,1.0,1.0,3.0,4.0,31.17,26.304,100.0,75.0,75.0,True
2025-11-25 00:00:00,0,42.0,42.0,42.0,4.0,4.0,0.0,0.0,3.0,4.0,42.724,36.202,75.0,75.0,75.0,True
2025-11-25 01:00:00,1,48.0,48.0,48.0,2.0,2.0,0.0,0.0,2.0,2.0,48.034,48.034,100.0,100.0,100.0,True
2025-11-25 02:00:00,2,17.0,17.0,17.0,3.0,2.0,1.0,0.0,2.0,2.0,23.357,23.357,100.0,100.0,66.667,True
2025-11-25 03:00:00,3,26.0,26.0,26.333,6.0,3.0,3.0,3.0,3.0,6.0,26.705,22.606,100.0,50.0,50.0,True
2025-11-25 04:00:00,4,37.0,37.0,37.211,16.0,14.0,2.0,1.0,9.0,15.0,49.303,40.662,64.286,60.0,56.25,True
2025-11-25 05:00:00,5,51.0,51.0,51.429,22.0,16.0,6.0,2.0,10.0,18.0,47.845,39.502,62.5,55.556,45.455,True
2025-11-25 06:00:00,6,43.0,43.0,43.109,45.0,41.0,4.0,4.0,37.0,45.0,42.181,40.388,90.244,82.222,82.222,True
2025-11-25 07:00:00,7,57.0,57.0,57.612,419.0,344.0,73.0,56.0,137.0,402.0,70.894,70.456,39.826,34.08,32.697,True
2025-11-25 08:00:00,8,68.0,68.0,68.603,422.0,322.0,100.0,86.0,50.0,408.0,82.179,82.645,15.528,12.255,11.848,True
2025-11-25 09:00:00,9,61.0,61.0,61.582,292.0,238.0,54.0,38.0,109.0,276.0,62.403,61.674,45.798,39.493,37.329,True
2025-11-25 10:00:00,10,31.0,31.0,31.817,339.0,300.0,39.0,27.0,276.0,327.0,34.743,31.999,92.0,84.404,81.416,True
2025-11-25 11:00:00,11,25.0,25.0,25.897,529.0,502.0,27.0,21.0,491.0,523.0,26.524,24.525,97.809,93.881,92.817,True
2025-11-25 12:00:00,12,26.0,26.0,26.096,587.0,561.0,26.0,20.0,555.0,581.0,26.72,25.394,98.93,95.525,94.549,True
2025-11-25 13:00:00,13,23.0,23.0,23.027,521.0,503.0,18.0,7.0,502.0,510.0,23.412,22.443,99.801,98.431,96.353,True
2025-11-25 14:00:00,14,37.0,37.0,37.741,812.0,702.0,110.0,59.0,596.0,761.0,38.423,29.354,84.9,78.318,73.399,True
2025-11-25 15:00:00,15,57.0,57.0,57.394,621.0,499.0,122.0,80.0,310.0,579.0,59.506,49.141,62.124,53.541,49.919,True
2025-11-25 16:00:00,16,66.0,66.0,66.27,298.0,230.0,68.0,56.0,110.0,286.0,68.163,63.386,47.826,38.462,36.913,True
2025-11-25 17:00:00,17,60.0,60.0,60.862,202.0,157.0,45.0,38.0,78.0,195.0,62.674,60.637,49.682,40.0,38.614,True
2025-11-25 18:00:00,18,47.0,47.0,47.977,100.0,86.0,14.0,13.0,55.0,99.0,48.987,42.44,63.953,55.556,55.0,True
2025-11-25 19:00:00,19,38.0,38.0,38.642,58.0,52.0,6.0,4.0,45.0,56.0,38.527,33.545,86.538,80.357,77.586,True
2025-11-25 20:00:00,20,49.0,49.0,49.271,58.0,48.0,10.0,8.0,32.0,56.0,49.577,43.013,66.667,57.143,55.172,True
2025-11-25 21:00:00,21,45.0,46.0,46.75,28.0,20.0,8.0,6.0,16.0,26.0,46.981,45.55,80.0,61.538,57.143,False
2025-11-25 22:00:00,22,33.0,33.0,33.667,17.0,12.0,5.0,4.0,11.0,16.0,33.901,36.751,91.667,68.75,64.706,True
2025-11-25 23:00:00,23,34.0,34.0,34.556,11.0,9.0,2.0,1.0,9.0,10.0,35.127,34.495,100.0,90.0,81.818,True
2025-11-26 00:00:00,0,28.0,28.0,28.222,8.0,8.0,0.0,0.0,7.0,8.0,32.254,27.798,87.5,87.5,87.5,True
2025-11-26 01:00:00,1,64.0,64.0,64.5,4.0,2.0,2.0,2.0,1.0,4.0,64.754,64.754,50.0,25.0,25.0,True
2025-11-26 02:00:00,2,17.0,17.0,17.0,1.0,1.0,0.0,0.0,1.0,1.0,16.811,16.811,100.0,100.0,100.0,True
2025-11-26 03:00:00,3,28.0,28.0,28.0,6.0,6.0,0.0,0.0,6.0,6.0,28.151,31.991,100.0,100.0,100.0,True
2025-11-26 04:00:00,4,32.0,32.0,32.417,9.0,9.0,0.0,0.0,8.0,9.0,40.745,33.67,88.889,88.889,88.889,True
2025-11-26 05:00:00,5,43.0,43.0,43.68,20.0,17.0,3.0,0.0,9.0,17.0,54.317,59.292,52.941,52.941,45.0,True
2025-11-26 06:00:00,6,40.0,40.0,40.955,35.0,32.0,3.0,1.0,25.0,33.0,45.404,40.371,78.125,75.758,71.429,True
2025-11-26 07:00:00,7,50.0,50.0,50.41,396.0,337.0,59.0,43.0,173.0,380.0,61.521,59.334,51.335,45.526,43.687,True
2025-11-26 08:00:00,8,63.0,63.0,63.116,430.0,385.0,45.0,33.0,107.0,418.0,74.088,76.086,27.792,25.598,24.884,True
2025-11-26 09:00:00,9,48.0,48.0,48.585,316.0,269.0,47.0,35.0,189.0,304.0,49.426,45.464,70.26,62.171,59.81,True
2025-11-26 10:00:00,10,29.0,29.0,29.795,381.0,351.0,30.0,24.0,336.0,375.0,32.368,29.245,95.726,89.6,88.189,True
2025-11-26 11:00:00,11,25.0,25.0,25.508,486.0,456.0,30.0,18.0,454.0,474.0,25.812,25.319,99.561,95.781,93.416,True
2025-11-26 12:00:00,12,25.0,25.0,25.574,618.0,585.0,33.0,29.0,581.0,614.0,26.113,24.386,99.316,94.625,94.013,True
2025-11-26 13:00:00,13,23.0,23.0,23.202,541.0,500.0,40.0,21.0,496.0,522.0,23.678,21.944,99.2,95.019,91.682,True
2025-11-26 14:00:00,14,37.0,37.0,37.533,766.0,663.0,103.0,68.0,557.0,731.0,38.575,29.553,84.012,76.197,72.715,True
2025-11-26 15:00:00,15,60.0,60.0,60.607,641.0,505.0,136.0,107.0,302.0,612.0,62.551,51.112,59.802,49.346,47.114,True
2025-11-26 16:00:00,16,72.0,72.0,72.423,313.0,235.0,77.0,60.0,109.0,296.0,74.307,64.235,46.383,36.824,34.824,True
2025-11-26 17:00:00,17,65.0,65.0,65.615,204.0,147.0,56.0,41.0,77.0,189.0,67.367,54.07,52.381,40.741,37.745,True
2025-11-26 18:00:00,18,52.0,52.0,52.607,106.0,81.0,25.0,19.0,51.0,100.0,54.483,44.236,62.963,51.0,48.113,True
2025-11-26 19:00:00,19,36.0,36.0,36.621,78.0,64.0,14.0,8.0,56.0,72.0,36.889,30.719,87.5,77.778,71.795,True
2025-11-26 20:00:00,20,50.0,50.0,50.667,55.0,49.0,6.0,4.0,31.0,53.0,53.141,53.691,63.265,58.491,56.364,True
2025-11-26 21:00:00,21,47.0,47.0,47.812,20.0,16.0,4.0,4.0,11.0,20.0,47.877,47.163,68.75,55.0,55.0,True
2025-11-26 22:00:00,22,36.0,36.0,36.5,10.0,10.0,0.0,0.0,8.0,10.0,36.984,26.98,80.0,80.0,80.0,True
2025-11-26 23:00:00,23,20.0,20.0,20.25,6.0,5.0,1.0,0.0,5.0,5.0,20.572,19.664,100.0,100.0,83.333,True
2025-11-27 00:00:00,0,28.0,28.0,28.556,7.0,7.0,0.0,0.0,7.0,7.0,34.476,35.951,100.0,100.0,100.0,True
2025-11-27 01:00:00,1,35.0,35.0,35.0,2.0,1.0,1.0,1.0,1.0,2.0,35.479,35.479,100.0,50.0,50.0,True
2025-11-27 02:00:00,2,16.0,16.0,16.667,3.0,2.0,1.0,1.0,2.0,3.0,21.448,21.448,100.0,66.667,66.667,True
2025-11-27 03:00:00,3,26.0,26.0,26.5,3.0,3.0,0.0,0.0,3.0,3.0,31.639,30.373,100.0,100.0,100.0,True
2025-11-27 04:00:00,4,30.0,30.0,30.684,16.0,14.0,2.0,2.0,13.0,16.0,36.782,30.576,92.857,81.25,81.25,True
2025-11-27 05:00:00,5,52.0,52.0,52.955,21.0,17.0,4.0,3.0,11.0,20.0,52.681,45.461,64.706,55.0,52.381,True
2025-11-27 06:00:00,6,37.0,37.0,37.754,33.0,31.0,2.0,1.0,30.0,32.0,39.44,37.506,96.774,93.75,90.909,True
2025-11-27 07:00:00,7,50.0,50.0,50.874,419.0,357.0,62.0,41.0,177.0,398.0,60.405,60.24,49.58,44.472,42.243,True
2025-11-27 08:00:00,8,60.0,60.0,60.854,382.0,331.0,51.0,35.0,85.0,366.0,72.495,72.759,25.68,23.224,22.251,True
2025-11-27 09:00:00,9,49.0,49.0,49.33,311.0,257.0,54.0,38.0,176.0,295.0,49.882,46.978,68.482,59.661,56.592,True
2025-11-27 10:00:00,10,31.0,31.0,31.102,403.0,369.0,34.0,22.0,348.0,391.0,33.513,30.907,94.309,89.003,86.352,True
2025-11-27 11:00:00,11,29.0,29.0,29.627,542.0,492.0,50.0,33.0,483.0,525.0,30.145,28.068,98.171,92.0,89.114,True
2025-11-27 12:00:00,12,25.0,25.0,25.812,494.0,470.0,24.0,15.0,466.0,485.0,26.299,24.903,99.149,96.082,94.332,True
2025-11-27 13:00:00,13,26.0,25.0,25.991,603.0,556.0,47.0,33.0,534.0,589.0,26.685,23.499,96.043,90.662,88.557,False
2025-11-27 14:00:00,14,43.0,43.0,43.633,798.0,681.0,117.0,79.0,522.0,760.0,44.593,35.146,76.652,68.684,65.414,True
2025-11-27 15:00:00,15,66.0,66.0,66.91,575.0,426.0,149.0,102.0,223.0,528.0,68.779,56.584,52.347,42.235,38.783,True
2025-11-27 16:00:00,16,69.0,69.0,69.586,297.0,206.0,91.0,72.0,98.0,278.0,71.679,61.331,47.573,35.252,32.997,True
2025-11-27 17:00:00,17,60.0,60.0,60.281,163.0,130.0,33.0,29.0,82.0,159.0,61.628,47.664,63.077,51.572,50.307,True
2025-11-27 18:00:00,18,43.0,43.0,43.157,84.0,68.0,16.0,10.0,50.0,78.0,44.196,33.6,73.529,64.103,59.524,True
2025-11-27 19:00:00,19,30.0,30.0,30.833,81.0,58.0,23.0,12.0,52.0,70.0,32.04,31.653,89.655,74.286,64.198,True
2025-11-27 20:00:00,20,44.0,44.0,44.125,51.0,39.0,12.0,7.0,33.0,46.0,45.432,43.293,84.615,71.739,64.706,True
2025-11-27 21:00:00,21,39.0,39.0,39.895,21.0,19.0,2.0,2.0,17.0,21.0,40.005,37.839,89.474,80.952,80.952,True
2025-11-27 22:00:00,22,39.0,39.0,39.875,22.0,16.0,6.0,5.0,14.0,21.0,40.393,33.555,87.5,66.667,63.636,True
2025-11-27 23:00:00,23,36.0,36.0,36.667,7.0,6.0,1.0,1.0,5.0,7.0,36.758,30.291,83.333,71.429,71.429,True
2025-11-28 00:00:00,0,50.0,50.0,50.667,4.0,3.0,1.0,1.0,2.0,4.0,50.635,30.144,66.667,50.0,50.0,True
2025-11-28 01:00:00,1,60.0,60.0,60.5,3.0,3.0,0.0,0.0,1.0,3.0,61.932,63.507,33.333,33.333,33.333,True
2025-11-28 02:00:00,2,28.0,28.0,28.8,3.0,3.0,0.0,0.0,3.0,3.0,26.262,22.277,100.0,100.0,100.0,True
2025-11-28 03:00:00,3,33.0,33.0,33.0,2.0,2.0,0.0,0.0,2.0,2.0,32.748,32.748,100.0,100.0,100.0,True
2025-11-28 04:00:00,4,31.0,31.0,31.0,13.0,13.0,0.0,0.0,13.0,13.0,33.936,28.496,100.0,100.0,100.0,True
2025-11-28 05:00:00,5,47.0,47.0,47.25,18.0,11.0,7.0,3.0,7.0,14.0,57.289,48.323,63.636,50.0,38.889,True
2025-11-28 06:00:00,6,45.0,45.0,45.911,25.0,22.0,3.0,3.0,15.0,25.0,50.461,50.055,68.182,60.0,60.0,True
2025-11-28 07:00:00,7,46.0,46.0,46.123,372.0,325.0,47.0,29.0,197.0,354.0,55.109,52.646,60.615,55.65,52.957,True
2025-11-28 08:00:00,8,55.0,55.0,55.141,417.0,369.0,48.0,26.0,188.0,395.0,62.575,59.73,50.949,47.595,45.084,True
2025-11-28 09:00:00,9,45.0,45.0,45.524,319.0,280.0,39.0,25.0,224.0,305.0,46.504,44.029,80.0,73.443,70.219,True
2025-11-28 10:00:00,10,28.0,28.0,28.923,405.0,368.0,37.0,16.0,358.0,384.0,30.364,28.612,97.283,93.229,88.395,True
2025-11-28 11:00:00,11,29.0,29.0,29.436,542.0,512.0,30.0,24.0,502.0,536.0,29.994,28.181,98.047,93.657,92.62,True
2025-11-28 12:00:00,12,28.0,28.0,28.246,595.0,539.0,56.0,37.0,525.0,576.0,29.091,26.985,97.403,91.146,88.235,True
2025-11-28 13:00:00,13,25.0,25.0,25.507,530.0,499.0,31.0,19.0,492.0,518.0,26.112,24.077,98.597,94.981,92.83,True
2025-11-28 14:00:00,14,46.0,46.0,46.702,728.0,612.0,116.0,80.0,457.0,692.0,47.608,36.295,74.673,66.04,62.775,True
2025-11-28 15:00:00,15,75.0,75.0,75.422,592.0,447.0,145.0,121.0,200.0,568.0,77.998,68.274,44.743,35.211,33.784,True
2025-11-28 16:00:00,16,101.0,101.0,101.284,272.0,171.0,101.0,86.0,36.0,257.0,104.925,107.944,21.053,14.008,13.235,True
2025-11-28 17:00:00,17,86.0,86.0,86.413,154.0,101.0,52.0,47.0,28.0,149.0,91.102,95.401,27.723,18.792,18.182,True
2025-11-28 18:00:00,18,82.0,82.0,82.742,87.0,64.0,23.0,19.0,20.0,83.0,85.334,87.281,31.25,24.096,22.989,True
2025-11-28 19:00:00,19,61.0,61.0,61.543,61.0,44.0,17.0,16.0,24.0,60.0,64.175,56.671,54.545,40.0,39.344,True
2025-11-28 20:00:00,20,84.0,84.0,84.4,50.0,30.0,20.0,19.0,6.0,49.0,84.558,68.531,20.0,12.245,12.0,True
2025-11-28 21:00:00,21,89.0,93.0,93.273,46.0,22.0,24.0,21.0,4.0,43.0,93.591,88.18,18.182,9.302,8.696,False
2025-11-28 22:00:00,22,107.0,107.0,107.333,24.0,6.0,18.0,14.0,1.0,20.0,107.476,111.84,16.667,5.0,4.167,True
2025-11-28 23:00:00,23,70.0,70.0,70.3,13.0,10.0,3.0,2.0,5.0,12.0,70.335,67.485,50.0,41.667,38.462,True
2025-11-29 00:00:00,0,54.0,54.0,54.556,13.0,9.0,4.0,3.0,6.0,12.0,55.158,58.807,66.667,50.0,46.154,True
2025-11-29 01:00:00,1,56.0,56.0,56.4,4.0,3.0,1.0,1.0,1.0,4.0,82.824,109.417,33.333,25.0,25.0,True
2025-11-29 02:00:00,2,50.0,50.0,50.25,5.0,4.0,1.0,1.0,2.0,5.0,53.386,52.964,50.0,40.0,40.0,True
2025-11-29 03:00:00,3,28.0,28.0,28.0,2.0,1.0,1.0,1.0,1.0,2.0,24.967,24.967,100.0,50.0,50.0,True
2025-11-29 04:00:00,4,36.0,36.0,36.833,16.0,14.0,2.0,2.0,12.0,16.0,43.163,40.115,85.714,75.0,75.0,True
2025-11-29 05:00:00,5,53.0,53.0,53.0,13.0,12.0,1.0,1.0,9.0,13.0,57.192,28.952,75.0,69.231,69.231,True
2025-11-29 06:00:00,6,61.0,61.0,61.423,17.0,17.0,0.0,0.0,10.0,17.0,58.409,59.585,58.824,58.824,58.824,True
2025-11-29 07:00:00,7,39.0,39.0,39.374,65.0,52.0,13.0,8.0,42.0,60.0,44.74,42.393,80.769,70.0,64.615,True
2025-11-29 08:00:00,8,32.0,32.0,32.543,154.0,134.0,20.0,11.0,124.0,145.0,35.331,32.462,92.537,85.517,80.519,True
2025-11-29 09:00:00,9,51.0,51.0,51.045,217.0,174.0,43.0,33.0,113.0,207.0,52.519,45.836,64.943,54.589,52.074,True
2025-11-29 10:00:00,10,54.0,54.0,54.046,213.0,156.0,56.0,46.0,82.0,203.0,60.708,57.543,52.564,40.394,38.498,True
2025-11-29 11:00:00,11,62.0,63.0,63.092,251.0,193.0,58.0,47.0,85.0,240.0,64.114,63.402,44.041,35.417,33.865,False
2025-11-29 12:00:00,12,50.0,50.0,50.952,199.0,155.0,44.0,38.0,90.0,193.0,53.166,50.817,58.065,46.632,45.226,True
2025-11-29 13:00:00,13,41.0,41.0,41.739,193.0,157.0,35.0,29.0,121.0,187.0,43.424,38.838,77.07,64.706,62.694,True
2025-11-29 14:00:00,14,41.0,41.0,41.678,180.0,146.0,34.0,25.0,117.0,171.0,42.504,40.701,80.137,68.421,65.0,True
2025-11-29 15:00:00,15,52.0,53.0,53.115,192.0,152.0,40.0,32.0,99.0,184.0,54.673,44.343,65.132,53.804,51.562,False
2025-11-29 16:00:00,16,79.0,80.0,80.485,139.0,100.0,39.0,36.0,40.0,136.0,82.923,76.631,40.0,29.412,28.777,False
2025-11-29 17:00:00,17,79.0,79.0,79.033,86.0,57.0,29.0,26.0,18.0,83.0,82.789,75.356,31.579,21.687,20.93,True
2025-11-29 18:00:00,18,58.0,59.0,59.74,66.0,49.0,17.0,15.0,26.0,64.0,60.959,57.066,53.061,40.625,39.394,False
2025-11-29 19:00:00,19,67.0,68.0,68.509,75.0,53.0,22.0,16.0,24.0,69.0,70.388,65.931,45.283,34.783,32.0,False
2025-11-29 20:00:00,20,78.0,77.0,77.5,37.0,25.0,12.0,9.0,9.0,34.0,80.567,91.073,36.0,26.471,24.324,False
2025-11-29 21:00:00,21,64.0,64.0,64.188,26.0,16.0,10.0,8.0,7.0,24.0,64.389,61.789,43.75,29.167,26.923,True
2025-11-29 22:00:00,22,45.0,45.0,45.462,17.0,12.0,5.0,5.0,10.0,17.0,49.496,48.275,83.333,58.824,58.824,True
2025-11-29 23:00:00,23,48.0,48.0,48.273,15.0,11.0,4.0,4.0,8.0,15.0,48.96,46.658,72.727,53.333,53.333,True
2025-11-30 00:00:00,0,43.0,43.0,43.857,6.0,6.0,0.0,0.0,5.0,6.0,50.807,44.211,83.333,83.333,83.333,True
2025-11-30 01:00:00,1,56.0,56.0,56.286,5.0,5.0,0.0,0.0,1.0,5.0,77.509,87.916,20.0,20.0,20.0,True
2025-11-30 02:00:00,2,34.0,34.0,34.5,3.0,2.0,1.0,1.0,2.0,3.0,34.78,34.78,100.0,66.667,66.667,True
2025-11-30 03:00:00,3,29.0,29.0,29.0,9.0,9.0,0.0,0.0,9.0,9.0,29.818,27.536,100.0,100.0,100.0,True
2025-11-30 04:00:00,4,30.0,30.0,30.75,8.0,7.0,1.0,1.0,7.0,8.0,32.235,26.498,100.0,87.5,87.5,True
2025-11-30 05:00:00,5,23.0,23.0,23.333,5.0,3.0,2.0,2.0,3.0,5.0,24.193,19.832,100.0,60.0,60.0,True
2025-11-30 06:00:00,6,66.0,66.0,66.5,4.0,2.0,2.0,2.0,1.0,4.0,66.861,66.861,50.0,25.0,25.0,True
2025-11-30 07:00:00,7,41.0,41.0,41.487,53.0,49.0,4.0,3.0,40.0,52.0,41.378,38.075,81.633,76.923,75.472,True
2025-11-30 08:00:00,8,42.0,42.0,42.857,198.0,164.0,34.0,22.0,119.0,186.0,47.144,40.718,72.561,63.978,60.101,True
2025-11-30 09:00:00,9,71.0,71.0,71.627,206.0,152.0,54.0,47.0,57.0,199.0,72.131,75.791,37.5,28.643,27.67,True
2025-11-30 10:00:00,10,53.0,53.0,53.883,132.0,83.0,49.0,43.0,31.0,126.0,68.172,70.109,37.349,24.603,23.485,True
2025-11-30 11:00:00,11,43.0,43.0,43.813,128.0,106.0,22.0,14.0,87.0,120.0,44.428,40.613,82.075,72.5,67.969,True
2025-11-30 12:00:00,12,35.0,35.0,35.776,234.0,205.0,29.0,23.0,183.0,228.0,37.113,32.572,89.268,80.263,78.205,True
2025-11-30 13:00:00,13,43.0,43.0,43.188,218.0,187.0,31.0,24.0,151.0,211.0,44.195,36.478,80.749,71.564,69.266,True
2025-11-30 14:00:00,14,42.0,42.0,42.955,184.0,151.0,33.0,23.0,117.0,174.0,44.004,33.378,77.483,67.241,63.587,True
2025-11-30 15:00:00,15,54.0,54.0,54.454,143.0,114.0,29.0,21.0,75.0,135.0,56.76,43.773,65.789,55.556,52.448,True
2025-11-30 16:00:00,16,64.0,64.0,64.721,113.0,85.0,28.0,25.0,47.0,110.0,64.911,52.009,55.294,42.727,41.593,True
2025-11-30 17:00:00,17,65.0,65.0,65.203,82.0,58.0,24.0,23.0,25.0,81.0,66.075,62.19,43.103,30.864,30.488,True
2025-11-30 18:00:00,18,59.0,59.0,59.2,67.0,46.0,21.0,18.0,29.0,64.0,59.619,52.349,63.043,45.312,43.284,True
2025-11-30 19:00:00,19,68.0,68.0,68.37,56.0,43.0,13.0,11.0,21.0,54.0,71.501,61.25,48.837,38.889,37.5,True
2025-11-30 20:00:00,20,87.0,87.0,87.846,21.0,12.0,9.0,9.0,3.0,21.0,95.661,110.199,25.0,14.286,14.286,True
2025-11-30 21:00:00,21,92.0,92.0,92.6,8.0,5.0,3.0,3.0,1.0,8.0,93.045,103.125,20.0,12.5,12.5,True
2025-11-30 22:00:00,22,69.0,69.0,69.333,18.0,12.0,6.0,4.0,5.0,16.0,69.496,65.237,41.667,31.25,27.778,True
2025-11-30 23:00:00,23,52.0,52.0,52.125,12.0,8.0,4.0,4.0,5.0,12.0,52.682,41.05,62.5,41.667,41.667,True
2025-12-01 00:00:00,0,28.0,28.0,28.667,2.0,2.0,0.0,0.0,2.0,2.0,42.5,42.5,100.0,100.0,100.0,True
2025-12-01 01:00:00,1,25.0,25.0,25.0,1.0,1.0,0.0,0.0,1.0,1.0,25.93,25.93,100.0,100.0,100.0,True
2025-12-01 02:00:00,2,23.0,23.0,23.167,5.0,5.0,0.0,0.0,5.0,5.0,27.357,25.183,100.0,100.0,100.0,True
2025-12-01 03:00:00,3,31.0,31.0,31.0,5.0,3.0,2.0,2.0,3.0,5.0,31.639,29.324,100.0,60.0,60.0,True
2025-12-01 04:00:00,4,38.0,38.0,38.667,18.0,15.0,3.0,3.0,12.0,18.0,44.721,42.026,80.0,66.667,66.667,True
2025-12-01 05:00:00,5,44.0,44.0,44.4,21.0,19.0,2.0,1.0,12.0,20.0,49.614,48.321,63.158,60.0,57.143,True
2025-12-01 06:00:00,6,39.0,39.0,39.922,28.0,22.0,6.0,5.0,16.0,27.0,44.928,44.746,72.727,59.259,57.143,True
2025-12-01 07:00:00,7,50.0,50.0,50.951,418.0,338.0,80.0,42.0,183.0,380.0,60.964,58.099,54.142,48.158,43.78,True
2025-12-01 08:00:00,8,58.0,58.0,58.97,397.0,349.0,48.0,36.0,134.0,385.0,69.031,66.408,38.395,34.805,33.753,True
2025-12-01 09:00:00,9,41.0,41.0,41.141,281.0,245.0,36.0,27.0,203.0,272.0,41.641,39.109,82.857,74.632,72.242,True
2025-12-01 10:00:00,10,22.0,22.0,22.332,375.0,357.0,18.0,7.0,355.0,364.0,23.143,22.114,99.44,97.527,94.667,True
2025-12-01 11:00:00,11,22.0,22.0,22.605,572.0,537.0,35.0,15.0,534.0,552.0,23.167,22.235,99.441,96.739,93.357,True
2025-12-01 12:00:00,12,22.0,22.0,22.746,576.0,546.0,30.0,13.0,543.0,559.0,23.185,22.522,99.451,97.138,94.271,True
2025-12-01 13:00:00,13,20.0,20.0,20.819,517.0,484.0,32.0,19.0,484.0,504.0,21.138,20.535,100.0,96.032,93.617,True
2025-12-01 14:00:00,14,33.0,33.0,33.484,780.0,706.0,74.0,41.0,625.0,747.0,34.239,28.445,88.527,83.668,80.128,True
2025-12-01 15:00:00,15,53.0,53.0,53.212,614.0,514.0,100.0,75.0,337.0,589.0,54.515,45.145,65.564,57.216,54.886,True
2025-12-01 16:00:00,16,57.0,57.0,57.755,325.0,247.0,78.0,51.0,141.0,298.0,59.759,54.033,57.085,47.315,43.385,True
2025-12-01 17:00:00,17,49.0,49.0,49.32,215.0,163.0,52.0,35.0,112.0,198.0,50.8,43.457,68.712,56.566,52.093,True
2025-12-01 18:00:00,18,37.0,37.0,37.466,88.0,73.0,15.0,8.0,66.0,81.0,37.663,29.317,90.411,81.481,75.0,True
2025-12-01 19:00:00,19,33.0,33.0,33.656,64.0,60.0,4.0,3.0,55.0,63.0,34.362,31.295,91.667,87.302,85.938,True
2025-12-01 20:00:00,20,38.0,38.0,38.311,52.0,44.0,8.0,5.0,41.0,49.0,38.895,34.69,93.182,83.673,78.846,True
2025-12-01 21:00:00,21,48.0,48.0,48.889,28.0,26.0,2.0,1.0,20.0,27.0,50.912,44.703,76.923,74.074,71.429,True
2025-12-01 22:00:00,22,29.0,29.0,29.222,13.0,9.0,4.0,4.0,9.0,13.0,29.448,21.962,100.0,69.231,69.231,True
2025-12-01 23:00:00,23,37.0,37.0,37.0,9.0,7.0,2.0,2.0,6.0,9.0,37.28,36.606,85.714,66.667,66.667,True
2025-12-02 00:00:00,0,50.0,56.0,56.25,8.0,8.0,0.0,0.0,5.0,8.0,57.177,44.375,62.5,62.5,62.5,False
2025-12-02 01:00:00,1,58.0,58.0,58.0,4.0,2.0,2.0,2.0,1.0,4.0,59.137,59.137,50.0,25.0,25.0,True
2025-12-02 02:00:00,2,11.0,11.0,11.0,5.0,4.0,1.0,1.0,4.0,5.0,12.931,12.663,100.0,80.0,80.0,True
2025-12-02 03:00:00,3,25.0,25.0,25.833,7.0,6.0,1.0,1.0,6.0,7.0,26.37,25.772,100.0,85.714,85.714,True
2025-12-02 04:00:00,4,29.0,29.0,29.412,15.0,12.0,3.0,3.0,11.0,15.0,41.092,35.055,91.667,73.333,73.333,True
2025-12-02 05:00:00,5,47.0,47.0,47.174,23.0,19.0,4.0,1.0,12.0,20.0,51.108,44.847,63.158,60.0,52.174,True
2025-12-02 06:00:00,6,37.0,37.0,37.542,27.0,26.0,1.0,0.0,26.0,26.0,36.557,38.802,100.0,100.0,96.296,True
2025-12-02 07:00:00,7,46.0,46.0,46.517,366.0,312.0,54.0,26.0,189.0,338.0,56.089,53.036,60.577,55.917,51.639,True
2025-12-02 08:00:00,8,55.0,56.0,56.085,406.0,356.0,50.0,27.0,153.0,383.0,65.637,64.293,42.978,39.948,37.685,False
2025-12-02 09:00:00,9,44.0,44.0,44.372,296.0,263.0,33.0,25.0,213.0,288.0,45.247,42.201,80.989,73.958,71.959,True
2025-12-02 10:00:00,10,24.0,24.0,24.97,355.0,328.0,27.0,15.0,324.0,343.0,26.551,24.903,98.78,94.461,91.268,True
2025-12-02 11:00:00,11,24.0,24.0,24.777,523.0,501.0,22.0,14.0,500.0,515.0,25.563,24.223,99.8,97.087,95.602,True
2025-12-02 12:00:00,12,24.0,24.0,24.942,542.0,524.0,17.0,8.0,522.0,533.0,25.49,24.65,99.618,97.936,96.31,True
2025-12-02 13:00:00,13,22.0,22.0,22.518,549.0,524.0,25.0,17.0,521.0,541.0,22.96,21.975,99.427,96.303,94.9,True
2025-12-02 14:00:00,14,35.0,35.0,35.455,805.0,692.0,113.0,68.0,602.0,760.0,36.296,29.408,86.994,79.211,74.783,True
2025-12-02 15:00:00,15,59.0,59.0,59.408,665.0,543.0,122.0,91.0,312.0,634.0,61.103,51.598,57.459,49.211,46.917,True
2025-12-02 16:00:00,16,62.0,62.0,62.656,336.0,253.0,83.0,58.0,128.0,311.0,64.762,59.904,50.593,41.158,38.095,True
2025-12-02 17:00:00,17,53.0,53.0,53.441,193.0,141.0,52.0,39.0,83.0,180.0,54.856,46.352,58.865,46.111,43.005,True
2025-12-02 18:00:00,18,40.0,40.0,40.824,109.0,90.0,19.0,13.0,70.0,103.0,41.319,36.923,77.778,67.961,64.22,True
2025-12-02 19:00:00,19,34.0,34.0,34.964,58.0,55.0,3.0,3.0,49.0,58.0,35.479,32.634,89.091,84.483,84.483,True
2025-12-02 20:00:00,20,37.0,37.0,37.13,62.0,53.0,9.0,6.0,47.0,59.0,37.952,36.197,88.679,79.661,75.806,True
2025-12-02 21:00:00,21,35.0,36.0,36.391,30.0,23.0,7.0,6.0,22.0,29.0,36.7,38.552,95.652,75.862,73.333,False
2025-12-02 22:00:00,22,29.0,29.0,29.9,11.0,9.0,2.0,1.0,9.0,10.0,33.079,32.334,100.0,90.0,81.818,True
2025-12-02 23:00:00,23,25.0,27.0,27.312,19.0,16.0,3.0,3.0,15.0,19.0,27.619,28.172,93.75,78.947,78.947,False
2025-12-03 00:00:00,0,51.0,51.0,51.5,3.0,2.0,1.0,1.0,1.0,3.0,52.67,52.67,50.0,33.333,33.333,True
2025-12-03 01:00:00,1,38.0,38.0,38.333,3.0,3.0,0.0,0.0,3.0,3.0,38.508,35.542,100.0,100.0,100.0,True
2025-12-03 02:00:00,2,42.0,42.0,42.0,4.0,3.0,1.0,1.0,3.0,4.0,41.963,42.084,100.0,75.0,75.0,True
2025-12-03 03:00:00,3,27.0,27.0,27.25,4.0,4.0,0.0,0.0,4.0,4.0,27.848,28.591,100.0,100.0,100.0,True
2025-12-03 04:00:00,4,31.0,31.0,31.267,12.0,12.0,0.0,0.0,11.0,12.0,34.738,33.165,91.667,91.667,91.667,True
2025-12-03 05:00:00,5,39.0,39.0,39.278,13.0,12.0,1.0,0.0,10.0,12.0,47.516,45.717,83.333,83.333,76.923,True
2025-12-03 06:00:00,6,36.0,36.0,36.426,27.0,24.0,3.0,1.0,20.0,25.0,44.832,42.451,83.333,80.0,74.074,True
2025-12-03 07:00:00,7,50.0,50.0,50.175,386.0,328.0,58.0,36.0,179.0,364.0,60.177,58.253,54.573,49.176,46.373,True
2025-12-03 08:00:00,8,63.0,62.0,62.969,400.0,356.0,44.0,33.0,95.0,389.0,74.625,74.651,26.685,24.422,23.75,False
2025-12-03 09:00:00,9,49.0,49.0,49.236,291.0,247.0,44.0,36.0,180.0,283.0,49.797,48.047,72.874,63.604,61.856,True
2025-12-03 10:00:00,10,28.0,28.0,28.607,325.0,302.0,23.0,14.0,293.0,316.0,31.415,28.496,97.02,92.722,90.154,True
2025-12-03 11:00:00,11,26.0,26.0,26.749,534.0,509.0,25.0,13.0,506.0,522.0,27.284,26.029,99.411,96.935,94.757,True
2025-12-03 12:00:00,12,25.0,25.0,25.332,516.0,488.0,28.0,12.0,487.0,500.0,25.772,24.548,99.795,97.4,94.38,True
2025-12-03 13:00:00,13,21.0,21.0,21.826,520.0,484.0,36.0,23.0,482.0,507.0,22.133,21.297,99.587,95.069,92.692,True
2025-12-03 14:00:00,14,35.0,35.0,35.967,753.0,667.0,86.0,38.0,575.0,705.0,36.81,28.906,86.207,81.56,76.361,True
2025-12-03 15:00:00,15,57.0,57.0,57.806,654.0,517.0,137.0,89.0,331.0,606.0,60.082,47.634,64.023,54.62,50.612,True
2025-12-03 16:00:00,16,64.0,64.0,64.226,321.0,232.0,89.0,56.0,124.0,288.0,66.208,56.516,53.448,43.056,38.629,True
2025-12-03 17:00:00,17,57.0,56.0,56.955,210.0,167.0,43.0,28.0,103.0,195.0,58.813,43.881,61.677,52.821,49.048,False
2025-12-03 18:00:00,18,37.0,37.0,37.304,95.0,76.0,19.0,12.0,64.0,88.0,37.88,30.102,84.211,72.727,67.368,True
2025-12-03 19:00:00,19,39.0,39.0,39.235,55.0,47.0,8.0,5.0,37.0,52.0,41.32,32.297,78.723,71.154,67.273,True
2025-12-03 20:00:00,20,50.0,51.0,51.0,57.0,44.0,13.0,11.0,28.0,55.0,52.208,37.523,63.636,50.909,49.123,False
2025-12-03 21:00:00,21,65.0,65.0,65.182,34.0,20.0,14.0,12.0,9.0,32.0,70.128,63.469,45.0,28.125,26.471,True
2025-12-03 22:00:00,22,45.0,45.0,45.875,9.0,8.0,1.0,0.0,7.0,8.0,46.316,45.253,87.5,87.5,77.778,True
2025-12-03 23:00:00,23,57.0,57.0,57.2,11.0,10.0,1.0,1.0,5.0,11.0,57.581,54.274,50.0,45.455,45.455,True
2025-12-04 00:00:00,0,41.0,41.0,41.667,4.0,3.0,1.0,1.0,3.0,4.0,41.831,39.212,100.0,75.0,75.0,True
2025-12-04 01:00:00,1,55.0,55.0,55.333,3.0,3.0,0.0,0.0,2.0,3.0,55.705,46.979,66.667,66.667,66.667,True
2025-12-04 02:00:00,2,17.0,17.0,17.167,6.0,5.0,1.0,1.0,5.0,6.0,19.058,19.734,100.0,83.333,83.333,True
2025-12-04 03:00:00,3,35.0,35.0,35.5,4.0,4.0,0.0,0.0,4.0,4.0,36.25,34.492,100.0,100.0,100.0,True
2025-12-04 04:00:00,4,34.0,34.0,34.056,16.0,11.0,5.0,5.0,9.0,16.0,48.854,40.722,81.818,56.25,56.25,True
2025-12-04 05:00:00,5,35.0,35.0,35.263,20.0,15.0,5.0,2.0,13.0,17.0,38.642,34.462,86.667,76.471,65.0,True
2025-12-04 06:00:00,6,35.0,35.0,35.695,31.0,27.0,4.0,3.0,26.0,30.0,38.011,34.359,96.296,86.667,83.871,True
2025-12-04 07:00:00,7,49.0,49.0,49.585,382.0,331.0,51.0,31.0,184.0,362.0,59.746,56.425,55.589,50.829,48.168,True
2025-12-04 08:00:00,8,54.0,54.0,54.469,362.0,296.0,66.0,41.0,127.0,337.0,64.662,63.653,42.905,37.685,35.083,True
2025-12-04 09:00:00,9,42.0,42.0,42.361,313.0,272.0,40.0,21.0,223.0,294.0,43.344,40.15,81.985,75.85,71.246,True
2025-12-04 10:00:00,10,25.0,25.0,25.076,351.0,321.0,30.0,13.0,318.0,334.0,26.219,24.094,99.065,95.21,90.598,True
2025-12-04 11:00:00,11,23.0,23.0,23.504,486.0,468.0,18.0,13.0,466.0,481.0,23.999,23.004,99.573,96.881,95.885,True
2025-12-04 12:00:00,12,22.0,22.0,22.15,497.0,472.0,25.0,8.0,471.0,480.0,22.801,21.713,99.788,98.125,94.769,True
2025-12-04 13:00:00,13,22.0,22.0,22.77,557.0,525.0,32.0,19.0,520.0,544.0,23.299,21.864,99.048,95.588,93.357,True
2025-12-04 14:00:00,14,34.0,34.0,34.021,684.0,618.0,66.0,32.0,549.0,650.0,35.02,29.877,88.835,84.462,80.263,True
2025-12-04 15:00:00,15,46.0,46.0,46.721,645.0,510.0,134.0,76.0,368.0,587.0,48.0,39.731,72.157,62.692,57.054,True
2025-12-04 16:00:00,16,51.0,51.0,51.846,334.0,239.0,95.0,53.0,167.0,292.0,51.993,42.53,69.874,57.192,50.0,True
2025-12-04 17:00:00,17,45.0,45.0,45.854,205.0,172.0,33.0,12.0,132.0,184.0,47.983,39.001,76.744,71.739,64.39,True
2025-12-04 18:00:00,18,51.0,51.0,51.109,125.0,90.0,35.0,25.0,68.0,115.0,52.213,33.561,75.556,59.13,54.4,True
2025-12-04 19:00:00,19,91.0,91.0,91.806,105.0,61.0,44.0,36.0,27.0,97.0,93.336,66.751,44.262,27.835,25.714,True
2025-12-04 20:00:00,20,179.0,177.0,177.421,62.0,20.0,42.0,37.0,3.0,57.0,173.767,203.905,15.0,5.263,4.839,False
2025-12-04 21:00:00,21,136.0,136.0,136.222,31.0,7.0,24.0,21.0,0.0,28.0,162.252,177.042,0.0,0.0,0.0,True
2025-12-04 22:00:00,22,131.0,131.0,131.625,17.0,8.0,9.0,7.0,2.0,15.0,132.194,159.241,25.0,13.333,11.765,True
2025-12-04 23:00:00,23,162.0,162.0,162.5,7.0,2.0,5.0,5.0,0.0,7.0,163.162,163.162,0.0,0.0,0.0,True
2025-12-05 00:00:00,0,100.0,100.0,100.5,3.0,2.0,1.0,1.0,0.0,3.0,101.232,101.232,0.0,0.0,0.0,True
2025-12-05 01:00:00,1,128.0,128.0,128.0,4.0,1.0,3.0,3.0,0.0,4.0,129.723,129.723,0.0,0.0,0.0,True
2025-12-05 02:00:00,2,53.0,53.0,53.333,5.0,3.0,2.0,1.0,1.0,4.0,54.26,65.04,33.333,25.0,20.0,True
2025-12-05 03:00:00,3,42.0,42.0,42.5,3.0,2.0,1.0,1.0,2.0,3.0,42.853,42.853,100.0,66.667,66.667,True
2025-12-05 04:00:00,4,47.0,47.0,47.0,17.0,14.0,3.0,3.0,8.0,17.0,57.614,56.567,57.143,47.059,47.059,True
2025-12-05 05:00:00,5,64.0,64.0,64.545,19.0,18.0,1.0,0.0,4.0,18.0,78.815,76.142,22.222,22.222,21.053,True
2025-12-05 06:00:00,6,58.0,58.0,58.839,49.0,40.0,9.0,5.0,21.0,45.0,61.867,59.354,52.5,46.667,42.857,True
2025-12-05 07:00:00,7,69.0,69.0,69.316,479.0,372.0,107.0,72.0,76.0,444.0,83.54,86.662,20.43,17.117,15.866,True
2025-12-05 08:00:00,8,70.0,70.0,70.588,358.0,279.0,79.0,63.0,20.0,342.0,86.51,85.149,7.168,5.848,5.587,True
2025-12-05 09:00:00,9,62.0,62.0,62.509,318.0,258.0,60.0,43.0,110.0,301.0,63.309,63.469,42.636,36.545,34.591,True
2025-12-05 10:00:00,10,33.0,33.0,33.373,307.0,273.0,34.0,22.0,261.0,295.0,35.973,34.812,95.604,88.475,85.016,True
2025-12-05 11:00:00,11,26.0,26.0,26.195,496.0,463.0,33.0,13.0,460.0,476.0,26.718,25.956,99.352,96.639,92.742,True
2025-12-05 12:00:00,12,25.0,25.0,25.583,526.0,498.0,28.0,13.0,497.0,511.0,26.022,24.714,99.799,97.26,94.487,True
2025-12-05 13:00:00,13,24.0,24.0,24.606,566.0,508.0,58.0,23.0,506.0,531.0,25.135,23.967,99.606,95.292,89.399,True
2025-12-05 14:00:00,14,43.0,43.0,43.19,802.0,681.0,121.0,80.0,547.0,761.0,44.233,35.222,80.323,71.879,68.204,True
2025-12-05 15:00:00,15,74.0,74.0,74.586,637.0,457.0,180.0,140.0,199.0,597.0,77.168,65.768,43.545,33.333,31.24,True
2025-12-05 16:00:00,16,100.0,100.0,100.68,283.0,190.0,93.0,78.0,32.0,268.0,103.636,94.957,16.842,11.94,11.307,True
2025-12-05 17:00:00,17,92.0,92.0,92.084,156.0,100.0,56.0,45.0,34.0,145.0,93.3,79.687,34.0,23.448,21.795,True
2025-12-05 18:00:00,18,68.0,68.0,68.654,113.0,73.0,40.0,35.0,40.0,108.0,69.743,51.854,54.795,37.037,35.398,True
2025-12-05 19:00:00,19,84.0,84.0,84.667,66.0,43.0,23.0,20.0,16.0,63.0,87.623,82.283,37.209,25.397,24.242,True
2025-12-05 20:00:00,20,115.0,115.0,115.172,47.0,28.0,19.0,19.0,5.0,47.0,118.941,126.022,17.857,10.638,10.638,True
2025-12-05 21:00:00,21,117.0,117.0,117.545,29.0,10.0,19.0,17.0,0.0,27.0,129.701,113.662,0.0,0.0,0.0,True
2025-12-05 22:00:00,22,124.0,124.0,124.75,20.0,8.0,12.0,12.0,1.0,20.0,125.237,131.349,12.5,5.0,5.0,True
2025-12-05 23:00:00,23,78.0,70.0,70.889,16.0,9.0,7.0,4.0,4.0,13.0,71.348,73.624,44.444,30.769,25.0,False
2025-12-06 00:00:00,0,54.0,54.0,54.0,16.0,7.0,9.0,6.0,4.0,13.0,54.601,53.245,57.143,30.769,25.0,True
2025-12-06 01:00:00,1,57.0,57.0,57.75,6.0,4.0,2.0,2.0,2.0,6.0,58.381,57.082,50.0,33.333,33.333,True
2025-12-06 02:00:00,2,32.0,32.0,32.2,8.0,4.0,4.0,2.0,4.0,6.0,37.723,35.398,100.0,66.667,50.0,True
2025-12-06 03:00:00,3,23.0,23.0,23.75,4.0,4.0,0.0,0.0,4.0,4.0,23.736,28.776,100.0,100.0,100.0,True
2025-12-06 04:00:00,4,35.0,35.0,35.682,21.0,17.0,4.0,4.0,14.0,21.0,46.066,45.064,82.353,66.667,66.667,True
2025-12-06 05:00:00,5,44.0,44.0,44.0,21.0,14.0,7.0,5.0,9.0,19.0,49.861,47.915,64.286,47.368,42.857,True
2025-12-06 06:00:00,6,55.0,55.0,55.923,16.0,16.0,0.0,0.0,11.0,16.0,56.446,51.685,68.75,68.75,68.75,True
2025-12-06 07:00:00,7,33.0,33.0,33.353,61.0,47.0,14.0,2.0,43.0,49.0,36.146,31.826,91.489,87.755,70.492,True
2025-12-06 08:00:00,8,32.0,32.0,32.407,170.0,147.0,23.0,13.0,138.0,160.0,34.59,29.704,93.878,86.25,81.176,True
2025-12-06 09:00:00,9,41.0,41.0,41.87,212.0,175.0,37.0,29.0,141.0,204.0,42.85,35.898,80.571,69.118,66.509,True
2025-12-06 10:00:00,10,50.0,49.0,49.932,197.0,141.0,56.0,46.0,82.0,187.0,56.671,54.168,58.156,43.85,41.624,False
2025-12-06 11:00:00,11,56.0,56.0,56.978,287.0,226.0,61.0,44.0,140.0,270.0,57.639,52.037,61.947,51.852,48.78,True
2025-12-06 12:00:00,12,45.0,46.0,46.198,201.0,168.0,33.0,25.0,119.0,193.0,50.361,43.519,70.833,61.658,59.204,False
2025-12-06 13:00:00,13,42.0,42.0,42.94,166.0,144.0,22.0,17.0,113.0,161.0,43.102,37.662,78.472,70.186,68.072,True
2025-12-06 14:00:00,14,40.0,40.0,40.262,182.0,155.0,27.0,19.0,127.0,174.0,41.647,33.652,81.935,72.989,69.78,True
2025-12-06 15:00:00,15,56.0,56.0,56.861,188.0,155.0,33.0,25.0,97.0,180.0,57.366,47.542,62.581,53.889,51.596,True
2025-12-06 16:00:00,16,75.0,75.0,75.637,150.0,96.0,54.0,47.0,32.0,143.0,79.835,79.38,33.333,22.378,21.333,True
2025-12-06 17:00:00,17,85.0,84.0,84.225,110.0,70.0,40.0,32.0,17.0,102.0,85.454,87.765,24.286,16.667,15.455,False
2025-12-06 18:00:00,18,78.0,78.0,78.255,60.0,44.0,16.0,10.0,13.0,54.0,81.783,77.439,29.545,24.074,21.667,True
2025-12-06 19:00:00,19,49.0,49.0,49.545,56.0,45.0,11.0,8.0,34.0,53.0,50.63,42.271,75.556,64.151,60.714,True
2025-12-06 20:00:00,20,80.0,79.0,79.455,49.0,32.0,17.0,14.0,10.0,46.0,79.767,88.17,31.25,21.739,20.408,False
2025-12-06 21:00:00,21,72.0,72.0,72.556,27.0,19.0,8.0,7.0,5.0,26.0,73.23,74.569,26.316,19.231,18.519,True
2025-12-06 22:00:00,22,47.0,47.0,47.167,18.0,11.0,7.0,7.0,9.0,18.0,44.6,38.058,81.818,50.0,50.0,True
2025-12-06 23:00:00,23,46.0,46.0,46.0,7.0,4.0,3.0,3.0,3.0,7.0,46.019,38.297,75.0,42.857,42.857,True
2025-12-07 00:00:00,0,56.0,56.0,56.0,10.0,5.0,5.0,4.0,2.0,9.0,56.479,66.982,40.0,22.222,20.0,True
2025-12-07 01:00:00,1,27.0,27.0,27.5,2.0,1.0,1.0,1.0,1.0,2.0,35.969,35.969,100.0,50.0,50.0,True
2025-12-07 02:00:00,2,32.0,32.0,32.75,4.0,4.0,0.0,0.0,4.0,4.0,33.533,38.588,100.0,100.0,100.0,True
2025-12-07 03:00:00,3,41.0,41.0,41.5,2.0,2.0,0.0,0.0,2.0,2.0,41.432,41.432,100.0,100.0,100.0,True
2025-12-07 04:00:00,4,30.0,30.0,30.111,8.0,7.0,1.0,1.0,6.0,8.0,38.754,30.928,85.714,75.0,75.0,True
2025-12-07 05:00:00,5,30.0,30.0,30.333,6.0,6.0,0.0,0.0,6.0,6.0,30.98,29.13,100.0,100.0,100.0,True
2025-12-07 06:00:00,6,79.0,79.0,79.0,1.0,1.0,0.0,0.0,0.0,1.0,79.168,79.168,0.0,0.0,0.0,True
2025-12-07 07:00:00,7,49.0,49.0,49.529,76.0,55.0,21.0,19.0,34.0,74.0,55.701,55.984,61.818,45.946,44.737,True
2025-12-07 08:00:00,8,66.0,67.0,67.067,221.0,160.0,61.0,49.0,64.0,209.0,77.136,66.017,40.0,30.622,28.959,False
2025-12-07 09:00:00,9,90.0,90.0,90.614,197.0,110.0,87.0,81.0,25.0,191.0,92.635,98.65,22.727,13.089,12.69,True
2025-12-07 10:00:00,10,69.0,69.0,69.568,117.0,75.0,42.0,37.0,14.0,112.0,90.47,94.34,18.667,12.5,11.966,True
2025-12-07 11:00:00,11,53.0,53.0,53.804,132.0,102.0,30.0,23.0,63.0,125.0,54.35,55.043,61.765,50.4,47.727,True
2025-12-07 12:00:00,12,46.0,46.0,46.804,235.0,195.0,40.0,31.0,142.0,226.0,48.251,41.942,72.821,62.832,60.426,True
2025-12-07 13:00:00,13,50.0,49.0,49.989,223.0,173.0,50.0,38.0,114.0,211.0,51.205,42.883,65.896,54.028,51.121,False
2025-12-07 14:00:00,14,54.0,54.0,54.1,169.0,125.0,44.0,40.0,78.0,165.0,55.724,43.525,62.4,47.273,46.154,True
2025-12-07 15:00:00,15,60.0,61.0,61.55,132.0,93.0,39.0,35.0,48.0,128.0,65.183,57.754,51.613,37.5,36.364,False
2025-12-07 16:00:00,16,75.0,75.0,75.387,106.0,72.0,34.0,30.0,24.0,102.0,81.565,77.679,33.333,23.529,22.642,True
2025-12-07 17:00:00,17,89.0,89.0,89.0,93.0,65.0,28.0,24.0,21.0,89.0,88.267,88.158,32.308,23.596,22.581,True
2025-12-07 18:00:00,18,87.0,87.0,87.025,55.0,38.0,17.0,16.0,18.0,54.0,91.821,65.456,47.368,33.333,32.727,True
2025-12-07 19:00:00,19,85.0,89.0,89.152,60.0,32.0,28.0,24.0,15.0,56.0,89.799,62.879,46.875,26.786,25.0,False
2025-12-07 20:00:00,20,118.0,118.0,118.714,21.0,7.0,14.0,13.0,2.0,20.0,118.914,119.575,28.571,10.0,9.524,True
2025-12-07 21:00:00,21,133.0,133.0,133.111,18.0,9.0,9.0,9.0,0.0,18.0,133.86,143.6,0.0,0.0,0.0,True
2025-12-07 22:00:00,22,100.0,100.0,100.429,12.0,6.0,6.0,6.0,0.0,12.0,117.594,105.579,0.0,0.0,0.0,True
2025-12-07 23:00:00,23,51.0,51.0,51.6,7.0,5.0,2.0,2.0,4.0,7.0,52.278,50.069,80.0,57.143,57.143,True
2025-12-08 00:00:00,0,41.0,41.0,41.0,3.0,2.0,1.0,1.0,2.0,3.0,41.932,41.932,100.0,66.667,66.667,True
2025-12-08 01:00:00,1,56.0,56.0,56.0,3.0,3.0,0.0,0.0,0.0,3.0,68.586,70.62,0.0,0.0,0.0,True
2025-12-08 02:00:00,2,53.0,53.0,53.0,1.0,1.0,0.0,0.0,1.0,1.0,53.727,53.727,100.0,100.0,100.0,True
2025-12-08 03:00:00,3,29.0,29.0,29.0,6.0,6.0,0.0,0.0,6.0,6.0,29.105,28.38,100.0,100.0,100.0,True
2025-12-08 04:00:00,4,31.0,31.0,31.154,12.0,11.0,1.0,1.0,10.0,12.0,36.954,34.767,90.909,83.333,83.333,True
2025-12-08 05:00:00,5,47.0,47.0,47.708,19.0,18.0,1.0,1.0,12.0,19.0,58.673,52.872,66.667,63.158,63.158,True
2025-12-08 06:00:00,6,45.0,45.0,45.806,37.0,34.0,3.0,2.0,24.0,36.0,48.562,42.013,70.588,66.667,64.865,True
2025-12-08 07:00:00,7,52.0,52.0,52.584,404.0,344.0,60.0,37.0,162.0,381.0,64.356,64.55,47.093,42.52,40.099,True
2025-12-08 08:00:00,8,60.0,60.0,60.968,394.0,347.0,47.0,34.0,118.0,381.0,71.242,70.479,34.006,30.971,29.949,True
2025-12-08 09:00:00,9,46.0,46.0,46.25,277.0,240.0,37.0,32.0,187.0,272.0,47.309,43.397,77.917,68.75,67.509,True
2025-12-08 10:00:00,10,25.0,25.0,25.776,386.0,369.0,16.0,5.0,362.0,375.0,26.538,24.954,98.103,96.533,93.782,True
2025-12-08 11:00:00,11,24.0,24.0,24.05,510.0,478.0,32.0,16.0,477.0,494.0,24.521,23.521,99.791,96.559,93.529,True
2025-12-08 12:00:00,12,21.0,21.0,21.908,539.0,524.0,15.0,8.0,523.0,532.0,22.104,21.475,99.809,98.308,97.032,True
2025-12-08 13:00:00,13,20.0,20.0,20.553,527.0,496.0,31.0,14.0,496.0,510.0,21.093,19.728,100.0,97.255,94.118,True
2025-12-08 14:00:00,14,32.0,32.0,32.856,738.0,670.0,67.0,34.0,609.0,705.0,33.505,29.427,90.896,86.383,82.52,True
2025-12-08 15:00:00,15,49.0,49.0,49.27,654.0,536.0,117.0,76.0,370.0,613.0,51.4,45.81,69.03,60.359,56.575,True
2025-12-08 16:00:00,16,51.0,51.0,51.567,323.0,240.0,83.0,46.0,165.0,286.0,53.189,47.189,68.75,57.692,51.084,True
2025-12-08 17:00:00,17,42.0,42.0,42.463,213.0,175.0,38.0,15.0,144.0,190.0,43.048,37.863,82.286,75.789,67.606,True
2025-12-08 18:00:00,18,37.0,37.0,37.147,101.0,92.0,9.0,3.0,78.0,95.0,37.979,32.215,84.783,82.105,77.228,True
2025-12-08 19:00:00,19,28.0,28.0,28.745,52.0,49.0,2.0,0.0,44.0,50.0,29.799,23.712,89.796,88.0,84.615,True
2025-12-08 20:00:00,20,29.0,29.0,29.773,46.0,43.0,3.0,1.0,42.0,44.0,30.23,29.428,97.674,95.455,91.304,True
2025-12-08 21:00:00,21,31.0,31.0,31.867,33.0,30.0,3.0,2.0,28.0,32.0,32.099,30.482,93.333,87.5,84.848,True
2025-12-08 22:00:00,22,26.0,26.0,26.917,18.0,13.0,5.0,4.0,13.0,17.0,27.58,23.909,100.0,76.471,72.222,True
2025-12-08 23:00:00,23,35.0,35.0,35.833,6.0,5.0,1.0,1.0,5.0,6.0,36.96,33.299,100.0,83.333,83.333,True
2025-12-09 00:00:00,0,42.0,42.0,42.333,5.0,3.0,2.0,2.0,3.0,5.0,43.646,45.33,100.0,60.0,60.0,True
2025-12-09 01:00:00,1,15.0,15.0,15.0,6.0,1.0,5.0,4.0,1.0,5.0,15.014,15.014,100.0,20.0,16.667,True
2025-12-09 02:00:00,2,27.0,27.0,27.2,4.0,4.0,0.0,0.0,4.0,4.0,26.425,25.285,100.0,100.0,100.0,True
2025-12-09 03:00:00,3,21.0,21.0,21.2,5.0,5.0,0.0,0.0,5.0,5.0,21.462,21.298,100.0,100.0,100.0,True
2025-12-09 04:00:00,4,35.0,35.0,35.95,16.0,14.0,2.0,2.0,12.0,16.0,47.914,45.413,85.714,75.0,75.0,True
2025-12-09 05:00:00,5,32.0,32.0,32.105,19.0,15.0,4.0,2.0,13.0,17.0,32.581,23.783,86.667,76.471,68.421,True
2025-12-09 06:00:00,6,34.0,34.0,34.409,31.0,28.0,3.0,2.0,26.0,30.0,41.005,39.393,92.857,86.667,83.871,True
2025-12-09 07:00:00,7,48.0,48.0,48.675,389.0,327.0,62.0,31.0,192.0,358.0,57.43,54.294,58.716,53.631,49.357,True
2025-12-09 08:00:00,8,57.0,57.0,57.704,416.0,346.0,70.0,47.0,132.0,393.0,68.13,66.506,38.15,33.588,31.731,True
2025-12-09 09:00:00,9,49.0,49.0,49.246,306.0,271.0,35.0,27.0,183.0,298.0,50.61,47.233,67.528,61.409,59.804,True
2025-12-09 10:00:00,10,29.0,29.0,29.201,376.0,351.0,25.0,15.0,337.0,366.0,31.107,28.477,96.011,92.077,89.628,True
2025-12-09 11:00:00,11,26.0,26.0,26.454,547.0,507.0,40.0,22.0,504.0,529.0,27.064,25.577,99.408,95.274,92.139,True
2025-12-09 12:00:00,12,23.0,23.0,23.735,541.0,519.0,22.0,10.0,517.0,529.0,24.203,23.27,99.615,97.732,95.564,True
2025-12-09 13:00:00,13,23.0,23.0,23.089,535.0,507.0,27.0,18.0,505.0,526.0,23.571,22.56,99.606,96.008,94.393,True
2025-12-09 14:00:00,14,36.0,36.0,36.529,772.0,669.0,103.0,67.0,586.0,736.0,37.316,30.966,87.593,79.62,75.907,True
2025-12-09 15:00:00,15,54.0,54.0,54.758,614.0,487.0,126.0,81.0,302.0,569.0,56.982,49.682,62.012,53.076,49.186,True
2025-12-09 16:00:00,16,63.0,63.0,63.656,339.0,261.0,78.0,55.0,132.0,316.0,64.997,59.718,50.575,41.772,38.938,True
2025-12-09 17:00:00,17,50.0,50.0,50.303,181.0,140.0,41.0,23.0,94.0,163.0,52.337,44.872,67.143,57.669,51.934,True
2025-12-09 18:00:00,18,43.0,43.0,43.49,114.0,95.0,19.0,6.0,67.0,101.0,44.827,35.874,70.526,66.337,58.772,True
2025-12-09 19:00:00,19,35.0,35.0,35.102,60.0,48.0,12.0,11.0,43.0,59.0,35.49,31.851,89.583,72.881,71.667,True
2025-12-09 20:00:00,20,42.0,42.0,42.486,47.0,38.0,9.0,7.0,30.0,45.0,44.172,40.396,78.947,66.667,63.83,True
2025-12-09 21:00:00,21,47.0,48.0,48.091,24.0,20.0,4.0,4.0,17.0,24.0,46.987,46.995,85.0,70.833,70.833,False
2025-12-09 22:00:00,22,29.0,29.0,29.545,13.0,11.0,2.0,0.0,10.0,11.0,29.877,28.072,90.909,90.909,76.923,True
2025-12-09 23:00:00,23,36.0,36.0,36.3,11.0,9.0,2.0,1.0,8.0,10.0,40.77,42.314,88.889,80.0,72.727,True
2025-12-10 00:00:00,0,21.0,21.0,21.4,7.0,5.0,2.0,2.0,5.0,7.0,22.398,17.398,100.0,71.429,71.429,True
2025-12-10 01:00:00,1,18.0,18.0,18.0,2.0,1.0,1.0,1.0,1.0,2.0,18.572,18.572,100.0,50.0,50.0,True
2025-12-10 02:00:00,2,21.0,21.0,21.75,4.0,4.0,0.0,0.0,4.0,4.0,22.755,22.023,100.0,100.0,100.0,True
2025-12-10 03:00:00,3,15.0,15.0,15.25,3.0,3.0,0.0,0.0,3.0,3.0,20.616,20.11,100.0,100.0,100.0,True
2025-12-10 04:00:00,4,38.0,38.0,38.643,14.0,12.0,2.0,2.0,10.0,14.0,43.01,36.661,83.333,71.429,71.429,True
2025-12-10 05:00:00,5,48.0,48.0,48.455,20.0,16.0,4.0,3.0,9.0,19.0,58.924,57.394,56.25,47.368,45.0,True
2025-12-10 06:00:00,6,38.0,38.0,38.881,29.0,25.0,4.0,2.0,20.0,27.0,44.59,37.811,80.0,74.074,68.966,True
2025-12-10 07:00:00,7,50.0,50.0,50.053,378.0,328.0,50.0,32.0,169.0,360.0,60.074,58.641,51.524,46.944,44.709,True
2025-12-10 08:00:00,8,60.0,60.0,60.389,434.0,381.0,53.0,38.0,108.0,419.0,70.998,72.017,28.346,25.776,24.885,True
2025-12-10 09:00:00,9,50.0,50.0,50.136,320.0,270.0,50.0,38.0,185.0,308.0,51.326,49.39,68.519,60.065,57.812,True
2025-12-10 10:00:00,10,27.0,27.0,27.972,372.0,336.0,36.0,19.0,330.0,355.0,29.787,28.116,98.214,92.958,88.71,True
2025-12-10 11:00:00,11,24.0,24.0,24.428,554.0,524.0,30.0,19.0,518.0,543.0,25.034,24.108,98.855,95.396,93.502,True
2025-12-10 12:00:00,12,23.0,23.0,23.099,536.0,509.0,27.0,13.0,507.0,522.0,23.535,22.44,99.607,97.126,94.59,True
2025-12-10 13:00:00,13,21.0,21.0,21.718,563.0,541.0,22.0,13.0,540.0,554.0,21.985,20.892,99.815,97.473,95.915,True
2025-12-10 14:00:00,14,31.0,31.0,31.724,745.0,675.0,70.0,36.0,614.0,711.0,32.436,27.158,90.963,86.357,82.416,True
2025-12-10 15:00:00,15,49.0,49.0,49.034,649.0,520.0,129.0,76.0,368.0,596.0,50.549,41.255,70.769,61.745,56.703,True
2025-12-10 16:00:00,16,56.0,55.0,55.951,336.0,243.0,93.0,53.0,163.0,296.0,57.003,48.191,67.078,55.068,48.512,False
2025-12-10 17:00:00,17,42.0,42.0,42.419,224.0,189.0,35.0,15.0,154.0,204.0,42.796,36.568,81.481,75.49,68.75,True
2025-12-10 18:00:00,18,37.0,37.0,37.22,110.0,85.0,25.0,17.0,76.0,102.0,38.454,36.369,89.412,74.51,69.091,True
2025-12-10 19:00:00,19,39.0,40.0,40.058,82.0,68.0,14.0,11.0,57.0,79.0,40.805,34.194,83.824,72.152,69.512,False
2025-12-10 20:00:00,20,57.0,57.0,57.981,71.0,51.0,20.0,18.0,33.0,69.0,59.326,41.883,64.706,47.826,46.479,True
2025-12-10 21:00:00,21,54.0,54.0,54.769,18.0,13.0,5.0,4.0,7.0,17.0,55.133,59.128,53.846,41.176,38.889,True
2025-12-10 22:00:00,22,39.0,39.0,39.7,12.0,10.0,2.0,2.0,8.0,12.0,40.303,39.352,80.0,66.667,66.667,True
2025-12-10 23:00:00,23,51.0,51.0,51.375,10.0,8.0,2.0,1.0,4.0,9.0,51.689,50.48,50.0,44.444,40.0,True
2025-12-11 00:00:00,0,41.0,41.0,41.0,5.0,4.0,1.0,1.0,3.0,5.0,41.154,33.807,75.0,60.0,60.0,True
2025-12-11 01:00:00,1,35.0,35.0,35.667,2.0,2.0,0.0,0.0,1.0,2.0,53.666,53.666,50.0,50.0,50.0,True
2025-12-11 02:00:00,2,37.0,37.0,37.333,3.0,3.0,0.0,0.0,3.0,3.0,37.862,32.939,100.0,100.0,100.0,True
2025-12-11 03:00:00,3,27.0,27.0,27.2,6.0,5.0,1.0,1.0,5.0,6.0,27.637,26.282,100.0,83.333,83.333,True
2025-12-11 04:00:00,4,26.0,26.0,26.75,13.0,10.0,3.0,2.0,9.0,12.0,39.424,37.352,90.0,75.0,69.231,True
2025-12-11 05:00:00,5,55.0,55.0,55.84,21.0,19.0,2.0,1.0,13.0,20.0,56.524,46.444,68.421,65.0,61.905,True
2025-12-11 06:00:00,6,42.0,42.0,42.662,47.0,40.0,7.0,7.0,32.0,47.0,45.195,40.629,80.0,68.085,68.085,True
2025-12-11 07:00:00,7,55.0,55.0,55.797,390.0,331.0,59.0,43.0,129.0,374.0,67.089,67.197,38.973,34.492,33.077,True
2025-12-11 08:00:00,8,58.0,58.0,58.354,394.0,340.0,54.0,44.0,121.0,384.0,69.432,69.114,35.588,31.51,30.711,True
2025-12-11 09:00:00,9,47.0,47.0,47.649,300.0,263.0,37.0,21.0,194.0,284.0,49.288,46.544,73.764,68.31,64.667,True
2025-12-11 10:00:00,10,25.0,25.0,25.307,379.0,348.0,31.0,19.0,343.0,367.0,26.56,24.987,98.563,93.46,90.501,True
2025-12-11 11:00:00,11,22.0,22.0,22.47,484.0,467.0,16.0,10.0,464.0,478.0,22.94,21.745,99.358,97.071,95.868,True
2025-12-11 12:00:00,12,22.0,22.0,22.153,544.0,517.0,27.0,11.0,517.0,528.0,22.679,21.574,100.0,97.917,95.037,True
2025-12-11 13:00:00,13,20.0,20.0,20.36,511.0,489.0,22.0,13.0,489.0,502.0,20.688,19.643,100.0,97.41,95.695,True
2025-12-11 14:00:00,14,26.0,26.0,26.307,698.0,620.0,78.0,35.0,602.0,655.0,26.796,24.297,97.097,91.908,86.246,True
2025-12-11 15:00:00,15,42.0,42.0,42.738,648.0,526.0,122.0,56.0,403.0,582.0,44.339,38.297,76.616,69.244,62.191,True
2025-12-11 16:00:00,16,45.0,45.0,45.605,335.0,259.0,76.0,41.0,195.0,300.0,46.856,39.723,75.29,65.0,58.209,True
2025-12-11 17:00:00,17,40.0,40.0,40.543,233.0,189.0,43.0,15.0,154.0,205.0,40.992,33.484,81.481,75.122,66.094,True
2025-12-11 18:00:00,18,37.0,37.0,37.135,98.0,88.0,10.0,7.0,75.0,95.0,37.528,32.726,85.227,78.947,76.531,True
2025-12-11 19:00:00,19,30.0,30.0,30.358,94.0,78.0,16.0,8.0,75.0,86.0,31.337,28.823,96.154,87.209,79.787,True
2025-12-11 20:00:00,20,36.0,37.0,37.156,55.0,45.0,10.0,8.0,41.0,53.0,37.508,34.901,91.111,77.358,74.545,False
2025-12-11 21:00:00,21,63.0,63.0,63.513,46.0,38.0,8.0,7.0,18.0,45.0,64.582,61.336,47.368,40.0,39.13,True
2025-12-11 22:00:00,22,46.0,46.0,46.462,13.0,12.0,1.0,1.0,8.0,13.0,53.505,42.669,66.667,61.538,61.538,True
2025-12-11 23:00:00,23,42.0,42.0,42.714,8.0,6.0,2.0,2.0,5.0,8.0,44.001,45.09,83.333,62.5,62.5,True
2025-12-12 00:00:00,0,43.0,43.0,43.25,4.0,4.0,0.0,0.0,3.0,4.0,43.764,38.753,75.0,75.0,75.0,True
2025-12-12 01:00:00,1,31.0,31.0,31.667,3.0,2.0,1.0,0.0,2.0,2.0,47.186,47.186,100.0,100.0,66.667,True
2025-12-12 02:00:00,2,21.0,21.0,21.333,5.0,5.0,0.0,0.0,5.0,5.0,25.175,21.359,100.0,100.0,100.0,True
2025-12-12 03:00:00,3,22.0,22.0,22.0,5.0,5.0,0.0,0.0,5.0,5.0,22.887,23.734,100.0,100.0,100.0,True
2025-12-12 04:00:00,4,26.0,26.0,26.286,13.0,11.0,2.0,1.0,11.0,12.0,30.156,33.727,100.0,91.667,84.615,True
2025-12-12 05:00:00,5,48.0,48.0,48.966,24.0,22.0,2.0,2.0,12.0,24.0,59.812,53.528,54.545,50.0,50.0,True
2025-12-12 06:00:00,6,40.0,40.0,40.735,32.0,28.0,4.0,4.0,22.0,32.0,45.123,42.027,78.571,68.75,68.75,True
2025-12-12 07:00:00,7,45.0,45.0,45.492,364.0,316.0,48.0,21.0,204.0,337.0,53.813,51.036,64.557,60.534,56.044,True
2025-12-12 08:00:00,8,46.0,46.0,46.509,388.0,323.0,65.0,23.0,202.0,346.0,53.865,52.65,62.539,58.382,52.062,True
2025-12-12 09:00:00,9,32.0,32.0,32.353,376.0,332.0,44.0,21.0,316.0,353.0,32.671,30.554,95.181,89.518,84.043,True
2025-12-12 10:00:00,10,22.0,22.0,22.036,398.0,382.0,16.0,7.0,381.0,389.0,22.807,21.281,99.738,97.943,95.729,True
2025-12-12 11:00:00,11,23.0,23.0,23.923,555.0,530.0,23.0,13.0,527.0,545.0,24.489,23.129,99.434,96.697,94.955,True
2025-12-12 12:00:00,12,23.0,23.0,23.67,562.0,531.0,30.0,15.0,528.0,547.0,24.003,22.901,99.435,96.527,93.95,True
2025-12-12 13:00:00,13,21.0,21.0,21.827,557.0,518.0,39.0,20.0,518.0,538.0,22.301,21.067,100.0,96.283,92.998,True
2025-12-12 14:00:00,14,37.0,37.0,37.572,755.0,658.0,97.0,57.0,554.0,715.0,38.552,30.283,84.195,77.483,73.377,True
2025-12-12 15:00:00,15,62.0,62.0,62.321,625.0,495.0,130.0,99.0,290.0,594.0,64.205,51.518,58.586,48.822,46.4,True
2025-12-12 16:00:00,16,77.0,77.0,77.81,320.0,211.0,109.0,85.0,94.0,296.0,79.348,65.188,44.55,31.757,29.375,True
2025-12-12 17:00:00,17,66.0,67.0,67.016,164.0,118.0,46.0,37.0,61.0,155.0,68.51,58.301,51.695,39.355,37.195,False
2025-12-12 18:00:00,18,51.0,51.0,51.014,101.0,70.0,31.0,19.0,44.0,89.0,51.496,47.083,62.857,49.438,43.564,True
2025-12-12 19:00:00,19,65.0,65.0,65.691,92.0,66.0,25.0,16.0,30.0,83.0,67.792,65.249,45.455,36.145,32.609,True
2025-12-12 20:00:00,20,73.0,73.0,73.318,63.0,44.0,19.0,17.0,17.0,61.0,73.605,73.932,38.636,27.869,26.984,True
2025-12-12 21:00:00,21,82.0,82.0,82.667,47.0,22.0,25.0,23.0,7.0,45.0,82.484,90.976,31.818,15.556,14.894,True
2025-12-12 22:00:00,22,68.0,75.0,75.556,16.0,8.0,8.0,8.0,3.0,16.0,76.326,63.994,37.5,18.75,18.75,False
2025-12-12 23:00:00,23,47.0,47.0,47.857,9.0,7.0,2.0,1.0,5.0,8.0,47.944,35.705,71.429,62.5,55.556,True
2025-12-13 00:00:00,0,39.0,39.0,39.0,4.0,4.0,0.0,0.0,4.0,4.0,39.011,37.101,100.0,100.0,100.0,True
2025-12-13 01:00:00,1,38.0,38.0,38.0,1.0,1.0,0.0,0.0,1.0,1.0,38.476,38.476,100.0,100.0,100.0,True
2025-12-13 02:00:00,2,32.0,32.0,32.75,3.0,3.0,0.0,0.0,3.0,3.0,35.95,38.334,100.0,100.0,100.0,True
2025-12-13 03:00:00,3,33.0,33.0,33.667,7.0,7.0,0.0,0.0,7.0,7.0,33.33,33.032,100.0,100.0,100.0,True
2025-12-13 04:00:00,4,40.0,40.0,40.708,21.0,18.0,3.0,2.0,13.0,20.0,49.711,44.299,72.222,65.0,61.905,True
2025-12-13 05:00:00,5,40.0,40.0,40.462,14.0,11.0,3.0,3.0,10.0,14.0,46.753,45.393,90.909,71.429,71.429,True
2025-12-13 06:00:00,6,66.0,66.0,66.0,21.0,16.0,5.0,3.0,7.0,19.0,68.443,65.066,43.75,36.842,33.333,True
2025-12-13 07:00:00,7,39.0,39.0,39.409,74.0,57.0,17.0,9.0,45.0,66.0,46.025,45.145,78.947,68.182,60.811,True
2025-12-13 08:00:00,8,42.0,42.0,42.2,153.0,115.0,38.0,29.0,93.0,144.0,46.943,35.719,80.87,64.583,60.784,True
2025-12-13 09:00:00,9,62.0,61.0,61.923,207.0,161.0,46.0,36.0,86.0,197.0,64.175,52.072,53.416,43.655,41.546,False
2025-12-13 10:00:00,10,68.0,68.0,68.641,236.0,146.0,90.0,75.0,39.0,221.0,80.344,82.423,26.712,17.647,16.525,True
2025-12-13 11:00:00,11,82.0,82.0,82.75,258.0,180.0,78.0,63.0,43.0,243.0,83.595,81.241,23.889,17.695,16.667,True
2025-12-13 12:00:00,12,69.0,70.0,70.236,222.0,150.0,72.0,57.0,68.0,207.0,72.096,67.591,45.333,32.85,30.631,False
2025-12-13 13:00:00,13,68.0,68.0,68.113,188.0,136.0,52.0,45.0,69.0,181.0,69.952,58.509,50.735,38.122,36.702,True
2025-12-13 14:00:00,14,68.0,68.0,68.521,197.0,135.0,62.0,48.0,69.0,183.0,69.675,57.2,51.111,37.705,35.025,True
2025-12-13 15:00:00,15,82.0,82.0,82.154,196.0,119.0,77.0,55.0,40.0,174.0,85.445,86.978,33.613,22.989,20.408,True
2025-12-13 16:00:00,16,119.0,119.0,119.024,160.0,81.0,79.0,66.0,6.0,147.0,123.082,117.062,7.407,4.082,3.75,True
2025-12-13 17:00:00,17,105.0,105.0,105.86,91.0,41.0,50.0,43.0,6.0,84.0,109.834,104.027,14.634,7.143,6.593,True
2025-12-13 18:00:00,18,82.0,82.0,82.82,88.0,58.0,30.0,16.0,19.0,74.0,86.021,80.873,32.759,25.676,21.591,True
2025-12-13 19:00:00,19,81.0,79.0,79.622,62.0,36.0,26.0,18.0,16.0,54.0,82.446,78.426,44.444,29.63,25.806,False
2025-12-13 20:00:00,20,108.0,104.0,104.429,51.0,21.0,30.0,26.0,4.0,47.0,104.474,109.274,19.048,8.511,7.843,False
2025-12-13 21:00:00,21,93.0,93.0,93.444,21.0,9.0,12.0,7.0,2.0,16.0,93.874,90.515,22.222,12.5,9.524,True
2025-12-13 22:00:00,22,69.0,69.0,69.429,12.0,7.0,5.0,3.0,3.0,10.0,69.434,64.258,42.857,30.0,25.0,True
2025-12-13 23:00:00,23,42.0,42.0,42.286,11.0,8.0,3.0,2.0,7.0,10.0,43.705,41.005,87.5,70.0,63.636,True
2025-12-14 00:00:00,0,39.0,39.0,39.5,6.0,3.0,3.0,2.0,3.0,5.0,36.513,40.057,100.0,60.0,50.0,True
2025-12-14 01:00:00,1,57.0,57.0,57.143,8.0,6.0,2.0,0.0,3.0,6.0,65.938,58.414,50.0,50.0,37.5,True
2025-12-14 02:00:00,2,29.0,29.0,29.667,6.0,5.0,1.0,1.0,4.0,6.0,35.899,35.1,80.0,66.667,66.667,True
2025-12-14 03:00:00,3,36.0,36.0,36.286,10.0,7.0,3.0,1.0,7.0,8.0,37.097,36.55,100.0,87.5,70.0,True
2025-12-14 04:00:00,4,44.0,44.0,44.714,8.0,6.0,2.0,1.0,4.0,7.0,49.12,51.324,66.667,57.143,50.0,True
2025-12-14 05:00:00,5,57.0,57.0,57.25,10.0,4.0,6.0,6.0,3.0,10.0,57.913,36.215,75.0,30.0,30.0,True
2025-12-14 06:00:00,6,93.0,93.0,93.75,6.0,6.0,0.0,0.0,1.0,6.0,95.37,97.012,16.667,16.667,16.667,True
2025-12-14 07:00:00,7,50.0,50.0,50.349,76.0,57.0,19.0,15.0,35.0,72.0,55.289,53.928,61.404,48.611,46.053,True
2025-12-14 08:00:00,8,59.0,60.0,60.109,194.0,146.0,48.0,36.0,73.0,182.0,68.256,59.915,50.0,40.11,37.629,False
2025-12-14 09:00:00,9,77.0,77.0,77.138,215.0,139.0,76.0,67.0,42.0,206.0,76.855,86.084,30.216,20.388,19.535,True
2025-12-14 10:00:00,10,55.0,55.0,55.978,86.0,53.0,33.0,23.0,13.0,76.0,74.584,76.768,24.528,17.105,15.116,True
2025-12-14 11:00:00,11,42.0,42.0,42.679,140.0,109.0,31.0,20.0,91.0,129.0,43.344,40.829,83.486,70.543,65.0,True
2025-12-14 12:00:00,12,34.0,33.0,33.943,212.0,194.0,18.0,10.0,181.0,204.0,33.78,30.981,93.299,88.725,85.377,False
2025-12-14 13:00:00,13,35.0,35.0,35.308,201.0,182.0,19.0,16.0,163.0,198.0,36.06,32.462,89.56,82.323,81.095,True
2025-12-14 14:00:00,14,34.0,34.0,34.507,178.0,146.0,32.0,15.0,132.0,161.0,35.748,32.026,90.411,81.988,74.157,True
2025-12-14 15:00:00,15,44.0,44.0,44.13,154.0,131.0,23.0,20.0,104.0,151.0,45.508,40.785,79.389,68.874,67.532,True
2025-12-14 16:00:00,16,57.0,57.0,57.114,120.0,85.0,35.0,30.0,49.0,115.0,58.315,52.399,57.647,42.609,40.833,True
2025-12-14 17:00:00,17,57.0,57.0,57.478,89.0,63.0,26.0,18.0,35.0,81.0,61.138,56.543,55.556,43.21,39.326,True
2025-12-14 18:00:00,18,33.0,33.0,33.489,62.0,45.0,17.0,8.0,40.0,53.0,33.993,27.857,88.889,75.472,64.516,True
2025-12-14 19:00:00,19,50.0,50.0,50.087,67.0,45.0,22.0,13.0,30.0,58.0,50.727,43.176,66.667,51.724,44.776,True
2025-12-14 20:00:00,20,96.0,96.0,96.0,36.0,18.0,18.0,16.0,5.0,34.0,96.211,109.275,27.778,14.706,13.889,True
2025-12-14 21:00:00,21,75.0,75.0,75.125,15.0,7.0,8.0,8.0,1.0,15.0,85.517,97.06,14.286,6.667,6.667,True
2025-12-14 22:00:00,22,71.0,71.0,71.0,10.0,7.0,3.0,3.0,2.0,10.0,71.416,65.343,28.571,20.0,20.0,True
2025-12-14 23:00:00,23,46.0,46.0,46.75,12.0,12.0,0.0,0.0,11.0,12.0,47.094,49.87,91.667,91.667,91.667,True
2025-12-15 00:00:00,0,51.0,51.0,51.667,5.0,3.0,2.0,2.0,2.0,5.0,52.617,40.208,66.667,40.0,40.0,True
2025-12-15 01:00:00,1,15.0,15.0,15.5,1.0,1.0,0.0,0.0,1.0,1.0,24.743,24.743,100.0,100.0,100.0,True
2025-12-15 02:00:00,2,23.0,23.0,23.0,1.0,1.0,0.0,0.0,1.0,1.0,22.673,22.673,100.0,100.0,100.0,True
2025-12-15 03:00:00,3,24.0,24.0,24.5,4.0,4.0,0.0,0.0,4.0,4.0,24.752,24.822,100.0,100.0,100.0,True
2025-12-15 04:00:00,4,35.0,35.0,35.438,12.0,11.0,1.0,1.0,7.0,12.0,50.116,42.754,63.636,58.333,58.333,True
2025-12-15 05:00:00,5,51.0,51.0,51.167,21.0,17.0,4.0,2.0,8.0,19.0,64.504,63.401,47.059,42.105,38.095,True
2025-12-15 06:00:00,6,47.0,47.0,47.333,32.0,30.0,2.0,2.0,18.0,32.0,58.281,53.824,60.0,56.25,56.25,True
2025-12-15 07:00:00,7,56.0,56.0,56.544,400.0,355.0,45.0,35.0,143.0,390.0,68.029,67.433,40.282,36.667,35.75,True
2025-12-15 08:00:00,8,62.0,62.0,62.6,386.0,338.0,48.0,37.0,84.0,375.0,74.407,73.808,24.852,22.4,21.762,True
2025-12-15 09:00:00,9,44.0,44.0,44.18,260.0,225.0,35.0,26.0,183.0,251.0,44.918,41.719,81.333,72.908,70.385,True
2025-12-15 10:00:00,10,23.0,23.0,23.514,344.0,320.0,24.0,14.0,315.0,334.0,24.925,23.011,98.438,94.311,91.57,True
2025-12-15 11:00:00,11,22.0,22.0,22.547,498.0,478.0,20.0,9.0,475.0,487.0,23.102,22.726,99.372,97.536,95.382,True
2025-12-15 12:00:00,12,22.0,22.0,22.285,563.0,531.0,32.0,15.0,531.0,546.0,22.731,21.364,100.0,97.253,94.316,True
2025-12-15 13:00:00,13,20.0,20.0,20.436,551.0,527.0,24.0,16.0,526.0,543.0,20.798,19.843,99.81,96.869,95.463,True
2025-12-15 14:00:00,14,30.0,30.0,30.377,732.0,671.0,61.0,32.0,613.0,703.0,31.191,26.101,91.356,87.198,83.743,True
2025-12-15 15:00:00,15,44.0,45.0,45.012,648.0,540.0,108.0,68.0,393.0,608.0,46.249,37.245,72.778,64.638,60.648,False
2025-12-15 16:00:00,16,45.0,45.0,45.486,325.0,263.0,62.0,33.0,186.0,296.0,46.386,39.038,70.722,62.838,57.231,True
2025-12-15 17:00:00,17,36.0,36.0,36.393,202.0,156.0,46.0,25.0,136.0,181.0,37.742,34.647,87.179,75.138,67.327,True
2025-12-15 18:00:00,18,32.0,32.0,32.424,104.0,89.0,15.0,8.0,82.0,97.0,33.156,31.576,92.135,84.536,78.846,True
2025-12-15 19:00:00,19,28.0,28.0,28.385,75.0,63.0,12.0,7.0,62.0,70.0,28.651,26.456,98.413,88.571,82.667,True
2025-12-15 20:00:00,20,25.0,25.0,25.333,46.0,41.0,5.0,3.0,41.0,44.0,26.122,26.94,100.0,93.182,89.13,True
2025-12-15 21:00:00,21,37.0,37.0,37.643,32.0,27.0,5.0,2.0,23.0,29.0,39.091,35.904,85.185,79.31,71.875,True
2025-12-15 22:00:00,22,31.0,31.0,31.7,13.0,10.0,3.0,2.0,9.0,12.0,31.825,27.374,90.0,75.0,69.231,True
2025-12-15 23:00:00,23,28.0,28.0,28.0,5.0,5.0,0.0,0.0,5.0,5.0,28.244,29.295,100.0,100.0,100.0,True
2025-12-16 00:00:00,0,21.0,21.0,21.0,2.0,2.0,0.0,0.0,2.0,2.0,20.886,20.886,100.0,100.0,100.0,True
2025-12-16 01:00:00,1,32.0,32.0,32.0,2.0,2.0,0.0,0.0,2.0,2.0,32.562,32.562,100.0,100.0,100.0,True
2025-12-16 02:00:00,2,22.0,22.0,22.0,3.0,3.0,0.0,0.0,3.0,3.0,21.241,22.663,100.0,100.0,100.0,True
2025-12-16 03:00:00,3,25.0,25.0,25.286,6.0,6.0,0.0,0.0,6.0,6.0,26.155,26.924,100.0,100.0,100.0,True
2025-12-16 04:00:00,4,32.0,32.0,32.85,15.0,14.0,1.0,1.0,13.0,15.0,36.931,35.449,92.857,86.667,86.667,True
2025-12-16 05:00:00,5,47.0,47.0,47.455,23.0,17.0,6.0,4.0,14.0,21.0,44.058,46.265,82.353,66.667,60.87,True
2025-12-16 06:00:00,6,42.0,42.0,42.592,41.0,37.0,4.0,1.0,33.0,38.0,44.178,43.96,89.189,86.842,80.488,True
2025-12-16 07:00:00,7,46.0,46.0,46.842,361.0,304.0,57.0,33.0,186.0,337.0,55.804,50.999,61.184,55.193,51.524,True
2025-12-16 08:00:00,8,50.0,51.0,51.031,388.0,332.0,55.0,22.0,181.0,355.0,59.704,58.106,54.518,50.986,46.649,False
2025-12-16 09:00:00,9,45.0,45.0,45.875,358.0,315.0,43.0,33.0,243.0,348.0,46.92,44.001,77.143,69.828,67.877,True
2025-12-16 10:00:00,10,29.0,29.0,29.028,398.0,363.0,35.0,21.0,348.0,384.0,30.521,28.63,95.868,90.625,87.437,True
2025-12-16 11:00:00,11,28.0,28.0,28.06,548.0,510.0,37.0,20.0,504.0,531.0,28.659,27.073,98.824,94.915,91.971,True
2025-12-16 12:00:00,12,25.0,25.0,25.805,597.0,565.0,32.0,13.0,559.0,578.0,26.271,24.699,98.938,96.713,93.635,True
2025-12-16 13:00:00,13,23.0,23.0,23.814,597.0,556.0,41.0,22.0,553.0,578.0,24.324,23.002,99.46,95.675,92.63,True
2025-12-16 14:00:00,14,38.0,38.0,38.439,820.0,720.0,98.0,57.0,603.0,779.0,39.435,32.054,83.75,77.407,73.537,True
2025-12-16 15:00:00,15,59.0,59.0,59.149,626.0,475.0,150.0,107.0,272.0,583.0,61.274,51.862,57.263,46.655,43.45,True
2025-12-16 16:00:00,16,63.0,63.0,63.44,392.0,287.0,105.0,76.0,149.0,363.0,64.672,57.538,51.916,41.047,38.01,True
2025-12-16 17:00:00,17,52.0,52.0,52.185,201.0,148.0,53.0,37.0,96.0,185.0,54.417,45.031,64.865,51.892,47.761,True
2025-12-16 18:00:00,18,40.0,40.0,40.851,89.0,71.0,18.0,8.0,59.0,79.0,41.541,37.658,83.099,74.684,66.292,True
2025-12-16 19:00:00,19,32.0,32.0,32.846,72.0,64.0,8.0,6.0,61.0,70.0,33.414,31.265,95.312,87.143,84.722,True
2025-12-16 20:00:00,20,47.0,48.0,48.026,48.0,39.0,8.0,5.0,29.0,45.0,48.218,38.046,74.359,64.444,60.417,False
2025-12-16 21:00:00,21,40.0,40.0,40.125,20.0,15.0,5.0,4.0,12.0,19.0,40.542,34.715,80.0,63.158,60.0,True
2025-12-16 22:00:00,22,40.0,40.0,40.231,14.0,13.0,1.0,1.0,11.0,14.0,40.697,35.368,84.615,78.571,78.571,True
2025-12-16 23:00:00,23,28.0,28.0,28.143,9.0,7.0,2.0,1.0,7.0,8.0,28.493,30.141,100.0,87.5,77.778,True
2025-12-17 00:00:00,0,34.0,34.0,34.75,6.0,4.0,2.0,1.0,3.0,5.0,34.857,27.07,75.0,60.0,50.0,True
2025-12-17 01:00:00,1,39.0,39.0,39.0,2.0,2.0,0.0,0.0,2.0,2.0,39.89,39.89,100.0,100.0,100.0,True
2025-12-17 02:00:00,2,34.0,34.0,34.333,4.0,2.0,2.0,2.0,2.0,4.0,27.531,27.531,100.0,50.0,50.0,True
2025-12-17 03:00:00,3,28.0,28.0,28.5,8.0,6.0,2.0,1.0,6.0,7.0,29.103,29.572,100.0,85.714,75.0,True
2025-12-17 04:00:00,4,36.0,36.0,36.6,11.0,8.0,3.0,3.0,6.0,11.0,45.165,34.011,75.0,54.545,54.545,True
2025-12-17 05:00:00,5,39.0,39.0,39.955,18.0,14.0,3.0,2.0,10.0,17.0,44.996,38.033,71.429,58.824,55.556,True
2025-12-17 06:00:00,6,37.0,37.0,37.696,27.0,26.0,1.0,1.0,20.0,27.0,42.271,41.892,76.923,74.074,74.074,True
2025-12-17 07:00:00,7,49.0,49.0,49.307,386.0,336.0,50.0,28.0,194.0,364.0,57.964,55.131,57.738,53.297,50.259,True
2025-12-17 08:00:00,8,56.0,56.0,56.216,406.0,351.0,55.0,40.0,131.0,391.0,66.634,67.483,37.322,33.504,32.266,True
2025-12-17 09:00:00,9,45.0,45.0,45.86,324.0,280.0,44.0,30.0,212.0,310.0,46.765,44.95,75.714,68.387,65.432,True
2025-12-17 10:00:00,10,24.0,24.0,24.751,342.0,325.0,17.0,10.0,322.0,335.0,26.479,24.998,99.077,96.119,94.152,True
2025-12-17 11:00:00,11,22.0,22.0,22.938,519.0,494.0,25.0,12.0,493.0,506.0,23.172,22.492,99.798,97.431,94.99,True
2025-12-17 12:00:00,12,24.0,24.0,24.632,592.0,561.0,31.0,17.0,556.0,578.0,24.944,23.363,99.109,96.194,93.919,True
2025-12-17 13:00:00,13,20.0,20.0,20.736,534.0,495.0,39.0,22.0,494.0,517.0,21.036,19.863,99.798,95.551,92.509,True
2025-12-17 14:00:00,14,27.0,27.0,27.307,715.0,643.0,72.0,25.0,621.0,668.0,28.009,24.51,96.579,92.964,86.853,True
2025-12-17 15:00:00,15,46.0,46.0,46.747,683.0,564.0,119.0,73.0,409.0,637.0,47.964,37.873,72.518,64.207,59.883,True
2025-12-17 16:00:00,16,49.0,49.0,49.686,311.0,247.0,64.0,33.0,167.0,280.0,51.031,41.573,67.611,59.643,53.698,True
2025-12-17 17:00:00,17,37.0,37.0,37.539,223.0,179.0,44.0,21.0,151.0,200.0,38.346,31.99,84.358,75.5,67.713,True
2025-12-17 18:00:00,18,34.0,34.0,34.92,85.0,73.0,12.0,5.0,67.0,78.0,35.4,31.752,91.781,85.897,78.824,True
2025-12-17 19:00:00,19,27.0,27.0,27.881,70.0,65.0,5.0,3.0,63.0,68.0,28.476,27.168,96.923,92.647,90.0,True
2025-12-17 20:00:00,20,41.0,41.0,41.015,84.0,64.0,20.0,16.0,51.0,80.0,42.369,37.305,79.688,63.75,60.714,True
2025-12-17 21:00:00,21,60.0,60.0,60.84,30.0,25.0,5.0,5.0,14.0,30.0,60.916,50.799,56.0,46.667,46.667,True
2025-12-17 22:00:00,22,31.0,31.0,31.333,18.0,13.0,5.0,5.0,11.0,18.0,32.881,23.577,84.615,61.111,61.111,True
2025-12-17 23:00:00,23,34.0,34.0,34.875,8.0,6.0,2.0,2.0,5.0,8.0,38.602,34.72,83.333,62.5,62.5,True
2025-12-18 00:00:00,0,31.0,31.0,31.0,2.0,2.0,0.0,0.0,2.0,2.0,31.079,31.079,100.0,100.0,100.0,True
2025-12-18 01:00:00,1,22.0,22.0,22.667,2.0,2.0,0.0,0.0,2.0,2.0,34.313,34.313,100.0,100.0,100.0,True
2025-12-18 02:00:00,2,11.0,11.0,11.0,1.0,1.0,0.0,0.0,1.0,1.0,5.132,5.132,100.0,100.0,100.0,True
2025-12-18 03:00:00,3,32.0,32.0,32.5,6.0,5.0,1.0,1.0,5.0,6.0,35.764,35.804,100.0,83.333,83.333,True
2025-12-18 04:00:00,4,36.0,36.0,36.3,16.0,14.0,2.0,2.0,10.0,16.0,46.563,47.327,71.429,62.5,62.5,True
2025-12-18 05:00:00,5,47.0,47.0,47.211,19.0,13.0,6.0,4.0,10.0,17.0,43.271,40.077,76.923,58.824,52.632,True
2025-12-18 06:00:00,6,35.0,35.0,35.897,32.0,30.0,2.0,2.0,28.0,32.0,40.481,37.03,93.333,87.5,87.5,True
2025-12-18 07:00:00,7,50.0,50.0,50.274,380.0,318.0,62.0,34.0,172.0,352.0,61.621,57.111,54.088,48.864,45.263,True
2025-12-18 08:00:00,8,51.0,51.0,51.645,382.0,326.0,56.0,35.0,172.0,361.0,60.899,59.164,52.761,47.645,45.026,True
2025-12-18 09:00:00,9,43.0,43.0,43.373,298.0,270.0,28.0,21.0,215.0,291.0,44.323,41.375,79.63,73.883,72.148,True
2025-12-18 10:00:00,10,24.0,24.0,24.797,394.0,361.0,33.0,15.0,353.0,376.0,25.883,22.958,97.784,93.883,89.594,True
2025-12-18 11:00:00,11,24.0,24.0,24.161,503.0,478.0,25.0,20.0,475.0,498.0,24.736,23.545,99.372,95.382,94.433,True
2025-12-18 12:00:00,12,24.0,24.0,24.395,575.0,538.0,36.0,19.0,534.0,558.0,24.728,23.566,99.257,95.699,92.87,True
2025-12-18 13:00:00,13,23.0,23.0,23.006,547.0,512.0,35.0,18.0,510.0,530.0,23.501,22.707,99.609,96.226,93.236,True
2025-12-18 14:00:00,14,32.0,32.0,32.37,734.0,648.0,85.0,46.0,591.0,695.0,32.839,27.886,91.204,85.036,80.518,True
2025-12-18 15:00:00,15,53.0,53.0,53.108,648.0,532.0,115.0,83.0,343.0,616.0,54.789,47.097,64.474,55.682,52.932,True
2025-12-18 16:00:00,16,54.0,54.0,54.842,328.0,248.0,80.0,58.0,152.0,306.0,56.376,48.856,61.29,49.673,46.341,True
2025-12-18 17:00:00,17,45.0,45.0,45.859,207.0,165.0,42.0,23.0,122.0,188.0,48.477,41.025,73.939,64.894,58.937,True
2025-12-18 18:00:00,18,43.0,42.0,42.636,110.0,85.0,25.0,17.0,71.0,102.0,41.518,39.105,83.529,69.608,64.545,False
2025-12-18 19:00:00,19,37.0,37.0,37.375,77.0,63.0,14.0,9.0,58.0,72.0,38.098,35.067,92.063,80.556,75.325,True
2025-12-18 20:00:00,20,63.0,63.0,63.431,72.0,51.0,21.0,18.0,25.0,69.0,63.733,61.556,49.02,36.232,34.722,True
2025-12-18 21:00:00,21,74.0,73.0,73.909,33.0,22.0,11.0,11.0,6.0,33.0,76.773,83.232,27.273,18.182,18.182,False
2025-12-18 22:00:00,22,75.0,75.0,75.5,14.0,9.0,5.0,4.0,2.0,13.0,73.306,67.729,22.222,15.385,14.286,True
2025-12-18 23:00:00,23,49.0,49.0,49.0,9.0,7.0,2.0,2.0,5.0,9.0,49.153,51.409,71.429,55.556,55.556,True
2025-12-19 00:00:00,0,44.0,44.0,44.667,6.0,5.0,1.0,1.0,3.0,6.0,54.326,43.304,60.0,50.0,50.0,True
2025-12-19 02:00:00,2,31.0,31.0,31.0,5.0,5.0,0.0,0.0,5.0,5.0,31.76,34.695,100.0,100.0,100.0,True
2025-12-19 03:00:00,3,15.0,15.0,15.25,3.0,3.0,0.0,0.0,3.0,3.0,19.979,18.249,100.0,100.0,100.0,True
2025-12-19 04:00:00,4,32.0,32.0,32.25,10.0,10.0,0.0,0.0,8.0,10.0,37.257,32.608,80.0,80.0,80.0,True
2025-12-19 05:00:00,5,42.0,42.0,42.542,20.0,18.0,2.0,1.0,12.0,19.0,52.726,42.885,66.667,63.158,60.0,True
2025-12-19 06:00:00,6,35.0,35.0,35.969,36.0,30.0,6.0,1.0,27.0,31.0,38.706,36.236,90.0,87.097,75.0,True
2025-12-19 07:00:00,7,42.0,42.0,42.452,318.0,270.0,48.0,22.0,198.0,292.0,51.297,48.531,73.333,67.808,62.264,True
2025-12-19 08:00:00,8,45.0,45.0,45.326,400.0,340.0,60.0,25.0,227.0,365.0,52.461,50.766,66.765,62.192,56.75,True
2025-12-19 09:00:00,9,33.0,33.0,33.58,351.0,314.0,37.0,16.0,299.0,330.0,34.068,31.579,95.223,90.606,85.185,True
2025-12-19 10:00:00,10,21.0,21.0,21.452,419.0,389.0,30.0,10.0,389.0,399.0,22.812,21.734,100.0,97.494,92.84,True
2025-12-19 11:00:00,11,23.0,23.0,23.522,570.0,547.0,23.0,13.0,544.0,560.0,24.074,23.224,99.452,97.143,95.439,True
2025-12-19 12:00:00,12,22.0,22.0,22.443,562.0,541.0,21.0,7.0,540.0,548.0,22.715,21.724,99.815,98.54,96.085,True
2025-12-19 13:00:00,13,22.0,22.0,22.056,571.0,542.0,28.0,14.0,539.0,557.0,22.619,21.308,99.446,96.768,94.396,True
2025-12-19 14:00:00,14,34.0,34.0,34.931,734.0,658.0,76.0,35.0,579.0,693.0,35.906,28.964,87.994,83.55,78.883,True
2025-12-19 15:00:00,15,53.0,53.0,53.603,604.0,492.0,112.0,79.0,306.0,571.0,55.773,47.418,62.195,53.59,50.662,True
2025-12-19 16:00:00,16,65.0,65.0,65.612,323.0,227.0,96.0,58.0,107.0,285.0,67.615,61.584,47.137,37.544,33.127,True
2025-12-19 17:00:00,17,53.0,53.0,53.31,195.0,143.0,52.0,32.0,88.0,175.0,55.059,46.629,61.538,50.286,45.128,True
2025-12-19 18:00:00,18,53.0,53.0,53.753,127.0,95.0,32.0,25.0,61.0,120.0,54.93,47.474,64.211,50.833,48.031,True
2025-12-19 19:00:00,19,52.0,51.0,51.716,96.0,73.0,23.0,20.0,50.0,93.0,52.654,41.295,68.493,53.763,52.083,False
2025-12-19 20:00:00,20,56.0,56.0,56.638,66.0,47.0,19.0,17.0,28.0,64.0,57.015,44.32,59.574,43.75,42.424,True
2025-12-19 21:00:00,21,71.0,71.0,71.679,40.0,27.0,13.0,12.0,9.0,39.0,74.743,67.613,33.333,23.077,22.5,True
2025-12-19 22:00:00,22,89.0,89.0,89.8,25.0,15.0,10.0,6.0,3.0,21.0,90.336,93.548,20.0,14.286,12.0,True
2025-12-19 23:00:00,23,106.0,106.0,106.333,15.0,12.0,3.0,3.0,0.0,15.0,106.874,104.737,0.0,0.0,0.0,True
2025-12-20 00:00:00,0,76.0,76.0,76.25,8.0,4.0,4.0,4.0,1.0,8.0,76.186,72.075,25.0,12.5,12.5,True
2025-12-20 01:00:00,1,38.0,38.0,38.0,8.0,5.0,3.0,3.0,3.0,8.0,53.566,41.342,60.0,37.5,37.5,True
2025-12-20 02:00:00,2,77.0,77.0,77.25,4.0,4.0,0.0,0.0,2.0,4.0,77.18,67.225,50.0,50.0,50.0,True
2025-12-20 03:00:00,3,42.0,42.0,42.5,4.0,3.0,1.0,1.0,3.0,4.0,35.754,31.803,100.0,75.0,75.0,True
2025-12-20 04:00:00,4,29.0,29.0,29.222,16.0,12.0,4.0,4.0,9.0,16.0,42.981,37.494,75.0,56.25,56.25,True
2025-12-20 05:00:00,5,25.0,25.0,25.833,11.0,9.0,2.0,2.0,9.0,11.0,29.402,25.719,100.0,81.818,81.818,True
2025-12-20 06:00:00,6,47.0,47.0,47.217,15.0,14.0,1.0,0.0,13.0,14.0,45.96,47.195,92.857,92.857,86.667,True
2025-12-20 07:00:00,7,35.0,35.0,35.25,69.0,57.0,12.0,3.0,50.0,60.0,38.197,34.282,87.719,83.333,72.464,True
2025-12-20 08:00:00,8,29.0,29.0,29.071,149.0,124.0,25.0,14.0,120.0,138.0,30.98,28.339,96.774,86.957,80.537,True
2025-12-20 09:00:00,9,45.0,45.0,45.584,230.0,193.0,37.0,27.0,147.0,220.0,46.943,39.25,76.166,66.818,63.913,True
2025-12-20 10:00:00,10,51.0,51.0,51.146,219.0,160.0,59.0,51.0,89.0,211.0,58.832,57.547,55.625,42.18,40.639,True
2025-12-20 11:00:00,11,59.0,59.0,59.166,250.0,186.0,64.0,46.0,100.0,232.0,60.437,58.25,53.763,43.103,40.0,True
2025-12-20 12:00:00,12,44.0,44.0,44.45,216.0,170.0,46.0,32.0,130.0,202.0,45.832,41.809,76.471,64.356,60.185,True
2025-12-20 13:00:00,13,40.0,39.0,39.869,191.0,171.0,20.0,15.0,147.0,186.0,40.614,36.903,85.965,79.032,76.963,False
2025-12-20 14:00:00,14,38.0,38.0,38.41,192.0,157.0,34.0,18.0,135.0,176.0,39.863,34.339,85.987,76.705,70.312,True
2025-12-20 15:00:00,15,60.0,60.0,60.224,217.0,156.0,61.0,38.0,96.0,194.0,60.816,51.27,61.538,49.485,44.24,True
2025-12-20 16:00:00,16,79.0,79.0,79.578,167.0,101.0,66.0,54.0,33.0,155.0,80.347,83.23,32.673,21.29,19.76,True
2025-12-20 17:00:00,17,74.0,74.0,74.519,84.0,50.0,34.0,30.0,14.0,80.0,76.755,74.848,28.0,17.5,16.667,True
2025-12-20 18:00:00,18,54.0,54.0,54.738,70.0,54.0,16.0,13.0,26.0,67.0,61.107,60.655,48.148,38.806,37.143,True
2025-12-20 19:00:00,19,62.0,62.0,62.491,69.0,52.0,17.0,14.0,27.0,66.0,63.974,57.982,51.923,40.909,39.13,True
2025-12-20 20:00:00,20,74.0,74.0,74.333,43.0,30.0,13.0,12.0,10.0,42.0,74.642,73.109,33.333,23.81,23.256,True
2025-12-20 21:00:00,21,86.0,86.0,86.84,42.0,25.0,17.0,17.0,5.0,42.0,87.023,78.937,20.0,11.905,11.905,True
2025-12-20 22:00:00,22,75.0,75.0,75.273,18.0,11.0,7.0,6.0,6.0,17.0,75.613,57.341,54.545,35.294,33.333,True
2025-12-20 23:00:00,23,59.0,59.0,59.4,14.0,10.0,4.0,4.0,5.0,14.0,60.002,63.954,50.0,35.714,35.714,True
2025-12-21 00:00:00,0,36.0,36.0,36.333,4.0,3.0,1.0,1.0,3.0,4.0,36.572,43.093,100.0,75.0,75.0,True
2025-12-21 01:00:00,1,44.0,44.0,44.333,5.0,2.0,3.0,2.0,1.0,4.0,64.154,64.154,50.0,25.0,20.0,True
2025-12-21 02:00:00,2,38.0,38.0,38.0,5.0,4.0,1.0,1.0,4.0,5.0,38.782,38.843,100.0,80.0,80.0,True
2025-12-21 03:00:00,3,29.0,29.0,29.0,2.0,2.0,0.0,0.0,2.0,2.0,29.385,29.385,100.0,100.0,100.0,True
2025-12-21 04:00:00,4,30.0,30.0,30.875,9.0,8.0,1.0,0.0,7.0,8.0,33.515,27.385,87.5,87.5,77.778,True
2025-12-21 05:00:00,5,29.0,29.0,29.1,11.0,9.0,2.0,2.0,9.0,11.0,29.687,27.694,100.0,81.818,81.818,True
2025-12-21 06:00:00,6,33.0,33.0,33.0,3.0,1.0,2.0,2.0,1.0,3.0,34.104,34.104,100.0,33.333,33.333,True
2025-12-21 07:00:00,7,62.0,62.0,62.878,77.0,66.0,11.0,9.0,29.0,75.0,68.039,63.59,43.939,38.667,37.662,True
2025-12-21 08:00:00,8,75.0,76.0,76.207,235.0,149.0,86.0,76.0,42.0,225.0,88.616,88.609,28.188,18.667,17.872,False
2025-12-21 09:00:00,9,105.0,105.0,105.775,187.0,99.0,88.0,83.0,11.0,182.0,106.942,113.618,11.111,6.044,5.882,True
2025-12-21 10:00:00,10,71.0,71.0,71.317,107.0,63.0,44.0,40.0,1.0,103.0,99.728,99.117,1.587,0.971,0.935,True
2025-12-21 11:00:00,11,53.0,53.0,53.655,154.0,115.0,39.0,31.0,78.0,146.0,54.397,50.62,67.826,53.425,50.649,True
2025-12-21 12:00:00,12,44.0,44.0,44.66,237.0,196.0,41.0,31.0,155.0,227.0,44.926,41.042,79.082,68.282,65.401,True
2025-12-21 13:00:00,13,47.0,47.0,47.717,205.0,182.0,23.0,17.0,133.0,199.0,48.506,45.632,73.077,66.834,64.878,True
2025-12-21 14:00:00,14,46.0,45.0,45.246,175.0,139.0,35.0,25.0,106.0,165.0,46.53,40.449,76.259,64.242,60.571,False
2025-12-21 15:00:00,15,64.0,64.0,64.247,193.0,149.0,44.0,41.0,78.0,190.0,66.334,56.133,52.349,41.053,40.415,True
2025-12-21 16:00:00,16,78.0,78.0,78.814,100.0,67.0,33.0,28.0,25.0,95.0,80.286,80.412,37.313,26.316,25.0,True
2025-12-21 17:00:00,17,68.0,68.0,68.644,83.0,58.0,25.0,19.0,28.0,77.0,70.126,62.154,48.276,36.364,33.735,True
2025-12-21 18:00:00,18,57.0,57.0,57.07,83.0,57.0,26.0,20.0,34.0,77.0,58.231,53.536,59.649,44.156,40.964,True
2025-12-21 19:00:00,19,58.0,58.0,58.25,63.0,46.0,17.0,10.0,34.0,56.0,59.115,43.347,73.913,60.714,53.968,True
2025-12-21 20:00:00,20,83.0,83.0,83.833,38.0,18.0,20.0,17.0,7.0,35.0,84.053,67.306,38.889,20.0,18.421,True
2025-12-21 21:00:00,21,76.0,76.0,76.4,24.0,15.0,9.0,4.0,7.0,19.0,76.508,78.167,46.667,36.842,29.167,True
2025-12-21 22:00:00,22,81.0,81.0,81.0,10.0,5.0,5.0,5.0,1.0,10.0,81.18,79.326,20.0,10.0,10.0,True
2025-12-21 23:00:00,23,48.0,48.0,48.0,4.0,3.0,1.0,1.0,3.0,4.0,48.112,45.188,100.0,75.0,75.0,True
2025-12-22 00:00:00,0,45.0,45.0,45.0,3.0,3.0,0.0,0.0,2.0,3.0,45.581,46.362,66.667,66.667,66.667,True
2025-12-22 01:00:00,1,11.0,11.0,11.0,,,,,,,,,,,,True
2025-12-22 02:00:00,2,35.0,35.0,35.0,2.0,2.0,0.0,0.0,2.0,2.0,35.587,35.587,100.0,100.0,100.0,True
2025-12-22 03:00:00,3,32.0,32.0,32.75,4.0,4.0,0.0,0.0,4.0,4.0,32.543,31.927,100.0,100.0,100.0,True
2025-12-22 04:00:00,4,28.0,28.0,28.417,12.0,9.0,3.0,3.0,8.0,12.0,37.988,32.93,88.889,66.667,66.667,True
2025-12-22 05:00:00,5,54.0,54.0,54.84,21.0,18.0,3.0,1.0,11.0,19.0,65.161,52.289,61.111,57.895,52.381,True
2025-12-22 06:00:00,6,46.0,46.0,46.097,27.0,22.0,5.0,4.0,13.0,26.0,55.672,49.636,59.091,50.0,48.148,True
2025-12-22 07:00:00,7,55.0,56.0,56.139,445.0,371.0,74.0,42.0,157.0,413.0,67.274,67.862,42.318,38.015,35.281,False
2025-12-22 08:00:00,8,65.0,65.0,65.298,394.0,337.0,57.0,46.0,81.0,383.0,77.708,77.184,24.036,21.149,20.558,True
2025-12-22 09:00:00,9,54.0,54.0,54.255,273.0,229.0,44.0,30.0,137.0,259.0,54.654,54.867,59.825,52.896,50.183,True
2025-12-22 10:00:00,10,28.0,28.0,28.66,382.0,347.0,35.0,21.0,333.0,368.0,30.775,27.728,95.965,90.489,87.173,True
2025-12-22 11:00:00,11,24.0,24.0,24.508,506.0,478.0,28.0,16.0,477.0,494.0,25.075,24.223,99.791,96.559,94.269,True
2025-12-22 12:00:00,12,22.0,22.0,22.498,575.0,552.0,23.0,6.0,548.0,558.0,23.125,21.564,99.275,98.208,95.304,True
2025-12-22 13:00:00,13,21.0,21.0,21.551,535.0,502.0,33.0,17.0,501.0,519.0,21.959,21.064,99.801,96.532,93.645,True
2025-12-22 14:00:00,14,31.0,31.0,31.514,727.0,673.0,54.0,38.0,615.0,711.0,32.455,27.209,91.382,86.498,84.594,True
2025-12-22 15:00:00,15,46.0,46.0,46.44,613.0,517.0,96.0,58.0,376.0,575.0,47.57,39.27,72.727,65.391,61.338,True
2025-12-22 16:00:00,16,53.0,53.0,53.383,372.0,277.0,95.0,66.0,169.0,343.0,54.782,49.332,61.011,49.271,45.43,True
2025-12-22 17:00:00,17,42.0,42.0,42.33,223.0,184.0,39.0,19.0,137.0,203.0,43.684,39.502,74.457,67.488,61.435,True
2025-12-22 18:00:00,18,37.0,37.0,37.357,112.0,94.0,18.0,10.0,77.0,104.0,38.006,34.721,81.915,74.038,68.75,True
2025-12-22 19:00:00,19,25.0,25.0,25.594,77.0,66.0,11.0,7.0,65.0,73.0,26.704,23.768,98.485,89.041,84.416,True
2025-12-22 20:00:00,20,40.0,40.0,40.273,56.0,43.0,13.0,10.0,36.0,53.0,41.386,35.018,83.721,67.925,64.286,True
2025-12-22 21:00:00,21,39.0,40.0,40.207,37.0,28.0,9.0,8.0,21.0,36.0,42.082,36.866,75.0,58.333,56.757,False
2025-12-22 22:00:00,22,36.0,36.0,36.188,20.0,16.0,4.0,4.0,14.0,20.0,36.495,33.727,87.5,70.0,70.0,True
2025-12-22 23:00:00,23,27.0,27.0,27.4,5.0,4.0,1.0,1.0,4.0,5.0,34.847,29.871,100.0,80.0,80.0,True
2025-12-23 00:00:00,0,54.0,54.0,54.143,11.0,7.0,4.0,3.0,5.0,10.0,54.665,51.315,71.429,50.0,45.455,True
2025-12-23 01:00:00,1,19.0,19.0,19.0,1.0,1.0,0.0,0.0,1.0,1.0,18.974,18.974,100.0,100.0,100.0,True
2025-12-23 02:00:00,2,22.0,22.0,22.6,5.0,4.0,1.0,1.0,4.0,5.0,20.093,20.562,100.0,80.0,80.0,True
2025-12-23 03:00:00,3,28.0,28.0,28.667,3.0,3.0,0.0,0.0,3.0,3.0,29.476,34.681,100.0,100.0,100.0,True
2025-12-23 04:00:00,4,35.0,35.0,35.529,13.0,13.0,0.0,0.0,11.0,13.0,42.333,32.487,84.615,84.615,84.615,True
2025-12-23 05:00:00,5,49.0,49.0,49.81,19.0,17.0,2.0,1.0,11.0,18.0,53.474,47.446,64.706,61.111,57.895,True
2025-12-23 06:00:00,6,40.0,40.0,40.955,34.0,32.0,2.0,1.0,26.0,33.0,47.327,42.349,81.25,78.788,76.471,True
2025-12-23 07:00:00,7,44.0,44.0,44.653,347.0,289.0,57.0,30.0,195.0,320.0,52.811,48.244,67.474,60.938,56.196,True
2025-12-23 08:00:00,8,44.0,44.0,44.803,413.0,329.0,83.0,32.0,232.0,362.0,51.242,49.156,70.517,64.088,56.174,True
2025-12-23 09:00:00,9,33.0,33.0,33.333,359.0,316.0,40.0,21.0,300.0,340.0,34.164,31.938,94.937,88.235,83.565,True
2025-12-23 10:00:00,10,22.0,22.0,22.011,389.0,363.0,26.0,12.0,362.0,375.0,23.334,21.887,99.725,96.533,93.059,True
2025-12-23 11:00:00,11,23.0,23.0,23.123,538.0,513.0,25.0,14.0,510.0,527.0,23.707,22.662,99.415,96.774,94.796,True
2025-12-23 12:00:00,12,23.0,23.0,23.813,600.0,574.0,25.0,14.0,572.0,589.0,24.263,23.392,99.652,97.114,95.333,True
2025-12-23 13:00:00,13,26.0,26.0,26.619,672.0,624.0,48.0,31.0,610.0,655.0,27.211,24.65,97.756,93.13,90.774,True
2025-12-23 14:00:00,14,51.0,51.0,51.915,881.0,739.0,142.0,112.0,515.0,851.0,53.423,42.084,69.689,60.517,58.456,True
2025-12-23 15:00:00,15,84.0,84.0,84.065,708.0,513.0,193.0,155.0,197.0,670.0,86.2,79.369,38.402,29.403,27.825,True
2025-12-23 16:00:00,16,107.0,107.0,107.817,360.0,242.0,117.0,98.0,54.0,341.0,109.751,108.843,22.314,15.836,15.0,True
2025-12-23 17:00:00,17,84.0,84.0,84.27,177.0,106.0,71.0,55.0,39.0,161.0,86.367,75.714,36.792,24.224,22.034,True
2025-12-23 18:00:00,18,73.0,72.0,72.947,96.0,72.0,24.0,20.0,39.0,92.0,74.058,52.458,54.167,42.391,40.625,False
2025-12-23 19:00:00,19,75.0,75.0,75.69,69.0,41.0,28.0,21.0,19.0,62.0,77.08,90.774,46.341,30.645,27.536,True
2025-12-23 20:00:00,20,83.0,83.0,83.429,48.0,28.0,20.0,17.0,11.0,45.0,87.127,82.199,39.286,24.444,22.917,True
2025-12-23 21:00:00,21,86.0,85.0,85.588,23.0,16.0,7.0,7.0,2.0,23.0,85.532,87.286,12.5,8.696,8.696,False
2025-12-23 22:00:00,22,67.0,67.0,67.714,11.0,8.0,3.0,3.0,4.0,11.0,66.21,59.781,50.0,36.364,36.364,True
2025-12-23 23:00:00,23,49.0,49.0,49.6,7.0,4.0,2.0,2.0,2.0,7.0,50.011,49.436,50.0,28.571,28.571,True
2025-12-24 00:00:00,0,54.0,54.0,54.778,9.0,9.0,0.0,0.0,7.0,9.0,55.147,49.358,77.778,77.778,77.778,True
2025-12-24 01:00:00,1,63.0,63.0,63.0,7.0,4.0,3.0,0.0,1.0,4.0,63.701,62.226,25.0,25.0,14.286,True
2025-12-24 02:00:00,2,18.0,18.0,18.0,3.0,2.0,1.0,1.0,2.0,3.0,27.577,27.577,100.0,66.667,66.667,True
2025-12-24 03:00:00,3,34.0,34.0,34.667,6.0,6.0,0.0,0.0,6.0,6.0,34.921,33.846,100.0,100.0,100.0,True
2025-12-24 04:00:00,4,38.0,38.0,38.0,11.0,11.0,0.0,0.0,7.0,11.0,46.528,42.657,63.636,63.636,63.636,True
2025-12-24 05:00:00,5,46.0,46.0,46.391,20.0,16.0,4.0,3.0,8.0,19.0,56.109,58.824,50.0,42.105,40.0,True
2025-12-24 06:00:00,6,40.0,40.0,40.077,35.0,30.0,5.0,3.0,25.0,33.0,44.33,42.947,83.333,75.758,71.429,True
2025-12-24 07:00:00,7,43.0,43.0,43.469,353.0,286.0,66.0,32.0,203.0,319.0,50.413,45.356,70.979,63.636,57.507,True
2025-12-24 08:00:00,8,50.0,50.0,50.928,411.0,359.0,51.0,28.0,206.0,388.0,58.55,57.295,57.382,53.093,50.122,True
2025-12-24 09:00:00,9,35.0,35.0,35.755,364.0,310.0,54.0,30.0,278.0,340.0,36.429,31.494,89.677,81.765,76.374,True
2025-12-24 10:00:00,10,23.0,23.0,23.855,368.0,344.0,24.0,13.0,340.0,357.0,25.207,22.362,98.837,95.238,92.391,True
2025-12-24 11:00:00,11,25.0,25.0,25.011,534.0,515.0,18.0,8.0,512.0,524.0,25.669,24.505,99.417,97.71,95.88,True
2025-12-24 12:00:00,12,26.0,26.0,26.462,614.0,569.0,44.0,22.0,560.0,592.0,27.022,24.555,98.418,94.595,91.205,True
2025-12-24 13:00:00,13,26.0,26.0,26.455,535.0,501.0,34.0,21.0,491.0,522.0,26.827,25.483,98.004,94.061,91.776,True
2025-12-24 14:00:00,14,49.0,49.0,49.89,785.0,649.0,136.0,98.0,493.0,747.0,50.745,36.62,75.963,65.997,62.803,True
2025-12-24 15:00:00,15,84.0,84.0,84.585,598.0,425.0,173.0,144.0,191.0,569.0,87.111,67.353,44.941,33.568,31.94,True
2025-12-24 16:00:00,16,118.0,118.0,118.178,301.0,180.0,121.0,111.0,47.0,291.0,122.006,107.526,26.111,16.151,15.615,True
2025-12-24 17:00:00,17,119.0,121.0,121.366,172.0,83.0,89.0,73.0,17.0,156.0,120.533,111.708,20.482,10.897,9.884,False
2025-12-24 18:00:00,18,115.0,116.0,116.825,91.0,40.0,51.0,51.0,9.0,91.0,117.24,83.507,22.5,9.89,9.89,False
2025-12-24 19:00:00,19,118.0,118.0,118.176,50.0,17.0,33.0,32.0,7.0,49.0,124.465,160.674,41.176,14.286,14.0,True
2025-12-24 20:00:00,20,144.0,140.0,140.125,58.0,15.0,43.0,40.0,2.0,55.0,139.054,146.282,13.333,3.636,3.448,False
2025-12-24 21:00:00,21,146.0,146.0,146.222,39.0,9.0,30.0,28.0,0.0,37.0,146.874,151.175,0.0,0.0,0.0,True
2025-12-24 22:00:00,22,99.0,99.0,99.8,16.0,5.0,11.0,9.0,2.0,14.0,100.115,105.935,40.0,14.286,12.5,True
2025-12-24 23:00:00,23,86.0,86.0,86.167,15.0,6.0,9.0,7.0,0.0,13.0,86.57,89.805,0.0,0.0,0.0,True
2025-12-25 00:00:00,0,68.0,68.0,68.75,7.0,4.0,3.0,2.0,3.0,6.0,69.259,52.204,75.0,50.0,42.857,True
2025-12-25 01:00:00,1,81.0,81.0,81.556,10.0,9.0,1.0,1.0,3.0,10.0,82.13,79.684,33.333,30.0,30.0,True
2025-12-25 02:00:00,2,74.0,74.0,74.0,6.0,3.0,3.0,3.0,1.0,6.0,74.834,90.998,33.333,16.667,16.667,True
2025-12-25 03:00:00,3,60.0,60.0,60.5,3.0,2.0,1.0,1.0,1.0,3.0,60.891,60.891,50.0,33.333,33.333,True
2025-12-25 04:00:00,4,34.0,34.0,34.882,14.0,13.0,1.0,1.0,10.0,14.0,44.402,43.287,76.923,71.429,71.429,True
2025-12-25 05:00:00,5,38.0,38.0,38.769,13.0,11.0,2.0,2.0,9.0,13.0,38.273,33.753,81.818,69.231,69.231,True
2025-12-25 06:00:00,6,73.0,73.0,73.611,14.0,13.0,1.0,1.0,2.0,14.0,82.727,86.961,15.385,14.286,14.286,True
2025-12-25 07:00:00,7,61.0,61.0,61.667,62.0,50.0,12.0,9.0,24.0,59.0,66.234,60.959,48.0,40.678,38.71,True
2025-12-25 08:00:00,8,64.0,63.0,63.41,193.0,135.0,58.0,40.0,66.0,175.0,71.707,62.82,48.889,37.714,34.197,False
2025-12-25 09:00:00,9,90.0,90.0,90.434,208.0,113.0,95.0,91.0,28.0,204.0,90.967,98.367,24.779,13.725,13.462,True
2025-12-25 10:00:00,10,70.0,70.0,70.263,145.0,90.0,55.0,46.0,11.0,136.0,90.526,92.771,12.222,8.088,7.586,True
2025-12-25 11:00:00,11,65.0,65.0,65.16,176.0,129.0,47.0,38.0,51.0,167.0,65.938,66.635,39.535,30.539,28.977,True
2025-12-25 12:00:00,12,54.0,54.0,54.163,246.0,193.0,53.0,44.0,113.0,237.0,55.246,50.445,58.549,47.679,45.935,True
2025-12-25 13:00:00,13,49.0,49.0,49.854,180.0,148.0,32.0,24.0,104.0,172.0,50.557,44.359,70.27,60.465,57.778,True
2025-12-25 14:00:00,14,35.0,35.0,35.992,150.0,123.0,27.0,18.0,108.0,141.0,35.872,29.529,87.805,76.596,72.0,True
2025-12-25 15:00:00,15,42.0,42.0,42.64,174.0,132.0,42.0,22.0,103.0,154.0,44.314,39.308,78.03,66.883,59.195,True
2025-12-25 16:00:00,16,46.0,46.0,46.543,119.0,86.0,33.0,21.0,63.0,107.0,49.454,45.489,73.256,58.879,52.941,True
2025-12-25 17:00:00,17,49.0,49.0,49.8,97.0,67.0,30.0,21.0,47.0,88.0,51.716,48.925,70.149,53.409,48.454,True
2025-12-25 18:00:00,18,42.0,42.0,42.831,84.0,69.0,15.0,14.0,54.0,83.0,43.705,39.22,78.261,65.06,64.286,True
2025-12-25 19:00:00,19,45.0,45.0,45.561,51.0,40.0,11.0,9.0,27.0,49.0,47.068,38.743,67.5,55.102,52.941,True
2025-12-25 20:00:00,20,49.0,49.0,49.2,38.0,25.0,13.0,6.0,17.0,31.0,49.299,40.031,68.0,54.839,44.737,True
2025-12-25 21:00:00,21,56.0,56.0,56.474,24.0,19.0,5.0,4.0,15.0,23.0,56.57,54.491,78.947,65.217,62.5,True
2025-12-25 22:00:00,22,37.0,37.0,37.889,13.0,10.0,3.0,2.0,10.0,12.0,40.048,36.416,100.0,83.333,76.923,True
2025-12-25 23:00:00,23,34.0,34.0,34.125,9.0,7.0,2.0,2.0,6.0,9.0,30.907,23.795,85.714,66.667,66.667,True
2025-12-26 00:00:00,0,45.0,45.0,45.75,8.0,7.0,1.0,1.0,5.0,8.0,52.526,46.75,71.429,62.5,62.5,True
2025-12-26 01:00:00,1,60.0,60.0,60.0,4.0,4.0,0.0,0.0,3.0,4.0,60.826,52.234,75.0,75.0,75.0,True
2025-12-26 02:00:00,2,34.0,34.0,34.25,5.0,4.0,1.0,1.0,4.0,5.0,35.082,32.65,100.0,80.0,80.0,True
2025-12-26 03:00:00,3,26.0,26.0,26.667,2.0,2.0,0.0,0.0,2.0,2.0,40.146,40.146,100.0,100.0,100.0,True
2025-12-26 04:00:00,4,32.0,32.0,32.857,11.0,11.0,0.0,0.0,10.0,11.0,41.147,33.214,90.909,90.909,90.909,True
2025-12-26 05:00:00,5,41.0,41.0,41.789,18.0,13.0,5.0,4.0,8.0,17.0,47.735,48.396,61.538,47.059,44.444,True
2025-12-26 06:00:00,6,41.0,41.0,41.056,28.0,23.0,5.0,3.0,19.0,26.0,42.494,41.329,82.609,73.077,67.857,True
2025-12-26 07:00:00,7,44.0,44.0,44.011,279.0,222.0,57.0,18.0,148.0,240.0,53.625,49.992,66.667,61.667,53.047,True
2025-12-26 08:00:00,8,46.0,46.0,46.818,397.0,333.0,64.0,34.0,220.0,367.0,54.262,52.603,66.066,59.946,55.416,True
2025-12-26 09:00:00,9,39.0,39.0,39.844,316.0,281.0,35.0,19.0,231.0,300.0,40.512,36.365,82.206,77.0,73.101,True
2025-12-26 10:00:00,10,26.0,26.0,26.202,347.0,316.0,31.0,19.0,309.0,335.0,28.191,25.476,97.785,92.239,89.049,True
2025-12-26 11:00:00,11,26.0,26.0,26.715,458.0,432.0,26.0,10.0,426.0,442.0,27.497,26.295,98.611,96.38,93.013,True
2025-12-26 12:00:00,12,28.0,28.0,28.202,497.0,466.0,31.0,18.0,459.0,484.0,28.801,26.941,98.498,94.835,92.354,True
2025-12-26 13:00:00,13,25.0,25.0,25.468,494.0,465.0,29.0,13.0,462.0,478.0,26.004,24.451,99.355,96.653,93.522,True
2025-12-26 14:00:00,14,43.0,43.0,43.988,732.0,642.0,90.0,64.0,490.0,706.0,44.975,36.514,76.324,69.405,66.94,True
2025-12-26 15:00:00,15,76.0,75.0,75.823,497.0,391.0,106.0,84.0,149.0,475.0,78.256,72.112,38.107,31.368,29.98,False
2025-12-26 16:00:00,16,91.0,91.0,91.173,269.0,188.0,81.0,71.0,29.0,259.0,92.982,91.759,15.426,11.197,10.781,True
2025-12-26 17:00:00,17,80.0,80.0,80.64,133.0,92.0,41.0,39.0,29.0,131.0,82.123,85.495,31.522,22.137,21.805,True
2025-12-26 18:00:00,18,58.0,59.0,59.0,74.0,55.0,19.0,12.0,33.0,67.0,60.105,53.208,60.0,49.254,44.595,False
2025-12-26 19:00:00,19,39.0,39.0,39.873,70.0,55.0,15.0,7.0,45.0,62.0,40.173,33.516,81.818,72.581,64.286,True
2025-12-26 20:00:00,20,46.0,46.0,46.229,43.0,35.0,8.0,5.0,25.0,40.0,46.417,46.934,71.429,62.5,58.14,True
2025-12-26 21:00:00,21,51.0,51.0,51.962,33.0,26.0,7.0,6.0,18.0,32.0,52.398,48.39,69.231,56.25,54.545,True
2025-12-26 22:00:00,22,42.0,42.0,42.583,19.0,12.0,7.0,2.0,9.0,14.0,42.893,44.235,75.0,64.286,47.368,True
2025-12-26 23:00:00,23,34.0,34.0,34.857,10.0,7.0,3.0,2.0,7.0,9.0,35.172,38.697,100.0,77.778,70.0,True
2025-12-27 00:00:00,0,42.0,42.0,42.571,7.0,7.0,0.0,0.0,6.0,7.0,42.945,34.813,85.714,85.714,85.714,True
2025-12-27 01:00:00,1,77.0,77.0,77.5,8.0,4.0,4.0,2.0,0.0,6.0,77.832,74.546,0.0,0.0,0.0,True
2025-12-27 02:00:00,2,37.0,37.0,37.714,6.0,6.0,0.0,0.0,6.0,6.0,37.479,36.024,100.0,100.0,100.0,True
2025-12-27 03:00:00,3,63.0,63.0,63.25,4.0,4.0,0.0,0.0,2.0,4.0,63.673,51.151,50.0,50.0,50.0,True
2025-12-27 04:00:00,4,22.0,22.0,22.6,10.0,10.0,0.0,0.0,10.0,10.0,31.043,30.884,100.0,100.0,100.0,True
2025-12-27 05:00:00,5,23.0,23.0,23.0,10.0,10.0,0.0,0.0,10.0,10.0,26.034,26.731,100.0,100.0,100.0,True
2025-12-27 06:00:00,6,56.0,56.0,56.208,19.0,16.0,3.0,2.0,8.0,18.0,58.734,59.057,50.0,44.444,42.105,True
2025-12-27 07:00:00,7,33.0,33.0,33.227,55.0,45.0,10.0,4.0,39.0,49.0,37.365,32.736,86.667,79.592,70.909,True
2025-12-27 08:00:00,8,32.0,32.0,32.958,135.0,122.0,13.0,9.0,111.0,131.0,35.186,30.343,90.984,84.733,82.222,True
2025-12-27 09:00:00,9,49.0,49.0,49.732,190.0,153.0,37.0,23.0,103.0,176.0,51.057,45.064,67.32,58.523,54.211,True
2025-12-27 10:00:00,10,54.0,53.0,53.876,201.0,150.0,51.0,43.0,73.0,193.0,62.543,60.349,48.667,37.824,36.318,False
2025-12-27 11:00:00,11,64.0,64.0,64.796,235.0,189.0,46.0,33.0,78.0,222.0,66.61,64.293,41.27,35.135,33.191,True
2025-12-27 12:00:00,12,57.0,57.0,57.157,191.0,154.0,37.0,30.0,87.0,184.0,59.946,56.954,56.494,47.283,45.55,True
2025-12-27 13:00:00,13,51.0,51.0,51.226,159.0,134.0,25.0,23.0,96.0,157.0,52.223,45.573,71.642,61.146,60.377,True
2025-12-27 14:00:00,14,43.0,42.0,42.866,176.0,144.0,32.0,26.0,114.0,170.0,43.308,36.474,79.167,67.059,64.773,False
2025-12-27 15:00:00,15,58.0,58.0,58.728,168.0,134.0,34.0,24.0,80.0,158.0,60.563,51.86,59.701,50.633,47.619,True
2025-12-27 16:00:00,16,69.0,69.0,69.74,122.0,94.0,28.0,24.0,39.0,118.0,72.631,70.022,41.489,33.051,31.967,True
2025-12-27 17:00:00,17,74.0,74.0,74.317,90.0,64.0,26.0,22.0,26.0,86.0,73.788,69.344,40.625,30.233,28.889,True
2025-12-27 18:00:00,18,47.0,47.0,47.62,67.0,47.0,20.0,15.0,34.0,62.0,49.523,43.977,72.34,54.839,50.746,True
2025-12-27 19:00:00,19,44.0,44.0,44.333,55.0,39.0,16.0,9.0,30.0,48.0,46.363,35.744,76.923,62.5,54.545,True
2025-12-27 20:00:00,20,56.0,56.0,56.571,47.0,33.0,14.0,10.0,20.0,43.0,57.088,45.704,60.606,46.512,42.553,True
2025-12-27 21:00:00,21,41.0,41.0,41.706,19.0,17.0,2.0,2.0,15.0,19.0,41.915,42.878,88.235,78.947,78.947,True
2025-12-27 22:00:00,22,33.0,33.0,33.727,15.0,11.0,4.0,4.0,10.0,15.0,33.845,32.443,90.909,66.667,66.667,True
2025-12-27 23:00:00,23,26.0,26.0,26.0,12.0,11.0,1.0,1.0,11.0,12.0,26.224,28.423,100.0,91.667,91.667,True
2025-12-28 00:00:00,0,54.0,54.0,54.625,10.0,9.0,1.0,1.0,5.0,10.0,56.066,57.621,55.556,50.0,50.0,True
2025-12-28 01:00:00,1,75.0,75.0,75.0,4.0,3.0,1.0,0.0,1.0,3.0,78.078,90.922,33.333,33.333,25.0,True
2025-12-28 02:00:00,2,38.0,38.0,38.5,3.0,2.0,1.0,1.0,2.0,3.0,38.102,38.102,100.0,66.667,66.667,True
2025-12-28 03:00:00,3,29.0,29.0,29.0,7.0,7.0,0.0,0.0,7.0,7.0,29.82,31.229,100.0,100.0,100.0,True
2025-12-28 04:00:00,4,46.0,46.0,46.143,7.0,7.0,0.0,0.0,6.0,7.0,47.018,36.292,85.714,85.714,85.714,True
2025-12-28 05:00:00,5,48.0,48.0,48.667,6.0,6.0,0.0,0.0,5.0,6.0,49.234,24.905,83.333,83.333,83.333,True
2025-12-28 06:00:00,6,45.0,45.0,45.0,5.0,3.0,2.0,0.0,2.0,3.0,45.701,27.043,66.667,66.667,40.0,True
2025-12-28 07:00:00,7,48.0,48.0,48.941,66.0,53.0,13.0,10.0,37.0,63.0,55.897,53.8,69.811,58.73,56.061,True
2025-12-28 08:00:00,8,59.0,59.0,59.663,220.0,167.0,53.0,38.0,86.0,205.0,67.225,59.339,51.497,41.951,39.091,True
2025-12-28 09:00:00,9,75.0,75.0,75.803,183.0,127.0,56.0,47.0,30.0,174.0,77.467,81.77,23.622,17.241,16.393,True
2025-12-28 10:00:00,10,56.0,56.0,56.472,114.0,83.0,31.0,30.0,22.0,113.0,70.902,72.912,26.506,19.469,19.298,True
2025-12-28 11:00:00,11,40.0,40.0,40.908,119.0,96.0,23.0,16.0,80.0,112.0,42.556,38.95,83.333,71.429,67.227,True
2025-12-28 12:00:00,12,36.0,36.0,36.487,254.0,225.0,29.0,20.0,200.0,245.0,37.195,33.337,88.889,81.633,78.74,True
2025-12-28 13:00:00,13,35.0,35.0,35.751,200.0,173.0,27.0,16.0,155.0,189.0,36.484,32.63,89.595,82.011,77.5,True
2025-12-28 14:00:00,14,34.0,34.0,34.185,165.0,148.0,17.0,8.0,139.0,156.0,34.842,31.666,93.919,89.103,84.242,True
2025-12-28 15:00:00,15,36.0,36.0,36.849,135.0,117.0,18.0,10.0,97.0,127.0,38.535,29.941,82.906,76.378,71.852,True
2025-12-28 16:00:00,16,53.0,53.0,53.99,129.0,101.0,28.0,23.0,62.0,124.0,54.64,48.312,61.386,50.0,48.062,True
2025-12-28 17:00:00,17,52.0,53.0,53.1,69.0,56.0,13.0,11.0,34.0,67.0,56.547,49.753,60.714,50.746,49.275,False
2025-12-28 18:00:00,18,43.0,44.0,44.782,68.0,54.0,14.0,8.0,41.0,62.0,45.864,40.395,75.926,66.129,60.294,False
2025-12-28 19:00:00,19,46.0,46.0,46.395,56.0,42.0,14.0,11.0,32.0,53.0,46.892,36.121,76.19,60.377,57.143,True
2025-12-28 20:00:00,20,64.0,64.0,64.208,36.0,24.0,12.0,11.0,13.0,35.0,64.752,56.803,54.167,37.143,36.111,True
2025-12-28 21:00:00,21,71.0,71.0,71.9,21.0,10.0,11.0,11.0,4.0,21.0,72.139,72.627,40.0,19.048,19.048,True
2025-12-28 22:00:00,22,49.0,49.0,49.2,8.0,5.0,3.0,3.0,4.0,8.0,49.524,49.577,80.0,50.0,50.0,True
2025-12-28 23:00:00,23,30.0,30.0,30.0,8.0,6.0,2.0,1.0,6.0,7.0,30.2,30.712,100.0,85.714,75.0,True
2025-12-29 00:00:00,0,43.0,43.0,43.0,3.0,3.0,0.0,0.0,3.0,3.0,43.513,39.177,100.0,100.0,100.0,True
2025-12-29 01:00:00,1,20.0,20.0,20.5,1.0,1.0,0.0,0.0,1.0,1.0,28.018,28.018,100.0,100.0,100.0,True
2025-12-29 03:00:00,3,29.0,29.0,29.75,4.0,4.0,0.0,0.0,4.0,4.0,30.23,26.105,100.0,100.0,100.0,True
2025-12-29 04:00:00,4,39.0,39.0,39.571,14.0,11.0,3.0,3.0,7.0,14.0,50.158,36.238,63.636,50.0,50.0,True
2025-12-29 05:00:00,5,54.0,54.0,54.842,18.0,14.0,4.0,3.0,6.0,17.0,66.112,67.896,42.857,35.294,33.333,True
2025-12-29 06:00:00,6,48.0,48.0,48.282,40.0,35.0,5.0,4.0,22.0,39.0,53.419,50.679,62.857,56.41,55.0,True
2025-12-29 07:00:00,7,51.0,52.0,52.12,328.0,270.0,58.0,40.0,124.0,310.0,64.339,63.398,45.926,40.0,37.805,False
2025-12-29 08:00:00,8,52.0,52.0,52.671,372.0,313.0,59.0,36.0,165.0,349.0,62.059,59.356,52.716,47.278,44.355,True
2025-12-29 09:00:00,9,38.0,38.0,38.536,293.0,254.0,39.0,25.0,213.0,279.0,39.398,34.233,83.858,76.344,72.696,True
2025-12-29 10:00:00,10,24.0,24.0,24.435,403.0,374.0,29.0,17.0,364.0,391.0,25.722,23.488,97.326,93.095,90.323,True
2025-12-29 11:00:00,11,24.0,24.0,24.709,512.0,489.0,23.0,15.0,486.0,504.0,25.298,23.505,99.387,96.429,94.922,True
2025-12-29 12:00:00,12,21.0,21.0,21.854,511.0,483.0,28.0,14.0,483.0,497.0,22.196,21.223,100.0,97.183,94.521,True
2025-12-29 13:00:00,13,21.0,21.0,21.156,482.0,460.0,22.0,11.0,458.0,471.0,21.607,20.656,99.565,97.24,95.021,True
2025-12-29 14:00:00,14,30.0,30.0,30.847,689.0,616.0,73.0,42.0,572.0,658.0,31.644,27.51,92.857,86.93,83.019,True
2025-12-29 15:00:00,15,41.0,41.0,41.243,508.0,420.0,88.0,36.0,344.0,456.0,42.383,38.68,81.905,75.439,67.717,True
2025-12-29 16:00:00,16,46.0,46.0,46.589,334.0,283.0,51.0,31.0,201.0,314.0,48.136,41.392,71.025,64.013,60.18,True
2025-12-29 17:00:00,17,44.0,44.0,44.017,212.0,165.0,47.0,26.0,131.0,191.0,44.208,35.904,79.394,68.586,61.792,True
2025-12-29 18:00:00,18,35.0,35.0,35.874,101.0,86.0,15.0,8.0,77.0,94.0,36.304,33.987,89.535,81.915,76.238,True
2025-12-29 19:00:00,19,26.0,26.0,26.61,65.0,57.0,8.0,3.0,57.0,60.0,27.205,26.693,100.0,95.0,87.692,True
2025-12-29 20:00:00,20,30.0,30.0,30.438,55.0,47.0,8.0,4.0,46.0,51.0,30.986,27.463,97.872,90.196,83.636,True
2025-12-29 21:00:00,21,50.0,50.0,50.485,40.0,32.0,8.0,5.0,22.0,37.0,51.952,45.755,68.75,59.459,55.0,True
2025-12-29 22:00:00,22,38.0,38.0,38.385,15.0,13.0,2.0,1.0,11.0,14.0,38.78,28.259,84.615,78.571,73.333,True
2025-12-29 23:00:00,23,39.0,39.0,39.0,5.0,4.0,1.0,1.0,3.0,5.0,39.566,34.1,75.0,60.0,60.0,True
2025-12-30 00:00:00,0,31.0,31.0,31.75,4.0,3.0,1.0,1.0,2.0,4.0,43.034,28.911,66.667,50.0,50.0,True
2025-12-30 01:00:00,1,38.0,38.0,38.0,4.0,2.0,2.0,1.0,2.0,3.0,37.368,37.368,100.0,66.667,50.0,True
2025-12-30 02:00:00,2,15.0,15.0,15.143,5.0,5.0,0.0,0.0,5.0,5.0,13.353,20.359,100.0,100.0,100.0,True
2025-12-30 03:00:00,3,16.0,16.0,16.667,3.0,3.0,0.0,0.0,3.0,3.0,16.832,17.148,100.0,100.0,100.0,True
2025-12-30 04:00:00,4,33.0,33.0,33.294,13.0,13.0,0.0,0.0,10.0,13.0,41.927,33.975,76.923,76.923,76.923,True
2025-12-30 05:00:00,5,46.0,46.0,46.0,13.0,12.0,1.0,0.0,8.0,12.0,49.163,38.357,66.667,66.667,61.538,True
2025-12-30 06:00:00,6,47.0,47.0,47.286,32.0,29.0,3.0,1.0,22.0,30.0,51.073,46.054,75.862,73.333,68.75,True
2025-12-30 07:00:00,7,43.0,43.0,43.57,307.0,253.0,53.0,22.0,180.0,276.0,50.457,46.31,71.146,65.217,58.632,True
2025-12-30 08:00:00,8,42.0,42.0,42.13,353.0,290.0,63.0,25.0,224.0,315.0,48.254,47.93,77.241,71.111,63.456,True
2025-12-30 09:00:00,9,33.0,33.0,33.725,346.0,308.0,38.0,13.0,283.0,321.0,34.37,30.356,91.883,88.162,81.792,True
2025-12-30 10:00:00,10,25.0,25.0,25.712,417.0,385.0,32.0,15.0,377.0,400.0,27.565,25.735,97.922,94.25,90.408,True
2025-12-30 11:00:00,11,27.0,27.0,27.248,475.0,443.0,32.0,14.0,433.0,457.0,27.932,26.377,97.743,94.748,91.158,True
2025-12-30 12:00:00,12,28.0,28.0,28.175,553.0,507.0,46.0,30.0,495.0,537.0,28.776,26.628,97.633,92.179,89.512,True
2025-12-30 13:00:00,13,27.0,27.0,27.148,508.0,468.0,40.0,22.0,457.0,490.0,27.761,25.328,97.65,93.265,89.961,True
2025-12-30 14:00:00,14,43.0,43.0,43.725,683.0,589.0,94.0,73.0,467.0,662.0,44.896,34.827,79.287,70.544,68.375,True
2025-12-30 15:00:00,15,65.0,65.0,65.098,520.0,413.0,106.0,78.0,214.0,492.0,67.272,59.326,51.816,43.496,41.154,True
2025-12-30 16:00:00,16,85.0,86.0,86.256,307.0,203.0,104.0,92.0,47.0,295.0,89.158,85.375,23.153,15.932,15.309,False
2025-12-30 17:00:00,17,69.0,69.0,69.193,154.0,105.0,49.0,36.0,47.0,141.0,71.696,68.479,44.762,33.333,30.519,True
2025-12-30 18:00:00,18,44.0,44.0,44.288,81.0,53.0,28.0,22.0,36.0,75.0,47.729,40.693,67.925,48.0,44.444,True
2025-12-30 19:00:00,19,34.0,34.0,34.062,79.0,64.0,14.0,7.0,60.0,72.0,34.194,32.255,93.75,83.333,75.949,True
2025-12-30 20:00:00,20,32.0,32.0,32.787,60.0,45.0,15.0,9.0,40.0,54.0,33.863,30.367,88.889,74.074,66.667,True
2025-12-30 21:00:00,21,43.0,43.0,43.615,32.0,27.0,5.0,3.0,22.0,30.0,43.188,38.221,81.481,73.333,68.75,True
2025-12-30 22:00:00,22,30.0,30.0,30.273,12.0,11.0,1.0,1.0,11.0,12.0,29.365,30.032,100.0,91.667,91.667,True
2025-12-30 23:00:00,23,26.0,25.0,25.2,14.0,9.0,5.0,4.0,9.0,13.0,27.103,20.999,100.0,69.231,64.286,False
2025-12-31 00:00:00,0,51.0,51.0,51.429,7.0,7.0,0.0,0.0,4.0,7.0,51.924,41.128,57.143,57.143,57.143,True
2025-12-31 01:00:00,1,13.0,13.0,13.0,1.0,1.0,0.0,0.0,1.0,1.0,25.486,25.486,100.0,100.0,100.0,True
2025-12-31 03:00:00,3,30.0,30.0,30.833,12.0,12.0,0.0,0.0,11.0,12.0,31.52,29.397,91.667,91.667,91.667,True
2025-12-31 04:00:00,4,38.0,38.0,38.714,11.0,10.0,1.0,1.0,6.0,11.0,49.566,48.332,60.0,54.545,54.545,True
2025-12-31 05:00:00,5,58.0,58.0,58.952,19.0,14.0,5.0,4.0,5.0,18.0,75.052,84.518,35.714,27.778,26.316,True
2025-12-31 06:00:00,6,51.0,51.0,51.746,35.0,31.0,4.0,3.0,19.0,34.0,55.571,44.621,61.29,55.882,54.286,True
2025-12-31 07:00:00,7,42.0,42.0,42.273,259.0,216.0,43.0,17.0,152.0,233.0,49.922,45.909,70.37,65.236,58.687,True
2025-12-31 08:00:00,8,44.0,44.0,44.378,327.0,283.0,43.0,23.0,194.0,307.0,51.397,48.906,68.551,63.192,59.327,True
2025-12-31 09:00:00,9,34.0,34.0,34.397,309.0,279.0,29.0,18.0,251.0,298.0,34.91,30.563,89.964,84.228,81.23,True
2025-12-31 10:00:00,10,27.0,27.0,27.688,386.0,364.0,22.0,15.0,353.0,379.0,29.669,28.397,96.978,93.14,91.451,True
2025-12-31 11:00:00,11,32.0,32.0,32.325,531.0,473.0,58.0,49.0,447.0,522.0,33.039,30.046,94.503,85.632,84.181,True
2025-12-31 12:00:00,12,35.0,35.0,35.135,483.0,435.0,48.0,33.0,393.0,468.0,36.402,31.992,90.345,83.974,81.366,True
2025-12-31 13:00:00,13,34.0,34.0,34.646,492.0,425.0,67.0,35.0,388.0,460.0,35.538,31.573,91.294,84.348,78.862,True
2025-12-31 14:00:00,14,55.0,55.0,55.569,616.0,514.0,101.0,80.0,360.0,595.0,56.24,40.842,70.039,60.504,58.442,True
2025-12-31 15:00:00,15,84.0,84.0,84.869,436.0,303.0,133.0,116.0,108.0,419.0,89.204,78.134,35.644,25.776,24.771,True
2025-12-31 16:00:00,16,121.0,121.0,121.587,232.0,128.0,104.0,100.0,13.0,228.0,127.182,129.536,10.156,5.702,5.603,True
2025-12-31 17:00:00,17,111.0,112.0,112.277,137.0,74.0,63.0,54.0,16.0,128.0,116.783,124.506,21.622,12.5,11.679,False
2025-12-31 18:00:00,18,100.0,100.0,100.156,91.0,43.0,48.0,36.0,11.0,79.0,102.56,92.694,25.581,13.924,12.088,True
2025-12-31 19:00:00,19,115.0,112.0,112.844,69.0,32.0,37.0,32.0,6.0,64.0,116.679,128.478,18.75,9.375,8.696,False
2025-12-31 20:00:00,20,106.0,106.0,106.524,57.0,20.0,37.0,33.0,3.0,53.0,105.193,115.304,15.0,5.66,5.263,True
2025-12-31 21:00:00,21,98.0,98.0,98.375,33.0,8.0,25.0,24.0,1.0,32.0,98.986,113.641,12.5,3.125,3.03,True
2025-12-31 22:00:00,22,79.0,79.0,79.154,24.0,13.0,11.0,8.0,4.0,21.0,79.527,79.01,30.769,19.048,16.667,True
2025-12-31 23:00:00,23,110.0,110.0,110.077,28.0,13.0,15.0,11.0,0.0,24.0,110.593,111.506,0.0,0.0,0.0,True
