구분,집단,규칙,설정,설정값,하루 평균 전환 대상(건),재현율%(배차 전 최종 포기를 취소 전에 잡음),미리 잡은 시간 중앙값(분),정밀도%(전환 대상 중 배차 전 최종 포기),불필요 전환%(전환 후 10분 안에 배차),전환 대상 콜 수,배차 전 최종 포기 콜 수
1 같은 하루 건수 비교(전체에서 A와 맞춤),전체,A 현행 60분 규칙,60분 경과 & 미배차,,456.304,11.593,13.933,8.302,30.064,41980,30060
1 같은 하루 건수 비교(전체에서 A와 맞춤),야간(20~01시),A 현행 60분 규칙,60분 경과 & 미배차,,16.272,10.507,16.47,13.56,23.848,1497,1932
1 같은 하루 건수 비교(전체에서 A와 맞춤),전체,R0 무작위,표시 확률 p,0.11,462.641,10.925,19.139,7.716,40.338,42563,30060
1 같은 하루 건수 비교(전체에서 A와 맞춤),야간(20~01시),R0 무작위,표시 확률 p,0.11,12.196,10.766,16.967,18.538,29.412,1122,1932
1 같은 하루 건수 비교(전체에서 A와 맞춤),전체,R2 룩업표(구×접수 시각),셀 포기율 τ,0.10916,456.848,26.783,26.9,19.155,13.65,42030,30060
1 같은 하루 건수 비교(전체에서 A와 맞춤),야간(20~01시),R2 룩업표(구×접수 시각),셀 포기율 τ,0.10916,87.543,83.282,17.417,19.978,26.248,8054,1932
1 같은 하루 건수 비교(전체에서 A와 맞춤),전체,"R3 모형, 접수 시점 1회",θ,0.105,456.13,37.605,23.74,26.937,11.436,41964,30060
1 같은 하루 건수 비교(전체에서 A와 맞춤),야간(20~01시),"R3 모형, 접수 시점 1회",θ,0.105,55.293,76.242,18.229,28.956,15.097,5087,1932
1 같은 하루 건수 비교(전체에서 A와 맞춤),전체,B 동적 규칙(5분 재점검),θ,0.12,461.033,38.979,23.62,27.625,11.901,42415,30060
1 같은 하루 건수 비교(전체에서 A와 맞춤),야간(20~01시),B 동적 규칙(5분 재점검),θ,0.12,52.185,72.567,19.044,29.202,14.351,4801,1932
1 같은 하루 건수 비교(전체에서 A와 맞춤),전체,R1 야간 일괄,접수 20~01시 전부(건수를 맞출 수 없어 실제 건수),,113.957,6.427,16.031,18.428,29.464,10484,30060
1 같은 하루 건수 비교(전체에서 A와 맞춤),야간(20~01시),R1 야간 일괄,접수 20~01시 전부(건수를 맞출 수 없어 실제 건수),,113.957,100.0,16.031,18.428,29.464,10484,1932
2 야간만 운영(야간 안에서 A의 야간 건수와 맞춤),야간(20~01시),A 현행 60분 규칙,60분 경과 & 미배차,,16.272,10.507,16.47,13.56,23.848,1497,1932
2 야간만 운영(야간 안에서 A의 야간 건수와 맞춤),야간(20~01시),R0 무작위,표시 확률 p,0.145,16.174,14.389,17.314,18.683,28.898,1488,1932
2 야간만 운영(야간 안에서 A의 야간 건수와 맞춤),야간(20~01시),R2 룩업표(구×접수 시각),셀 포기율 τ,0.1673,14.717,15.994,19.148,22.821,23.708,1354,1932
2 야간만 운영(야간 안에서 A의 야간 건수와 맞춤),야간(20~01시),"R3 모형, 접수 시점 1회",θ,0.195,16.402,31.315,17.967,40.093,10.934,1509,1932
2 야간만 운영(야간 안에서 A의 야간 건수와 맞춤),야간(20~01시),B 동적 규칙(5분 재점검),θ,0.215,16.022,30.849,19.63,40.434,10.855,1474,1932
2 야간만 운영(야간 안에서 A의 야간 건수와 맞춤),야간(20~01시),R1 야간 일괄,접수 20~01시 전부(건수를 맞출 수 없어 실제 건수),,113.957,100.0,16.031,18.428,29.464,10484,1932
3 곡선(설정 전체),전체,R0 무작위,곡선,0.005,21.587,0.469,20.85,7.1,40.785,1986,30060
3 곡선(설정 전체),야간(20~01시),R0 무작위,곡선,0.005,0.554,0.466,21.444,17.647,29.412,51,1932
3 곡선(설정 전체),전체,R0 무작위,곡선,0.01,42.652,1.018,20.319,7.798,40.52,3924,30060
3 곡선(설정 전체),야간(20~01시),R0 무작위,곡선,0.01,1.174,1.035,8.049,18.519,29.63,108,1932
3 곡선(설정 전체),전체,R0 무작위,곡선,0.015,63.38,1.497,20.818,7.717,40.799,5831,30060
3 곡선(설정 전체),야간(20~01시),R0 무작위,곡선,0.015,1.587,1.449,14.775,19.178,30.137,146,1932
3 곡선(설정 전체),전체,R0 무작위,곡선,0.02,83.25,1.983,19.687,7.782,40.384,7659,30060
3 곡선(설정 전체),야간(20~01시),R0 무작위,곡선,0.02,2.261,2.226,16.667,20.673,27.885,208,1932
3 곡선(설정 전체),전체,R0 무작위,곡선,0.025,104.13,2.409,19.914,7.557,40.428,9580,30060
3 곡선(설정 전체),야간(20~01시),R0 무작위,곡선,0.025,2.793,2.692,12.399,20.233,27.626,257,1932
3 곡선(설정 전체),전체,R0 무작위,곡선,0.03,125.37,2.894,19.984,7.543,39.969,11534,30060
3 곡선(설정 전체),야간(20~01시),R0 무작위,곡선,0.03,3.315,3.209,16.425,20.328,27.541,305,1932
3 곡선(설정 전체),전체,R0 무작위,곡선,0.035,146.793,3.426,19.925,7.627,39.97,13505,30060
3 곡선(설정 전체),야간(20~01시),R0 무작위,곡선,0.035,3.913,3.623,16.425,19.444,28.056,360,1932
3 곡선(설정 전체),전체,R0 무작위,곡선,0.04,167.5,3.896,19.883,7.599,39.968,15410,30060
3 곡선(설정 전체),야간(20~01시),R0 무작위,곡선,0.04,4.391,4.244,16.425,20.297,28.96,404,1932
3 곡선(설정 전체),전체,R0 무작위,곡선,0.045,189.163,4.341,20.183,7.499,40.257,17403,30060
3 곡선(설정 전체),야간(20~01시),R0 무작위,곡선,0.045,4.946,4.658,17.869,19.78,29.451,455,1932
3 곡선(설정 전체),전체,R0 무작위,곡선,0.05,209.565,4.767,20.502,7.433,40.348,19280,30060
3 곡선(설정 전체),야간(20~01시),R0 무작위,곡선,0.05,5.609,5.435,17.361,20.349,29.651,516,1932
3 곡선(설정 전체),전체,R0 무작위,곡선,0.055,230.457,5.323,20.553,7.546,40.421,21202,30060
3 곡선(설정 전체),야간(20~01시),R0 무작위,곡선,0.055,6.0,5.849,17.361,20.471,30.254,552,1932
3 곡선(설정 전체),전체,R0 무작위,곡선,0.06,250.87,5.838,20.183,7.604,40.455,23080,30060
3 곡선(설정 전체),야간(20~01시),R0 무작위,곡선,0.06,6.489,6.366,17.361,20.603,30.318,597,1932
3 곡선(설정 전체),전체,R0 무작위,곡선,0.065,271.446,6.344,19.883,7.636,40.344,24973,30060
3 곡선(설정 전체),야간(20~01시),R0 무작위,곡선,0.065,6.989,6.729,17.618,20.218,30.171,643,1932
3 곡선(설정 전체),전체,R0 무작위,곡선,0.07,292.696,6.85,19.983,7.646,40.233,26928,30060
3 곡선(설정 전체),야간(20~01시),R0 무작위,곡선,0.07,7.489,7.143,17.869,20.029,29.463,689,1932
3 곡선(설정 전체),전체,R0 무작위,곡선,0.075,313.652,7.372,19.589,7.68,40.311,28856,30060
3 곡선(설정 전체),야간(20~01시),R0 무작위,곡선,0.075,8.0,7.505,18.967,19.701,29.348,736,1932
3 곡선(설정 전체),전체,R0 무작위,곡선,0.08,334.717,7.881,19.69,7.693,40.268,30794,30060
3 곡선(설정 전체),야간(20~01시),R0 무작위,곡선,0.08,8.543,7.971,21.832,19.593,29.644,786,1932
3 곡선(설정 전체),전체,R0 무작위,곡선,0.085,356.196,8.407,19.67,7.711,40.253,32770,30060
3 곡선(설정 전체),야간(20~01시),R0 무작위,곡선,0.085,9.174,8.489,20.536,19.431,29.621,844,1932
3 곡선(설정 전체),전체,R0 무작위,곡선,0.09,377.707,8.896,19.363,7.695,40.335,34749,30060
3 곡선(설정 전체),야간(20~01시),R0 무작위,곡선,0.09,9.739,9.265,19.138,19.978,29.688,896,1932
3 곡선(설정 전체),전체,R0 무작위,곡선,0.095,398.478,9.348,19.414,7.665,40.374,36660,30060
3 곡선(설정 전체),야간(20~01시),R0 무작위,곡선,0.095,10.293,9.472,19.138,19.324,29.884,947,1932
3 곡선(설정 전체),전체,R0 무작위,곡선,0.1,419.217,9.82,19.363,7.654,40.337,38568,30060
3 곡선(설정 전체),야간(20~01시),R0 무작위,곡선,0.1,10.87,9.886,18.002,19.1,29.4,1000,1932
3 곡선(설정 전체),전체,R0 무작위,곡선,0.105,440.924,10.379,19.277,7.691,40.306,40565,30060
3 곡선(설정 전체),야간(20~01시),R0 무작위,곡선,0.105,11.5,10.197,17.942,18.62,29.868,1058,1932
3 곡선(설정 전체),전체,R0 무작위,곡선,0.11,462.641,10.925,19.139,7.716,40.338,42563,30060
3 곡선(설정 전체),야간(20~01시),R0 무작위,곡선,0.11,12.196,10.766,16.967,18.538,29.412,1122,1932
3 곡선(설정 전체),전체,R0 무작위,곡선,0.115,483.533,11.484,19.312,7.76,40.308,44485,30060
3 곡선(설정 전체),야간(20~01시),R0 무작위,곡선,0.115,12.793,11.232,17.361,18.437,29.482,1177,1932
3 곡선(설정 전체),전체,R0 무작위,곡선,0.12,505.348,12.019,19.513,7.771,40.306,46492,30060
3 곡선(설정 전체),야간(20~01시),R0 무작위,곡선,0.12,13.293,11.646,17.361,18.397,28.863,1223,1932
3 곡선(설정 전체),전체,R0 무작위,곡선,0.125,525.935,12.558,19.312,7.802,40.268,48386,30060
3 곡선(설정 전체),야간(20~01시),R0 무작위,곡선,0.125,13.967,12.164,17.5,18.288,28.949,1285,1932
3 곡선(설정 전체),전체,R0 무작위,곡선,0.13,547.424,13.067,19.414,7.799,40.309,50363,30060
3 곡선(설정 전체),야간(20~01시),R0 무작위,곡선,0.13,14.554,12.629,17.314,18.223,28.678,1339,1932
3 곡선(설정 전체),전체,R0 무작위,곡선,0.135,567.967,13.55,19.242,7.795,40.298,52253,30060
3 곡선(설정 전체),야간(20~01시),R0 무작위,곡선,0.135,15.13,13.302,17.361,18.463,28.736,1392,1932
3 곡선(설정 전체),전체,R0 무작위,곡선,0.14,588.663,14.042,19.407,7.794,40.305,54157,30060
3 곡선(설정 전체),야간(20~01시),R0 무작위,곡선,0.14,15.62,13.872,17.431,18.65,28.74,1437,1932
3 곡선(설정 전체),전체,R0 무작위,곡선,0.145,609.478,14.524,19.167,7.786,40.312,56072,30060
3 곡선(설정 전체),야간(20~01시),R0 무작위,곡선,0.145,16.174,14.389,17.314,18.683,28.898,1488,1932
3 곡선(설정 전체),전체,R0 무작위,곡선,0.15,631.12,15.02,19.231,7.776,40.348,58063,30060
3 곡선(설정 전체),야간(20~01시),R0 무작위,곡선,0.15,16.804,14.803,17.431,18.499,29.495,1546,1932
3 곡선(설정 전체),전체,R0 무작위,곡선,0.155,652.446,15.426,19.167,7.725,40.35,60025,30060
3 곡선(설정 전체),야간(20~01시),R0 무작위,곡선,0.155,17.391,15.114,17.431,18.25,29.375,1600,1932
3 곡선(설정 전체),전체,R0 무작위,곡선,0.16,673.663,15.978,19.342,7.75,40.338,61977,30060
3 곡선(설정 전체),야간(20~01시),R0 무작위,곡선,0.16,17.902,15.476,17.5,18.154,29.326,1647,1932
3 곡선(설정 전체),전체,R0 무작위,곡선,0.165,694.804,16.46,19.443,7.741,40.315,63922,30060
3 곡선(설정 전체),야간(20~01시),R0 무작위,곡선,0.165,18.293,15.89,17.736,18.241,29.115,1683,1932
3 곡선(설정 전체),전체,R0 무작위,곡선,0.17,716.478,17.066,19.289,7.783,40.244,65916,30060
3 곡선(설정 전체),야간(20~01시),R0 무작위,곡선,0.17,18.891,16.511,17.992,18.354,28.999,1738,1932
3 곡선(설정 전체),전체,R0 무작위,곡선,0.175,738.565,17.601,19.3,7.787,40.248,67948,30060
3 곡선(설정 전체),야간(20~01시),R0 무작위,곡선,0.175,19.424,17.029,18.002,18.411,28.819,1787,1932
3 곡선(설정 전체),전체,R0 무작위,곡선,0.18,759.12,18.177,19.306,7.824,40.23,69839,30060
3 곡선(설정 전체),야간(20~01시),R0 무작위,곡선,0.18,20.239,18.012,18.592,18.69,28.84,1862,1932
3 곡선(설정 전체),전체,R0 무작위,곡선,0.185,779.902,18.646,19.275,7.812,40.248,71751,30060
3 곡선(설정 전체),야간(20~01시),R0 무작위,곡선,0.185,20.75,18.478,18.217,18.701,28.968,1909,1932
3 곡선(설정 전체),전체,R0 무작위,곡선,0.19,799.978,19.082,19.139,7.794,40.292,73598,30060
3 곡선(설정 전체),야간(20~01시),R0 무작위,곡선,0.19,21.326,18.892,18.217,18.603,28.848,1962,1932
3 곡선(설정 전체),전체,R0 무작위,곡선,0.195,820.62,19.611,19.15,7.808,40.268,75497,30060
3 곡선(설정 전체),야간(20~01시),R0 무작위,곡선,0.195,21.891,19.72,18.189,18.918,28.798,2014,1932
3 곡선(설정 전체),전체,R0 무작위,곡선,0.2,842.739,20.17,19.15,7.82,40.276,77532,30060
3 곡선(설정 전체),야간(20~01시),R0 무작위,곡선,0.2,22.522,20.083,18.592,18.726,28.909,2072,1932
3 곡선(설정 전체),전체,R0 무작위,곡선,0.205,864.25,20.675,19.138,7.817,40.252,79511,30060
3 곡선(설정 전체),야간(20~01시),R0 무작위,곡선,0.205,23.196,20.652,18.189,18.697,28.819,2134,1932
3 곡선(설정 전체),전체,R0 무작위,곡선,0.21,885.696,21.161,19.085,7.806,40.272,81484,30060
3 곡선(설정 전체),야간(20~01시),R0 무작위,곡선,0.21,23.685,21.118,18.095,18.724,28.545,2179,1932
3 곡선(설정 전체),전체,R0 무작위,곡선,0.215,906.543,21.68,19.059,7.814,40.257,83402,30060
3 곡선(설정 전체),야간(20~01시),R0 무작위,곡선,0.215,24.304,21.532,18.095,18.605,28.846,2236,1932
3 곡선(설정 전체),전체,R0 무작위,곡선,0.22,927.457,22.226,19.107,7.83,40.233,85326,30060
3 곡선(설정 전체),야간(20~01시),R0 무작위,곡선,0.22,24.924,22.05,17.967,18.578,28.914,2293,1932
3 곡선(설정 전체),전체,R0 무작위,곡선,0.225,949.696,22.818,19.167,7.85,40.243,87372,30060
3 곡선(설정 전체),야간(20~01시),R0 무작위,곡선,0.225,25.489,22.878,17.839,18.849,28.742,2345,1932
3 곡선(설정 전체),전체,R0 무작위,곡선,0.23,970.772,23.327,19.17,7.851,40.25,89311,30060
3 곡선(설정 전체),야간(20~01시),R0 무작위,곡선,0.23,26.043,23.602,17.431,19.032,28.715,2396,1932
3 곡선(설정 전체),전체,R0 무작위,곡선,0.235,990.696,23.822,19.3,7.857,40.246,91144,30060
3 곡선(설정 전체),야간(20~01시),R0 무작위,곡선,0.235,26.565,24.017,17.542,18.985,28.519,2444,1932
3 곡선(설정 전체),전체,R0 무작위,곡선,0.24,1011.598,24.268,19.3,7.838,40.258,93067,30060
3 곡선(설정 전체),야간(20~01시),R0 무작위,곡선,0.24,27.087,24.327,17.314,18.86,28.25,2492,1932
3 곡선(설정 전체),전체,R0 무작위,곡선,0.245,1033.946,24.814,19.282,7.841,40.271,95123,30060
3 곡선(설정 전체),야간(20~01시),R0 무작위,곡선,0.245,27.826,25.259,17.101,19.062,28.125,2560,1932
3 곡선(설정 전체),전체,R0 무작위,곡선,0.25,1054.967,25.296,19.414,7.835,40.32,97057,30060
3 곡선(설정 전체),야간(20~01시),R0 무작위,곡선,0.25,28.304,25.725,17.267,19.086,28.072,2604,1932
3 곡선(설정 전체),전체,R0 무작위,곡선,0.255,1075.5,25.752,19.468,7.823,40.302,98946,30060
3 곡선(설정 전체),야간(20~01시),R0 무작위,곡선,0.255,28.891,26.19,17.431,19.037,28.141,2658,1932
3 곡선(설정 전체),전체,R0 무작위,곡선,0.26,1096.217,26.271,19.54,7.83,40.312,100852,30060
3 곡선(설정 전체),야간(20~01시),R0 무작위,곡선,0.26,29.533,26.76,17.267,19.028,28.45,2717,1932
3 곡선(설정 전체),전체,R0 무작위,곡선,0.265,1117.804,26.773,19.571,7.826,40.319,102838,30060
3 곡선(설정 전체),야간(20~01시),R0 무작위,곡선,0.265,30.196,27.433,17.314,19.078,28.546,2778,1932
3 곡선(설정 전체),전체,R0 무작위,곡선,0.27,1138.326,27.206,19.558,7.809,40.307,104726,30060
3 곡선(설정 전체),야간(20~01시),R0 무작위,곡선,0.27,30.63,27.64,17.314,18.95,28.602,2818,1932
3 곡선(설정 전체),전체,R0 무작위,곡선,0.275,1159.587,27.774,19.378,7.826,40.307,106682,30060
3 곡선(설정 전체),야간(20~01시),R0 무작위,곡선,0.275,31.022,28.106,17.267,19.026,28.556,2854,1932
3 곡선(설정 전체),전체,R0 무작위,곡선,0.28,1180.185,28.313,19.378,7.839,40.313,108577,30060
3 곡선(설정 전체),야간(20~01시),R0 무작위,곡선,0.28,31.533,28.468,17.314,18.959,28.542,2901,1932
3 곡선(설정 전체),전체,R0 무작위,곡선,0.285,1201.065,28.792,19.369,7.833,40.298,110498,30060
3 곡선(설정 전체),야간(20~01시),R0 무작위,곡선,0.285,32.185,29.037,16.947,18.946,28.504,2961,1932
3 곡선(설정 전체),전체,R0 무작위,곡선,0.29,1222.413,29.295,19.355,7.83,40.286,112462,30060
3 곡선(설정 전체),야간(20~01시),R0 무작위,곡선,0.29,32.739,29.607,16.99,18.991,28.32,3012,1932
3 곡선(설정 전체),전체,R0 무작위,곡선,0.295,1243.402,29.844,19.35,7.842,40.274,114393,30060
3 곡선(설정 전체),야간(20~01시),R0 무작위,곡선,0.295,33.402,30.124,16.807,18.939,28.344,3073,1932
3 곡선(설정 전체),전체,R0 무작위,곡선,0.3,1264.413,30.296,19.392,7.829,40.279,116326,30060
3 곡선(설정 전체),야간(20~01시),R0 무작위,곡선,0.3,33.957,30.538,17.101,18.886,28.361,3124,1932
3 곡선(설정 전체),전체,R0 무작위,곡선,0.305,1286.0,30.805,19.318,7.827,40.283,118312,30060
3 곡선(설정 전체),야간(20~01시),R0 무작위,곡선,0.305,34.554,30.952,16.99,18.811,28.374,3179,1932
3 곡선(설정 전체),전체,R0 무작위,곡선,0.31,1306.848,31.264,19.368,7.817,40.283,120230,30060
3 곡선(설정 전체),야간(20~01시),R0 무작위,곡선,0.31,35.141,31.47,17.101,18.806,28.457,3233,1932
3 곡선(설정 전체),전체,R0 무작위,곡선,0.315,1327.326,31.76,19.35,7.818,40.283,122114,30060
3 곡선(설정 전체),야간(20~01시),R0 무작위,곡선,0.315,35.652,32.091,16.879,18.902,28.384,3280,1932
3 곡선(설정 전체),전체,R0 무작위,곡선,0.32,1347.902,32.249,19.333,7.817,40.294,124007,30060
3 곡선(설정 전체),야간(20~01시),R0 무작위,곡선,0.32,36.174,32.402,17.101,18.81,28.486,3328,1932
3 곡선(설정 전체),전체,R0 무작위,곡선,0.325,1368.674,32.735,19.346,7.815,40.291,125918,30060
3 곡선(설정 전체),야간(20~01시),R0 무작위,곡선,0.325,36.696,33.023,17.217,18.898,28.495,3376,1932
3 곡선(설정 전체),전체,R0 무작위,곡선,0.33,1389.63,33.224,19.3,7.812,40.295,127846,30060
3 곡선(설정 전체),야간(20~01시),R0 무작위,곡선,0.33,37.228,33.489,16.947,18.891,28.409,3425,1932
3 곡선(설정 전체),전체,R0 무작위,곡선,0.335,1410.37,33.673,19.346,7.801,40.296,129754,30060
3 곡선(설정 전체),야간(20~01시),R0 무작위,곡선,0.335,37.804,34.058,16.879,18.919,28.378,3478,1932
3 곡선(설정 전체),전체,R0 무작위,곡선,0.34,1431.098,34.198,19.373,7.808,40.276,131661,30060
3 곡선(설정 전체),야간(20~01시),R0 무작위,곡선,0.34,38.272,34.524,16.81,18.943,28.458,3521,1932
3 곡선(설정 전체),전체,R0 무작위,곡선,0.345,1451.435,34.741,19.369,7.821,40.27,133532,30060
3 곡선(설정 전체),야간(20~01시),R0 무작위,곡선,0.345,38.902,35.093,16.685,18.944,28.695,3579,1932
3 곡선(설정 전체),전체,R0 무작위,곡선,0.35,1472.891,35.233,19.369,7.816,40.272,135506,30060
3 곡선(설정 전체),야간(20~01시),R0 무작위,곡선,0.35,39.304,35.404,16.739,18.916,28.899,3616,1932
3 곡선(설정 전체),전체,R0 무작위,곡선,0.355,1494.152,35.659,19.283,7.798,40.292,137462,30060
3 곡선(설정 전체),야간(20~01시),R0 무작위,곡선,0.355,39.902,35.663,16.775,18.769,29.202,3671,1932
3 곡선(설정 전체),전체,R0 무작위,곡선,0.36,1514.815,36.201,19.313,7.808,40.292,139363,30060
3 곡선(설정 전체),야간(20~01시),R0 무작위,곡선,0.36,40.38,36.077,16.703,18.762,29.26,3715,1932
3 곡선(설정 전체),전체,R0 무작위,곡선,0.365,1536.043,36.71,19.282,7.809,40.292,141316,30060
3 곡선(설정 전체),야간(20~01시),R0 무작위,곡선,0.365,41.043,37.06,16.739,18.962,29.131,3776,1932
3 곡선(설정 전체),전체,R0 무작위,곡선,0.37,1556.989,37.172,19.239,7.801,40.291,143243,30060
3 곡선(설정 전체),야간(20~01시),R0 무작위,곡선,0.37,41.63,37.371,16.792,18.851,29.191,3830,1932
3 곡선(설정 전체),전체,R0 무작위,곡선,0.375,1578.228,37.731,19.244,7.811,40.27,145197,30060
3 곡선(설정 전체),야간(20~01시),R0 무작위,곡선,0.375,42.272,37.836,16.775,18.797,29.159,3889,1932
3 곡선(설정 전체),전체,R0 무작위,곡선,0.38,1599.935,38.267,19.242,7.815,40.289,147194,30060
3 곡선(설정 전체),야간(20~01시),R0 무작위,곡선,0.38,42.75,38.458,16.703,18.891,29.189,3933,1932
3 곡선(설정 전체),전체,R0 무작위,곡선,0.385,1620.239,38.789,19.246,7.822,40.299,149062,30060
3 곡선(설정 전체),야간(20~01시),R0 무작위,곡선,0.385,43.283,39.079,16.667,18.96,29.332,3982,1932
3 곡선(설정 전체),전체,R0 무작위,곡선,0.39,1640.87,39.331,19.264,7.832,40.273,150960,30060
3 곡선(설정 전체),야간(20~01시),R0 무작위,곡선,0.39,43.761,39.493,16.413,18.952,29.334,4026,1932
3 곡선(설정 전체),전체,R0 무작위,곡선,0.395,1662.315,39.834,19.247,7.83,40.278,152933,30060
3 곡선(설정 전체),야간(20~01시),R0 무작위,곡선,0.395,44.533,40.269,16.739,18.99,29.216,4097,1932
3 곡선(설정 전체),전체,R0 무작위,곡선,0.4,1683.957,40.279,19.244,7.815,40.277,154924,30060
3 곡선(설정 전체),야간(20~01시),R0 무작위,곡선,0.4,45.076,40.424,16.775,18.833,29.298,4147,1932
3 곡선(설정 전체),전체,R0 무작위,곡선,0.405,1704.75,40.805,19.235,7.821,40.27,156837,30060
3 곡선(설정 전체),야간(20~01시),R0 무작위,곡선,0.405,45.739,41.046,16.81,18.845,29.159,4208,1932
3 곡선(설정 전체),전체,R0 무작위,곡선,0.41,1725.761,41.347,19.213,7.828,40.266,158770,30060
3 곡선(설정 전체),야간(20~01시),R0 무작위,곡선,0.41,46.359,41.718,16.866,18.898,29.144,4265,1932
3 곡선(설정 전체),전체,R0 무작위,곡선,0.415,1746.663,41.823,19.174,7.824,40.265,160693,30060
3 곡선(설정 전체),야간(20~01시),R0 무작위,곡선,0.415,46.902,42.184,16.922,18.888,29.154,4315,1932
3 곡선(설정 전체),전체,R0 무작위,곡선,0.42,1767.543,42.409,19.242,7.839,40.251,162614,30060
3 곡선(설정 전체),야간(20~01시),R0 무작위,곡선,0.42,47.478,42.754,17.016,18.91,29.075,4368,1932
3 곡선(설정 전체),전체,R0 무작위,곡선,0.425,1789.63,42.901,19.239,7.833,40.258,164646,30060
3 곡선(설정 전체),야간(20~01시),R0 무작위,곡선,0.425,47.946,43.012,17.033,18.839,29.041,4411,1932
3 곡선(설정 전체),전체,R0 무작위,곡선,0.43,1811.022,43.436,19.272,7.837,40.27,166614,30060
3 곡선(설정 전체),야간(20~01시),R0 무작위,곡선,0.43,48.63,43.634,16.947,18.842,29.057,4474,1932
3 곡선(설정 전체),전체,R0 무작위,곡선,0.435,1831.587,43.842,19.264,7.821,40.289,168506,30060
3 곡선(설정 전체),야간(20~01시),R0 무작위,곡선,0.435,49.196,44.151,16.81,18.847,29.143,4526,1932
3 곡선(설정 전체),전체,R0 무작위,곡선,0.44,1852.902,44.335,19.3,7.818,40.307,170467,30060
3 곡선(설정 전체),야간(20~01시),R0 무작위,곡선,0.44,49.728,44.462,16.81,18.776,29.093,4575,1932
3 곡선(설정 전체),전체,R0 무작위,곡선,0.445,1873.739,44.794,19.296,7.811,40.291,172384,30060
3 곡선(설정 전체),야간(20~01시),R0 무작위,곡선,0.445,50.326,44.928,16.685,18.747,29.071,4630,1932
3 곡선(설정 전체),전체,R0 무작위,곡선,0.45,1894.717,45.243,19.258,7.802,40.295,174314,30060
3 곡선(설정 전체),야간(20~01시),R0 무작위,곡선,0.45,50.913,45.29,16.703,18.681,29.056,4684,1932
3 곡선(설정 전체),전체,R0 무작위,곡선,0.455,1916.033,45.795,19.246,7.809,40.265,176275,30060
3 곡선(설정 전체),야간(20~01시),R0 무작위,곡선,0.455,51.598,45.911,16.667,18.685,28.966,4747,1932
3 곡선(설정 전체),전체,R0 무작위,곡선,0.46,1936.109,46.274,19.242,7.809,40.267,178122,30060
3 곡선(설정 전체),야간(20~01시),R0 무작위,곡선,0.46,52.196,46.48,16.792,18.701,28.863,4802,1932
3 곡선(설정 전체),전체,R0 무작위,곡선,0.465,1957.065,46.733,19.23,7.802,40.277,180050,30060
3 곡선(설정 전체),야간(20~01시),R0 무작위,곡선,0.465,52.837,46.946,16.9,18.659,28.904,4861,1932
3 곡선(설정 전체),전체,R0 무작위,곡선,0.47,1977.609,47.169,19.198,7.793,40.263,181940,30060
3 곡선(설정 전체),야간(20~01시),R0 무작위,곡선,0.47,53.424,47.36,16.9,18.616,28.993,4915,1932
3 곡선(설정 전체),전체,R0 무작위,곡선,0.475,1998.12,47.665,19.235,7.794,40.259,183827,30060
3 곡선(설정 전체),야간(20~01시),R0 무작위,곡선,0.475,53.978,47.826,16.792,18.607,28.937,4966,1932
3 곡선(설정 전체),전체,R0 무작위,곡선,0.48,2018.783,48.104,19.179,7.786,40.281,185728,30060
3 곡선(설정 전체),야간(20~01시),R0 무작위,곡선,0.48,54.554,48.188,16.9,18.55,29.149,5019,1932
3 곡선(설정 전체),전체,R0 무작위,곡선,0.485,2040.13,48.643,19.189,7.79,40.294,187692,30060
3 곡선(설정 전체),야간(20~01시),R0 무작위,곡선,0.485,55.185,48.913,16.947,18.613,29.171,5077,1932
3 곡선(설정 전체),전체,R0 무작위,곡선,0.49,2061.087,49.102,19.17,7.784,40.314,189620,30060
3 곡선(설정 전체),야간(20~01시),R0 무작위,곡선,0.49,55.761,49.379,16.973,18.596,29.24,5130,1932
3 곡선(설정 전체),전체,R0 무작위,곡선,0.495,2082.935,49.621,19.133,7.784,40.318,191630,30060
3 곡선(설정 전체),야간(20~01시),R0 무작위,곡선,0.495,56.446,49.948,16.947,18.583,29.309,5193,1932
3 곡선(설정 전체),전체,R0 무작위,곡선,0.5,2104.022,50.086,19.147,7.778,40.334,193570,30060
3 곡선(설정 전체),야간(20~01시),R0 무작위,곡선,0.5,57.0,50.311,16.935,18.535,29.386,5244,1932
3 곡선(설정 전체),전체,R2 룩업표(구×접수 시각),곡선,0.01039,4207.739,100.0,19.165,7.765,40.31,387112,30060
3 곡선(설정 전체),야간(20~01시),R2 룩업표(구×접수 시각),곡선,0.01039,113.957,100.0,16.031,18.428,29.464,10484,1932
3 곡선(설정 전체),전체,R2 룩업표(구×접수 시각),곡선,0.01329,4158.457,99.724,19.228,7.836,39.849,382578,30060
3 곡선(설정 전체),야간(20~01시),R2 룩업표(구×접수 시각),곡선,0.01329,113.957,100.0,16.031,18.428,29.464,10484,1932
3 곡선(설정 전체),전체,R2 룩업표(구×접수 시각),곡선,0.01374,4156.033,99.721,19.228,7.84,39.845,382355,30060
3 곡선(설정 전체),야간(20~01시),R2 룩업표(구×접수 시각),곡선,0.01374,113.957,100.0,16.031,18.428,29.464,10484,1932
3 곡선(설정 전체),전체,R2 룩업표(구×접수 시각),곡선,0.01463,4156.033,99.721,19.228,7.84,39.845,382355,30060
3 곡선(설정 전체),야간(20~01시),R2 룩업표(구×접수 시각),곡선,0.01463,113.957,100.0,16.031,18.428,29.464,10484,1932
3 곡선(설정 전체),전체,R2 룩업표(구×접수 시각),곡선,0.01499,4139.761,99.617,19.241,7.863,39.69,380858,30060
3 곡선(설정 전체),야간(20~01시),R2 룩업표(구×접수 시각),곡선,0.01499,113.957,100.0,16.031,18.428,29.464,10484,1932
3 곡선(설정 전체),전체,R2 룩업표(구×접수 시각),곡선,0.01524,4095.359,99.434,19.295,7.933,39.185,376773,30060
3 곡선(설정 전체),야간(20~01시),R2 룩업표(구×접수 시각),곡선,0.01524,113.957,100.0,16.031,18.428,29.464,10484,1932
3 곡선(설정 전체),전체,R2 룩업표(구×접수 시각),곡선,0.01537,4086.696,99.398,19.3,7.947,39.115,375976,30060
3 곡선(설정 전체),야간(20~01시),R2 룩업표(구×접수 시각),곡선,0.01537,113.957,100.0,16.031,18.428,29.464,10484,1932
3 곡선(설정 전체),전체,R2 룩업표(구×접수 시각),곡선,0.01599,4038.533,99.098,19.366,8.018,38.697,371545,30060
3 곡선(설정 전체),야간(20~01시),R2 룩업표(구×접수 시각),곡선,0.01599,113.957,100.0,16.031,18.428,29.464,10484,1932
3 곡선(설정 전체),전체,R2 룩업표(구×접수 시각),곡선,0.0162,3995.815,98.856,19.45,8.083,38.236,367615,30060
3 곡선(설정 전체),야간(20~01시),R2 룩업표(구×접수 시각),곡선,0.0162,113.957,100.0,16.031,18.428,29.464,10484,1932
3 곡선(설정 전체),전체,R2 룩업표(구×접수 시각),곡선,0.01686,3995.815,98.856,19.45,8.083,38.236,367615,30060
3 곡선(설정 전체),야간(20~01시),R2 룩업표(구×접수 시각),곡선,0.01686,113.957,100.0,16.031,18.428,29.464,10484,1932
3 곡선(설정 전체),전체,R2 룩업표(구×접수 시각),곡선,0.01694,3981.717,98.749,19.471,8.103,38.096,366318,30060
3 곡선(설정 전체),야간(20~01시),R2 룩업표(구×접수 시각),곡선,0.01694,113.957,100.0,16.031,18.428,29.464,10484,1932
3 곡선(설정 전체),전체,R2 룩업표(구×접수 시각),곡선,0.01701,3981.717,98.749,19.471,8.103,38.096,366318,30060
3 곡선(설정 전체),야간(20~01시),R2 룩업표(구×접수 시각),곡선,0.01701,113.957,100.0,16.031,18.428,29.464,10484,1932
3 곡선(설정 전체),전체,R2 룩업표(구×접수 시각),곡선,0.01788,3945.75,98.546,19.517,8.16,37.745,363009,30060
3 곡선(설정 전체),야간(20~01시),R2 룩업표(구×접수 시각),곡선,0.01788,113.957,100.0,16.031,18.428,29.464,10484,1932
3 곡선(설정 전체),전체,R2 룩업표(구×접수 시각),곡선,0.01862,3945.75,98.546,19.517,8.16,37.745,363009,30060
3 곡선(설정 전체),야간(20~01시),R2 룩업표(구×접수 시각),곡선,0.01862,113.957,100.0,16.031,18.428,29.464,10484,1932
3 곡선(설정 전체),전체,R2 룩업표(구×접수 시각),곡선,0.0187,3929.576,98.463,19.543,8.187,37.569,361521,30060
3 곡선(설정 전체),야간(20~01시),R2 룩업표(구×접수 시각),곡선,0.0187,113.957,100.0,16.031,18.428,29.464,10484,1932
3 곡선(설정 전체),전체,R2 룩업표(구×접수 시각),곡선,0.01873,3907.293,98.3,19.573,8.22,37.364,359471,30060
3 곡선(설정 전체),야간(20~01시),R2 룩업표(구×접수 시각),곡선,0.01873,113.957,100.0,16.031,18.428,29.464,10484,1932
3 곡선(설정 전체),전체,R2 룩업표(구×접수 시각),곡선,0.01887,3866.152,97.974,19.629,8.28,36.946,355686,30060
3 곡선(설정 전체),야간(20~01시),R2 룩업표(구×접수 시각),곡선,0.01887,113.957,100.0,16.031,18.428,29.464,10484,1932
3 곡선(설정 전체),전체,R2 룩업표(구×접수 시각),곡선,0.01949,3855.087,97.927,19.635,8.3,36.834,354668,30060
3 곡선(설정 전체),야간(20~01시),R2 룩업표(구×접수 시각),곡선,0.01949,113.957,100.0,16.031,18.428,29.464,10484,1932
3 곡선(설정 전체),전체,R2 룩업표(구×접수 시각),곡선,0.01954,3855.087,97.927,19.635,8.3,36.834,354668,30060
3 곡선(설정 전체),야간(20~01시),R2 룩업표(구×접수 시각),곡선,0.01954,113.957,100.0,16.031,18.428,29.464,10484,1932
3 곡선(설정 전체),전체,R2 룩업표(구×접수 시각),곡선,0.01984,3854.891,97.927,19.635,8.3,36.831,354650,30060
3 곡선(설정 전체),야간(20~01시),R2 룩업표(구×접수 시각),곡선,0.01984,113.957,100.0,16.031,18.428,29.464,10484,1932
3 곡선(설정 전체),전체,R2 룩업표(구×접수 시각),곡선,0.02016,3835.326,97.685,19.683,8.322,36.708,352850,30060
3 곡선(설정 전체),야간(20~01시),R2 룩업표(구×접수 시각),곡선,0.02016,113.957,100.0,16.031,18.428,29.464,10484,1932
3 곡선(설정 전체),전체,R2 룩업표(구×접수 시각),곡선,0.02019,3812.207,97.525,19.719,8.359,36.463,350723,30060
3 곡선(설정 전체),야간(20~01시),R2 룩업표(구×접수 시각),곡선,0.02019,113.957,100.0,16.031,18.428,29.464,10484,1932
3 곡선(설정 전체),전체,R2 룩업표(구×접수 시각),곡선,0.02027,3812.207,97.525,19.719,8.359,36.463,350723,30060
3 곡선(설정 전체),야간(20~01시),R2 룩업표(구×접수 시각),곡선,0.02027,113.957,100.0,16.031,18.428,29.464,10484,1932
3 곡선(설정 전체),전체,R2 룩업표(구×접수 시각),곡선,0.02031,3772.37,97.122,19.833,8.412,36.084,347058,30060
3 곡선(설정 전체),야간(20~01시),R2 룩업표(구×접수 시각),곡선,0.02031,113.957,100.0,16.031,18.428,29.464,10484,1932
3 곡선(설정 전체),전체,R2 룩업표(구×접수 시각),곡선,0.02044,3772.37,97.122,19.833,8.412,36.084,347058,30060
3 곡선(설정 전체),야간(20~01시),R2 룩업표(구×접수 시각),곡선,0.02044,113.957,100.0,16.031,18.428,29.464,10484,1932
3 곡선(설정 전체),전체,R2 룩업표(구×접수 시각),곡선,0.02056,3747.978,96.893,19.87,8.447,35.872,344814,30060
3 곡선(설정 전체),야간(20~01시),R2 룩업표(구×접수 시각),곡선,0.02056,113.957,100.0,16.031,18.428,29.464,10484,1932
3 곡선(설정 전체),전체,R2 룩업표(구×접수 시각),곡선,0.02058,3722.185,96.737,19.9,8.492,35.655,342441,30060
3 곡선(설정 전체),야간(20~01시),R2 룩업표(구×접수 시각),곡선,0.02058,113.957,100.0,16.031,18.428,29.464,10484,1932
3 곡선(설정 전체),전체,R2 룩업표(구×접수 시각),곡선,0.02063,3704.522,96.61,19.926,8.521,35.534,340816,30060
3 곡선(설정 전체),야간(20~01시),R2 룩업표(구×접수 시각),곡선,0.02063,113.957,100.0,16.031,18.428,29.464,10484,1932
3 곡선(설정 전체),전체,R2 룩업표(구×접수 시각),곡선,0.02067,3688.435,96.477,19.974,8.546,35.405,339336,30060
3 곡선(설정 전체),야간(20~01시),R2 룩업표(구×접수 시각),곡선,0.02067,113.957,100.0,16.031,18.428,29.464,10484,1932
3 곡선(설정 전체),전체,R2 룩업표(구×접수 시각),곡선,0.02107,3669.098,96.277,19.995,8.574,35.206,337557,30060
3 곡선(설정 전체),야간(20~01시),R2 룩업표(구×접수 시각),곡선,0.02107,113.957,100.0,16.031,18.428,29.464,10484,1932
3 곡선(설정 전체),전체,R2 룩업표(구×접수 시각),곡선,0.02117,3669.098,96.277,19.995,8.574,35.206,337557,30060
3 곡선(설정 전체),야간(20~01시),R2 룩업표(구×접수 시각),곡선,0.02117,113.957,100.0,16.031,18.428,29.464,10484,1932
3 곡선(설정 전체),전체,R2 룩업표(구×접수 시각),곡선,0.02127,3597.837,95.682,20.104,8.689,34.544,331001,30060
3 곡선(설정 전체),야간(20~01시),R2 룩업표(구×접수 시각),곡선,0.02127,113.957,100.0,16.031,18.428,29.464,10484,1932
3 곡선(설정 전체),전체,R2 룩업표(구×접수 시각),곡선,0.02143,3580.815,95.522,20.149,8.716,34.389,329435,30060
3 곡선(설정 전체),야간(20~01시),R2 룩업표(구×접수 시각),곡선,0.02143,113.957,100.0,16.031,18.428,29.464,10484,1932
3 곡선(설정 전체),전체,R2 룩업표(구×접수 시각),곡선,0.02178,3580.815,95.522,20.149,8.716,34.389,329435,30060
3 곡선(설정 전체),야간(20~01시),R2 룩업표(구×접수 시각),곡선,0.02178,113.957,100.0,16.031,18.428,29.464,10484,1932
3 곡선(설정 전체),전체,R2 룩업표(구×접수 시각),곡선,0.02203,3569.174,95.409,20.182,8.734,34.253,328364,30060
3 곡선(설정 전체),야간(20~01시),R2 룩업표(구×접수 시각),곡선,0.02203,113.957,100.0,16.031,18.428,29.464,10484,1932
3 곡선(설정 전체),전체,R2 룩업표(구×접수 시각),곡선,0.02268,3515.924,94.937,20.289,8.823,33.679,323465,30060
3 곡선(설정 전체),야간(20~01시),R2 룩업표(구×접수 시각),곡선,0.02268,113.957,100.0,16.031,18.428,29.464,10484,1932
3 곡선(설정 전체),전체,R2 룩업표(구×접수 시각),곡선,0.02278,3488.293,94.744,20.325,8.874,33.462,320923,30060
3 곡선(설정 전체),야간(20~01시),R2 룩업표(구×접수 시각),곡선,0.02278,113.957,100.0,16.031,18.428,29.464,10484,1932
3 곡선(설정 전체),전체,R2 룩업표(구×접수 시각),곡선,0.0228,3488.293,94.744,20.325,8.874,33.462,320923,30060
3 곡선(설정 전체),야간(20~01시),R2 룩업표(구×접수 시각),곡선,0.0228,113.957,100.0,16.031,18.428,29.464,10484,1932
3 곡선(설정 전체),전체,R2 룩업표(구×접수 시각),곡선,0.02302,3486.902,94.741,20.323,8.878,33.446,320795,30060
3 곡선(설정 전체),야간(20~01시),R2 룩업표(구×접수 시각),곡선,0.02302,113.957,100.0,16.031,18.428,29.464,10484,1932
3 곡선(설정 전체),전체,R2 룩업표(구×접수 시각),곡선,0.02308,3486.902,94.741,20.323,8.878,33.446,320795,30060
3 곡선(설정 전체),야간(20~01시),R2 룩업표(구×접수 시각),곡선,0.02308,113.957,100.0,16.031,18.428,29.464,10484,1932
3 곡선(설정 전체),전체,R2 룩업표(구×접수 시각),곡선,0.02352,3462.674,94.528,20.38,8.92,33.154,318566,30060
3 곡선(설정 전체),야간(20~01시),R2 룩업표(구×접수 시각),곡선,0.02352,113.957,100.0,16.031,18.428,29.464,10484,1932
3 곡선(설정 전체),전체,R2 룩업표(구×접수 시각),곡선,0.02358,3462.5,94.528,20.38,8.92,33.151,318550,30060
3 곡선(설정 전체),야간(20~01시),R2 룩업표(구×접수 시각),곡선,0.02358,113.957,100.0,16.031,18.428,29.464,10484,1932
3 곡선(설정 전체),전체,R2 룩업표(구×접수 시각),곡선,0.02366,3431.913,94.285,20.414,8.976,32.89,315736,30060
3 곡선(설정 전체),야간(20~01시),R2 룩업표(구×접수 시각),곡선,0.02366,113.957,100.0,16.031,18.428,29.464,10484,1932
3 곡선(설정 전체),전체,R2 룩업표(구×접수 시각),곡선,0.02456,3431.565,94.285,20.414,8.977,32.892,315704,30060
3 곡선(설정 전체),야간(20~01시),R2 룩업표(구×접수 시각),곡선,0.02456,113.957,100.0,16.031,18.428,29.464,10484,1932
3 곡선(설정 전체),전체,R2 룩업표(구×접수 시각),곡선,0.02468,3414.424,94.172,20.438,9.012,32.749,314127,30060
3 곡선(설정 전체),야간(20~01시),R2 룩업표(구×접수 시각),곡선,0.02468,113.957,100.0,16.031,18.428,29.464,10484,1932
3 곡선(설정 전체),전체,R2 룩업표(구×접수 시각),곡선,0.02501,3398.391,93.972,20.467,9.035,32.643,312652,30060
3 곡선(설정 전체),야간(20~01시),R2 룩업표(구×접수 시각),곡선,0.02501,113.957,100.0,16.031,18.428,29.464,10484,1932
3 곡선(설정 전체),전체,R2 룩업표(구×접수 시각),곡선,0.02502,3377.5,93.782,20.502,9.073,32.451,310730,30060
3 곡선(설정 전체),야간(20~01시),R2 룩업표(구×접수 시각),곡선,0.02502,113.957,100.0,16.031,18.428,29.464,10484,1932
3 곡선(설정 전체),전체,R2 룩업표(구×접수 시각),곡선,0.02515,3362.228,93.58,20.533,9.094,32.291,309325,30060
3 곡선(설정 전체),야간(20~01시),R2 룩업표(구×접수 시각),곡선,0.02515,113.957,100.0,16.031,18.428,29.464,10484,1932
3 곡선(설정 전체),전체,R2 룩업표(구×접수 시각),곡선,0.0258,3345.935,93.38,20.582,9.119,32.104,307826,30060
3 곡선(설정 전체),야간(20~01시),R2 룩업표(구×접수 시각),곡선,0.0258,113.957,100.0,16.031,18.428,29.464,10484,1932
3 곡선(설정 전체),전체,R2 룩업표(구×접수 시각),곡선,0.02596,3345.935,93.38,20.582,9.119,32.104,307826,30060
3 곡선(설정 전체),야간(20~01시),R2 룩업표(구×접수 시각),곡선,0.02596,113.957,100.0,16.031,18.428,29.464,10484,1932
3 곡선(설정 전체),전체,R2 룩업표(구×접수 시각),곡선,0.02606,3330.272,93.224,20.63,9.146,31.943,306385,30060
3 곡선(설정 전체),야간(20~01시),R2 룩업표(구×접수 시각),곡선,0.02606,113.957,100.0,16.031,18.428,29.464,10484,1932
3 곡선(설정 전체),전체,R2 룩업표(구×접수 시각),곡선,0.0261,3330.13,93.214,20.634,9.146,31.942,306372,30060
3 곡선(설정 전체),야간(20~01시),R2 룩업표(구×접수 시각),곡선,0.0261,113.957,100.0,16.031,18.428,29.464,10484,1932
3 곡선(설정 전체),전체,R2 룩업표(구×접수 시각),곡선,0.0262,3329.478,93.214,20.634,9.148,31.948,306312,30060
3 곡선(설정 전체),야간(20~01시),R2 룩업표(구×접수 시각),곡선,0.0262,113.957,100.0,16.031,18.428,29.464,10484,1932
3 곡선(설정 전체),전체,R2 룩업표(구×접수 시각),곡선,0.02636,3299.674,92.898,20.74,9.199,31.574,303570,30060
3 곡선(설정 전체),야간(20~01시),R2 룩업표(구×접수 시각),곡선,0.02636,113.957,100.0,16.031,18.428,29.464,10484,1932
3 곡선(설정 전체),전체,R2 룩업표(구×접수 시각),곡선,0.02637,3285.772,92.754,20.79,9.224,31.39,302291,30060
3 곡선(설정 전체),야간(20~01시),R2 룩업표(구×접수 시각),곡선,0.02637,113.957,100.0,16.031,18.428,29.464,10484,1932
3 곡선(설정 전체),전체,R2 룩업표(구×접수 시각),곡선,0.02641,3276.467,92.621,20.802,9.236,31.307,301435,30060
3 곡선(설정 전체),야간(20~01시),R2 룩업표(구×접수 시각),곡선,0.02641,113.957,100.0,16.031,18.428,29.464,10484,1932
3 곡선(설정 전체),전체,R2 룩업표(구×접수 시각),곡선,0.02648,3276.467,92.621,20.802,9.236,31.307,301435,30060
3 곡선(설정 전체),야간(20~01시),R2 룩업표(구×접수 시각),곡선,0.02648,113.957,100.0,16.031,18.428,29.464,10484,1932
3 곡선(설정 전체),전체,R2 룩업표(구×접수 시각),곡선,0.02667,3239.141,92.259,20.917,9.306,30.898,298001,30060
3 곡선(설정 전체),야간(20~01시),R2 룩업표(구×접수 시각),곡선,0.02667,113.957,100.0,16.031,18.428,29.464,10484,1932
3 곡선(설정 전체),전체,R2 룩업표(구×접수 시각),곡선,0.02676,3238.902,92.252,20.919,9.306,30.895,297979,30060
3 곡선(설정 전체),야간(20~01시),R2 룩업표(구×접수 시각),곡선,0.02676,113.957,100.0,16.031,18.428,29.464,10484,1932
3 곡선(설정 전체),전체,R2 룩업표(구×접수 시각),곡선,0.02679,3238.902,92.252,20.919,9.306,30.895,297979,30060
3 곡선(설정 전체),야간(20~01시),R2 룩업표(구×접수 시각),곡선,0.02679,113.957,100.0,16.031,18.428,29.464,10484,1932
3 곡선(설정 전체),전체,R2 룩업표(구×접수 시각),곡선,0.02727,3227.935,92.162,20.937,9.329,30.803,296970,30060
3 곡선(설정 전체),야간(20~01시),R2 룩업표(구×접수 시각),곡선,0.02727,113.957,100.0,16.031,18.428,29.464,10484,1932
3 곡선(설정 전체),전체,R2 룩업표(구×접수 시각),곡선,0.02732,3202.043,91.883,21.029,9.376,30.542,294588,30060
3 곡선(설정 전체),야간(20~01시),R2 룩업표(구×접수 시각),곡선,0.02732,113.957,100.0,16.031,18.428,29.464,10484,1932
3 곡선(설정 전체),전체,R2 룩업표(구×접수 시각),곡선,0.02804,3173.641,91.61,21.115,9.432,30.238,291975,30060
3 곡선(설정 전체),야간(20~01시),R2 룩업표(구×접수 시각),곡선,0.02804,113.957,100.0,16.031,18.428,29.464,10484,1932
3 곡선(설정 전체),전체,R2 룩업표(구×접수 시각),곡선,0.02807,3173.641,91.61,21.115,9.432,30.238,291975,30060
3 곡선(설정 전체),야간(20~01시),R2 룩업표(구×접수 시각),곡선,0.02807,113.957,100.0,16.031,18.428,29.464,10484,1932
3 곡선(설정 전체),전체,R2 룩업표(구×접수 시각),곡선,0.02808,3140.978,91.201,21.183,9.487,29.992,288970,30060
3 곡선(설정 전체),야간(20~01시),R2 룩업표(구×접수 시각),곡선,0.02808,113.957,100.0,16.031,18.428,29.464,10484,1932
3 곡선(설정 전체),전체,R2 룩업표(구×접수 시각),곡선,0.0282,3126.5,91.055,21.228,9.516,29.875,287638,30060
3 곡선(설정 전체),야간(20~01시),R2 룩업표(구×접수 시각),곡선,0.0282,113.957,100.0,16.031,18.428,29.464,10484,1932
3 곡선(설정 전체),전체,R2 룩업표(구×접수 시각),곡선,0.02822,3124.315,91.038,21.231,9.521,29.859,287437,30060
3 곡선(설정 전체),야간(20~01시),R2 룩업표(구×접수 시각),곡선,0.02822,113.957,100.0,16.031,18.428,29.464,10484,1932
3 곡선(설정 전체),전체,R2 룩업표(구×접수 시각),곡선,0.02841,3124.315,91.038,21.231,9.521,29.859,287437,30060
3 곡선(설정 전체),야간(20~01시),R2 룩업표(구×접수 시각),곡선,0.02841,113.957,100.0,16.031,18.428,29.464,10484,1932
3 곡선(설정 전체),전체,R2 룩업표(구×접수 시각),곡선,0.0288,3123.315,91.031,21.231,9.523,29.864,287345,30060
3 곡선(설정 전체),야간(20~01시),R2 룩업표(구×접수 시각),곡선,0.0288,113.957,100.0,16.031,18.428,29.464,10484,1932
3 곡선(설정 전체),전체,R2 룩업표(구×접수 시각),곡선,0.02885,3116.087,90.948,21.256,9.536,29.788,286680,30060
3 곡선(설정 전체),야간(20~01시),R2 룩업표(구×접수 시각),곡선,0.02885,113.957,100.0,16.031,18.428,29.464,10484,1932
3 곡선(설정 전체),전체,R2 룩업표(구×접수 시각),곡선,0.02886,3092.685,90.672,21.306,9.579,29.593,284527,30060
3 곡선(설정 전체),야간(20~01시),R2 룩업표(구×접수 시각),곡선,0.02886,113.957,100.0,16.031,18.428,29.464,10484,1932
3 곡선(설정 전체),전체,R2 룩업표(구×접수 시각),곡선,0.02888,3092.685,90.672,21.306,9.579,29.593,284527,30060
3 곡선(설정 전체),야간(20~01시),R2 룩업표(구×접수 시각),곡선,0.02888,113.957,100.0,16.031,18.428,29.464,10484,1932
3 곡선(설정 전체),전체,R2 룩업표(구×접수 시각),곡선,0.02898,3072.109,90.419,21.383,9.617,29.316,282634,30060
3 곡선(설정 전체),야간(20~01시),R2 룩업표(구×접수 시각),곡선,0.02898,113.957,100.0,16.031,18.428,29.464,10484,1932
3 곡선(설정 전체),전체,R2 룩업표(구×접수 시각),곡선,0.02938,3059.326,90.23,21.437,9.637,29.182,281458,30060
3 곡선(설정 전체),야간(20~01시),R2 룩업표(구×접수 시각),곡선,0.02938,113.957,100.0,16.031,18.428,29.464,10484,1932
3 곡선(설정 전체),전체,R2 룩업표(구×접수 시각),곡선,0.02944,3059.326,90.23,21.437,9.637,29.182,281458,30060
3 곡선(설정 전체),야간(20~01시),R2 룩업표(구×접수 시각),곡선,0.02944,113.957,100.0,16.031,18.428,29.464,10484,1932
3 곡선(설정 전체),전체,R2 룩업표(구×접수 시각),곡선,0.02949,3059.196,90.22,21.438,9.636,29.182,281446,30060
3 곡선(설정 전체),야간(20~01시),R2 룩업표(구×접수 시각),곡선,0.02949,113.957,100.0,16.031,18.428,29.464,10484,1932
3 곡선(설정 전체),전체,R2 룩업표(구×접수 시각),곡선,0.02965,3058.207,90.216,21.44,9.639,29.187,281355,30060
3 곡선(설정 전체),야간(20~01시),R2 룩업표(구×접수 시각),곡선,0.02965,113.957,100.0,16.031,18.428,29.464,10484,1932
3 곡선(설정 전체),전체,R2 룩업표(구×접수 시각),곡선,0.02973,3010.707,89.458,21.383,9.708,29.126,276985,30060
3 곡선(설정 전체),야간(20~01시),R2 룩업표(구×접수 시각),곡선,0.02973,113.957,100.0,16.031,18.428,29.464,10484,1932
3 곡선(설정 전체),전체,R2 룩업표(구×접수 시각),곡선,0.03001,2964.957,88.899,21.478,9.797,28.632,272776,30060
3 곡선(설정 전체),야간(20~01시),R2 룩업표(구×접수 시각),곡선,0.03001,113.957,100.0,16.031,18.428,29.464,10484,1932
3 곡선(설정 전체),전체,R2 룩업표(구×접수 시각),곡선,0.03019,2964.957,88.899,21.478,9.797,28.632,272776,30060
3 곡선(설정 전체),야간(20~01시),R2 룩업표(구×접수 시각),곡선,0.03019,113.957,100.0,16.031,18.428,29.464,10484,1932
3 곡선(설정 전체),전체,R2 룩업표(구×접수 시각),곡선,0.03022,2948.859,88.716,21.538,9.83,28.458,271295,30060
3 곡선(설정 전체),야간(20~01시),R2 룩업표(구×접수 시각),곡선,0.03022,113.957,100.0,16.031,18.428,29.464,10484,1932
3 곡선(설정 전체),전체,R2 룩업표(구×접수 시각),곡선,0.03045,2948.848,88.716,21.538,9.83,28.457,271294,30060
3 곡선(설정 전체),야간(20~01시),R2 룩업표(구×접수 시각),곡선,0.03045,113.957,100.0,16.031,18.428,29.464,10484,1932
3 곡선(설정 전체),전체,R2 룩업표(구×접수 시각),곡선,0.03054,2932.38,88.51,21.58,9.862,28.231,269779,30060
3 곡선(설정 전체),야간(20~01시),R2 룩업표(구×접수 시각),곡선,0.03054,113.957,100.0,16.031,18.428,29.464,10484,1932
3 곡선(설정 전체),전체,R2 룩업표(구×접수 시각),곡선,0.03084,2924.217,88.407,21.595,9.878,28.154,269028,30060
3 곡선(설정 전체),야간(20~01시),R2 룩업표(구×접수 시각),곡선,0.03084,113.957,100.0,16.031,18.428,29.464,10484,1932
3 곡선(설정 전체),전체,R2 룩업표(구×접수 시각),곡선,0.03107,2904.043,88.154,21.614,9.918,28.052,267172,30060
3 곡선(설정 전체),야간(20~01시),R2 룩업표(구×접수 시각),곡선,0.03107,113.957,100.0,16.031,18.428,29.464,10484,1932
3 곡선(설정 전체),전체,R2 룩업표(구×접수 시각),곡선,0.03124,2889.696,87.898,21.661,9.939,28.037,265852,30060
3 곡선(설정 전체),야간(20~01시),R2 룩업표(구×접수 시각),곡선,0.03124,113.957,100.0,16.031,18.428,29.464,10484,1932
3 곡선(설정 전체),전체,R2 룩업표(구×접수 시각),곡선,0.03134,2889.696,87.898,21.661,9.939,28.037,265852,30060
3 곡선(설정 전체),야간(20~01시),R2 룩업표(구×접수 시각),곡선,0.03134,113.957,100.0,16.031,18.428,29.464,10484,1932
3 곡선(설정 전체),전체,R2 룩업표(구×접수 시각),곡선,0.03146,2872.185,87.625,21.667,9.968,27.898,264241,30060
3 곡선(설정 전체),야간(20~01시),R2 룩업표(구×접수 시각),곡선,0.03146,113.957,100.0,16.031,18.428,29.464,10484,1932
3 곡선(설정 전체),전체,R2 룩업표(구×접수 시각),곡선,0.03152,2872.185,87.625,21.667,9.968,27.898,264241,30060
3 곡선(설정 전체),야간(20~01시),R2 룩업표(구×접수 시각),곡선,0.03152,113.957,100.0,16.031,18.428,29.464,10484,1932
3 곡선(설정 전체),전체,R2 룩업표(구×접수 시각),곡선,0.0317,2852.478,87.345,21.733,10.005,27.671,262428,30060
3 곡선(설정 전체),야간(20~01시),R2 룩업표(구×접수 시각),곡선,0.0317,113.957,100.0,16.031,18.428,29.464,10484,1932
3 곡선(설정 전체),전체,R2 룩업표(구×접수 시각),곡선,0.03204,2836.043,87.129,21.77,10.038,27.443,260916,30060
3 곡선(설정 전체),야간(20~01시),R2 룩업표(구×접수 시각),곡선,0.03204,113.957,100.0,16.031,18.428,29.464,10484,1932
3 곡선(설정 전체),전체,R2 룩업표(구×접수 시각),곡선,0.03222,2816.696,86.946,21.78,10.086,27.139,259136,30060
3 곡선(설정 전체),야간(20~01시),R2 룩업표(구×접수 시각),곡선,0.03222,113.957,100.0,16.031,18.428,29.464,10484,1932
3 곡선(설정 전체),전체,R2 룩업표(구×접수 시각),곡선,0.03241,2816.696,86.946,21.78,10.086,27.139,259136,30060
3 곡선(설정 전체),야간(20~01시),R2 룩업표(구×접수 시각),곡선,0.03241,113.957,100.0,16.031,18.428,29.464,10484,1932
3 곡선(설정 전체),전체,R2 룩업표(구×접수 시각),곡선,0.03253,2816.663,86.946,21.78,10.086,27.138,259133,30060
3 곡선(설정 전체),야간(20~01시),R2 룩업표(구×접수 시각),곡선,0.03253,113.957,100.0,16.031,18.428,29.464,10484,1932
3 곡선(설정 전체),전체,R2 룩업표(구×접수 시각),곡선,0.03258,2813.967,86.926,21.783,10.093,27.157,258885,30060
3 곡선(설정 전체),야간(20~01시),R2 룩업표(구×접수 시각),곡선,0.03258,113.957,100.0,16.031,18.428,29.464,10484,1932
3 곡선(설정 전체),전체,R2 룩업표(구×접수 시각),곡선,0.03312,2813.967,86.926,21.783,10.093,27.157,258885,30060
3 곡선(설정 전체),야간(20~01시),R2 룩업표(구×접수 시각),곡선,0.03312,113.957,100.0,16.031,18.428,29.464,10484,1932
3 곡선(설정 전체),전체,R2 룩업표(구×접수 시각),곡선,0.03324,2792.109,86.623,21.883,10.137,26.912,256874,30060
3 곡선(설정 전체),야간(20~01시),R2 룩업표(구×접수 시각),곡선,0.03324,113.957,100.0,16.031,18.428,29.464,10484,1932
3 곡선(설정 전체),전체,R2 룩업표(구×접수 시각),곡선,0.03333,2780.88,86.457,21.928,10.158,26.795,255841,30060
3 곡선(설정 전체),야간(20~01시),R2 룩업표(구×접수 시각),곡선,0.03333,113.957,100.0,16.031,18.428,29.464,10484,1932
3 곡선(설정 전체),전체,R2 룩업표(구×접수 시각),곡선,0.03391,2780.88,86.457,21.928,10.158,26.795,255841,30060
3 곡선(설정 전체),야간(20~01시),R2 룩업표(구×접수 시각),곡선,0.03391,113.957,100.0,16.031,18.428,29.464,10484,1932
3 곡선(설정 전체),전체,R2 룩업표(구×접수 시각),곡선,0.03392,2746.207,85.971,22.062,10.229,26.293,252651,30060
3 곡선(설정 전체),야간(20~01시),R2 룩업표(구×접수 시각),곡선,0.03392,113.957,100.0,16.031,18.428,29.464,10484,1932
3 곡선(설정 전체),전체,R2 룩업표(구×접수 시각),곡선,0.03427,2746.207,85.971,22.062,10.229,26.293,252651,30060
3 곡선(설정 전체),야간(20~01시),R2 룩업표(구×접수 시각),곡선,0.03427,113.957,100.0,16.031,18.428,29.464,10484,1932
3 곡선(설정 전체),전체,R2 룩업표(구×접수 시각),곡선,0.0345,2713.685,85.466,22.102,10.29,26.07,249659,30060
3 곡선(설정 전체),야간(20~01시),R2 룩업표(구×접수 시각),곡선,0.0345,113.957,100.0,16.031,18.428,29.464,10484,1932
3 곡선(설정 전체),전체,R2 룩업표(구×접수 시각),곡선,0.03452,2712.0,85.422,22.1,10.292,26.045,249504,30060
3 곡선(설정 전체),야간(20~01시),R2 룩업표(구×접수 시각),곡선,0.03452,113.957,100.0,16.031,18.428,29.464,10484,1932
3 곡선(설정 전체),전체,R2 룩업표(구×접수 시각),곡선,0.03573,2710.402,85.396,22.1,10.294,26.029,249357,30060
3 곡선(설정 전체),야간(20~01시),R2 룩업표(구×접수 시각),곡선,0.03573,113.957,100.0,16.031,18.428,29.464,10484,1932
3 곡선(설정 전체),전체,R2 룩업표(구×접수 시각),곡선,0.03608,2710.402,85.396,22.1,10.294,26.029,249357,30060
3 곡선(설정 전체),야간(20~01시),R2 룩업표(구×접수 시각),곡선,0.03608,113.957,100.0,16.031,18.428,29.464,10484,1932
3 곡선(설정 전체),전체,R2 룩업표(구×접수 시각),곡선,0.03613,2702.022,85.279,22.12,10.312,25.94,248586,30060
3 곡선(설정 전체),야간(20~01시),R2 룩업표(구×접수 시각),곡선,0.03613,113.957,100.0,16.031,18.428,29.464,10484,1932
3 곡선(설정 전체),전체,R2 룩업표(구×접수 시각),곡선,0.03616,2688.989,84.953,22.117,10.323,25.931,247387,30060
3 곡선(설정 전체),야간(20~01시),R2 룩업표(구×접수 시각),곡선,0.03616,113.957,100.0,16.031,18.428,29.464,10484,1932
3 곡선(설정 전체),전체,R2 룩업표(구×접수 시각),곡선,0.03636,2671.402,84.657,22.17,10.354,25.893,245769,30060
3 곡선(설정 전체),야간(20~01시),R2 룩업표(구×접수 시각),곡선,0.03636,113.957,100.0,16.031,18.428,29.464,10484,1932
3 곡선(설정 전체),전체,R2 룩업표(구×접수 시각),곡선,0.03638,2670.543,84.641,22.175,10.356,25.888,245690,30060
3 곡선(설정 전체),야간(20~01시),R2 룩업표(구×접수 시각),곡선,0.03638,113.957,100.0,16.031,18.428,29.464,10484,1932
3 곡선(설정 전체),전체,R2 룩업표(구×접수 시각),곡선,0.03663,2670.543,84.641,22.175,10.356,25.888,245690,30060
3 곡선(설정 전체),야간(20~01시),R2 룩업표(구×접수 시각),곡선,0.03663,113.957,100.0,16.031,18.428,29.464,10484,1932
3 곡선(설정 전체),전체,R2 룩업표(구×접수 시각),곡선,0.0369,2659.565,84.408,22.194,10.37,25.81,244680,30060
3 곡선(설정 전체),야간(20~01시),R2 룩업표(구×접수 시각),곡선,0.0369,113.957,100.0,16.031,18.428,29.464,10484,1932
3 곡선(설정 전체),전체,R2 룩업표(구×접수 시각),곡선,0.03704,2659.261,84.398,22.195,10.37,25.811,244652,30060
3 곡선(설정 전체),야간(20~01시),R2 룩업표(구×접수 시각),곡선,0.03704,113.957,100.0,16.031,18.428,29.464,10484,1932
3 곡선(설정 전체),전체,R2 룩업표(구×접수 시각),곡선,0.03739,2647.826,84.222,22.224,10.393,25.67,243600,30060
3 곡선(설정 전체),야간(20~01시),R2 룩업표(구×접수 시각),곡선,0.03739,113.957,100.0,16.031,18.428,29.464,10484,1932
3 곡선(설정 전체),전체,R2 룩업표(구×접수 시각),곡선,0.03773,2642.848,84.125,22.249,10.401,25.656,243142,30060
3 곡선(설정 전체),야간(20~01시),R2 룩업표(구×접수 시각),곡선,0.03773,113.957,100.0,16.031,18.428,29.464,10484,1932
3 곡선(설정 전체),전체,R2 룩업표(구×접수 시각),곡선,0.03784,2642.848,84.125,22.249,10.401,25.656,243142,30060
3 곡선(설정 전체),야간(20~01시),R2 룩업표(구×접수 시각),곡선,0.03784,113.957,100.0,16.031,18.428,29.464,10484,1932
3 곡선(설정 전체),전체,R2 룩업표(구×접수 시각),곡선,0.03785,2636.228,84.022,22.277,10.414,25.573,242533,30060
3 곡선(설정 전체),야간(20~01시),R2 룩업표(구×접수 시각),곡선,0.03785,113.957,100.0,16.031,18.428,29.464,10484,1932
3 곡선(설정 전체),전체,R2 룩업표(구×접수 시각),곡선,0.03845,2636.228,84.022,22.277,10.414,25.573,242533,30060
3 곡선(설정 전체),야간(20~01시),R2 룩업표(구×접수 시각),곡선,0.03845,113.957,100.0,16.031,18.428,29.464,10484,1932
3 곡선(설정 전체),전체,R2 룩업표(구×접수 시각),곡선,0.03847,2635.315,84.022,22.277,10.417,25.566,242449,30060
3 곡선(설정 전체),야간(20~01시),R2 룩업표(구×접수 시각),곡선,0.03847,113.957,100.0,16.031,18.428,29.464,10484,1932
3 곡선(설정 전체),전체,R2 룩업표(구×접수 시각),곡선,0.0387,2626.424,83.869,22.314,10.434,25.436,241631,30060
3 곡선(설정 전체),야간(20~01시),R2 룩업표(구×접수 시각),곡선,0.0387,113.957,100.0,16.031,18.428,29.464,10484,1932
3 곡선(설정 전체),전체,R2 룩업표(구×접수 시각),곡선,0.03901,2619.054,83.812,22.336,10.456,25.36,240953,30060
3 곡선(설정 전체),야간(20~01시),R2 룩업표(구×접수 시각),곡선,0.03901,113.957,100.0,16.031,18.428,29.464,10484,1932
3 곡선(설정 전체),전체,R2 룩업표(구×접수 시각),곡선,0.03919,2618.38,83.809,22.338,10.458,25.362,240891,30060
3 곡선(설정 전체),야간(20~01시),R2 룩업표(구×접수 시각),곡선,0.03919,113.957,100.0,16.031,18.428,29.464,10484,1932
3 곡선(설정 전체),전체,R2 룩업표(구×접수 시각),곡선,0.03932,2618.38,83.809,22.338,10.458,25.362,240891,30060
3 곡선(설정 전체),야간(20~01시),R2 룩업표(구×접수 시각),곡선,0.03932,113.957,100.0,16.031,18.428,29.464,10484,1932
3 곡선(설정 전체),전체,R2 룩업표(구×접수 시각),곡선,0.03939,2617.076,83.786,22.332,10.461,25.346,240771,30060
3 곡선(설정 전체),야간(20~01시),R2 룩업표(구×접수 시각),곡선,0.03939,113.957,100.0,16.031,18.428,29.464,10484,1932
3 곡선(설정 전체),전체,R2 룩업표(구×접수 시각),곡선,0.03946,2601.739,83.57,22.326,10.495,25.358,239360,30060
3 곡선(설정 전체),야간(20~01시),R2 룩업표(구×접수 시각),곡선,0.03946,113.957,100.0,16.031,18.428,29.464,10484,1932
3 곡선(설정 전체),전체,R2 룩업표(구×접수 시각),곡선,0.03953,2597.554,83.53,22.333,10.507,25.368,238975,30060
3 곡선(설정 전체),야간(20~01시),R2 룩업표(구×접수 시각),곡선,0.03953,113.957,100.0,16.031,18.428,29.464,10484,1932
3 곡선(설정 전체),전체,R2 룩업표(구×접수 시각),곡선,0.03969,2589.739,83.357,22.383,10.517,25.252,238256,30060
3 곡선(설정 전체),야간(20~01시),R2 룩업표(구×접수 시각),곡선,0.03969,113.957,100.0,16.031,18.428,29.464,10484,1932
3 곡선(설정 전체),전체,R2 룩업표(구×접수 시각),곡선,0.0401,2578.12,83.1,22.409,10.532,25.13,237187,30060
3 곡선(설정 전체),야간(20~01시),R2 룩업표(구×접수 시각),곡선,0.0401,113.957,100.0,16.031,18.428,29.464,10484,1932
3 곡선(설정 전체),전체,R2 룩업표(구×접수 시각),곡선,0.0401,2563.065,82.904,22.433,10.569,25.081,235802,30060
3 곡선(설정 전체),야간(20~01시),R2 룩업표(구×접수 시각),곡선,0.0401,113.957,100.0,16.031,18.428,29.464,10484,1932
3 곡선(설정 전체),전체,R2 룩업표(구×접수 시각),곡선,0.04088,2561.924,82.894,22.433,10.572,25.072,235697,30060
3 곡선(설정 전체),야간(20~01시),R2 룩업표(구×접수 시각),곡선,0.04088,113.957,100.0,16.031,18.428,29.464,10484,1932
3 곡선(설정 전체),전체,R2 룩업표(구×접수 시각),곡선,0.04096,2550.326,82.751,22.45,10.602,25.009,234630,30060
3 곡선(설정 전체),야간(20~01시),R2 룩업표(구×접수 시각),곡선,0.04096,113.957,100.0,16.031,18.428,29.464,10484,1932
3 곡선(설정 전체),전체,R2 룩업표(구×접수 시각),곡선,0.04098,2550.326,82.751,22.45,10.602,25.009,234630,30060
3 곡선(설정 전체),야간(20~01시),R2 룩업표(구×접수 시각),곡선,0.04098,113.957,100.0,16.031,18.428,29.464,10484,1932
3 곡선(설정 전체),전체,R2 룩업표(구×접수 시각),곡선,0.04148,2549.272,82.738,22.451,10.604,25.015,234533,30060
3 곡선(설정 전체),야간(20~01시),R2 룩업표(구×접수 시각),곡선,0.04148,113.957,100.0,16.031,18.428,29.464,10484,1932
3 곡선(설정 전체),전체,R2 룩업표(구×접수 시각),곡선,0.04151,2521.641,82.079,22.455,10.635,24.835,231991,30060
3 곡선(설정 전체),야간(20~01시),R2 룩업표(구×접수 시각),곡선,0.04151,113.957,100.0,16.031,18.428,29.464,10484,1932
3 곡선(설정 전체),전체,R2 룩업표(구×접수 시각),곡선,0.04153,2521.641,82.079,22.455,10.635,24.835,231991,30060
3 곡선(설정 전체),야간(20~01시),R2 룩업표(구×접수 시각),곡선,0.04153,113.957,100.0,16.031,18.428,29.464,10484,1932
3 곡선(설정 전체),전체,R2 룩업표(구×접수 시각),곡선,0.04154,2508.848,81.896,22.523,10.666,24.676,230814,30060
3 곡선(설정 전체),야간(20~01시),R2 룩업표(구×접수 시각),곡선,0.04154,113.957,100.0,16.031,18.428,29.464,10484,1932
3 곡선(설정 전체),전체,R2 룩업표(구×접수 시각),곡선,0.04156,2463.924,80.981,22.433,10.739,24.726,226681,30060
3 곡선(설정 전체),야간(20~01시),R2 룩업표(구×접수 시각),곡선,0.04156,113.435,99.948,16.034,18.503,29.331,10436,1932
3 곡선(설정 전체),전체,R2 룩업표(구×접수 시각),곡선,0.0417,2452.935,80.782,22.47,10.76,24.589,225670,30060
3 곡선(설정 전체),야간(20~01시),R2 룩업표(구×접수 시각),곡선,0.0417,113.435,99.948,16.034,18.503,29.331,10436,1932
3 곡선(설정 전체),전체,R2 룩업표(구×접수 시각),곡선,0.04217,2452.87,80.782,22.47,10.761,24.587,225664,30060
3 곡선(설정 전체),야간(20~01시),R2 룩업표(구×접수 시각),곡선,0.04217,113.435,99.948,16.034,18.503,29.331,10436,1932
3 곡선(설정 전체),전체,R2 룩업표(구×접수 시각),곡선,0.04239,2452.87,80.782,22.47,10.761,24.587,225664,30060
3 곡선(설정 전체),야간(20~01시),R2 룩업표(구×접수 시각),곡선,0.04239,113.435,99.948,16.034,18.503,29.331,10436,1932
3 곡선(설정 전체),전체,R2 룩업표(구×접수 시각),곡선,0.04254,2451.717,80.768,22.471,10.764,24.583,225558,30060
3 곡선(설정 전체),야간(20~01시),R2 룩업표(구×접수 시각),곡선,0.04254,112.913,99.845,16.05,18.57,29.303,10388,1932
3 곡선(설정 전체),전체,R2 룩업표(구×접수 시각),곡선,0.0426,2451.717,80.768,22.471,10.764,24.583,225558,30060
3 곡선(설정 전체),야간(20~01시),R2 룩업표(구×접수 시각),곡선,0.0426,112.913,99.845,16.05,18.57,29.303,10388,1932
3 곡선(설정 전체),전체,R2 룩업표(구×접수 시각),곡선,0.04263,2451.293,80.768,22.471,10.766,24.574,225519,30060
3 곡선(설정 전체),야간(20~01시),R2 룩업표(구×접수 시각),곡선,0.04263,112.913,99.845,16.05,18.57,29.303,10388,1932
3 곡선(설정 전체),전체,R2 룩업표(구×접수 시각),곡선,0.04277,2451.293,80.768,22.471,10.766,24.574,225519,30060
3 곡선(설정 전체),야간(20~01시),R2 룩업표(구×접수 시각),곡선,0.04277,112.913,99.845,16.05,18.57,29.303,10388,1932
3 곡선(설정 전체),전체,R2 룩업표(구×접수 시각),곡선,0.04299,2430.087,80.452,22.546,10.817,24.357,223568,30060
3 곡선(설정 전체),야간(20~01시),R2 룩업표(구×접수 시각),곡선,0.04299,112.913,99.845,16.05,18.57,29.303,10388,1932
3 곡선(설정 전체),전체,R2 룩업표(구×접수 시각),곡선,0.04317,2422.576,80.276,22.584,10.827,24.343,222877,30060
3 곡선(설정 전체),야간(20~01시),R2 룩업표(구×접수 시각),곡선,0.04317,112.913,99.845,16.05,18.57,29.303,10388,1932
3 곡선(설정 전체),전체,R2 룩업표(구×접수 시각),곡선,0.0432,2421.609,80.266,22.584,10.83,24.347,222788,30060
3 곡선(설정 전체),야간(20~01시),R2 룩업표(구×접수 시각),곡선,0.0432,112.913,99.845,16.05,18.57,29.303,10388,1932
3 곡선(설정 전체),전체,R2 룩업표(구×접수 시각),곡선,0.04357,2413.13,80.11,22.616,10.847,24.228,222008,30060
3 곡선(설정 전체),야간(20~01시),R2 룩업표(구×접수 시각),곡선,0.04357,112.913,99.845,16.05,18.57,29.303,10388,1932
3 곡선(설정 전체),전체,R2 룩업표(구×접수 시각),곡선,0.04365,2398.239,79.797,22.66,10.872,24.07,220638,30060
3 곡선(설정 전체),야간(20~01시),R2 룩업표(구×접수 시각),곡선,0.04365,112.913,99.845,16.05,18.57,29.303,10388,1932
3 곡선(설정 전체),전체,R2 룩업표(구×접수 시각),곡선,0.04366,2374.065,79.338,22.667,10.919,23.93,218414,30060
3 곡선(설정 전체),야간(20~01시),R2 룩업표(구×접수 시각),곡선,0.04366,112.913,99.845,16.05,18.57,29.303,10388,1932
3 곡선(설정 전체),전체,R2 룩업표(구×접수 시각),곡선,0.04394,2362.88,79.142,22.69,10.944,23.858,217385,30060
3 곡선(설정 전체),야간(20~01시),R2 룩업표(구×접수 시각),곡선,0.04394,112.913,99.845,16.05,18.57,29.303,10388,1932
3 곡선(설정 전체),전체,R2 룩업표(구×접수 시각),곡선,0.044,2362.88,79.142,22.69,10.944,23.858,217385,30060
3 곡선(설정 전체),야간(20~01시),R2 룩업표(구×접수 시각),곡선,0.044,112.913,99.845,16.05,18.57,29.303,10388,1932
3 곡선(설정 전체),전체,R2 룩업표(구×접수 시각),곡선,0.044,2341.228,78.802,22.732,10.998,23.433,215393,30060
3 곡선(설정 전체),야간(20~01시),R2 룩업표(구×접수 시각),곡선,0.044,112.913,99.845,16.05,18.57,29.303,10388,1932
3 곡선(설정 전체),전체,R2 룩업표(구×접수 시각),곡선,0.04414,2323.13,78.496,22.767,11.04,23.161,213728,30060
3 곡선(설정 전체),야간(20~01시),R2 룩업표(구×접수 시각),곡선,0.04414,112.913,99.845,16.05,18.57,29.303,10388,1932
3 곡선(설정 전체),전체,R2 룩업표(구×접수 시각),곡선,0.04424,2323.13,78.496,22.767,11.04,23.161,213728,30060
3 곡선(설정 전체),야간(20~01시),R2 룩업표(구×접수 시각),곡선,0.04424,112.913,99.845,16.05,18.57,29.303,10388,1932
3 곡선(설정 전체),전체,R2 룩업표(구×접수 시각),곡선,0.04432,2289.402,77.748,22.78,11.096,23.01,210625,30060
3 곡선(설정 전체),야간(20~01시),R2 룩업표(구×접수 시각),곡선,0.04432,112.913,99.845,16.05,18.57,29.303,10388,1932
3 곡선(설정 전체),전체,R2 룩업표(구×접수 시각),곡선,0.04439,2283.511,77.582,22.75,11.101,22.989,210083,30060
3 곡선(설정 전체),야간(20~01시),R2 룩업표(구×접수 시각),곡선,0.04439,112.913,99.845,16.05,18.57,29.303,10388,1932
3 곡선(설정 전체),전체,R2 룩업표(구×접수 시각),곡선,0.04461,2282.152,77.575,22.75,11.107,22.997,209958,30060
3 곡선(설정 전체),야간(20~01시),R2 룩업표(구×접수 시각),곡선,0.04461,112.913,99.845,16.05,18.57,29.303,10388,1932
3 곡선(설정 전체),전체,R2 룩업표(구×접수 시각),곡선,0.04462,2251.065,76.979,22.845,11.173,22.578,207098,30060
3 곡선(설정 전체),야간(20~01시),R2 룩업표(구×접수 시각),곡선,0.04462,112.913,99.845,16.05,18.57,29.303,10388,1932
3 곡선(설정 전체),전체,R2 룩업표(구×접수 시각),곡선,0.04476,2250.815,76.973,22.85,11.174,22.576,207075,30060
3 곡선(설정 전체),야간(20~01시),R2 룩업표(구×접수 시각),곡선,0.04476,112.913,99.845,16.05,18.57,29.303,10388,1932
3 곡선(설정 전체),전체,R2 룩업표(구×접수 시각),곡선,0.04507,2250.217,76.959,22.845,11.175,22.572,207020,30060
3 곡선(설정 전체),야간(20~01시),R2 룩업표(구×접수 시각),곡선,0.04507,112.913,99.845,16.05,18.57,29.303,10388,1932
3 곡선(설정 전체),전체,R2 룩업표(구×접수 시각),곡선,0.04573,2250.217,76.959,22.845,11.175,22.572,207020,30060
3 곡선(설정 전체),야간(20~01시),R2 룩업표(구×접수 시각),곡선,0.04573,112.913,99.845,16.05,18.57,29.303,10388,1932
3 곡선(설정 전체),전체,R2 룩업표(구×접수 시각),곡선,0.04591,2248.304,76.936,22.841,11.181,22.586,206844,30060
3 곡선(설정 전체),야간(20~01시),R2 룩업표(구×접수 시각),곡선,0.04591,112.913,99.845,16.05,18.57,29.303,10388,1932
3 곡선(설정 전체),전체,R2 룩업표(구×접수 시각),곡선,0.04607,2247.739,76.936,22.841,11.184,22.573,206792,30060
3 곡선(설정 전체),야간(20~01시),R2 룩업표(구×접수 시각),곡선,0.04607,112.913,99.845,16.05,18.57,29.303,10388,1932
3 곡선(설정 전체),전체,R2 룩업표(구×접수 시각),곡선,0.04635,2191.88,75.995,23.035,11.328,22.358,201653,30060
3 곡선(설정 전체),야간(20~01시),R2 룩업표(구×접수 시각),곡선,0.04635,112.913,99.845,16.05,18.57,29.303,10388,1932
3 곡선(설정 전체),전체,R2 룩업표(구×접수 시각),곡선,0.04666,2175.25,75.645,23.11,11.363,22.089,200123,30060
3 곡선(설정 전체),야간(20~01시),R2 룩업표(구×접수 시각),곡선,0.04666,112.913,99.845,16.05,18.57,29.303,10388,1932
3 곡선(설정 전체),전체,R2 룩업표(구×접수 시각),곡선,0.04682,2164.815,75.409,23.207,11.382,21.947,199163,30060
3 곡선(설정 전체),야간(20~01시),R2 룩업표(구×접수 시각),곡선,0.04682,112.913,99.845,16.05,18.57,29.303,10388,1932
3 곡선(설정 전체),전체,R2 룩업표(구×접수 시각),곡선,0.047,2148.402,75.146,23.281,11.429,21.764,197653,30060
3 곡선(설정 전체),야간(20~01시),R2 룩업표(구×접수 시각),곡선,0.047,112.913,99.845,16.05,18.57,29.303,10388,1932
3 곡선(설정 전체),전체,R2 룩업표(구×접수 시각),곡선,0.04702,2144.022,75.106,23.281,11.446,21.702,197250,30060
3 곡선(설정 전체),야간(20~01시),R2 룩업표(구×접수 시각),곡선,0.04702,112.913,99.845,16.05,18.57,29.303,10388,1932
3 곡선(설정 전체),전체,R2 룩업표(구×접수 시각),곡선,0.04705,2144.022,75.106,23.281,11.446,21.702,197250,30060
3 곡선(설정 전체),야간(20~01시),R2 룩업표(구×접수 시각),곡선,0.04705,112.913,99.845,16.05,18.57,29.303,10388,1932
3 곡선(설정 전체),전체,R2 룩업표(구×접수 시각),곡선,0.0474,2130.054,74.963,23.248,11.499,21.728,195965,30060
3 곡선(설정 전체),야간(20~01시),R2 룩업표(구×접수 시각),곡선,0.0474,112.913,99.845,16.05,18.57,29.303,10388,1932
3 곡선(설정 전체),전체,R2 룩업표(구×접수 시각),곡선,0.04741,2098.913,74.501,23.434,11.598,21.052,193100,30060
3 곡선(설정 전체),야간(20~01시),R2 룩업표(구×접수 시각),곡선,0.04741,112.913,99.845,16.05,18.57,29.303,10388,1932
3 곡선(설정 전체),전체,R2 룩업표(구×접수 시각),곡선,0.04771,2098.402,74.501,23.434,11.6,21.042,193053,30060
3 곡선(설정 전체),야간(20~01시),R2 룩업표(구×접수 시각),곡선,0.04771,112.913,99.845,16.05,18.57,29.303,10388,1932
3 곡선(설정 전체),전체,R2 룩업표(구×접수 시각),곡선,0.04795,2079.37,74.162,23.534,11.653,20.831,191302,30060
3 곡선(설정 전체),야간(20~01시),R2 룩업표(구×접수 시각),곡선,0.04795,112.913,99.845,16.05,18.57,29.303,10388,1932
3 곡선(설정 전체),전체,R2 룩업표(구×접수 시각),곡선,0.048,2078.707,74.158,23.536,11.656,20.835,191241,30060
3 곡선(설정 전체),야간(20~01시),R2 룩업표(구×접수 시각),곡선,0.048,112.913,99.845,16.05,18.57,29.303,10388,1932
3 곡선(설정 전체),전체,R2 룩업표(구×접수 시각),곡선,0.04842,2063.315,73.882,23.585,11.7,20.802,189825,30060
3 곡선(설정 전체),야간(20~01시),R2 룩업표(구×접수 시각),곡선,0.04842,112.913,99.845,16.05,18.57,29.303,10388,1932
3 곡선(설정 전체),전체,R2 룩업표(구×접수 시각),곡선,0.04846,2063.315,73.882,23.585,11.7,20.802,189825,30060
3 곡선(설정 전체),야간(20~01시),R2 룩업표(구×접수 시각),곡선,0.04846,112.913,99.845,16.05,18.57,29.303,10388,1932
3 곡선(설정 전체),전체,R2 룩업표(구×접수 시각),곡선,0.04869,2062.565,73.869,23.586,11.702,20.789,189756,30060
3 곡선(설정 전체),야간(20~01시),R2 룩업표(구×접수 시각),곡선,0.04869,112.304,99.638,16.067,18.631,29.191,10332,1932
3 곡선(설정 전체),전체,R2 룩업표(구×접수 시각),곡선,0.04879,2056.076,73.719,23.613,11.715,20.804,189159,30060
3 곡선(설정 전체),야간(20~01시),R2 룩업표(구×접수 시각),곡선,0.04879,112.304,99.638,16.067,18.631,29.191,10332,1932
3 곡선(설정 전체),전체,R2 룩업표(구×접수 시각),곡선,0.04904,2045.88,73.453,23.652,11.731,20.713,188221,30060
3 곡선(설정 전체),야간(20~01시),R2 룩업표(구×접수 시각),곡선,0.04904,112.304,99.638,16.067,18.631,29.191,10332,1932
3 곡선(설정 전체),전체,R2 룩업표(구×접수 시각),곡선,0.04905,2045.88,73.453,23.652,11.731,20.713,188221,30060
3 곡선(설정 전체),야간(20~01시),R2 룩업표(구×접수 시각),곡선,0.04905,112.304,99.638,16.067,18.631,29.191,10332,1932
3 곡선(설정 전체),전체,R2 룩업표(구×접수 시각),곡선,0.04926,2037.913,73.333,23.683,11.758,20.591,187488,30060
3 곡선(설정 전체),야간(20~01시),R2 룩업표(구×접수 시각),곡선,0.04926,112.304,99.638,16.067,18.631,29.191,10332,1932
3 곡선(설정 전체),전체,R2 룩업표(구×접수 시각),곡선,0.04951,2027.478,73.24,23.673,11.803,20.55,186528,30060
3 곡선(설정 전체),야간(20~01시),R2 룩업표(구×접수 시각),곡선,0.04951,112.304,99.638,16.067,18.631,29.191,10332,1932
3 곡선(설정 전체),전체,R2 룩업표(구×접수 시각),곡선,0.04953,2027.478,73.24,23.673,11.803,20.55,186528,30060
3 곡선(설정 전체),야간(20~01시),R2 룩업표(구×접수 시각),곡선,0.04953,112.304,99.638,16.067,18.631,29.191,10332,1932
3 곡선(설정 전체),전체,R2 룩업표(구×접수 시각),곡선,0.04966,2003.957,72.801,23.74,11.87,20.205,184364,30060
3 곡선(설정 전체),야간(20~01시),R2 룩업표(구×접수 시각),곡선,0.04966,112.304,99.638,16.067,18.631,29.191,10332,1932
3 곡선(설정 전체),전체,R2 룩업표(구×접수 시각),곡선,0.04974,2003.957,72.801,23.74,11.87,20.205,184364,30060
3 곡선(설정 전체),야간(20~01시),R2 룩업표(구×접수 시각),곡선,0.04974,112.304,99.638,16.067,18.631,29.191,10332,1932
3 곡선(설정 전체),전체,R2 룩업표(구×접수 시각),곡선,0.04996,2003.315,72.781,23.743,11.871,20.193,184305,30060
3 곡선(설정 전체),야간(20~01시),R2 룩업표(구×접수 시각),곡선,0.04996,112.304,99.638,16.067,18.631,29.191,10332,1932
3 곡선(설정 전체),전체,R2 룩업표(구×접수 시각),곡선,0.05021,1990.435,72.495,23.693,11.9,20.277,183120,30060
3 곡선(설정 전체),야간(20~01시),R2 룩업표(구×접수 시각),곡선,0.05021,112.304,99.638,16.067,18.631,29.191,10332,1932
3 곡선(설정 전체),전체,R2 룩업표(구×접수 시각),곡선,0.05049,1989.293,72.492,23.698,11.907,20.272,183015,30060
3 곡선(설정 전체),야간(20~01시),R2 룩업표(구×접수 시각),곡선,0.05049,112.304,99.638,16.067,18.631,29.191,10332,1932
3 곡선(설정 전체),전체,R2 룩업표(구×접수 시각),곡선,0.0507,1981.978,72.312,23.7,11.921,20.201,182342,30060
3 곡선(설정 전체),야간(20~01시),R2 룩업표(구×접수 시각),곡선,0.0507,112.304,99.638,16.067,18.631,29.191,10332,1932
3 곡선(설정 전체),전체,R2 룩업표(구×접수 시각),곡선,0.05095,1981.978,72.312,23.7,11.921,20.201,182342,30060
3 곡선(설정 전체),야간(20~01시),R2 룩업표(구×접수 시각),곡선,0.05095,112.304,99.638,16.067,18.631,29.191,10332,1932
3 곡선(설정 전체),전체,R2 룩업표(구×접수 시각),곡선,0.05118,1955.641,71.846,23.652,12.004,20.09,179919,30060
3 곡선(설정 전체),야간(20~01시),R2 룩업표(구×접수 시각),곡선,0.05118,112.304,99.638,16.067,18.631,29.191,10332,1932
3 곡선(설정 전체),전체,R2 룩업표(구×접수 시각),곡선,0.05119,1941.228,71.593,23.664,12.05,20.02,178593,30060
3 곡선(설정 전체),야간(20~01시),R2 룩업표(구×접수 시각),곡선,0.05119,112.304,99.638,16.067,18.631,29.191,10332,1932
3 곡선(설정 전체),전체,R2 룩업표(구×접수 시각),곡선,0.05124,1941.109,71.593,23.664,12.051,20.016,178582,30060
3 곡선(설정 전체),야간(20~01시),R2 룩업표(구×접수 시각),곡선,0.05124,112.304,99.638,16.067,18.631,29.191,10332,1932
3 곡선(설정 전체),전체,R2 룩업표(구×접수 시각),곡선,0.05142,1940.891,71.593,23.664,12.052,20.012,178562,30060
3 곡선(설정 전체),야간(20~01시),R2 룩업표(구×접수 시각),곡선,0.05142,112.304,99.638,16.067,18.631,29.191,10332,1932
3 곡선(설정 전체),전체,R2 룩업표(구×접수 시각),곡선,0.05168,1929.207,71.357,23.643,12.085,20.04,177487,30060
3 곡선(설정 전체),야간(20~01시),R2 룩업표(구×접수 시각),곡선,0.05168,112.304,99.638,16.067,18.631,29.191,10332,1932
3 곡선(설정 전체),전체,R2 룩업표(구×접수 시각),곡선,0.05175,1905.739,70.855,23.628,12.148,20.076,175328,30060
3 곡선(설정 전체),야간(20~01시),R2 룩업표(구×접수 시각),곡선,0.05175,112.304,99.638,16.067,18.631,29.191,10332,1932
3 곡선(설정 전체),전체,R2 룩업표(구×접수 시각),곡선,0.0521,1905.739,70.855,23.628,12.148,20.076,175328,30060
3 곡선(설정 전체),야간(20~01시),R2 룩업표(구×접수 시각),곡선,0.0521,112.304,99.638,16.067,18.631,29.191,10332,1932
3 곡선(설정 전체),전체,R2 룩업표(구×접수 시각),곡선,0.05249,1865.804,70.12,23.665,12.279,19.496,171654,30060
3 곡선(설정 전체),야간(20~01시),R2 룩업표(구×접수 시각),곡선,0.05249,112.304,99.638,16.067,18.631,29.191,10332,1932
3 곡선(설정 전체),전체,R2 룩업표(구×접수 시각),곡선,0.05258,1865.804,70.12,23.665,12.279,19.496,171654,30060
3 곡선(설정 전체),야간(20~01시),R2 룩업표(구×접수 시각),곡선,0.05258,112.304,99.638,16.067,18.631,29.191,10332,1932
3 곡선(설정 전체),전체,R2 룩업표(구×접수 시각),곡선,0.05276,1848.543,69.677,23.679,12.316,19.401,170066,30060
3 곡선(설정 전체),야간(20~01시),R2 룩업표(구×접수 시각),곡선,0.05276,112.304,99.638,16.067,18.631,29.191,10332,1932
3 곡선(설정 전체),전체,R2 룩업표(구×접수 시각),곡선,0.0528,1848.511,69.677,23.679,12.316,19.4,170063,30060
3 곡선(설정 전체),야간(20~01시),R2 룩업표(구×접수 시각),곡선,0.0528,112.304,99.638,16.067,18.631,29.191,10332,1932
3 곡선(설정 전체),전체,R2 룩업표(구×접수 시각),곡선,0.05288,1848.511,69.677,23.679,12.316,19.4,170063,30060
3 곡선(설정 전체),야간(20~01시),R2 룩업표(구×접수 시각),곡선,0.05288,112.304,99.638,16.067,18.631,29.191,10332,1932
3 곡선(설정 전체),전체,R2 룩업표(구×접수 시각),곡선,0.05296,1848.478,69.677,23.679,12.316,19.4,170060,30060
3 곡선(설정 전체),야간(20~01시),R2 룩업표(구×접수 시각),곡선,0.05296,112.272,99.638,16.067,18.637,29.19,10329,1932
3 곡선(설정 전체),전체,R2 룩업표(구×접수 시각),곡선,0.05364,1820.467,69.029,23.768,12.389,19.19,167483,30060
3 곡선(설정 전체),야간(20~01시),R2 룩업표(구×접수 시각),곡선,0.05364,112.272,99.638,16.067,18.637,29.19,10329,1932
3 곡선(설정 전체),전체,R2 룩업표(구×접수 시각),곡선,0.05385,1797.196,68.633,23.81,12.478,19.031,165342,30060
3 곡선(설정 전체),야간(20~01시),R2 룩업표(구×접수 시각),곡선,0.05385,112.272,99.638,16.067,18.637,29.19,10329,1932
3 곡선(설정 전체),전체,R2 룩업표(구×접수 시각),곡선,0.05385,1796.967,68.633,23.81,12.479,19.025,165321,30060
3 곡선(설정 전체),야간(20~01시),R2 룩업표(구×접수 시각),곡선,0.05385,112.272,99.638,16.067,18.637,29.19,10329,1932
3 곡선(설정 전체),전체,R2 룩업표(구×접수 시각),곡선,0.0541,1796.967,68.633,23.81,12.479,19.025,165321,30060
3 곡선(설정 전체),야간(20~01시),R2 룩업표(구×접수 시각),곡선,0.0541,112.272,99.638,16.067,18.637,29.19,10329,1932
3 곡선(설정 전체),전체,R2 룩업표(구×접수 시각),곡선,0.05427,1780.087,68.207,23.916,12.52,18.86,163768,30060
3 곡선(설정 전체),야간(20~01시),R2 룩업표(구×접수 시각),곡선,0.05427,112.272,99.638,16.067,18.637,29.19,10329,1932
3 곡선(설정 전체),전체,R2 룩업표(구×접수 시각),곡선,0.05452,1780.065,68.207,23.916,12.52,18.859,163766,30060
3 곡선(설정 전체),야간(20~01시),R2 룩업표(구×접수 시각),곡선,0.05452,112.272,99.638,16.067,18.637,29.19,10329,1932
3 곡선(설정 전체),전체,R2 룩업표(구×접수 시각),곡선,0.0546,1770.902,68.024,23.906,12.551,18.868,162923,30060
3 곡선(설정 전체),야간(20~01시),R2 룩업표(구×접수 시각),곡선,0.0546,112.272,99.638,16.067,18.637,29.19,10329,1932
3 곡선(설정 전체),전체,R2 룩업표(구×접수 시각),곡선,0.0551,1770.902,68.024,23.906,12.551,18.868,162923,30060
3 곡선(설정 전체),야간(20~01시),R2 룩업표(구×접수 시각),곡선,0.0551,112.272,99.638,16.067,18.637,29.19,10329,1932
3 곡선(설정 전체),전체,R2 룩업표(구×접수 시각),곡선,0.0552,1761.717,67.858,23.953,12.585,18.877,162078,30060
3 곡선(설정 전체),야간(20~01시),R2 룩업표(구×접수 시각),곡선,0.0552,112.272,99.638,16.067,18.637,29.19,10329,1932
3 곡선(설정 전체),전체,R2 룩업표(구×접수 시각),곡선,0.0554,1757.543,67.824,23.993,12.609,18.845,161694,30060
3 곡선(설정 전체),야간(20~01시),R2 룩업표(구×접수 시각),곡선,0.0554,112.272,99.638,16.067,18.637,29.19,10329,1932
3 곡선(설정 전체),전체,R2 룩업표(구×접수 시각),곡선,0.0559,1757.543,67.824,23.993,12.609,18.845,161694,30060
3 곡선(설정 전체),야간(20~01시),R2 룩업표(구×접수 시각),곡선,0.0559,112.272,99.638,16.067,18.637,29.19,10329,1932
3 곡선(설정 전체),전체,R2 룩업표(구×접수 시각),곡선,0.05598,1756.359,67.808,23.992,12.614,18.845,161585,30060
3 곡선(설정 전체),야간(20~01시),R2 룩업표(구×접수 시각),곡선,0.05598,112.272,99.638,16.067,18.637,29.19,10329,1932
3 곡선(설정 전체),전체,R2 룩업표(구×접수 시각),곡선,0.056,1756.0,67.794,23.992,12.615,18.844,161552,30060
3 곡선(설정 전체),야간(20~01시),R2 룩업표(구×접수 시각),곡선,0.056,112.272,99.638,16.067,18.637,29.19,10329,1932
3 곡선(설정 전체),전체,R2 룩업표(구×접수 시각),곡선,0.05649,1755.315,67.748,23.94,12.611,18.845,161489,30060
3 곡선(설정 전체),야간(20~01시),R2 룩업표(구×접수 시각),곡선,0.05649,112.272,99.638,16.067,18.637,29.19,10329,1932
3 곡선(설정 전체),전체,R2 룩업표(구×접수 시각),곡선,0.05663,1739.283,67.349,24.017,12.652,18.848,160014,30060
3 곡선(설정 전체),야간(20~01시),R2 룩업표(구×접수 시각),곡선,0.05663,112.272,99.638,16.067,18.637,29.19,10329,1932
3 곡선(설정 전체),전체,R2 룩업표(구×접수 시각),곡선,0.05687,1717.609,66.64,23.895,12.677,18.669,158020,30060
3 곡선(설정 전체),야간(20~01시),R2 룩업표(구×접수 시각),곡선,0.05687,112.272,99.638,16.067,18.637,29.19,10329,1932
3 곡선(설정 전체),전체,R2 룩업표(구×접수 시각),곡선,0.05708,1717.609,66.64,23.895,12.677,18.669,158020,30060
3 곡선(설정 전체),야간(20~01시),R2 룩업표(구×접수 시각),곡선,0.05708,112.272,99.638,16.067,18.637,29.19,10329,1932
3 곡선(설정 전체),전체,R2 룩업표(구×접수 시각),곡선,0.05714,1716.772,66.62,23.892,12.679,18.652,157943,30060
3 곡선(설정 전체),야간(20~01시),R2 룩업표(구×접수 시각),곡선,0.05714,112.272,99.638,16.067,18.637,29.19,10329,1932
3 곡선(설정 전체),전체,R2 룩업표(구×접수 시각),곡선,0.0573,1712.054,66.5,23.913,12.691,18.55,157509,30060
3 곡선(설정 전체),야간(20~01시),R2 룩업표(구×접수 시각),곡선,0.0573,112.272,99.638,16.067,18.637,29.19,10329,1932
3 곡선(설정 전체),전체,R2 룩업표(구×접수 시각),곡선,0.05773,1708.163,66.43,23.925,12.707,18.468,157151,30060
3 곡선(설정 전체),야간(20~01시),R2 룩업표(구×접수 시각),곡선,0.05773,112.272,99.638,16.067,18.637,29.19,10329,1932
3 곡선(설정 전체),전체,R2 룩업표(구×접수 시각),곡선,0.05774,1708.163,66.43,23.925,12.707,18.468,157151,30060
3 곡선(설정 전체),야간(20~01시),R2 룩업표(구×접수 시각),곡선,0.05774,112.272,99.638,16.067,18.637,29.19,10329,1932
3 곡선(설정 전체),전체,R2 룩업표(구×접수 시각),곡선,0.05776,1702.185,66.307,23.959,12.728,18.493,156601,30060
3 곡선(설정 전체),야간(20~01시),R2 룩업표(구×접수 시각),곡선,0.05776,112.272,99.638,16.067,18.637,29.19,10329,1932
3 곡선(설정 전체),전체,R2 룩업표(구×접수 시각),곡선,0.05797,1681.435,65.838,23.917,12.794,18.25,154692,30060
3 곡선(설정 전체),야간(20~01시),R2 룩업표(구×접수 시각),곡선,0.05797,112.272,99.638,16.067,18.637,29.19,10329,1932
3 곡선(설정 전체),전체,R2 룩업표(구×접수 시각),곡선,0.05822,1680.989,65.828,23.923,12.795,18.24,154651,30060
3 곡선(설정 전체),야간(20~01시),R2 룩업표(구×접수 시각),곡선,0.05822,111.924,99.482,16.131,18.666,29.106,10297,1932
3 곡선(설정 전체),전체,R2 룩업표(구×접수 시각),곡선,0.05879,1680.989,65.828,23.923,12.795,18.24,154651,30060
3 곡선(설정 전체),야간(20~01시),R2 룩업표(구×접수 시각),곡선,0.05879,111.924,99.482,16.131,18.666,29.106,10297,1932
3 곡선(설정 전체),전체,R2 룩업표(구×접수 시각),곡선,0.05895,1670.707,65.579,23.94,12.825,18.119,153705,30060
3 곡선(설정 전체),야간(20~01시),R2 룩업표(구×접수 시각),곡선,0.05895,111.924,99.482,16.131,18.666,29.106,10297,1932
3 곡선(설정 전체),전체,R2 룩업표(구×접수 시각),곡선,0.05922,1670.13,65.566,23.952,12.827,18.116,153652,30060
3 곡선(설정 전체),야간(20~01시),R2 룩업표(구×접수 시각),곡선,0.05922,111.924,99.482,16.131,18.666,29.106,10297,1932
3 곡선(설정 전체),전체,R2 룩업표(구×접수 시각),곡선,0.05928,1670.13,65.566,23.952,12.827,18.116,153652,30060
3 곡선(설정 전체),야간(20~01시),R2 룩업표(구×접수 시각),곡선,0.05928,111.924,99.482,16.131,18.666,29.106,10297,1932
3 곡선(설정 전체),전체,R2 룩업표(구×접수 시각),곡선,0.05941,1650.457,65.153,24.003,12.898,17.946,151842,30060
3 곡선(설정 전체),야간(20~01시),R2 룩업표(구×접수 시각),곡선,0.05941,111.924,99.482,16.131,18.666,29.106,10297,1932
3 곡선(설정 전체),전체,R2 룩업표(구×접수 시각),곡선,0.05947,1650.293,65.15,24.004,12.899,17.945,151827,30060
3 곡선(설정 전체),야간(20~01시),R2 룩업표(구×접수 시각),곡선,0.05947,111.761,99.431,16.146,18.683,29.119,10282,1932
3 곡선(설정 전체),전체,R2 룩업표(구×접수 시각),곡선,0.05975,1632.533,64.594,24.112,12.928,17.882,150193,30060
3 곡선(설정 전체),야간(20~01시),R2 룩업표(구×접수 시각),곡선,0.05975,111.761,99.431,16.146,18.683,29.119,10282,1932
3 곡선(설정 전체),전체,R2 룩업표(구×접수 시각),곡선,0.05983,1632.402,64.587,24.112,12.928,17.88,150181,30060
3 곡선(설정 전체),야간(20~01시),R2 룩업표(구×접수 시각),곡선,0.05983,111.63,99.327,16.146,18.685,29.114,10270,1932
3 곡선(설정 전체),전체,R2 룩업표(구×접수 시각),곡선,0.06016,1598.337,63.822,24.091,13.047,18.032,147047,30060
3 곡선(설정 전체),야간(20~01시),R2 룩업표(구×접수 시각),곡선,0.06016,111.63,99.327,16.146,18.685,29.114,10270,1932
3 곡선(설정 전체),전체,R2 룩업표(구×접수 시각),곡선,0.06017,1598.337,63.822,24.091,13.047,18.032,147047,30060
3 곡선(설정 전체),야간(20~01시),R2 룩업표(구×접수 시각),곡선,0.06017,111.63,99.327,16.146,18.685,29.114,10270,1932
3 곡선(설정 전체),전체,R2 룩업표(구×접수 시각),곡선,0.06022,1580.87,63.343,24.15,13.092,18.043,145440,30060
3 곡선(설정 전체),야간(20~01시),R2 룩업표(구×접수 시각),곡선,0.06022,111.63,99.327,16.146,18.685,29.114,10270,1932
3 곡선(설정 전체),전체,R2 룩업표(구×접수 시각),곡선,0.0603,1577.826,63.31,24.157,13.11,18.019,145160,30060
3 곡선(설정 전체),야간(20~01시),R2 룩업표(구×접수 시각),곡선,0.0603,111.63,99.327,16.146,18.685,29.114,10270,1932
3 곡선(설정 전체),전체,R2 룩업표(구×접수 시각),곡선,0.06047,1563.489,63.054,24.155,13.177,18.073,143841,30060
3 곡선(설정 전체),야간(20~01시),R2 룩업표(구×접수 시각),곡선,0.06047,111.63,99.327,16.146,18.685,29.114,10270,1932
3 곡선(설정 전체),전체,R2 룩업표(구×접수 시각),곡선,0.06087,1563.359,63.051,24.157,13.177,18.069,143829,30060
3 곡선(설정 전체),야간(20~01시),R2 룩업표(구×접수 시각),곡선,0.06087,111.63,99.327,16.146,18.685,29.114,10270,1932
3 곡선(설정 전체),전체,R2 룩업표(구×접수 시각),곡선,0.06093,1563.228,63.034,24.163,13.175,18.07,143817,30060
3 곡선(설정 전체),야간(20~01시),R2 룩업표(구×접수 시각),곡선,0.06093,111.5,99.068,16.199,18.659,29.148,10258,1932
3 곡선(설정 전체),전체,R2 룩업표(구×접수 시각),곡선,0.06099,1557.283,62.891,24.171,13.195,17.928,143270,30060
3 곡선(설정 전체),야간(20~01시),R2 룩업표(구×접수 시각),곡선,0.06099,111.5,99.068,16.199,18.659,29.148,10258,1932
3 곡선(설정 전체),전체,R2 룩업표(구×접수 시각),곡선,0.0614,1557.283,62.891,24.171,13.195,17.928,143270,30060
3 곡선(설정 전체),야간(20~01시),R2 룩업표(구×접수 시각),곡선,0.0614,111.5,99.068,16.199,18.659,29.148,10258,1932
3 곡선(설정 전체),전체,R2 룩업표(구×접수 시각),곡선,0.06154,1557.12,62.881,24.174,13.195,17.924,143255,30060
3 곡선(설정 전체),야간(20~01시),R2 룩업표(구×접수 시각),곡선,0.06154,111.5,99.068,16.199,18.659,29.148,10258,1932
3 곡선(설정 전체),전체,R2 룩업표(구×접수 시각),곡선,0.06172,1527.652,62.053,24.171,13.272,17.982,140544,30060
3 곡선(설정 전체),야간(20~01시),R2 룩업표(구×접수 시각),곡선,0.06172,111.5,99.068,16.199,18.659,29.148,10258,1932
3 곡선(설정 전체),전체,R2 룩업표(구×접수 시각),곡선,0.06175,1527.652,62.053,24.171,13.272,17.982,140544,30060
3 곡선(설정 전체),야간(20~01시),R2 룩업표(구×접수 시각),곡선,0.06175,111.5,99.068,16.199,18.659,29.148,10258,1932
3 곡선(설정 전체),전체,R2 룩업표(구×접수 시각),곡선,0.06187,1527.489,62.053,24.171,13.273,17.978,140529,30060
3 곡선(설정 전체),야간(20~01시),R2 룩업표(구×접수 시각),곡선,0.06187,111.5,99.068,16.199,18.659,29.148,10258,1932
3 곡선(설정 전체),전체,R2 룩업표(구×접수 시각),곡선,0.062,1526.75,62.019,24.171,13.273,17.967,140461,30060
3 곡선(설정 전체),야간(20~01시),R2 룩업표(구×접수 시각),곡선,0.062,110.761,98.551,16.199,18.685,29.078,10190,1932
3 곡선(설정 전체),전체,R2 룩업표(구×접수 시각),곡선,0.06206,1518.478,61.87,24.181,13.313,18.0,139700,30060
3 곡선(설정 전체),야간(20~01시),R2 룩업표(구×접수 시각),곡선,0.06206,110.761,98.551,16.199,18.685,29.078,10190,1932
3 곡선(설정 전체),전체,R2 룩업표(구×접수 시각),곡선,0.0621,1517.761,61.84,24.213,13.313,17.995,139634,30060
3 곡선(설정 전체),야간(20~01시),R2 룩업표(구×접수 시각),곡선,0.0621,110.359,98.188,16.2,18.684,29.075,10153,1932
3 곡선(설정 전체),전체,R2 룩업표(구×접수 시각),곡선,0.06216,1517.761,61.84,24.213,13.313,17.995,139634,30060
3 곡선(설정 전체),야간(20~01시),R2 룩업표(구×접수 시각),곡선,0.06216,110.359,98.188,16.2,18.684,29.075,10153,1932
3 곡선(설정 전체),전체,R2 룩업표(구×접수 시각),곡선,0.0626,1468.272,60.442,24.167,13.45,17.91,135081,30060
3 곡선(설정 전체),야간(20~01시),R2 룩업표(구×접수 시각),곡선,0.0626,110.359,98.188,16.2,18.684,29.075,10153,1932
3 곡선(설정 전체),전체,R2 룩업표(구×접수 시각),곡선,0.06272,1468.272,60.442,24.167,13.45,17.91,135081,30060
3 곡선(설정 전체),야간(20~01시),R2 룩업표(구×접수 시각),곡선,0.06272,110.359,98.188,16.2,18.684,29.075,10153,1932
3 곡선(설정 전체),전체,R2 룩업표(구×접수 시각),곡선,0.06312,1450.891,59.897,24.146,13.489,17.845,133482,30060
3 곡선(설정 전체),야간(20~01시),R2 룩업표(구×접수 시각),곡선,0.06312,110.359,98.188,16.2,18.684,29.075,10153,1932
3 곡선(설정 전체),전체,R2 룩업표(구×접수 시각),곡선,0.06337,1450.891,59.897,24.146,13.489,17.845,133482,30060
3 곡선(설정 전체),야간(20~01시),R2 룩업표(구×접수 시각),곡선,0.06337,110.359,98.188,16.2,18.684,29.075,10153,1932
3 곡선(설정 전체),전체,R2 룩업표(구×접수 시각),곡선,0.0634,1450.033,59.867,24.145,13.49,17.845,133403,30060
3 곡선(설정 전체),야간(20~01시),R2 룩업표(구×접수 시각),곡선,0.0634,110.359,98.188,16.2,18.684,29.075,10153,1932
3 곡선(설정 전체),전체,R2 룩업표(구×접수 시각),곡선,0.06403,1450.033,59.867,24.145,13.49,17.845,133403,30060
3 곡선(설정 전체),야간(20~01시),R2 룩업표(구×접수 시각),곡선,0.06403,110.359,98.188,16.2,18.684,29.075,10153,1932
3 곡선(설정 전체),전체,R2 룩업표(구×접수 시각),곡선,0.06439,1443.511,59.704,24.083,13.514,17.82,132803,30060
3 곡선(설정 전체),야간(20~01시),R2 룩업표(구×접수 시각),곡선,0.06439,110.359,98.188,16.2,18.684,29.075,10153,1932
3 곡선(설정 전체),전체,R2 룩업표(구×접수 시각),곡선,0.06487,1443.37,59.691,24.085,13.512,17.821,132790,30060
3 곡선(설정 전체),야간(20~01시),R2 룩업표(구×접수 시각),곡선,0.06487,110.359,98.188,16.2,18.684,29.075,10153,1932
3 곡선(설정 전체),전체,R2 룩업표(구×접수 시각),곡선,0.06494,1443.37,59.691,24.085,13.512,17.821,132790,30060
3 곡선(설정 전체),야간(20~01시),R2 룩업표(구×접수 시각),곡선,0.06494,110.359,98.188,16.2,18.684,29.075,10153,1932
3 곡선(설정 전체),전체,R2 룩업표(구×접수 시각),곡선,0.0651,1414.011,58.876,24.078,13.605,17.942,130089,30060
3 곡선(설정 전체),야간(20~01시),R2 룩업표(구×접수 시각),곡선,0.0651,110.359,98.188,16.2,18.684,29.075,10153,1932
3 곡선(설정 전체),전체,R2 룩업표(구×접수 시각),곡선,0.06536,1413.598,58.866,24.082,13.606,17.937,130051,30060
3 곡선(설정 전체),야간(20~01시),R2 룩업표(구×접수 시각),곡선,0.06536,110.359,98.188,16.2,18.684,29.075,10153,1932
3 곡선(설정 전체),전체,R2 룩업표(구×접수 시각),곡선,0.06539,1413.598,58.866,24.082,13.606,17.937,130051,30060
3 곡선(설정 전체),야간(20~01시),R2 룩업표(구×접수 시각),곡선,0.06539,110.359,98.188,16.2,18.684,29.075,10153,1932
3 곡선(설정 전체),전체,R2 룩업표(구×접수 시각),곡선,0.06553,1383.37,58.15,24.292,13.735,17.733,127270,30060
3 곡선(설정 전체),야간(20~01시),R2 룩업표(구×접수 시각),곡선,0.06553,110.359,98.188,16.2,18.684,29.075,10153,1932
3 곡선(설정 전체),전체,R2 룩업표(구×접수 시각),곡선,0.06583,1373.696,57.941,24.288,13.781,17.799,126380,30060
3 곡선(설정 전체),야간(20~01시),R2 룩업표(구×접수 시각),곡선,0.06583,110.359,98.188,16.2,18.684,29.075,10153,1932
3 곡선(설정 전체),전체,R2 룩업표(구×접수 시각),곡선,0.06602,1366.913,57.718,24.294,13.797,17.749,125756,30060
3 곡선(설정 전체),야간(20~01시),R2 룩업표(구×접수 시각),곡선,0.06602,110.141,98.033,16.199,18.691,29.024,10133,1932
3 곡선(설정 전체),전체,R2 룩업표(구×접수 시각),곡선,0.06609,1349.391,57.302,24.312,13.875,17.711,124144,30060
3 곡선(설정 전체),야간(20~01시),R2 룩업표(구×접수 시각),곡선,0.06609,110.141,98.033,16.199,18.691,29.024,10133,1932
3 곡선(설정 전체),전체,R2 룩업표(구×접수 시각),곡선,0.06647,1349.391,57.302,24.312,13.875,17.711,124144,30060
3 곡선(설정 전체),야간(20~01시),R2 룩업표(구×접수 시각),곡선,0.06647,110.141,98.033,16.199,18.691,29.024,10133,1932
3 곡선(설정 전체),전체,R2 룩업표(구×접수 시각),곡선,0.0665,1345.837,57.239,24.338,13.896,17.595,123817,30060
3 곡선(설정 전체),야간(20~01시),R2 룩업표(구×접수 시각),곡선,0.0665,110.0,97.878,16.233,18.686,29.032,10120,1932
3 곡선(설정 전체),전체,R2 룩업표(구×접수 시각),곡선,0.06657,1345.576,57.232,24.341,13.897,17.59,123793,30060
3 곡선(설정 전체),야간(20~01시),R2 룩업표(구×접수 시각),곡선,0.06657,109.739,97.774,16.27,18.71,28.992,10096,1932
3 곡선(설정 전체),전체,R2 룩업표(구×접수 시각),곡선,0.06665,1338.0,57.079,24.397,13.939,17.563,123096,30060
3 곡선(설정 전체),야간(20~01시),R2 룩업표(구×접수 시각),곡선,0.06665,109.739,97.774,16.27,18.71,28.992,10096,1932
3 곡선(설정 전체),전체,R2 룩업표(구×접수 시각),곡선,0.0667,1337.467,57.066,24.403,13.941,17.55,123047,30060
3 곡선(설정 전체),야간(20~01시),R2 룩업표(구×접수 시각),곡선,0.0667,109.207,97.567,16.233,18.762,28.894,10047,1932
3 곡선(설정 전체),전체,R2 룩업표(구×접수 시각),곡선,0.06684,1318.228,56.743,24.433,14.064,17.51,121277,30060
3 곡선(설정 전체),야간(20~01시),R2 룩업표(구×접수 시각),곡선,0.06684,109.207,97.567,16.233,18.762,28.894,10047,1932
3 곡선(설정 전체),전체,R2 룩업표(구×접수 시각),곡선,0.06735,1318.228,56.743,24.433,14.064,17.51,121277,30060
3 곡선(설정 전체),야간(20~01시),R2 룩업표(구×접수 시각),곡선,0.06735,109.207,97.567,16.233,18.762,28.894,10047,1932
3 곡선(설정 전체),전체,R2 룩업표(구×접수 시각),곡선,0.0677,1317.174,56.707,24.411,14.067,17.513,121180,30060
3 곡선(설정 전체),야간(20~01시),R2 룩업표(구×접수 시각),곡선,0.0677,109.207,97.567,16.233,18.762,28.894,10047,1932
3 곡선(설정 전체),전체,R2 룩업표(구×접수 시각),곡선,0.06786,1310.098,56.514,24.414,14.095,17.343,120529,30060
3 곡선(설정 전체),야간(20~01시),R2 룩업표(구×접수 시각),곡선,0.06786,109.207,97.567,16.233,18.762,28.894,10047,1932
3 곡선(설정 전체),전체,R2 룩업표(구×접수 시각),곡선,0.06815,1297.141,56.244,24.354,14.167,17.419,119337,30060
3 곡선(설정 전체),야간(20~01시),R2 룩업표(구×접수 시각),곡선,0.06815,109.207,97.567,16.233,18.762,28.894,10047,1932
3 곡선(설정 전체),전체,R2 룩업표(구×접수 시각),곡선,0.06845,1281.424,55.689,24.211,14.2,17.537,117891,30060
3 곡선(설정 전체),야간(20~01시),R2 룩업표(구×접수 시각),곡선,0.06845,109.207,97.567,16.233,18.762,28.894,10047,1932
3 곡선(설정 전체),전체,R2 룩업표(구×접수 시각),곡선,0.06916,1261.217,55.236,24.151,14.31,17.584,116032,30060
3 곡선(설정 전체),야간(20~01시),R2 룩업표(구×접수 시각),곡선,0.06916,109.207,97.567,16.233,18.762,28.894,10047,1932
3 곡선(설정 전체),전체,R2 룩업표(구×접수 시각),곡선,0.06943,1260.804,55.23,24.155,14.313,17.569,115994,30060
3 곡선(설정 전체),야간(20~01시),R2 룩업표(구×접수 시각),곡선,0.06943,109.207,97.567,16.233,18.762,28.894,10047,1932
3 곡선(설정 전체),전체,R2 룩업표(구×접수 시각),곡선,0.06946,1249.88,54.967,24.209,14.369,17.497,114989,30060
3 곡선(설정 전체),야간(20~01시),R2 룩업표(구×접수 시각),곡선,0.06946,109.207,97.567,16.233,18.762,28.894,10047,1932
3 곡선(설정 전체),전체,R2 룩업표(구×접수 시각),곡선,0.06958,1249.88,54.967,24.209,14.369,17.497,114989,30060
3 곡선(설정 전체),야간(20~01시),R2 룩업표(구×접수 시각),곡선,0.06958,109.207,97.567,16.233,18.762,28.894,10047,1932
3 곡선(설정 전체),전체,R2 룩업표(구×접수 시각),곡선,0.06977,1238.533,54.727,24.22,14.438,17.553,113945,30060
3 곡선(설정 전체),야간(20~01시),R2 룩업표(구×접수 시각),곡선,0.06977,109.043,97.516,16.252,18.78,28.878,10032,1932
3 곡선(설정 전체),전체,R2 룩업표(구×접수 시각),곡선,0.07005,1238.326,54.724,24.222,14.439,17.543,113926,30060
3 곡선(설정 전체),야간(20~01시),R2 룩업표(구×접수 시각),곡선,0.07005,109.043,97.516,16.252,18.78,28.878,10032,1932
3 곡선(설정 전체),전체,R2 룩업표(구×접수 시각),곡선,0.07016,1238.326,54.724,24.222,14.439,17.543,113926,30060
3 곡선(설정 전체),야간(20~01시),R2 룩업표(구×접수 시각),곡선,0.07016,109.043,97.516,16.252,18.78,28.878,10032,1932
3 곡선(설정 전체),전체,R2 룩업표(구×접수 시각),곡선,0.07033,1213.717,53.965,24.408,14.528,17.226,111662,30060
3 곡선(설정 전체),야간(20~01시),R2 룩업표(구×접수 시각),곡선,0.07033,109.043,97.516,16.252,18.78,28.878,10032,1932
3 곡선(설정 전체),전체,R2 룩업표(구×접수 시각),곡선,0.07045,1213.717,53.965,24.408,14.528,17.226,111662,30060
3 곡선(설정 전체),야간(20~01시),R2 룩업표(구×접수 시각),곡선,0.07045,109.043,97.516,16.252,18.78,28.878,10032,1932
3 곡선(설정 전체),전체,R2 룩업표(구×접수 시각),곡선,0.0707,1210.522,53.862,24.506,14.538,17.132,111368,30060
3 곡선(설정 전체),야간(20~01시),R2 룩업표(구×접수 시각),곡선,0.0707,109.043,97.516,16.252,18.78,28.878,10032,1932
3 곡선(설정 전체),전체,R2 룩업표(구×접수 시각),곡선,0.07074,1199.478,53.513,24.573,14.577,17.103,110352,30060
3 곡선(설정 전체),야간(20~01시),R2 룩업표(구×접수 시각),곡선,0.07074,109.043,97.516,16.252,18.78,28.878,10032,1932
3 곡선(설정 전체),전체,R2 룩업표(구×접수 시각),곡선,0.0713,1198.337,53.45,24.57,14.574,17.087,110247,30060
3 곡선(설정 전체),야간(20~01시),R2 룩업표(구×접수 시각),곡선,0.0713,109.043,97.516,16.252,18.78,28.878,10032,1932
3 곡선(설정 전체),전체,R2 룩업표(구×접수 시각),곡선,0.0714,1198.185,53.45,24.57,14.575,17.079,110233,30060
3 곡선(설정 전체),야간(20~01시),R2 룩업표(구×접수 시각),곡선,0.0714,109.043,97.516,16.252,18.78,28.878,10032,1932
3 곡선(설정 전체),전체,R2 룩업표(구×접수 시각),곡선,0.07147,1198.185,53.45,24.57,14.575,17.079,110233,30060
3 곡선(설정 전체),야간(20~01시),R2 룩업표(구×접수 시각),곡선,0.07147,109.043,97.516,16.252,18.78,28.878,10032,1932
3 곡선(설정 전체),전체,R2 룩업표(구×접수 시각),곡선,0.07154,1186.935,53.124,24.557,14.624,17.108,109198,30060
3 곡선(설정 전체),야간(20~01시),R2 룩업표(구×접수 시각),곡선,0.07154,109.043,97.516,16.252,18.78,28.878,10032,1932
3 곡선(설정 전체),전체,R2 룩업표(구×접수 시각),곡선,0.07181,1186.935,53.124,24.557,14.624,17.108,109198,30060
3 곡선(설정 전체),야간(20~01시),R2 룩업표(구×접수 시각),곡선,0.07181,109.043,97.516,16.252,18.78,28.878,10032,1932
3 곡선(설정 전체),전체,R2 룩업표(구×접수 시각),곡선,0.07191,1186.88,53.124,24.557,14.625,17.105,109193,30060
3 곡선(설정 전체),야간(20~01시),R2 룩업표(구×접수 시각),곡선,0.07191,109.043,97.516,16.252,18.78,28.878,10032,1932
3 곡선(설정 전체),전체,R2 룩업표(구×접수 시각),곡선,0.07229,1180.848,52.931,24.6,14.646,16.968,108638,30060
3 곡선(설정 전체),야간(20~01시),R2 룩업표(구×접수 시각),곡선,0.07229,108.598,97.257,16.233,18.807,28.856,9991,1932
3 곡선(설정 전체),전체,R2 룩업표(구×접수 시각),곡선,0.07234,1180.848,52.931,24.6,14.646,16.968,108638,30060
3 곡선(설정 전체),야간(20~01시),R2 룩업표(구×접수 시각),곡선,0.07234,108.598,97.257,16.233,18.807,28.856,9991,1932
3 곡선(설정 전체),전체,R2 룩업표(구×접수 시각),곡선,0.07248,1180.609,52.924,24.6,14.647,16.965,108616,30060
3 곡선(설정 전체),야간(20~01시),R2 룩업표(구×접수 시각),곡선,0.07248,108.359,97.153,16.233,18.828,28.849,9969,1932
3 곡선(설정 전체),전체,R2 룩업표(구×접수 시각),곡선,0.07261,1180.348,52.917,24.6,14.648,16.961,108592,30060
3 곡선(설정 전체),야간(20~01시),R2 룩업표(구×접수 시각),곡선,0.07261,108.098,97.05,16.233,18.854,28.829,9945,1932
3 곡선(설정 전체),전체,R2 룩업표(구×접수 시각),곡선,0.07268,1180.0,52.911,24.601,14.651,16.949,108560,30060
3 곡선(설정 전체),야간(20~01시),R2 룩업표(구×접수 시각),곡선,0.07268,107.75,96.946,16.27,18.894,28.74,9913,1932
3 곡선(설정 전체),전체,R2 룩업표(구×접수 시각),곡선,0.07283,1178.054,52.821,24.633,14.65,16.909,108381,30060
3 곡선(설정 전체),야간(20~01시),R2 룩업표(구×접수 시각),곡선,0.07283,107.75,96.946,16.27,18.894,28.74,9913,1932
3 곡선(설정 전체),전체,R2 룩업표(구×접수 시각),곡선,0.07286,1173.793,52.618,24.65,14.647,16.853,107989,30060
3 곡선(설정 전체),야간(20~01시),R2 룩업표(구×접수 시각),곡선,0.07286,107.75,96.946,16.27,18.894,28.74,9913,1932
3 곡선(설정 전체),전체,R2 룩업표(구×접수 시각),곡선,0.07289,1173.793,52.618,24.65,14.647,16.853,107989,30060
3 곡선(설정 전체),야간(20~01시),R2 룩업표(구×접수 시각),곡선,0.07289,107.75,96.946,16.27,18.894,28.74,9913,1932
3 곡선(설정 전체),전체,R2 룩업표(구×접수 시각),곡선,0.0731,1169.641,52.495,24.667,14.664,16.805,107607,30060
3 곡선(설정 전체),야간(20~01시),R2 룩업표(구×접수 시각),곡선,0.0731,107.75,96.946,16.27,18.894,28.74,9913,1932
3 곡선(설정 전체),전체,R2 룩업표(구×접수 시각),곡선,0.0732,1166.598,52.362,24.725,14.665,16.777,107327,30060
3 곡선(설정 전체),야간(20~01시),R2 룩업표(구×접수 시각),곡선,0.0732,107.75,96.946,16.27,18.894,28.74,9913,1932
3 곡선(설정 전체),전체,R2 룩업표(구×접수 시각),곡선,0.07329,1160.761,52.139,24.753,14.676,16.725,106790,30060
3 곡선(설정 전체),야간(20~01시),R2 룩업표(구×접수 시각),곡선,0.07329,107.75,96.946,16.27,18.894,28.74,9913,1932
3 곡선(설정 전체),전체,R2 룩업표(구×접수 시각),곡선,0.07332,1151.391,51.776,24.789,14.693,16.669,105928,30060
3 곡선(설정 전체),야간(20~01시),R2 룩업표(구×접수 시각),곡선,0.07332,107.75,96.946,16.27,18.894,28.74,9913,1932
3 곡선(설정 전체),전체,R2 룩업표(구×접수 시각),곡선,0.07354,1151.391,51.776,24.789,14.693,16.669,105928,30060
3 곡선(설정 전체),야간(20~01시),R2 룩업표(구×접수 시각),곡선,0.07354,107.75,96.946,16.27,18.894,28.74,9913,1932
3 곡선(설정 전체),전체,R2 룩업표(구×접수 시각),곡선,0.07377,1139.641,51.504,24.917,14.766,16.48,104847,30060
3 곡선(설정 전체),야간(20~01시),R2 룩업표(구×접수 시각),곡선,0.07377,107.75,96.946,16.27,18.894,28.74,9913,1932
3 곡선(설정 전체),전체,R2 룩업표(구×접수 시각),곡선,0.0745,1134.641,51.327,24.923,14.781,16.459,104387,30060
3 곡선(설정 전체),야간(20~01시),R2 룩업표(구×접수 시각),곡선,0.0745,107.457,96.739,16.233,18.906,28.738,9886,1932
3 곡선(설정 전체),전체,R2 룩업표(구×접수 시각),곡선,0.07455,1134.587,51.324,24.927,14.78,16.457,104382,30060
3 곡선(설정 전체),야간(20~01시),R2 룩업표(구×접수 시각),곡선,0.07455,107.457,96.739,16.233,18.906,28.738,9886,1932
3 곡선(설정 전체),전체,R2 룩업표(구×접수 시각),곡선,0.07503,1134.587,51.324,24.927,14.78,16.457,104382,30060
3 곡선(설정 전체),야간(20~01시),R2 룩업표(구×접수 시각),곡선,0.07503,107.457,96.739,16.233,18.906,28.738,9886,1932
3 곡선(설정 전체),전체,R2 룩업표(구×접수 시각),곡선,0.07518,1120.75,50.935,24.983,14.849,16.429,103109,30060
3 곡선(설정 전체),야간(20~01시),R2 룩업표(구×접수 시각),곡선,0.07518,107.457,96.739,16.233,18.906,28.738,9886,1932
3 곡선(설정 전체),전체,R2 룩업표(구×접수 시각),곡선,0.0752,1117.804,50.842,25.017,14.861,16.345,102838,30060
3 곡선(설정 전체),야간(20~01시),R2 룩업표(구×접수 시각),곡선,0.0752,107.457,96.739,16.233,18.906,28.738,9886,1932
3 곡선(설정 전체),전체,R2 룩업표(구×접수 시각),곡선,0.07521,1117.804,50.842,25.017,14.861,16.345,102838,30060
3 곡선(설정 전체),야간(20~01시),R2 룩업표(구×접수 시각),곡선,0.07521,107.457,96.739,16.233,18.906,28.738,9886,1932
3 곡선(설정 전체),전체,R2 룩업표(구×접수 시각),곡선,0.07575,1087.239,50.093,25.058,15.054,16.162,100026,30060
3 곡선(설정 전체),야간(20~01시),R2 룩업표(구×접수 시각),곡선,0.07575,107.457,96.739,16.233,18.906,28.738,9886,1932
3 곡선(설정 전체),전체,R2 룩업표(구×접수 시각),곡선,0.07611,1087.065,50.09,25.059,15.055,16.154,100010,30060
3 곡선(설정 전체),야간(20~01시),R2 룩업표(구×접수 시각),곡선,0.07611,107.457,96.739,16.233,18.906,28.738,9886,1932
3 곡선(설정 전체),전체,R2 룩업표(구×접수 시각),곡선,0.07619,1061.793,49.398,25.142,15.201,16.163,97685,30060
3 곡선(설정 전체),야간(20~01시),R2 룩업표(구×접수 시각),곡선,0.07619,107.457,96.739,16.233,18.906,28.738,9886,1932
3 곡선(설정 전체),전체,R2 룩업표(구×접수 시각),곡선,0.07625,1061.707,49.395,25.146,15.201,16.16,97677,30060
3 곡선(설정 전체),야간(20~01시),R2 룩업표(구×접수 시각),곡선,0.07625,107.457,96.739,16.233,18.906,28.738,9886,1932
3 곡선(설정 전체),전체,R2 룩업표(구×접수 시각),곡선,0.07631,1045.163,48.866,25.217,15.276,15.993,96155,30060
3 곡선(설정 전체),야간(20~01시),R2 룩업표(구×접수 시각),곡선,0.07631,107.457,96.739,16.233,18.906,28.738,9886,1932
3 곡선(설정 전체),전체,R2 룩업표(구×접수 시각),곡선,0.07665,1045.163,48.866,25.217,15.276,15.993,96155,30060
3 곡선(설정 전체),야간(20~01시),R2 룩업표(구×접수 시각),곡선,0.07665,107.457,96.739,16.233,18.906,28.738,9886,1932
3 곡선(설정 전체),전체,R2 룩업표(구×접수 시각),곡선,0.0767,1040.402,48.686,25.3,15.29,15.861,95717,30060
3 곡선(설정 전체),야간(20~01시),R2 룩업표(구×접수 시각),곡선,0.0767,107.457,96.739,16.233,18.906,28.738,9886,1932
3 곡선(설정 전체),전체,R2 룩업표(구×접수 시각),곡선,0.07679,1025.5,48.29,25.171,15.386,15.988,94346,30060
3 곡선(설정 전체),야간(20~01시),R2 룩업표(구×접수 시각),곡선,0.07679,107.457,96.739,16.233,18.906,28.738,9886,1932
3 곡선(설정 전체),전체,R2 룩업표(구×접수 시각),곡선,0.07694,1017.38,48.047,25.187,15.431,15.93,93599,30060
3 곡선(설정 전체),야간(20~01시),R2 룩업표(구×접수 시각),곡선,0.07694,107.457,96.739,16.233,18.906,28.738,9886,1932
3 곡선(설정 전체),전체,R2 룩업표(구×접수 시각),곡선,0.07713,1017.054,48.044,25.196,15.435,15.912,93569,30060
3 곡선(설정 전체),야간(20~01시),R2 룩업표(구×접수 시각),곡선,0.07713,107.13,96.687,16.252,18.953,28.612,9856,1932
3 곡선(설정 전체),전체,R2 룩업표(구×접수 시각),곡선,0.07737,1016.859,48.037,25.21,15.435,15.908,93551,30060
3 곡선(설정 전체),야간(20~01시),R2 룩업표(구×접수 시각),곡선,0.07737,106.935,96.584,16.252,18.967,28.593,9838,1932
3 곡선(설정 전체),전체,R2 룩업표(구×접수 시각),곡선,0.07758,1010.793,47.881,25.237,15.478,15.938,92993,30060
3 곡선(설정 전체),야간(20~01시),R2 룩업표(구×접수 시각),곡선,0.07758,106.935,96.584,16.252,18.967,28.593,9838,1932
3 곡선(설정 전체),전체,R2 룩업표(구×접수 시각),곡선,0.07814,1001.207,47.575,25.167,15.526,15.903,92111,30060
3 곡선(설정 전체),야간(20~01시),R2 룩업표(구×접수 시각),곡선,0.07814,106.663,96.532,16.27,19.005,28.595,9813,1932
3 곡선(설정 전체),전체,R2 룩업표(구×접수 시각),곡선,0.07859,1001.076,47.565,25.167,15.525,15.9,92099,30060
3 곡선(설정 전체),야간(20~01시),R2 룩업표(구×접수 시각),곡선,0.07859,106.663,96.532,16.27,19.005,28.595,9813,1932
3 곡선(설정 전체),전체,R2 룩업표(구×접수 시각),곡선,0.07892,1001.076,47.565,25.167,15.525,15.9,92099,30060
3 곡선(설정 전체),야간(20~01시),R2 룩업표(구×접수 시각),곡선,0.07892,106.663,96.532,16.27,19.005,28.595,9813,1932
3 곡선(설정 전체),전체,R2 룩업표(구×접수 시각),곡선,0.0793,998.815,47.478,25.185,15.531,15.813,91891,30060
3 곡선(설정 전체),야간(20~01시),R2 룩업표(구×접수 시각),곡선,0.0793,106.663,96.532,16.27,19.005,28.595,9813,1932
3 곡선(설정 전체),전체,R2 룩업표(구×접수 시각),곡선,0.07935,993.554,47.325,25.228,15.563,15.722,91407,30060
3 곡선(설정 전체),야간(20~01시),R2 룩업표(구×접수 시각),곡선,0.07935,106.467,96.429,16.27,19.02,28.566,9795,1932
3 곡선(설정 전체),전체,R2 룩업표(구×접수 시각),곡선,0.07961,993.554,47.325,25.228,15.563,15.722,91407,30060
3 곡선(설정 전체),야간(20~01시),R2 룩업표(구×접수 시각),곡선,0.07961,106.467,96.429,16.27,19.02,28.566,9795,1932
3 곡선(설정 전체),전체,R2 룩업표(구×접수 시각),곡선,0.08012,981.717,46.986,25.222,15.638,15.696,90318,30060
3 곡선(설정 전체),야간(20~01시),R2 룩업표(구×접수 시각),곡선,0.08012,106.467,96.429,16.27,19.02,28.566,9795,1932
3 곡선(설정 전체),전체,R2 룩업표(구×접수 시각),곡선,0.08031,981.478,46.983,25.217,15.641,15.686,90296,30060
3 곡선(설정 전체),야간(20~01시),R2 룩업표(구×접수 시각),곡선,0.08031,106.228,96.377,16.252,19.052,28.507,9773,1932
3 곡선(설정 전체),전체,R2 룩업표(구×접수 시각),곡선,0.08089,981.478,46.983,25.217,15.641,15.686,90296,30060
3 곡선(설정 전체),야간(20~01시),R2 룩업표(구×접수 시각),곡선,0.08089,106.228,96.377,16.252,19.052,28.507,9773,1932
3 곡선(설정 전체),전체,R2 룩업표(구×접수 시각),곡선,0.08107,965.359,46.371,25.243,15.695,15.686,88813,30060
3 곡선(설정 전체),야간(20~01시),R2 룩업표(구×접수 시각),곡선,0.08107,106.141,96.273,16.297,19.048,28.52,9765,1932
3 곡선(설정 전체),전체,R2 룩업표(구×접수 시각),곡선,0.08111,965.25,46.364,25.243,15.694,15.682,88803,30060
3 곡선(설정 전체),야간(20~01시),R2 룩업표(구×접수 시각),곡선,0.08111,106.033,96.17,16.326,19.047,28.498,9755,1932
3 곡선(설정 전체),전체,R2 룩업표(구×접수 시각),곡선,0.08151,965.228,46.361,25.244,15.694,15.681,88801,30060
3 곡선(설정 전체),야간(20~01시),R2 룩업표(구×접수 시각),곡선,0.08151,106.033,96.17,16.326,19.047,28.498,9755,1932
3 곡선(설정 전체),전체,R2 룩업표(구×접수 시각),곡선,0.08162,965.228,46.361,25.244,15.694,15.681,88801,30060
3 곡선(설정 전체),야간(20~01시),R2 룩업표(구×접수 시각),곡선,0.08162,106.033,96.17,16.326,19.047,28.498,9755,1932
3 곡선(설정 전체),전체,R2 룩업표(구×접수 시각),곡선,0.08184,943.5,45.615,25.123,15.797,15.827,86802,30060
3 곡선(설정 전체),야간(20~01시),R2 룩업표(구×접수 시각),곡선,0.08184,106.033,96.17,16.326,19.047,28.498,9755,1932
3 곡선(설정 전체),전체,R2 룩업표(구×접수 시각),곡선,0.08213,943.5,45.615,25.123,15.797,15.827,86802,30060
3 곡선(설정 전체),야간(20~01시),R2 룩업표(구×접수 시각),곡선,0.08213,106.033,96.17,16.326,19.047,28.498,9755,1932
3 곡선(설정 전체),전체,R2 룩업표(구×접수 시각),곡선,0.08215,943.207,45.609,25.128,15.799,15.812,86775,30060
3 곡선(설정 전체),야간(20~01시),R2 룩업표(구×접수 시각),곡선,0.08215,105.739,96.066,16.372,19.079,28.403,9728,1932
3 곡선(설정 전체),전체,R2 룩업표(구×접수 시각),곡선,0.08224,924.815,45.0,25.093,15.899,15.773,85083,30060
3 곡선(설정 전체),야간(20~01시),R2 룩업표(구×접수 시각),곡선,0.08224,105.739,96.066,16.372,19.079,28.403,9728,1932
3 곡선(설정 전체),전체,R2 룩업표(구×접수 시각),곡선,0.08291,915.413,44.717,25.146,15.961,15.752,84218,30060
3 곡선(설정 전체),야간(20~01시),R2 룩업표(구×접수 시각),곡선,0.08291,105.652,96.066,16.372,19.095,28.385,9720,1932
3 곡선(설정 전체),전체,R2 룩업표(구×접수 시각),곡선,0.08309,915.413,44.717,25.146,15.961,15.752,84218,30060
3 곡선(설정 전체),야간(20~01시),R2 룩업표(구×접수 시각),곡선,0.08309,105.652,96.066,16.372,19.095,28.385,9720,1932
3 곡선(설정 전체),전체,R2 룩업표(구×접수 시각),곡선,0.08397,914.957,44.704,25.141,15.964,15.734,84176,30060
3 곡선(설정 전체),야간(20~01시),R2 룩업표(구×접수 시각),곡선,0.08397,105.652,96.066,16.372,19.095,28.385,9720,1932
3 곡선(설정 전체),전체,R2 룩업표(구×접수 시각),곡선,0.08414,914.957,44.704,25.141,15.964,15.734,84176,30060
3 곡선(설정 전체),야간(20~01시),R2 룩업표(구×접수 시각),곡선,0.08414,105.652,96.066,16.372,19.095,28.385,9720,1932
3 곡선(설정 전체),전체,R2 룩업표(구×접수 시각),곡선,0.0842,914.913,44.701,25.142,15.964,15.732,84172,30060
3 곡선(설정 전체),야간(20~01시),R2 룩업표(구×접수 시각),곡선,0.0842,105.652,96.066,16.372,19.095,28.385,9720,1932
3 곡선(설정 전체),전체,R2 룩업표(구×접수 시각),곡선,0.08429,913.902,44.621,25.167,15.953,15.727,84079,30060
3 곡선(설정 전체),야간(20~01시),R2 룩업표(구×접수 시각),곡선,0.08429,105.652,96.066,16.372,19.095,28.385,9720,1932
3 곡선(설정 전체),전체,R2 룩업표(구×접수 시각),곡선,0.08462,913.12,44.614,25.167,15.964,15.715,84007,30060
3 곡선(설정 전체),야간(20~01시),R2 룩업표(구×접수 시각),곡선,0.08462,105.435,96.066,16.372,19.134,28.371,9700,1932
3 곡선(설정 전체),전체,R2 룩업표(구×접수 시각),곡선,0.08478,913.12,44.614,25.167,15.964,15.715,84007,30060
3 곡선(설정 전체),야간(20~01시),R2 룩업표(구×접수 시각),곡선,0.08478,105.435,96.066,16.372,19.134,28.371,9700,1932
3 곡선(설정 전체),전체,R2 룩업표(구×접수 시각),곡선,0.08488,904.543,44.355,25.183,16.022,15.612,83218,30060
3 곡선(설정 전체),야간(20~01시),R2 룩업표(구×접수 시각),곡선,0.08488,105.435,96.066,16.372,19.134,28.371,9700,1932
3 곡선(설정 전체),전체,R2 룩업표(구×접수 시각),곡선,0.08494,892.598,43.856,25.383,16.054,15.502,82119,30060
3 곡선(설정 전체),야간(20~01시),R2 룩업표(구×접수 시각),곡선,0.08494,105.435,96.066,16.372,19.134,28.371,9700,1932
3 곡선(설정 전체),전체,R2 룩업표(구×접수 시각),곡선,0.08501,892.598,43.856,25.383,16.054,15.502,82119,30060
3 곡선(설정 전체),야간(20~01시),R2 룩업표(구×접수 시각),곡선,0.08501,105.435,96.066,16.372,19.134,28.371,9700,1932
3 곡선(설정 전체),전체,R2 룩업표(구×접수 시각),곡선,0.08519,892.435,43.849,25.383,16.054,15.494,82104,30060
3 곡선(설정 전체),야간(20~01시),R2 룩업표(구×접수 시각),곡선,0.08519,105.435,96.066,16.372,19.134,28.371,9700,1932
3 곡선(설정 전체),전체,R2 룩업표(구×접수 시각),곡선,0.08546,891.533,43.802,25.384,16.053,15.47,82021,30060
3 곡선(설정 전체),야간(20~01시),R2 룩업표(구×접수 시각),곡선,0.08546,104.62,95.445,16.326,19.158,28.291,9625,1932
3 곡선(설정 전체),전체,R2 룩업표(구×접수 시각),곡선,0.08551,891.533,43.802,25.384,16.053,15.47,82021,30060
3 곡선(설정 전체),야간(20~01시),R2 룩업표(구×접수 시각),곡선,0.08551,104.62,95.445,16.326,19.158,28.291,9625,1932
3 곡선(설정 전체),전체,R2 룩업표(구×접수 시각),곡선,0.0862,874.685,43.327,25.412,16.185,15.545,80471,30060
3 곡선(설정 전체),야간(20~01시),R2 룩업표(구×접수 시각),곡선,0.0862,104.62,95.445,16.326,19.158,28.291,9625,1932
3 곡선(설정 전체),전체,R2 룩업표(구×접수 시각),곡선,0.08638,874.685,43.327,25.412,16.185,15.545,80471,30060
3 곡선(설정 전체),야간(20~01시),R2 룩업표(구×접수 시각),곡선,0.08638,104.62,95.445,16.326,19.158,28.291,9625,1932
3 곡선(설정 전체),전체,R2 룩업표(구×접수 시각),곡선,0.08647,865.337,43.064,25.421,16.26,15.551,79611,30060
3 곡선(설정 전체),야간(20~01시),R2 룩업표(구×접수 시각),곡선,0.08647,104.196,95.083,16.413,19.163,28.323,9586,1932
3 곡선(설정 전체),전체,R2 룩업표(구×접수 시각),곡선,0.08679,854.87,42.681,25.383,16.313,15.625,78648,30060
3 곡선(설정 전체),야간(20~01시),R2 룩업표(구×접수 시각),곡선,0.08679,104.196,95.083,16.413,19.163,28.323,9586,1932
3 곡선(설정 전체),전체,R2 룩업표(구×접수 시각),곡선,0.08707,849.87,42.475,25.426,16.33,15.515,78188,30060
3 곡선(설정 전체),야간(20~01시),R2 룩업표(구×접수 시각),곡선,0.08707,104.196,95.083,16.413,19.163,28.323,9586,1932
3 곡선(설정 전체),전체,R2 룩업표(구×접수 시각),곡선,0.08747,849.772,42.462,25.433,16.327,15.512,78179,30060
3 곡선(설정 전체),야간(20~01시),R2 룩업표(구×접수 시각),곡선,0.08747,104.098,94.876,16.413,19.14,28.307,9577,1932
3 곡선(설정 전체),전체,R2 룩업표(구×접수 시각),곡선,0.08748,840.38,42.236,25.506,16.421,15.463,77315,30060
3 곡선(설정 전체),야간(20~01시),R2 룩업표(구×접수 시각),곡선,0.08748,104.098,94.876,16.413,19.14,28.307,9577,1932
3 곡선(설정 전체),전체,R2 룩업표(구×접수 시각),곡선,0.08815,840.38,42.236,25.506,16.421,15.463,77315,30060
3 곡선(설정 전체),야간(20~01시),R2 룩업표(구×접수 시각),곡선,0.08815,104.098,94.876,16.413,19.14,28.307,9577,1932
3 곡선(설정 전체),전체,R2 룩업표(구×접수 시각),곡선,0.08848,839.217,42.192,25.544,16.427,15.461,77208,30060
3 곡선(설정 전체),야간(20~01시),R2 룩업표(구×접수 시각),곡선,0.08848,104.098,94.876,16.413,19.14,28.307,9577,1932
3 곡선(설정 전체),전체,R2 룩업표(구×접수 시각),곡선,0.08868,836.859,42.096,25.594,16.436,15.413,76991,30060
3 곡선(설정 전체),야간(20~01시),R2 룩업표(구×접수 시각),곡선,0.08868,104.098,94.876,16.413,19.14,28.307,9577,1932
3 곡선(설정 전체),전체,R2 룩업표(구×접수 시각),곡선,0.08892,836.859,42.096,25.594,16.436,15.413,76991,30060
3 곡선(설정 전체),야간(20~01시),R2 룩업표(구×접수 시각),곡선,0.08892,104.098,94.876,16.413,19.14,28.307,9577,1932
3 곡선(설정 전체),전체,R2 룩업표(구×접수 시각),곡선,0.08909,835.239,41.989,25.611,16.426,15.382,76842,30060
3 곡선(설정 전체),야간(20~01시),R2 룩업표(구×접수 시각),곡선,0.08909,104.022,94.772,16.413,19.133,28.286,9570,1932
3 곡선(설정 전체),전체,R2 룩업표(구×접수 시각),곡선,0.08923,835.239,41.989,25.611,16.426,15.382,76842,30060
3 곡선(설정 전체),야간(20~01시),R2 룩업표(구×접수 시각),곡선,0.08923,104.022,94.772,16.413,19.133,28.286,9570,1932
3 곡선(설정 전체),전체,R2 룩업표(구×접수 시각),곡선,0.08943,820.315,41.417,25.817,16.497,15.238,75469,30060
3 곡선(설정 전체),야간(20~01시),R2 룩업표(구×접수 시각),곡선,0.08943,104.022,94.772,16.413,19.133,28.286,9570,1932
3 곡선(설정 전체),전체,R2 룩업표(구×접수 시각),곡선,0.08948,820.315,41.417,25.817,16.497,15.238,75469,30060
3 곡선(설정 전체),야간(20~01시),R2 룩업표(구×접수 시각),곡선,0.08948,104.022,94.772,16.413,19.133,28.286,9570,1932
3 곡선(설정 전체),전체,R2 룩업표(구×접수 시각),곡선,0.08955,819.859,41.411,25.814,16.503,15.215,75427,30060
3 곡선(설정 전체),야간(20~01시),R2 룩업표(구×접수 시각),곡선,0.08955,104.022,94.772,16.413,19.133,28.286,9570,1932
3 곡선(설정 전체),전체,R2 룩업표(구×접수 시각),곡선,0.0897,818.674,41.387,25.817,16.518,15.172,75318,30060
3 곡선(설정 전체),야간(20~01시),R2 룩업표(구×접수 시각),곡선,0.0897,102.837,94.41,16.432,19.279,28.094,9461,1932
3 곡선(설정 전체),전체,R2 룩업표(구×접수 시각),곡선,0.09009,818.435,41.371,25.817,16.516,15.159,75296,30060
3 곡선(설정 전체),야간(20~01시),R2 룩업표(구×접수 시각),곡선,0.09009,102.837,94.41,16.432,19.279,28.094,9461,1932
3 곡선(설정 전체),전체,R2 룩업표(구×접수 시각),곡선,0.09018,809.837,41.048,25.896,16.561,15.098,74505,30060
3 곡선(설정 전체),야간(20~01시),R2 룩업표(구×접수 시각),곡선,0.09018,102.837,94.41,16.432,19.279,28.094,9461,1932
3 곡선(설정 전체),전체,R2 룩업표(구×접수 시각),곡선,0.09043,809.837,41.048,25.896,16.561,15.098,74505,30060
3 곡선(설정 전체),야간(20~01시),R2 룩업표(구×접수 시각),곡선,0.09043,102.837,94.41,16.432,19.279,28.094,9461,1932
3 곡선(설정 전체),전체,R2 룩업표(구×접수 시각),곡선,0.09057,792.413,40.519,26.03,16.707,15.023,72902,30060
3 곡선(설정 전체),야간(20~01시),R2 룩업표(구×접수 시각),곡선,0.09057,102.837,94.41,16.432,19.279,28.094,9461,1932
3 곡선(설정 전체),전체,R2 룩업표(구×접수 시각),곡선,0.09077,770.435,39.478,25.817,16.742,15.233,70880,30060
3 곡선(설정 전체),야간(20~01시),R2 룩업표(구×접수 시각),곡선,0.09077,102.837,94.41,16.432,19.279,28.094,9461,1932
3 곡선(설정 전체),전체,R2 룩업표(구×접수 시각),곡선,0.09079,759.793,39.052,25.699,16.794,15.197,69901,30060
3 곡선(설정 전체),야간(20~01시),R2 룩업표(구×접수 시각),곡선,0.09079,102.707,94.203,16.544,19.261,28.066,9449,1932
3 곡선(설정 전체),전체,R2 룩업표(구×접수 시각),곡선,0.0915,759.793,39.052,25.699,16.794,15.197,69901,30060
3 곡선(설정 전체),야간(20~01시),R2 룩업표(구×접수 시각),곡선,0.0915,102.707,94.203,16.544,19.261,28.066,9449,1932
3 곡선(설정 전체),전체,R2 룩업표(구×접수 시각),곡선,0.09209,759.707,39.052,25.699,16.796,15.193,69893,30060
3 곡선(설정 전체),야간(20~01시),R2 룩업표(구×접수 시각),곡선,0.09209,102.707,94.203,16.544,19.261,28.066,9449,1932
3 곡선(설정 전체),전체,R2 룩업표(구×접수 시각),곡선,0.09216,734.674,38.037,25.528,16.917,15.467,67590,30060
3 곡선(설정 전체),야간(20~01시),R2 룩업표(구×접수 시각),곡선,0.09216,102.413,94.048,16.667,19.285,28.041,9422,1932
3 곡선(설정 전체),전체,R2 룩업표(구×접수 시각),곡선,0.09265,733.315,37.957,25.55,16.912,15.409,67465,30060
3 곡선(설정 전체),야간(20~01시),R2 룩업표(구×접수 시각),곡선,0.09265,101.054,92.805,16.572,19.286,27.794,9297,1932
3 곡선(설정 전체),전체,R2 룩업표(구×접수 시각),곡선,0.09276,733.315,37.957,25.55,16.912,15.409,67465,30060
3 곡선(설정 전체),야간(20~01시),R2 룩업표(구×접수 시각),곡선,0.09276,101.054,92.805,16.572,19.286,27.794,9297,1932
3 곡선(설정 전체),전체,R2 룩업표(구×접수 시각),곡선,0.09302,704.337,36.923,25.563,17.128,15.511,64799,30060
3 곡선(설정 전체),야간(20~01시),R2 룩업표(구×접수 시각),곡선,0.09302,101.054,92.805,16.572,19.286,27.794,9297,1932
3 곡선(설정 전체),전체,R2 룩업표(구×접수 시각),곡선,0.09303,704.228,36.919,25.565,17.129,15.506,64789,30060
3 곡선(설정 전체),야간(20~01시),R2 룩업표(구×접수 시각),곡선,0.09303,100.946,92.754,16.63,19.296,27.77,9287,1932
3 곡선(설정 전체),전체,R2 룩업표(구×접수 시각),곡선,0.0931,692.924,36.51,25.473,17.216,15.628,63749,30060
3 곡선(설정 전체),야간(20~01시),R2 룩업표(구×접수 시각),곡선,0.0931,100.946,92.754,16.63,19.296,27.77,9287,1932
3 곡선(설정 전체),전체,R2 룩업표(구×접수 시각),곡선,0.09317,692.891,36.51,25.473,17.217,15.629,63746,30060
3 곡선(설정 전체),야간(20~01시),R2 룩업표(구×접수 시각),곡선,0.09317,100.913,92.754,16.63,19.302,27.779,9284,1932
3 곡선(설정 전체),전체,R2 룩업표(구×접수 시각),곡선,0.09341,691.163,36.464,25.475,17.238,15.583,63587,30060
3 곡선(설정 전체),야간(20~01시),R2 룩업표(구×접수 시각),곡선,0.09341,100.913,92.754,16.63,19.302,27.779,9284,1932
3 곡선(설정 전체),전체,R2 룩업표(구×접수 시각),곡선,0.09493,691.163,36.464,25.475,17.238,15.583,63587,30060
3 곡선(설정 전체),야간(20~01시),R2 룩업표(구×접수 시각),곡선,0.09493,100.913,92.754,16.63,19.302,27.779,9284,1932
3 곡선(설정 전체),전체,R2 룩업표(구×접수 시각),곡선,0.09508,691.098,36.457,25.487,17.236,15.583,63581,30060
3 곡선(설정 전체),야간(20~01시),R2 룩업표(구×접수 시각),곡선,0.09508,100.913,92.754,16.63,19.302,27.779,9284,1932
3 곡선(설정 전체),전체,R2 룩업표(구×접수 시각),곡선,0.09553,690.826,36.44,25.474,17.235,15.578,63556,30060
3 곡선(설정 전체),야간(20~01시),R2 룩업표(구×접수 시각),곡선,0.09553,100.641,92.495,16.45,19.3,27.778,9259,1932
3 곡선(설정 전체),전체,R2 룩업표(구×접수 시각),곡선,0.09554,657.196,35.067,25.718,17.434,15.307,60462,30060
3 곡선(설정 전체),야간(20~01시),R2 룩업표(구×접수 시각),곡선,0.09554,100.641,92.495,16.45,19.3,27.778,9259,1932
3 곡선(설정 전체),전체,R2 룩업표(구×접수 시각),곡선,0.09578,657.196,35.067,25.718,17.434,15.307,60462,30060
3 곡선(설정 전체),야간(20~01시),R2 룩업표(구×접수 시각),곡선,0.09578,100.641,92.495,16.45,19.3,27.778,9259,1932
3 곡선(설정 전체),전체,R2 룩업표(구×접수 시각),곡선,0.09598,649.522,34.667,25.916,17.439,15.21,59756,30060
3 곡선(설정 전체),야간(20~01시),R2 룩업표(구×접수 시각),곡선,0.09598,100.402,92.236,16.511,19.292,27.715,9237,1932
3 곡선(설정 전체),전체,R2 룩업표(구×접수 시각),곡선,0.09615,649.446,34.664,25.912,17.44,15.205,59749,30060
3 곡선(설정 전체),야간(20~01시),R2 룩업표(구×접수 시각),곡선,0.09615,100.326,92.184,16.45,19.296,27.692,9230,1932
3 곡선(설정 전체),전체,R2 룩업표(구×접수 시각),곡선,0.09622,639.359,34.325,26.09,17.541,15.046,58821,30060
3 곡선(설정 전체),야간(20~01시),R2 룩업표(구×접수 시각),곡선,0.09622,100.326,92.184,16.45,19.296,27.692,9230,1932
3 곡선(설정 전체),전체,R2 룩업표(구×접수 시각),곡선,0.09647,639.315,34.318,26.104,17.539,15.045,58817,30060
3 곡선(설정 전체),야간(20~01시),R2 룩업표(구×접수 시각),곡선,0.09647,100.326,92.184,16.45,19.296,27.692,9230,1932
3 곡선(설정 전체),전체,R2 룩업표(구×접수 시각),곡선,0.09648,639.315,34.318,26.104,17.539,15.045,58817,30060
3 곡선(설정 전체),야간(20~01시),R2 룩업표(구×접수 시각),곡선,0.09648,100.326,92.184,16.45,19.296,27.692,9230,1932
3 곡선(설정 전체),전체,R2 룩업표(구×접수 시각),곡선,0.0973,635.543,34.172,26.15,17.568,14.932,58470,30060
3 곡선(설정 전체),야간(20~01시),R2 룩업표(구×접수 시각),곡선,0.0973,100.239,92.081,16.45,19.291,27.695,9222,1932
3 곡선(설정 전체),전체,R2 룩업표(구×접수 시각),곡선,0.09756,623.663,33.696,26.355,17.653,14.83,57377,30060
3 곡선(설정 전체),야간(20~01시),R2 룩업표(구×접수 시각),곡선,0.09756,100.239,92.081,16.45,19.291,27.695,9222,1932
3 곡선(설정 전체),전체,R2 룩업표(구×접수 시각),곡선,0.09782,623.402,33.696,26.355,17.661,14.815,57353,30060
3 곡선(설정 전체),야간(20~01시),R2 룩업표(구×접수 시각),곡선,0.09782,99.978,92.081,16.45,19.341,27.636,9198,1932
3 곡선(설정 전체),전체,R2 룩업표(구×접수 시각),곡선,0.09788,623.293,33.693,26.361,17.662,14.811,57343,30060
3 곡선(설정 전체),야간(20~01시),R2 룩업표(구×접수 시각),곡선,0.09788,99.87,92.029,16.511,19.351,27.623,9188,1932
3 곡선(설정 전체),전체,R2 룩업표(구×접수 시각),곡선,0.09804,623.185,33.686,26.361,17.662,14.81,57333,30060
3 곡선(설정 전체),야간(20~01시),R2 룩업표(구×접수 시각),곡선,0.09804,99.87,92.029,16.511,19.351,27.623,9188,1932
3 곡선(설정 전체),전체,R2 룩업표(구×접수 시각),곡선,0.09809,610.457,33.263,26.394,17.804,14.989,56162,30060
3 곡선(설정 전체),야간(20~01시),R2 룩업표(구×접수 시각),곡선,0.09809,99.87,92.029,16.511,19.351,27.623,9188,1932
3 곡선(설정 전체),전체,R2 룩업표(구×접수 시각),곡선,0.0981,610.457,33.263,26.394,17.804,14.989,56162,30060
3 곡선(설정 전체),야간(20~01시),R2 룩업표(구×접수 시각),곡선,0.0981,99.87,92.029,16.511,19.351,27.623,9188,1932
3 곡선(설정 전체),전체,R2 룩업표(구×접수 시각),곡선,0.09871,607.891,33.164,26.419,17.825,14.943,55926,30060
3 곡선(설정 전체),야간(20~01시),R2 룩업표(구×접수 시각),곡선,0.09871,99.652,91.874,16.688,19.361,27.607,9168,1932
3 곡선(설정 전체),전체,R2 룩업표(구×접수 시각),곡선,0.09894,606.359,33.09,26.394,17.831,14.911,55785,30060
3 곡선(설정 전체),야간(20~01시),R2 룩업표(구×접수 시각),곡선,0.09894,99.652,91.874,16.688,19.361,27.607,9168,1932
3 곡선(설정 전체),전체,R2 룩업표(구×접수 시각),곡선,0.0991,581.424,31.896,25.779,17.925,15.378,53491,30060
3 곡선(설정 전체),야간(20~01시),R2 룩업표(구×접수 시각),곡선,0.0991,99.652,91.874,16.688,19.361,27.607,9168,1932
3 곡선(설정 전체),전체,R2 룩업표(구×접수 시각),곡선,0.09931,581.424,31.896,25.779,17.925,15.378,53491,30060
3 곡선(설정 전체),야간(20~01시),R2 룩업표(구×접수 시각),곡선,0.09931,99.652,91.874,16.688,19.361,27.607,9168,1932
3 곡선(설정 전체),전체,R2 룩업표(구×접수 시각),곡선,0.09972,559.609,30.908,25.718,18.046,15.564,51484,30060
3 곡선(설정 전체),야간(20~01시),R2 룩업표(구×접수 시각),곡선,0.09972,99.652,91.874,16.688,19.361,27.607,9168,1932
3 곡선(설정 전체),전체,R2 룩업표(구×접수 시각),곡선,0.09982,554.728,30.725,25.764,18.097,15.478,51035,30060
3 곡선(설정 전체),야간(20~01시),R2 룩업표(구×접수 시각),곡선,0.09982,99.359,91.822,16.695,19.407,27.59,9141,1932
3 곡선(설정 전체),전체,R2 룩업표(구×접수 시각),곡선,0.09993,550.5,30.506,25.836,18.106,15.387,50646,30060
3 곡선(설정 전체),야간(20~01시),R2 룩업표(구×접수 시각),곡선,0.09993,99.359,91.822,16.695,19.407,27.59,9141,1932
3 곡선(설정 전체),전체,R2 룩업표(구×접수 시각),곡선,0.09994,550.5,30.506,25.836,18.106,15.387,50646,30060
3 곡선(설정 전체),야간(20~01시),R2 룩업표(구×접수 시각),곡선,0.09994,99.359,91.822,16.695,19.407,27.59,9141,1932
3 곡선(설정 전체),전체,R2 룩업표(구×접수 시각),곡선,0.09996,548.337,30.432,25.857,18.134,15.303,50447,30060
3 곡선(설정 전체),야간(20~01시),R2 룩업표(구×접수 시각),곡선,0.09996,99.359,91.822,16.695,19.407,27.59,9141,1932
3 곡선(설정 전체),전체,R2 룩업표(구×접수 시각),곡선,0.10002,535.0,30.033,25.962,18.342,15.134,49220,30060
3 곡선(설정 전체),야간(20~01시),R2 룩업표(구×접수 시각),곡선,0.10002,98.641,91.408,16.739,19.46,27.493,9075,1932
3 곡선(설정 전체),전체,R2 룩업표(구×접수 시각),곡선,0.10015,535.0,30.033,25.962,18.342,15.134,49220,30060
3 곡선(설정 전체),야간(20~01시),R2 룩업표(구×접수 시각),곡선,0.10015,98.641,91.408,16.739,19.46,27.493,9075,1932
3 곡선(설정 전체),전체,R2 룩업표(구×접수 시각),곡선,0.10027,534.957,30.03,25.967,18.342,15.131,49216,30060
3 곡선(설정 전체),야간(20~01시),R2 룩업표(구×접수 시각),곡선,0.10027,98.641,91.408,16.739,19.46,27.493,9075,1932
3 곡선(설정 전체),전체,R2 룩업표(구×접수 시각),곡선,0.10034,532.402,29.923,26.003,18.364,15.067,48981,30060
3 곡선(설정 전체),야간(20~01시),R2 룩업표(구×접수 시각),곡선,0.10034,98.62,91.356,16.775,19.453,27.499,9073,1932
3 곡선(설정 전체),전체,R2 룩업표(구×접수 시각),곡선,0.10054,532.402,29.923,26.003,18.364,15.067,48981,30060
3 곡선(설정 전체),야간(20~01시),R2 룩업표(구×접수 시각),곡선,0.10054,98.62,91.356,16.775,19.453,27.499,9073,1932
3 곡선(설정 전체),전체,R2 룩업표(구×접수 시각),곡선,0.10055,531.793,29.887,26.025,18.363,15.045,48925,30060
3 곡선(설정 전체),야간(20~01시),R2 룩업표(구×접수 시각),곡선,0.10055,98.011,90.787,16.885,19.452,27.459,9017,1932
3 곡선(설정 전체),전체,R2 룩업표(구×접수 시각),곡선,0.10089,531.793,29.887,26.025,18.363,15.045,48925,30060
3 곡선(설정 전체),야간(20~01시),R2 룩업표(구×접수 시각),곡선,0.10089,98.011,90.787,16.885,19.452,27.459,9017,1932
3 곡선(설정 전체),전체,R2 룩업표(구×접수 시각),곡선,0.10152,529.272,29.774,26.038,18.38,15.033,48693,30060
3 곡선(설정 전체),야간(20~01시),R2 룩업표(구×접수 시각),곡선,0.10152,98.011,90.787,16.885,19.452,27.459,9017,1932
3 곡선(설정 전체),전체,R2 룩업표(구×접수 시각),곡선,0.10159,510.978,29.015,26.146,18.553,14.616,47010,30060
3 곡선(설정 전체),야간(20~01시),R2 룩업표(구×접수 시각),곡선,0.10159,98.011,90.787,16.885,19.452,27.459,9017,1932
3 곡선(설정 전체),전체,R2 룩업표(구×접수 시각),곡선,0.10188,510.859,29.002,26.159,18.549,14.611,46999,30060
3 곡선(설정 전체),야간(20~01시),R2 룩업표(구×접수 시각),곡선,0.10188,97.891,90.58,16.885,19.431,27.448,9006,1932
3 곡선(설정 전체),전체,R2 룩업표(구×접수 시각),곡선,0.10204,502.12,28.709,26.316,18.682,14.504,46195,30060
3 곡선(설정 전체),야간(20~01시),R2 룩업표(구×접수 시각),곡선,0.10204,97.891,90.58,16.885,19.431,27.448,9006,1932
3 곡선(설정 전체),전체,R2 룩업표(구×접수 시각),곡선,0.10249,502.12,28.709,26.316,18.682,14.504,46195,30060
3 곡선(설정 전체),야간(20~01시),R2 룩업표(구×접수 시각),곡선,0.10249,97.891,90.58,16.885,19.431,27.448,9006,1932
3 곡선(설정 전체),전체,R2 룩업표(구×접수 시각),곡선,0.10281,500.783,28.663,26.334,18.701,14.406,46072,30060
3 곡선(설정 전체),야간(20~01시),R2 룩업표(구×접수 시각),곡선,0.10281,96.554,89.855,16.911,19.543,27.119,8883,1932
3 곡선(설정 전체),전체,R2 룩업표(구×접수 시각),곡선,0.10285,500.217,28.629,26.39,18.701,14.374,46020,30060
3 곡선(설정 전체),야간(20~01시),R2 룩업표(구×접수 시각),곡선,0.10285,95.989,89.337,17.101,19.545,27.03,8831,1932
3 곡선(설정 전체),전체,R2 룩업표(구×접수 시각),곡선,0.10309,499.924,28.616,26.39,18.703,14.348,45993,30060
3 곡선(설정 전체),야간(20~01시),R2 룩업표(구×접수 시각),곡선,0.10309,95.696,89.13,17.101,19.559,26.931,8804,1932
3 곡선(설정 전체),전체,R2 룩업표(구×접수 시각),곡선,0.10322,499.435,28.606,26.399,18.715,14.316,45948,30060
3 곡선(설정 전체),야간(20~01시),R2 룩업표(구×접수 시각),곡선,0.10322,95.696,89.13,17.101,19.559,26.931,8804,1932
3 곡선(설정 전체),전체,R2 룩업표(구×접수 시각),곡선,0.10356,499.359,28.603,26.397,18.715,14.31,45941,30060
3 곡선(설정 전체),야간(20~01시),R2 룩업표(구×접수 시각),곡선,0.10356,95.62,89.079,17.033,19.563,26.907,8797,1932
3 곡선(설정 전체),전체,R2 룩업표(구×접수 시각),곡선,0.10369,499.359,28.603,26.397,18.715,14.31,45941,30060
3 곡선(설정 전체),야간(20~01시),R2 룩업표(구×접수 시각),곡선,0.10369,95.62,89.079,17.033,19.563,26.907,8797,1932
3 곡선(설정 전체),전체,R2 룩업표(구×접수 시각),곡선,0.10375,498.217,28.543,26.432,18.719,14.253,45836,30060
3 곡선(설정 전체),야간(20~01시),R2 룩업표(구×접수 시각),곡선,0.10375,94.478,88.147,17.267,19.593,26.76,8692,1932
3 곡선(설정 전체),전체,R2 룩업표(구×접수 시각),곡선,0.10409,498.217,28.543,26.432,18.719,14.253,45836,30060
3 곡선(설정 전체),야간(20~01시),R2 룩업표(구×접수 시각),곡선,0.10409,94.478,88.147,17.267,19.593,26.76,8692,1932
3 곡선(설정 전체),전체,R2 룩업표(구×접수 시각),곡선,0.10431,495.152,28.446,26.55,18.771,14.133,45554,30060
3 곡선(설정 전체),야간(20~01시),R2 룩업표(구×접수 시각),곡선,0.10431,94.478,88.147,17.267,19.593,26.76,8692,1932
3 곡선(설정 전체),전체,R2 룩업표(구×접수 시각),곡선,0.10441,493.848,28.407,26.49,18.794,14.113,45434,30060
3 곡선(설정 전체),야간(20~01시),R2 룩업표(구×접수 시각),곡선,0.10441,94.478,88.147,17.267,19.593,26.76,8692,1932
3 곡선(설정 전체),전체,R2 룩업표(구×접수 시각),곡선,0.10456,493.543,28.397,26.536,18.799,14.095,45406,30060
3 곡선(설정 전체),야간(20~01시),R2 룩업표(구×접수 시각),곡선,0.10456,94.174,87.992,17.317,19.621,26.708,8664,1932
3 곡선(설정 전체),전체,R2 룩업표(구×접수 시각),곡선,0.10511,493.304,28.377,26.536,18.795,14.093,45384,30060
3 곡선(설정 전체),야간(20~01시),R2 룩업표(구×접수 시각),곡선,0.10511,93.935,87.681,17.317,19.602,26.73,8642,1932
3 곡선(설정 전체),전체,R2 룩업표(구×접수 시각),곡선,0.10556,488.217,28.187,26.723,18.864,13.935,44916,30060
3 곡선(설정 전체),야간(20~01시),R2 룩업표(구×접수 시각),곡선,0.10556,91.609,86.387,17.336,19.803,26.341,8428,1932
3 곡선(설정 전체),전체,R2 룩업표(구×접수 시각),곡선,0.10576,487.891,28.17,26.728,18.866,13.922,44886,30060
3 곡선(설정 전체),야간(20~01시),R2 룩업표(구×접수 시각),곡선,0.10576,91.283,86.128,17.351,19.814,26.316,8398,1932
3 곡선(설정 전체),전체,R2 룩업표(구×접수 시각),곡선,0.10578,487.891,28.17,26.728,18.866,13.922,44886,30060
3 곡선(설정 전체),야간(20~01시),R2 룩업표(구×접수 시각),곡선,0.10578,91.283,86.128,17.351,19.814,26.316,8398,1932
3 곡선(설정 전체),전체,R2 룩업표(구×접수 시각),곡선,0.10584,486.717,28.13,26.735,18.884,13.891,44778,30060
3 곡선(설정 전체),야간(20~01시),R2 룩업표(구×접수 시각),곡선,0.10584,91.13,86.077,17.361,19.835,26.3,8384,1932
3 곡선(설정 전체),전체,R2 룩업표(구×접수 시각),곡선,0.10627,486.717,28.13,26.735,18.884,13.891,44778,30060
3 곡선(설정 전체),야간(20~01시),R2 룩업표(구×접수 시각),곡선,0.10627,91.13,86.077,17.361,19.835,26.3,8384,1932
3 곡선(설정 전체),전체,R2 룩업표(구×접수 시각),곡선,0.10637,486.663,28.13,26.735,18.886,13.888,44773,30060
3 곡선(설정 전체),야간(20~01시),R2 룩업표(구×접수 시각),곡선,0.10637,91.13,86.077,17.361,19.835,26.3,8384,1932
3 곡선(설정 전체),전체,R2 룩업표(구×접수 시각),곡선,0.10747,483.37,27.954,26.833,18.896,13.919,44470,30060
3 곡선(설정 전체),야간(20~01시),R2 룩업표(구×접수 시각),곡선,0.10747,91.13,86.077,17.361,19.835,26.3,8384,1932
3 곡선(설정 전체),전체,R2 룩업표(구×접수 시각),곡선,0.10757,475.033,27.525,26.843,18.932,13.903,43703,30060
3 곡선(설정 전체),야간(20~01시),R2 룩업표(구×접수 시각),곡선,0.10757,90.739,85.766,17.5,19.849,26.21,8348,1932
3 곡선(설정 전체),전체,R2 룩업표(구×접수 시각),곡선,0.10844,475.033,27.525,26.843,18.932,13.903,43703,30060
3 곡선(설정 전체),야간(20~01시),R2 룩업표(구×접수 시각),곡선,0.10844,90.739,85.766,17.5,19.849,26.21,8348,1932
3 곡선(설정 전체),전체,R2 룩업표(구×접수 시각),곡선,0.10847,473.12,27.442,26.833,18.951,13.83,43527,30060
3 곡선(설정 전체),야간(20~01시),R2 룩업표(구×접수 시각),곡선,0.10847,88.826,84.472,17.389,19.971,26.089,8172,1932
3 곡선(설정 전체),전체,R2 룩업표(구×접수 시각),곡선,0.10861,462.891,27.046,26.925,19.091,13.772,42586,30060
3 곡선(설정 전체),야간(20~01시),R2 룩업표(구×접수 시각),곡선,0.10861,88.826,84.472,17.389,19.971,26.089,8172,1932
3 곡선(설정 전체),전체,R2 룩업표(구×접수 시각),곡선,0.10884,462.891,27.046,26.925,19.091,13.772,42586,30060
3 곡선(설정 전체),야간(20~01시),R2 룩업표(구×접수 시각),곡선,0.10884,88.826,84.472,17.389,19.971,26.089,8172,1932
3 곡선(설정 전체),전체,R2 룩업표(구×접수 시각),곡선,0.10915,457.12,26.786,26.896,19.146,13.656,42055,30060
3 곡선(설정 전체),야간(20~01시),R2 룩업표(구×접수 시각),곡선,0.10915,87.815,83.333,17.389,19.928,26.241,8079,1932
3 곡선(설정 전체),전체,R2 룩업표(구×접수 시각),곡선,0.10916,456.848,26.783,26.9,19.155,13.65,42030,30060
3 곡선(설정 전체),야간(20~01시),R2 룩업표(구×접수 시각),곡선,0.10916,87.543,83.282,17.417,19.978,26.248,8054,1932
3 곡선(설정 전체),전체,R2 룩업표(구×접수 시각),곡선,0.10942,456.848,26.783,26.9,19.155,13.65,42030,30060
3 곡선(설정 전체),야간(20~01시),R2 룩업표(구×접수 시각),곡선,0.10942,87.543,83.282,17.417,19.978,26.248,8054,1932
3 곡선(설정 전체),전체,R2 룩업표(구×접수 시각),곡선,0.11001,451.533,26.52,26.932,19.191,13.577,41541,30060
3 곡선(설정 전체),야간(20~01시),R2 룩업표(구×접수 시각),곡선,0.11001,87.543,83.282,17.417,19.978,26.248,8054,1932
3 곡선(설정 전체),전체,R2 룩업표(구×접수 시각),곡선,0.11072,450.478,26.477,26.933,19.204,13.524,41444,30060
3 곡선(설정 전체),야간(20~01시),R2 룩업표(구×접수 시각),곡선,0.11072,86.489,82.609,17.389,20.058,26.128,7957,1932
3 곡선(설정 전체),전체,R2 룩업표(구×접수 시각),곡선,0.11086,450.478,26.477,26.933,19.204,13.524,41444,30060
3 곡선(설정 전체),야간(20~01시),R2 룩업표(구×접수 시각),곡선,0.11086,86.489,82.609,17.389,20.058,26.128,7957,1932
3 곡선(설정 전체),전체,R2 룩업표(구×접수 시각),곡선,0.11128,449.63,26.434,26.958,19.209,13.492,41366,30060
3 곡선(설정 전체),야간(20~01시),R2 룩업표(구×접수 시각),곡선,0.11128,86.446,82.609,17.389,20.068,26.129,7953,1932
3 곡선(설정 전체),전체,R2 룩업표(구×접수 시각),곡선,0.11131,447.902,26.344,26.933,19.218,13.469,41207,30060
3 곡선(설정 전체),야간(20~01시),R2 룩업표(구×접수 시각),곡선,0.11131,84.717,81.211,17.168,20.131,26.264,7794,1932
3 곡선(설정 전체),전체,R2 룩업표(구×접수 시각),곡선,0.11144,442.891,26.128,26.958,19.276,13.304,40746,30060
3 곡선(설정 전체),야간(20~01시),R2 룩업표(구×접수 시각),곡선,0.11144,84.717,81.211,17.168,20.131,26.264,7794,1932
3 곡선(설정 전체),전체,R2 룩업표(구×접수 시각),곡선,0.11208,439.022,25.935,27.036,19.302,13.201,40390,30060
3 곡선(설정 전체),야간(20~01시),R2 룩업표(구×접수 시각),곡선,0.11208,84.717,81.211,17.168,20.131,26.264,7794,1932
3 곡선(설정 전체),전체,R2 룩업표(구×접수 시각),곡선,0.11236,439.022,25.935,27.036,19.302,13.201,40390,30060
3 곡선(설정 전체),야간(20~01시),R2 룩업표(구×접수 시각),곡선,0.11236,84.717,81.211,17.168,20.131,26.264,7794,1932
3 곡선(설정 전체),전체,R2 룩업표(구×접수 시각),곡선,0.11284,438.891,25.921,27.058,19.298,13.193,40378,30060
3 곡선(설정 전체),야간(20~01시),R2 룩업표(구×접수 시각),곡선,0.11284,84.587,81.004,17.297,20.111,26.24,7782,1932
3 곡선(설정 전체),전체,R2 룩업표(구×접수 시각),곡선,0.11363,435.467,25.762,27.159,19.33,13.129,40063,30060
3 곡선(설정 전체),야간(20~01시),R2 룩업표(구×접수 시각),곡선,0.11363,84.587,81.004,17.297,20.111,26.24,7782,1932
3 곡선(설정 전체),전체,R2 룩업표(구×접수 시각),곡선,0.1149,426.272,25.303,27.38,19.395,13.155,39217,30060
3 곡선(설정 전체),야간(20~01시),R2 룩업표(구×접수 시각),곡선,0.1149,83.391,80.072,17.267,20.164,26.225,7672,1932
3 곡선(설정 전체),전체,R2 룩업표(구×접수 시각),곡선,0.11508,426.272,25.303,27.38,19.395,13.155,39217,30060
3 곡선(설정 전체),야간(20~01시),R2 룩업표(구×접수 시각),곡선,0.11508,83.391,80.072,17.267,20.164,26.225,7672,1932
3 곡선(설정 전체),전체,R2 룩업표(구×접수 시각),곡선,0.11542,413.174,24.82,27.284,19.628,13.338,38012,30060
3 곡선(설정 전체),야간(20~01시),R2 룩업표(구×접수 시각),곡선,0.11542,83.304,80.021,17.282,20.172,26.213,7664,1932
3 곡선(설정 전체),전체,R2 룩업표(구×접수 시각),곡선,0.11605,413.174,24.82,27.284,19.628,13.338,38012,30060
3 곡선(설정 전체),야간(20~01시),R2 룩업표(구×접수 시각),곡선,0.11605,83.304,80.021,17.282,20.172,26.213,7664,1932
3 곡선(설정 전체),전체,R2 룩업표(구×접수 시각),곡선,0.1161,412.261,24.774,27.317,19.635,13.275,37928,30060
3 곡선(설정 전체),야간(20~01시),R2 룩업표(구×접수 시각),곡선,0.1161,82.391,79.296,17.339,20.211,26.042,7580,1932
3 곡선(설정 전체),전체,R2 룩업표(구×접수 시각),곡선,0.11749,411.924,24.757,27.38,19.637,13.257,37897,30060
3 곡선(설정 전체),야간(20~01시),R2 룩업표(구×접수 시각),곡선,0.11749,82.054,79.037,17.342,20.228,26.003,7549,1932
3 곡선(설정 전체),전체,R2 룩업표(구×접수 시각),곡선,0.11769,411.022,24.711,27.417,19.644,13.207,37814,30060
3 곡선(설정 전체),야간(20~01시),R2 룩업표(구×접수 시각),곡선,0.11769,81.152,78.313,17.5,20.265,25.891,7466,1932
3 곡선(설정 전체),전체,R2 룩업표(구×접수 시각),곡선,0.11787,410.663,24.661,27.43,19.621,13.213,37781,30060
3 곡선(설정 전체),야간(20~01시),R2 룩업표(구×접수 시각),곡선,0.11787,80.793,77.536,17.282,20.153,25.979,7433,1932
3 곡선(설정 전체),전체,R2 룩업표(구×접수 시각),곡선,0.11808,402.174,24.238,27.564,19.692,13.322,37000,30060
3 곡선(설정 전체),야간(20~01시),R2 룩업표(구×접수 시각),곡선,0.11808,80.793,77.536,17.282,20.153,25.979,7433,1932
3 곡선(설정 전체),전체,R2 룩업표(구×접수 시각),곡선,0.11817,402.174,24.238,27.564,19.692,13.322,37000,30060
3 곡선(설정 전체),야간(20~01시),R2 룩업표(구×접수 시각),곡선,0.11817,80.793,77.536,17.282,20.153,25.979,7433,1932
3 곡선(설정 전체),전체,R2 룩업표(구×접수 시각),곡선,0.11838,394.946,23.892,27.621,19.766,13.296,36335,30060
3 곡선(설정 전체),야간(20~01시),R2 룩업표(구×접수 시각),곡선,0.11838,80.793,77.536,17.282,20.153,25.979,7433,1932
3 곡선(설정 전체),전체,R2 룩업표(구×접수 시각),곡선,0.11927,391.207,23.666,27.872,19.766,13.27,35991,30060
3 곡선(설정 전체),야간(20~01시),R2 룩업표(구×접수 시각),곡선,0.11927,80.793,77.536,17.282,20.153,25.979,7433,1932
3 곡선(설정 전체),전체,R2 룩업표(구×접수 시각),곡선,0.11933,391.207,23.666,27.872,19.766,13.27,35991,30060
3 곡선(설정 전체),야간(20~01시),R2 룩업표(구×접수 시각),곡선,0.11933,80.793,77.536,17.282,20.153,25.979,7433,1932
3 곡선(설정 전체),전체,R2 룩업표(구×접수 시각),곡선,0.12031,386.815,23.436,27.864,19.797,13.235,35587,30060
3 곡선(설정 전체),야간(20~01시),R2 룩업표(구×접수 시각),곡선,0.12031,79.109,76.139,17.267,20.212,26.051,7278,1932
3 곡선(설정 전체),전체,R2 룩업표(구×접수 시각),곡선,0.12065,386.815,23.436,27.864,19.797,13.235,35587,30060
3 곡선(설정 전체),야간(20~01시),R2 룩업표(구×접수 시각),곡선,0.12065,79.109,76.139,17.267,20.212,26.051,7278,1932
3 곡선(설정 전체),전체,R2 룩업표(구×접수 시각),곡선,0.12074,377.467,22.984,27.952,19.895,12.751,34727,30060
3 곡선(설정 전체),야간(20~01시),R2 룩업표(구×접수 시각),곡선,0.12074,78.609,75.414,17.267,20.147,26.065,7232,1932
3 곡선(설정 전체),전체,R2 룩업표(구×접수 시각),곡선,0.12088,377.467,22.984,27.952,19.895,12.751,34727,30060
3 곡선(설정 전체),야간(20~01시),R2 룩업표(구×접수 시각),곡선,0.12088,78.609,75.414,17.267,20.147,26.065,7232,1932
3 곡선(설정 전체),전체,R2 룩업표(구×접수 시각),곡선,0.12091,376.109,22.917,27.884,19.909,12.702,34602,30060
3 곡선(설정 전체),야간(20~01시),R2 룩업표(구×접수 시각),곡선,0.12091,77.25,74.379,16.947,20.22,26.059,7107,1932
3 곡선(설정 전체),전체,R2 룩업표(구×접수 시각),곡선,0.1212,374.674,22.854,27.949,19.93,12.599,34470,30060
3 곡선(설정 전체),야간(20~01시),R2 룩업표(구×접수 시각),곡선,0.1212,76.837,74.017,16.935,20.229,26.057,7069,1932
3 곡선(설정 전체),전체,R2 룩업표(구×접수 시각),곡선,0.12173,374.674,22.854,27.949,19.93,12.599,34470,30060
3 곡선(설정 전체),야간(20~01시),R2 룩업표(구×접수 시각),곡선,0.12173,76.837,74.017,16.935,20.229,26.057,7069,1932
3 곡선(설정 전체),전체,R2 룩업표(구×접수 시각),곡선,0.12216,364.641,22.299,27.952,19.981,12.49,33547,30060
3 곡선(설정 전체),야간(20~01시),R2 룩업표(구×접수 시각),곡선,0.12216,76.435,73.861,16.9,20.293,25.981,7032,1932
3 곡선(설정 전체),전체,R2 룩업표(구×접수 시각),곡선,0.12307,364.641,22.299,27.952,19.981,12.49,33547,30060
3 곡선(설정 전체),야간(20~01시),R2 룩업표(구×접수 시각),곡선,0.12307,76.435,73.861,16.9,20.293,25.981,7032,1932
3 곡선(설정 전체),전체,R2 룩업표(구×접수 시각),곡선,0.124,356.239,21.89,28.024,20.077,12.473,32774,30060
3 곡선(설정 전체),야간(20~01시),R2 룩업표(구×접수 시각),곡선,0.124,73.446,71.894,16.81,20.556,26.21,6757,1932
3 곡선(설정 전체),전체,R2 룩업표(구×접수 시각),곡선,0.12482,356.239,21.89,28.024,20.077,12.473,32774,30060
3 곡선(설정 전체),야간(20~01시),R2 룩업표(구×접수 시각),곡선,0.12482,73.446,71.894,16.81,20.556,26.21,6757,1932
3 곡선(설정 전체),전체,R2 룩업표(구×접수 시각),곡선,0.1249,351.75,21.667,28.2,20.126,12.116,32361,30060
3 곡선(설정 전체),야간(20~01시),R2 룩업표(구×접수 시각),곡선,0.1249,68.957,68.427,17.217,20.839,25.284,6344,1932
3 곡선(설정 전체),전체,R2 룩업표(구×접수 시각),곡선,0.12509,348.598,21.514,28.334,20.165,11.955,32071,30060
3 곡선(설정 전체),야간(20~01시),R2 룩업표(구×접수 시각),곡선,0.12509,68.609,68.323,17.282,20.913,25.19,6312,1932
3 곡선(설정 전체),전체,R2 룩업표(구×접수 시각),곡선,0.12558,348.598,21.514,28.334,20.165,11.955,32071,30060
3 곡선(설정 전체),야간(20~01시),R2 룩업표(구×접수 시각),곡선,0.12558,68.609,68.323,17.282,20.913,25.19,6312,1932
3 곡선(설정 전체),전체,R2 룩업표(구×접수 시각),곡선,0.12572,330.554,20.605,28.135,20.368,12.173,30411,30060
3 곡선(설정 전체),야간(20~01시),R2 룩업표(구×접수 시각),곡선,0.12572,68.609,68.323,17.282,20.913,25.19,6312,1932
3 곡선(설정 전체),전체,R2 룩업표(구×접수 시각),곡선,0.12574,329.685,20.549,28.192,20.365,12.156,30331,30060
3 곡선(설정 전체),야간(20~01시),R2 룩업표(구×접수 시각),곡선,0.12574,67.739,67.443,17.342,20.908,25.273,6232,1932
3 곡선(설정 전체),전체,R2 룩업표(구×접수 시각),곡선,0.12574,329.685,20.549,28.192,20.365,12.156,30331,30060
3 곡선(설정 전체),야간(20~01시),R2 룩업표(구×접수 시각),곡선,0.12574,67.739,67.443,17.342,20.908,25.273,6232,1932
3 곡선(설정 전체),전체,R2 룩업표(구×접수 시각),곡선,0.12577,328.141,20.499,28.2,20.411,12.117,30189,30060
3 곡선(설정 전체),야간(20~01시),R2 룩업표(구×접수 시각),곡선,0.12577,66.196,66.667,17.319,21.149,25.386,6090,1932
3 곡선(설정 전체),전체,R2 룩업표(구×접수 시각),곡선,0.12581,325.185,20.339,28.342,20.437,11.99,29917,30060
3 곡선(설정 전체),야간(20~01시),R2 룩업표(구×접수 시각),곡선,0.12581,63.239,64.182,17.319,21.313,25.352,5818,1932
3 곡선(설정 전체),전체,R2 룩업표(구×접수 시각),곡선,0.12616,322.837,20.143,28.397,20.387,11.932,29701,30060
3 곡선(설정 전체),야간(20~01시),R2 룩업표(구×접수 시각),곡선,0.12616,60.891,61.128,17.5,21.082,25.562,5602,1932
3 곡선(설정 전체),전체,R2 룩업표(구×접수 시각),곡선,0.12675,322.837,20.143,28.397,20.387,11.932,29701,30060
3 곡선(설정 전체),야간(20~01시),R2 룩업표(구×접수 시각),곡선,0.12675,60.891,61.128,17.5,21.082,25.562,5602,1932
3 곡선(설정 전체),전체,R2 룩업표(구×접수 시각),곡선,0.12678,319.413,20.033,28.395,20.493,11.682,29386,30060
3 곡선(설정 전체),야간(20~01시),R2 룩업표(구×접수 시각),곡선,0.12678,60.554,60.921,17.5,21.127,25.525,5571,1932
3 곡선(설정 전체),전체,R2 룩업표(구×접수 시각),곡선,0.12687,317.522,19.92,28.42,20.498,11.591,29212,30060
3 곡선(설정 전체),야간(20~01시),R2 룩업표(구×접수 시각),곡선,0.12687,60.554,60.921,17.5,21.127,25.525,5571,1932
3 곡선(설정 전체),전체,R2 룩업표(구×접수 시각),곡선,0.12713,316.978,19.9,28.42,20.513,11.525,29162,30060
3 곡선(설정 전체),야간(20~01시),R2 룩업표(구×접수 시각),곡선,0.12713,60.011,60.611,17.5,21.21,25.303,5521,1932
3 곡선(설정 전체),전체,R2 룩업표(구×접수 시각),곡선,0.12813,316.978,19.9,28.42,20.513,11.525,29162,30060
3 곡선(설정 전체),야간(20~01시),R2 룩업표(구×접수 시각),곡선,0.12813,60.011,60.611,17.5,21.21,25.303,5521,1932
3 곡선(설정 전체),전체,R2 룩업표(구×접수 시각),곡선,0.1292,315.75,19.837,28.49,20.527,11.47,29049,30060
3 곡선(설정 전체),야간(20~01시),R2 룩업표(구×접수 시각),곡선,0.1292,58.783,59.627,17.5,21.302,25.296,5408,1932
3 곡선(설정 전체),전체,R2 룩업표(구×접수 시각),곡선,0.12944,308.022,19.464,28.684,20.647,11.222,28338,30060
3 곡선(설정 전체),야간(20~01시),R2 룩업표(구×접수 시각),곡선,0.12944,58.783,59.627,17.5,21.302,25.296,5408,1932
3 곡선(설정 전체),전체,R2 룩업표(구×접수 시각),곡선,0.12947,305.815,19.335,28.755,20.658,11.16,28135,30060
3 곡선(설정 전체),야간(20~01시),R2 룩업표(구×접수 시각),곡선,0.12947,58.783,59.627,17.5,21.302,25.296,5408,1932
3 곡선(설정 전체),전체,R2 룩업표(구×접수 시각),곡선,0.12958,305.576,19.321,28.768,20.659,11.144,28113,30060
3 곡선(설정 전체),야간(20~01시),R2 룩업표(구×접수 시각),곡선,0.12958,58.543,59.42,17.523,21.315,25.269,5386,1932
3 곡선(설정 전체),전체,R2 룩업표(구×접수 시각),곡선,0.12997,305.576,19.321,28.768,20.659,11.144,28113,30060
3 곡선(설정 전체),야간(20~01시),R2 룩업표(구×접수 시각),곡선,0.12997,58.543,59.42,17.523,21.315,25.269,5386,1932
3 곡선(설정 전체),전체,R2 룩업표(구×접수 시각),곡선,0.13043,283.076,18.007,28.701,20.785,11.109,26043,30060
3 곡선(설정 전체),야간(20~01시),R2 룩업표(구×접수 시각),곡선,0.13043,58.543,59.42,17.523,21.315,25.269,5386,1932
3 곡선(설정 전체),전체,R2 룩업표(구×접수 시각),곡선,0.13044,282.478,17.971,28.717,20.787,11.09,25988,30060
3 곡선(설정 전체),야간(20~01시),R2 룩업표(구×접수 시각),곡선,0.13044,57.946,58.851,17.546,21.328,25.324,5331,1932
3 곡선(설정 전체),전체,R2 룩업표(구×접수 시각),곡선,0.13116,282.478,17.971,28.717,20.787,11.09,25988,30060
3 곡선(설정 전체),야간(20~01시),R2 룩업표(구×접수 시각),곡선,0.13116,57.946,58.851,17.546,21.328,25.324,5331,1932
3 곡선(설정 전체),전체,R2 룩업표(구×접수 시각),곡선,0.13249,282.011,17.947,28.675,20.794,11.039,25945,30060
3 곡선(설정 전체),야간(20~01시),R2 룩업표(구×접수 시각),곡선,0.13249,57.946,58.851,17.546,21.328,25.324,5331,1932
3 곡선(설정 전체),전체,R2 룩업표(구×접수 시각),곡선,0.13273,271.13,17.222,28.397,20.754,11.213,24944,30060
3 곡선(설정 전체),야간(20~01시),R2 룩업표(구×접수 시각),곡선,0.13273,57.478,58.437,17.584,21.35,25.189,5288,1932
3 곡선(설정 전체),전체,R2 룩업표(구×접수 시각),곡선,0.13299,271.13,17.222,28.397,20.754,11.213,24944,30060
3 곡선(설정 전체),야간(20~01시),R2 룩업표(구×접수 시각),곡선,0.13299,57.478,58.437,17.584,21.35,25.189,5288,1932
3 곡선(설정 전체),전체,R2 룩업표(구×접수 시각),곡선,0.13318,266.272,16.993,28.523,20.852,10.92,24497,30060
3 곡선(설정 전체),야간(20~01시),R2 룩업표(구×접수 시각),곡선,0.13318,56.043,57.143,17.584,21.412,24.981,5156,1932
3 곡선(설정 전체),전체,R2 룩업표(구×접수 시각),곡선,0.13384,263.913,16.863,28.56,20.877,10.708,24280,30060
3 곡선(설정 전체),야간(20~01시),R2 룩업표(구×접수 시각),곡선,0.13384,53.685,55.124,17.546,21.563,24.56,4939,1932
3 곡선(설정 전체),전체,R2 룩업표(구×접수 시각),곡선,0.13417,263.913,16.863,28.56,20.877,10.708,24280,30060
3 곡선(설정 전체),야간(20~01시),R2 룩업표(구×접수 시각),곡선,0.13417,53.685,55.124,17.546,21.563,24.56,4939,1932
3 곡선(설정 전체),전체,R2 룩업표(구×접수 시각),곡선,0.13448,262.826,16.803,28.633,20.889,10.645,24180,30060
3 곡선(설정 전체),야간(20~01시),R2 룩업표(구×접수 시각),곡선,0.13448,52.598,54.193,17.748,21.637,24.53,4839,1932
3 곡선(설정 전체),전체,R2 룩업표(구×접수 시각),곡선,0.13485,262.826,16.803,28.633,20.889,10.645,24180,30060
3 곡선(설정 전체),야간(20~01시),R2 룩업표(구×접수 시각),곡선,0.13485,52.598,54.193,17.748,21.637,24.53,4839,1932
3 곡선(설정 전체),전체,R2 룩업표(구×접수 시각),곡선,0.13551,262.109,16.77,28.684,20.905,10.62,24114,30060
3 곡선(설정 전체),야간(20~01시),R2 룩업표(구×접수 시각),곡선,0.13551,51.88,53.675,17.942,21.726,24.597,4773,1932
3 곡선(설정 전체),전체,R2 룩업표(구×접수 시각),곡선,0.13651,258.696,16.56,28.779,20.916,10.445,23800,30060
3 곡선(설정 전체),야간(20~01시),R2 룩업표(구×접수 시각),곡선,0.13651,48.467,50.414,17.967,21.843,24.647,4459,1932
3 곡선(설정 전체),전체,R2 룩업표(구×접수 시각),곡선,0.13731,258.696,16.56,28.779,20.916,10.445,23800,30060
3 곡선(설정 전체),야간(20~01시),R2 룩업표(구×접수 시각),곡선,0.13731,48.467,50.414,17.967,21.843,24.647,4459,1932
3 곡선(설정 전체),전체,R2 룩업표(구×접수 시각),곡선,0.13739,256.054,16.394,28.768,20.919,10.349,23557,30060
3 곡선(설정 전체),야간(20~01시),R2 룩업표(구×접수 시각),곡선,0.13739,45.826,47.826,17.523,21.917,24.929,4216,1932
3 곡선(설정 전체),전체,R2 룩업표(구×접수 시각),곡선,0.13741,248.935,15.931,28.633,20.911,10.506,22902,30060
3 곡선(설정 전체),야간(20~01시),R2 룩업표(구×접수 시각),곡선,0.13741,45.674,47.671,17.553,21.918,24.917,4202,1932
3 곡선(설정 전체),전체,R2 룩업표(구×접수 시각),곡선,0.13821,241.402,15.612,28.684,21.131,10.37,22209,30060
3 곡선(설정 전체),야간(20~01시),R2 룩업표(구×접수 시각),곡선,0.13821,45.674,47.671,17.553,21.918,24.917,4202,1932
3 곡선(설정 전체),전체,R2 룩업표(구×접수 시각),곡선,0.139,241.283,15.602,28.717,21.128,10.366,22198,30060
3 곡선(설정 전체),야간(20~01시),R2 룩업표(구×접수 시각),곡선,0.139,45.554,47.516,17.584,21.904,24.934,4191,1932
3 곡선(설정 전체),전체,R2 룩업표(구×접수 시각),곡선,0.13974,241.283,15.602,28.717,21.128,10.366,22198,30060
3 곡선(설정 전체),야간(20~01시),R2 룩업표(구×접수 시각),곡선,0.13974,45.554,47.516,17.584,21.904,24.934,4191,1932
3 곡선(설정 전체),전체,R2 룩업표(구×접수 시각),곡선,0.13977,240.696,15.552,28.783,21.112,10.346,22144,30060
3 곡선(설정 전체),야간(20~01시),R2 룩업표(구×접수 시각),곡선,0.13977,44.967,46.739,17.967,21.827,25.018,4137,1932
3 곡선(설정 전체),전체,R2 룩업표(구×접수 시각),곡선,0.13987,240.174,15.516,28.881,21.108,10.26,22096,30060
3 곡선(설정 전체),야간(20~01시),R2 룩업표(구×접수 시각),곡선,0.13987,44.446,46.17,18.348,21.815,24.725,4089,1932
3 곡선(설정 전체),전체,R2 룩업표(구×접수 시각),곡선,0.14005,239.641,15.489,28.933,21.119,10.242,22047,30060
3 곡선(설정 전체),야간(20~01시),R2 룩업표(구×접수 시각),곡선,0.14005,43.913,45.756,18.512,21.881,24.802,4040,1932
3 곡선(설정 전체),전체,R2 룩업표(구×접수 시각),곡선,0.14051,239.641,15.489,28.933,21.119,10.242,22047,30060
3 곡선(설정 전체),야간(20~01시),R2 룩업표(구×접수 시각),곡선,0.14051,43.913,45.756,18.512,21.881,24.802,4040,1932
3 곡선(설정 전체),전체,R2 룩업표(구×접수 시각),곡선,0.14063,229.315,14.9,28.701,21.231,10.39,21097,30060
3 곡선(설정 전체),야간(20~01시),R2 룩업표(구×접수 시각),곡선,0.14063,43.913,45.756,18.512,21.881,24.802,4040,1932
3 곡선(설정 전체),전체,R2 룩업표(구×접수 시각),곡선,0.14084,216.62,14.225,28.738,21.456,10.422,19929,30060
3 곡선(설정 전체),야간(20~01시),R2 룩업표(구×접수 시각),곡선,0.14084,43.913,45.756,18.512,21.881,24.802,4040,1932
3 곡선(설정 전체),전체,R2 룩업표(구×접수 시각),곡선,0.14156,210.978,13.869,29.002,21.479,10.149,19410,30060
3 곡선(설정 전체),야간(20~01시),R2 룩업표(구×접수 시각),곡선,0.14156,40.5,42.495,18.849,22.034,24.45,3726,1932
3 곡선(설정 전체),전체,R2 룩업표(구×접수 시각),곡선,0.14165,210.717,13.856,29.017,21.485,10.141,19386,30060
3 곡선(설정 전체),야간(20~01시),R2 룩업표(구×접수 시각),곡선,0.14165,40.239,42.288,18.85,22.069,24.5,3702,1932
3 곡선(설정 전체),전체,R2 룩업표(구×접수 시각),곡선,0.14253,209.435,13.792,29.117,21.518,10.094,19268,30060
3 곡선(설정 전체),야간(20~01시),R2 룩업표(구×접수 시각),곡선,0.14253,40.239,42.288,18.85,22.069,24.5,3702,1932
3 곡선(설정 전체),전체,R2 룩업표(구×접수 시각),곡선,0.14266,209.435,13.792,29.117,21.518,10.094,19268,30060
3 곡선(설정 전체),야간(20~01시),R2 룩업표(구×접수 시각),곡선,0.14266,40.239,42.288,18.85,22.069,24.5,3702,1932
3 곡선(설정 전체),전체,R2 룩업표(구×접수 시각),곡선,0.14312,194.152,12.818,29.4,21.571,10.01,17862,30060
3 곡선(설정 전체),야간(20~01시),R2 룩업표(구×접수 시각),곡선,0.14312,40.239,42.288,18.85,22.069,24.5,3702,1932
3 곡선(설정 전체),전체,R2 룩업표(구×접수 시각),곡선,0.14325,191.489,12.671,29.383,21.621,9.905,17617,30060
3 곡선(설정 전체),야간(20~01시),R2 룩업표(구×접수 시각),곡선,0.14325,39.457,41.563,19.067,22.121,24.325,3630,1932
3 곡선(설정 전체),전체,R2 룩업표(구×접수 시각),곡선,0.144,191.489,12.671,29.383,21.621,9.905,17617,30060
3 곡선(설정 전체),야간(20~01시),R2 룩업표(구×접수 시각),곡선,0.144,39.457,41.563,19.067,22.121,24.325,3630,1932
3 곡선(설정 전체),전체,R2 룩업표(구×접수 시각),곡선,0.14506,188.348,12.508,29.486,21.699,9.695,17328,30060
3 곡선(설정 전체),야간(20~01시),R2 룩업표(구×접수 시각),곡선,0.14506,36.315,39.027,18.81,22.568,24.484,3341,1932
3 곡선(설정 전체),전체,R2 룩업표(구×접수 시각),곡선,0.147,188.348,12.508,29.486,21.699,9.695,17328,30060
3 곡선(설정 전체),야간(20~01시),R2 룩업표(구×접수 시각),곡선,0.147,36.315,39.027,18.81,22.568,24.484,3341,1932
3 곡선(설정 전체),전체,R2 룩업표(구×접수 시각),곡선,0.14823,180.0,12.063,29.409,21.896,9.891,16560,30060
3 곡선(설정 전체),야간(20~01시),R2 룩업표(구×접수 시각),곡선,0.14823,36.315,39.027,18.81,22.568,24.484,3341,1932
3 곡선(설정 전체),전체,R2 룩업표(구×접수 시각),곡선,0.14924,178.13,11.91,29.555,21.845,9.812,16388,30060
3 곡선(설정 전체),야간(20~01시),R2 룩업표(구×접수 시각),곡선,0.14924,34.446,36.646,18.849,22.341,24.866,3169,1932
3 곡선(설정 전체),전체,R2 룩업표(구×접수 시각),곡선,0.14985,177.913,11.89,29.702,21.835,9.781,16368,30060
3 곡선(설정 전체),야간(20~01시),R2 룩업표(구×접수 시각),곡선,0.14985,34.228,36.335,19.086,22.293,24.802,3149,1932
3 곡선(설정 전체),전체,R2 룩업표(구×접수 시각),곡선,0.15027,175.793,11.747,29.833,21.833,9.541,16173,30060
3 곡선(설정 전체),야간(20~01시),R2 룩업표(구×접수 시각),곡선,0.15027,32.109,34.11,18.431,22.309,24.475,2954,1932
3 곡선(설정 전체),전체,R2 룩업표(구×접수 시각),곡선,0.15039,175.793,11.747,29.833,21.833,9.541,16173,30060
3 곡선(설정 전체),야간(20~01시),R2 룩업표(구×접수 시각),곡선,0.15039,32.109,34.11,18.431,22.309,24.475,2954,1932
3 곡선(설정 전체),전체,R2 룩업표(구×접수 시각),곡선,0.15041,175.63,11.743,29.842,21.847,9.537,16158,30060
3 곡선(설정 전체),야간(20~01시),R2 룩업표(구×접수 시각),곡선,0.15041,31.946,34.058,18.512,22.389,24.532,2939,1932
3 곡선(설정 전체),전체,R2 룩업표(구×접수 시각),곡선,0.15054,174.62,11.697,29.87,21.886,9.443,16065,30060
3 곡선(설정 전체),야간(20~01시),R2 룩업표(구×접수 시각),곡선,0.15054,31.75,33.851,18.683,22.39,24.478,2921,1932
3 곡선(설정 전체),전체,R2 룩업표(구×접수 시각),곡선,0.1519,173.054,11.583,29.912,21.87,9.302,15921,30060
3 곡선(설정 전체),야간(20~01시),R2 룩업표(구×접수 시각),곡선,0.1519,30.185,32.091,18.849,22.326,24.451,2777,1932
3 곡선(설정 전체),전체,R2 룩업표(구×접수 시각),곡선,0.1522,173.054,11.583,29.912,21.87,9.302,15921,30060
3 곡선(설정 전체),야간(20~01시),R2 룩업표(구×접수 시각),곡선,0.1522,30.185,32.091,18.849,22.326,24.451,2777,1932
3 곡선(설정 전체),전체,R2 룩업표(구×접수 시각),곡선,0.15236,171.533,11.464,29.989,21.836,9.163,15781,30060
3 곡선(설정 전체),야간(20~01시),R2 룩업표(구×접수 시각),곡선,0.15236,28.663,30.228,18.348,22.146,24.422,2637,1932
3 곡선(설정 전체),전체,R2 룩업표(구×접수 시각),곡선,0.15241,168.902,11.357,30.133,21.971,9.074,15539,30060
3 곡선(설정 전체),야간(20~01시),R2 룩업표(구×접수 시각),곡선,0.15241,28.663,30.228,18.348,22.146,24.422,2637,1932
3 곡선(설정 전체),전체,R2 룩업표(구×접수 시각),곡선,0.15249,168.902,11.357,30.133,21.971,9.074,15539,30060
3 곡선(설정 전체),야간(20~01시),R2 룩업표(구×접수 시각),곡선,0.15249,28.663,30.228,18.348,22.146,24.422,2637,1932
3 곡선(설정 전체),전체,R2 룩업표(구×접수 시각),곡선,0.15329,168.196,11.301,30.21,21.953,8.97,15474,30060
3 곡선(설정 전체),야간(20~01시),R2 룩업표(구×접수 시각),곡선,0.15329,27.957,29.348,18.85,22.045,24.184,2572,1932
3 곡선(설정 전체),전체,R2 룩업표(구×접수 시각),곡선,0.15401,168.12,11.297,30.236,21.956,8.961,15467,30060
3 곡선(설정 전체),야간(20~01시),R2 룩업표(구×접수 시각),곡선,0.15401,27.88,29.296,18.958,22.066,24.172,2565,1932
3 곡선(설정 전체),전체,R2 룩업표(구×접수 시각),곡선,0.15521,152.489,10.349,29.698,22.175,9.331,14029,30060
3 곡선(설정 전체),야간(20~01시),R2 룩업표(구×접수 시각),곡선,0.15521,27.174,28.416,18.849,21.96,24.32,2500,1932
3 곡선(설정 전체),전체,R2 룩업표(구×접수 시각),곡선,0.15529,145.283,9.864,29.833,22.183,9.614,13366,30060
3 곡선(설정 전체),야간(20~01시),R2 룩업표(구×접수 시각),곡선,0.15529,27.174,28.416,18.849,21.96,24.32,2500,1932
3 곡선(설정 전체),전체,R2 룩업표(구×접수 시각),곡선,0.1555,139.978,9.415,29.536,21.975,9.924,12878,30060
3 곡선(설정 전체),야간(20~01시),R2 룩업표(구×접수 시각),곡선,0.1555,27.174,28.416,18.849,21.96,24.32,2500,1932
3 곡선(설정 전체),전체,R2 룩업표(구×접수 시각),곡선,0.1561,139.978,9.415,29.536,21.975,9.924,12878,30060
3 곡선(설정 전체),야간(20~01시),R2 룩업표(구×접수 시각),곡선,0.1561,27.174,28.416,18.849,21.96,24.32,2500,1932
3 곡선(설정 전체),전체,R2 룩업표(구×접수 시각),곡선,0.15805,131.913,8.829,29.179,21.869,9.929,12136,30060
3 곡선(설정 전체),야간(20~01시),R2 룩업표(구×접수 시각),곡선,0.15805,25.88,27.433,18.721,22.26,23.73,2381,1932
3 곡선(설정 전체),전체,R2 룩업표(구×접수 시각),곡선,0.15902,131.913,8.829,29.179,21.869,9.929,12136,30060
3 곡선(설정 전체),야간(20~01시),R2 룩업표(구×접수 시각),곡선,0.15902,25.88,27.433,18.721,22.26,23.73,2381,1932
3 곡선(설정 전체),전체,R2 룩업표(구×접수 시각),곡선,0.15948,122.62,8.35,29.46,22.25,9.733,11281,30060
3 곡선(설정 전체),야간(20~01시),R2 룩업표(구×접수 시각),곡선,0.15948,23.793,25.673,18.849,22.659,22.887,2189,1932
3 곡선(설정 전체),전체,R2 룩업표(구×접수 시각),곡선,0.15952,105.402,7.199,29.058,22.316,10.385,9697,30060
3 곡선(설정 전체),야간(20~01시),R2 룩업표(구×접수 시각),곡선,0.15952,23.793,25.673,18.849,22.659,22.887,2189,1932
3 곡선(설정 전체),전체,R2 룩업표(구×접수 시각),곡선,0.16006,105.196,7.179,29.117,22.298,10.364,9678,30060
3 곡선(설정 전체),야간(20~01시),R2 룩업표(구×접수 시각),곡선,0.16006,23.587,25.362,19.086,22.581,22.903,2170,1932
3 곡선(설정 전체),전체,R2 룩업표(구×접수 시각),곡선,0.16134,100.804,6.923,28.772,22.439,10.405,9274,30060
3 곡선(설정 전체),야간(20~01시),R2 룩업표(구×접수 시각),곡선,0.16134,23.587,25.362,19.086,22.581,22.903,2170,1932
3 곡선(설정 전체),전체,R2 룩업표(구×접수 시각),곡선,0.1614,100.804,6.923,28.772,22.439,10.405,9274,30060
3 곡선(설정 전체),야간(20~01시),R2 룩업표(구×접수 시각),곡선,0.1614,23.587,25.362,19.086,22.581,22.903,2170,1932
3 곡선(설정 전체),전체,R2 룩업표(구×접수 시각),곡선,0.16211,93.967,6.444,28.334,22.406,10.839,8645,30060
3 곡선(설정 전체),야간(20~01시),R2 룩업표(구×접수 시각),곡선,0.16211,23.587,25.362,19.086,22.581,22.903,2170,1932
3 곡선(설정 전체),전체,R2 룩업표(구×접수 시각),곡선,0.1629,92.196,6.337,28.5,22.459,10.422,8482,30060
3 곡선(설정 전체),야간(20~01시),R2 룩업표(구×접수 시각),곡선,0.1629,21.815,23.706,19.224,22.82,22.123,2007,1932
3 곡선(설정 전체),전체,R2 룩업표(구×접수 시각),곡선,0.16299,86.076,6.021,28.16,22.856,10.734,7919,30060
3 곡선(설정 전체),야간(20~01시),R2 룩업표(구×접수 시각),곡선,0.16299,21.815,23.706,19.224,22.82,22.123,2007,1932
3 곡선(설정 전체),전체,R2 룩업표(구×접수 시각),곡선,0.16316,84.207,5.865,28.369,22.757,10.352,7747,30060
3 곡선(설정 전체),야간(20~01시),R2 룩업표(구×접수 시각),곡선,0.16316,19.946,21.273,19.626,22.398,21.58,1835,1932
3 곡선(설정 전체),전체,R2 룩업표(구×접수 시각),곡선,0.16372,83.348,5.815,28.405,22.796,10.316,7668,30060
3 곡선(설정 전체),야간(20~01시),R2 룩업표(구×접수 시각),곡선,0.16372,19.087,20.497,19.627,22.551,21.925,1756,1932
3 곡선(설정 전체),전체,R2 룩업표(구×접수 시각),곡선,0.16529,83.348,5.815,28.405,22.796,10.316,7668,30060
3 곡선(설정 전체),야간(20~01시),R2 룩업표(구×접수 시각),곡선,0.16529,19.087,20.497,19.627,22.551,21.925,1756,1932
3 곡선(설정 전체),전체,R2 룩업표(구×접수 시각),곡선,0.1673,78.978,5.526,28.77,22.86,10.006,7266,30060
3 곡선(설정 전체),야간(20~01시),R2 룩업표(구×접수 시각),곡선,0.1673,14.717,15.994,19.148,22.821,23.708,1354,1932
3 곡선(설정 전체),전체,R2 룩업표(구×접수 시각),곡선,0.16896,78.978,5.526,28.77,22.86,10.006,7266,30060
3 곡선(설정 전체),야간(20~01시),R2 룩업표(구×접수 시각),곡선,0.16896,14.717,15.994,19.148,22.821,23.708,1354,1932
3 곡선(설정 전체),전체,R2 룩업표(구×접수 시각),곡선,0.16906,76.772,5.359,29.233,22.809,9.33,7063,30060
3 곡선(설정 전체),야간(20~01시),R2 룩업표(구×접수 시각),곡선,0.16906,12.511,13.406,19.626,22.502,21.981,1151,1932
3 곡선(설정 전체),전체,R2 룩업표(구×접수 시각),곡선,0.17037,62.576,4.594,28.374,23.988,9.588,5757,30060
3 곡선(설정 전체),야간(20~01시),R2 룩업표(구×접수 시각),곡선,0.17037,10.576,11.232,18.22,22.302,23.433,973,1932
3 곡선(설정 전체),전체,R2 룩업표(구×접수 시각),곡선,0.17214,62.467,4.591,28.372,24.013,9.553,5747,30060
3 곡선(설정 전체),야간(20~01시),R2 룩업표(구×접수 시각),곡선,0.17214,10.467,11.18,18.093,22.43,23.364,963,1932
3 곡선(설정 전체),전체,R2 룩업표(구×접수 시각),곡선,0.17262,62.467,4.591,28.372,24.013,9.553,5747,30060
3 곡선(설정 전체),야간(20~01시),R2 룩업표(구×접수 시각),곡선,0.17262,10.467,11.18,18.093,22.43,23.364,963,1932
3 곡선(설정 전체),전체,R2 룩업표(구×접수 시각),곡선,0.17367,52.543,3.952,28.773,24.576,9.082,4834,30060
3 곡선(설정 전체),야간(20~01시),R2 룩업표(구×접수 시각),곡선,0.17367,10.022,10.611,17.772,22.234,23.97,922,1932
3 곡선(설정 전체),전체,R2 룩업표(구×접수 시각),곡선,0.1741,52.543,3.952,28.773,24.576,9.082,4834,30060
3 곡선(설정 전체),야간(20~01시),R2 룩업표(구×접수 시각),곡선,0.1741,10.022,10.611,17.772,22.234,23.97,922,1932
3 곡선(설정 전체),전체,R2 룩업표(구×접수 시각),곡선,0.17471,47.261,3.659,29.179,25.299,8.832,4348,30060
3 곡선(설정 전체),야간(20~01시),R2 룩업표(구×접수 시각),곡선,0.17471,8.554,9.058,17.546,22.236,24.778,787,1932
3 곡선(설정 전체),전체,R2 룩업표(구×접수 시각),곡선,0.17552,46.598,3.629,29.478,25.449,8.677,4287,30060
3 곡선(설정 전체),야간(20~01시),R2 룩업표(구×접수 시각),곡선,0.17552,8.554,9.058,17.546,22.236,24.778,787,1932
3 곡선(설정 전체),전체,R2 룩업표(구×접수 시각),곡선,0.17574,46.598,3.629,29.478,25.449,8.677,4287,30060
3 곡선(설정 전체),야간(20~01시),R2 룩업표(구×접수 시각),곡선,0.17574,8.554,9.058,17.546,22.236,24.778,787,1932
3 곡선(설정 전체),전체,R2 룩업표(구×접수 시각),곡선,0.17626,42.076,3.267,30.156,25.368,8.318,3871,30060
3 곡선(설정 전체),야간(20~01시),R2 룩업표(구×접수 시각),곡선,0.17626,8.554,9.058,17.546,22.236,24.778,787,1932
3 곡선(설정 전체),전체,R2 룩업표(구×접수 시각),곡선,0.1764,40.457,3.164,30.545,25.551,6.797,3722,30060
3 곡선(설정 전체),야간(20~01시),R2 룩업표(구×접수 시각),곡선,0.1764,6.935,7.453,17.869,22.571,19.749,638,1932
3 곡선(설정 전체),전체,R2 룩업표(구×접수 시각),곡선,0.17887,40.457,3.164,30.545,25.551,6.797,3722,30060
3 곡선(설정 전체),야간(20~01시),R2 룩업표(구×접수 시각),곡선,0.17887,6.935,7.453,17.869,22.571,19.749,638,1932
3 곡선(설정 전체),전체,R2 룩업표(구×접수 시각),곡선,0.18844,39.054,3.081,30.438,25.772,6.513,3593,30060
3 곡선(설정 전체),야간(20~01시),R2 룩업표(구×접수 시각),곡선,0.18844,5.533,6.159,15.674,23.379,21.022,509,1932
3 곡선(설정 전체),전체,R2 룩업표(구×접수 시각),곡선,0.1896,36.652,2.937,30.816,26.186,5.516,3372,30060
3 곡선(설정 전체),야간(20~01시),R2 룩업표(구×접수 시각),곡선,0.1896,3.13,3.934,15.854,26.389,20.486,288,1932
3 곡선(설정 전체),전체,R2 룩업표(구×접수 시각),곡선,0.19235,35.141,2.798,32.117,26.013,4.856,3233,30060
3 곡선(설정 전체),야간(20~01시),R2 룩업표(구×접수 시각),곡선,0.19235,1.62,1.76,14.967,22.819,20.134,149,1932
3 곡선(설정 전체),전체,R2 룩업표(구×접수 시각),곡선,0.19373,24.413,1.956,30.237,26.18,5.209,2246,30060
3 곡선(설정 전체),야간(20~01시),R2 룩업표(구×접수 시각),곡선,0.19373,1.62,1.76,14.967,22.819,20.134,149,1932
3 곡선(설정 전체),전체,R2 룩업표(구×접수 시각),곡선,0.19419,24.413,1.956,30.237,26.18,5.209,2246,30060
3 곡선(설정 전체),야간(20~01시),R2 룩업표(구×접수 시각),곡선,0.19419,1.62,1.76,14.967,22.819,20.134,149,1932
3 곡선(설정 전체),전체,R2 룩업표(구×접수 시각),곡선,0.20367,10.207,0.925,28.475,29.606,7.668,939,30060
3 곡선(설정 전체),야간(20~01시),R2 룩업표(구×접수 시각),곡선,0.20367,1.62,1.76,14.967,22.819,20.134,149,1932
3 곡선(설정 전체),전체,R2 룩업표(구×접수 시각),곡선,0.20718,9.467,0.862,29.208,29.736,7.233,871,30060
3 곡선(설정 전체),야간(20~01시),R2 룩업표(구×접수 시각),곡선,0.20718,0.88,0.776,7.505,18.519,25.926,81,1932
3 곡선(설정 전체),전체,R2 룩업표(구×접수 시각),곡선,0.22063,9.467,0.862,29.208,29.736,7.233,871,30060
3 곡선(설정 전체),야간(20~01시),R2 룩업표(구×접수 시각),곡선,0.22063,0.88,0.776,7.505,18.519,25.926,81,1932
3 곡선(설정 전체),전체,R2 룩업표(구×접수 시각),곡선,0.22353,1.228,0.08,5.933,21.239,27.434,113,30060
3 곡선(설정 전체),야간(20~01시),R2 룩업표(구×접수 시각),곡선,0.22353,0.88,0.776,7.505,18.519,25.926,81,1932
3 곡선(설정 전체),전체,R2 룩업표(구×접수 시각),곡선,0.23831,1.228,0.08,5.933,21.239,27.434,113,30060
3 곡선(설정 전체),야간(20~01시),R2 룩업표(구×접수 시각),곡선,0.23831,0.88,0.776,7.505,18.519,25.926,81,1932
3 곡선(설정 전체),전체,R2 룩업표(구×접수 시각),곡선,0.26653,0.0,0.0,,0.0,0.0,0,30060
3 곡선(설정 전체),야간(20~01시),R2 룩업표(구×접수 시각),곡선,0.26653,0.0,0.0,,0.0,0.0,0,1932
3 곡선(설정 전체),전체,"R3 모형, 접수 시점 1회",곡선,0.01,3839.065,99.059,19.369,8.431,36.657,353194,30060
3 곡선(설정 전체),야간(20~01시),"R3 모형, 접수 시점 1회",곡선,0.01,113.957,100.0,16.031,18.428,29.464,10484,1932
3 곡선(설정 전체),전체,"R3 모형, 접수 시점 1회",곡선,0.015,3353.293,96.783,19.867,9.43,31.725,308503,30060
3 곡선(설정 전체),야간(20~01시),"R3 모형, 접수 시점 1회",곡선,0.015,113.891,100.0,16.031,18.439,29.424,10478,1932
3 곡선(설정 전체),전체,"R3 모형, 접수 시점 1회",곡선,0.02,2916.837,93.746,20.426,10.501,27.602,268349,30060
3 곡선(설정 전체),야간(20~01시),"R3 모형, 접수 시점 1회",곡선,0.02,113.576,100.0,16.031,18.49,29.276,10449,1932
3 곡선(설정 전체),전체,"R3 모형, 접수 시점 1회",곡선,0.025,2555.967,90.03,20.934,11.509,24.705,235149,30060
3 곡선(설정 전체),야간(20~01시),"R3 모형, 접수 시점 1회",곡선,0.025,112.478,99.948,16.034,18.661,28.846,10348,1932
3 곡선(설정 전체),전체,"R3 모형, 접수 시점 1회",곡선,0.03,2246.978,86.347,21.266,12.556,22.395,206722,30060
3 곡선(설정 전체),야간(20~01시),"R3 모형, 접수 시점 1회",곡선,0.03,110.359,99.793,16.042,18.989,28.061,10153,1932
3 곡선(설정 전체),전체,"R3 모형, 접수 시점 1회",곡선,0.035,1983.815,82.535,21.602,13.594,20.471,182511,30060
3 곡선(설정 전체),야간(20~01시),"R3 모형, 접수 시점 1회",곡선,0.035,107.565,99.482,16.042,19.422,27.011,9896,1932
3 곡선(설정 전체),전체,"R3 모형, 접수 시점 1회",곡선,0.04,1754.87,78.576,21.931,14.63,18.979,161448,30060
3 곡선(설정 전체),야간(20~01시),"R3 모형, 접수 시점 1회",곡선,0.04,103.815,98.499,16.2,19.925,25.83,9551,1932
3 곡선(설정 전체),전체,"R3 모형, 접수 시점 1회",곡선,0.045,1563.989,74.827,22.141,15.632,17.725,143887,30060
3 곡선(설정 전체),야간(20~01시),"R3 모형, 접수 시점 1회",곡선,0.045,100.185,97.567,16.33,20.451,24.986,9217,1932
3 곡선(설정 전체),전체,"R3 모형, 접수 시점 1회",곡선,0.05,1394.565,70.865,22.452,16.603,16.691,128300,30060
3 곡선(설정 전체),야간(20~01시),"R3 모형, 접수 시점 1회",곡선,0.05,95.826,96.739,16.515,21.2,23.888,8816,1932
3 곡선(설정 전체),전체,"R3 모형, 접수 시점 1회",곡선,0.055,1248.565,67.162,22.661,17.576,15.771,114868,30060
3 곡선(설정 전체),야간(20~01시),"R3 모형, 접수 시점 1회",곡선,0.055,91.837,95.238,16.894,21.778,22.855,8449,1932
3 곡선(설정 전체),전체,"R3 모형, 접수 시점 1회",곡선,0.06,1119.946,63.872,22.682,18.634,15.01,103035,30060
3 곡선(설정 전체),야간(20~01시),"R3 모형, 접수 시점 1회",곡선,0.06,88.054,93.944,16.998,22.405,21.812,8101,1932
3 곡선(설정 전체),전체,"R3 모형, 접수 시점 1회",곡선,0.065,1006.38,60.449,22.91,19.626,14.314,92587,30060
3 곡선(설정 전체),야간(20~01시),"R3 모형, 접수 시점 1회",곡선,0.065,83.87,92.081,17.15,23.056,20.542,7716,1932
3 곡선(설정 전체),전체,"R3 모형, 접수 시점 1회",곡선,0.07,906.174,57.016,22.911,20.558,13.744,83368,30060
3 곡선(설정 전체),야간(20~01시),"R3 모형, 접수 시점 1회",곡선,0.07,79.891,90.683,17.339,23.837,19.673,7350,1932
3 곡선(설정 전체),전체,"R3 모형, 접수 시점 1회",곡선,0.075,816.239,53.822,23.061,21.545,13.254,75094,30060
3 곡선(설정 전체),야간(20~01시),"R3 모형, 접수 시점 1회",곡선,0.075,76.076,89.079,17.496,24.589,18.731,6999,1932
3 곡선(설정 전체),전체,"R3 모형, 접수 시점 1회",곡선,0.08,736.533,50.579,23.333,22.438,12.888,67761,30060
3 곡선(설정 전체),야간(20~01시),"R3 모형, 접수 시점 1회",곡선,0.08,72.087,87.06,17.568,25.362,17.823,6632,1932
3 곡선(설정 전체),전체,"R3 모형, 접수 시점 1회",곡선,0.085,667.761,47.691,23.399,23.336,12.472,61434,30060
3 곡선(설정 전체),야간(20~01시),"R3 모형, 접수 시점 1회",곡선,0.085,68.489,85.3,17.701,26.155,16.95,6301,1932
3 곡선(설정 전체),전체,"R3 모형, 접수 시점 1회",곡선,0.09,606.043,44.97,23.482,24.245,12.209,55756,30060
3 곡선(설정 전체),야간(20~01시),"R3 모형, 접수 시점 1회",곡선,0.09,65.054,83.644,17.713,27.001,16.207,5985,1932
3 곡선(설정 전체),전체,"R3 모형, 접수 시점 1회",곡선,0.095,549.446,42.322,23.675,25.168,11.887,50549,30060
3 곡선(설정 전체),야간(20~01시),"R3 모형, 접수 시점 1회",곡선,0.095,61.587,80.487,18.002,27.444,15.814,5666,1932
3 곡선(설정 전체),전체,"R3 모형, 접수 시점 1회",곡선,0.1,501.337,39.953,23.693,26.039,11.632,46123,30060
3 곡선(설정 전체),야간(20~01시),"R3 모형, 접수 시점 1회",곡선,0.1,58.478,78.83,18.156,28.309,15.39,5380,1932
3 곡선(설정 전체),전체,"R3 모형, 접수 시점 1회",곡선,0.105,456.13,37.605,23.74,26.937,11.436,41964,30060
3 곡선(설정 전체),야간(20~01시),"R3 모형, 접수 시점 1회",곡선,0.105,55.293,76.242,18.229,28.956,15.097,5087,1932
3 곡선(설정 전체),전체,"R3 모형, 접수 시점 1회",곡선,0.11,416.685,35.472,23.792,27.815,11.308,38335,30060
3 곡선(설정 전체),야간(20~01시),"R3 모형, 접수 시점 1회",곡선,0.11,52.326,74.12,18.247,29.747,14.645,4814,1932
3 곡선(설정 전체),전체,"R3 모형, 접수 시점 1회",곡선,0.115,380.674,33.39,23.698,28.659,11.162,35022,30060
3 곡선(설정 전체),야간(20~01시),"R3 모형, 접수 시점 1회",곡선,0.115,49.098,70.963,18.229,30.352,14.213,4517,1932
3 곡선(설정 전체),전체,"R3 모형, 접수 시점 1회",곡선,0.12,347.609,31.454,23.9,29.565,10.997,31980,30060
3 곡선(설정 전체),야간(20~01시),"R3 모형, 접수 시점 1회",곡선,0.12,45.989,67.65,19.022,30.891,13.708,4231,1932
3 곡선(설정 전체),전체,"R3 모형, 접수 시점 1회",곡선,0.125,318.413,29.654,23.912,30.429,10.77,29294,30060
3 곡선(설정 전체),야간(20~01시),"R3 모형, 접수 시점 1회",곡선,0.125,42.739,64.389,19.34,31.638,13.25,3932,1932
3 곡선(설정 전체),전체,"R3 모형, 접수 시점 1회",곡선,0.13,293.011,27.964,23.928,31.183,10.676,26957,30060
3 곡선(설정 전체),야간(20~01시),"R3 모형, 접수 시점 1회",곡선,0.13,39.967,61.232,19.628,32.173,12.945,3677,1932
3 곡선(설정 전체),전체,"R3 모형, 접수 시점 1회",곡선,0.135,269.0,26.437,23.77,32.112,10.482,24748,30060
3 곡선(설정 전체),야간(20~01시),"R3 모형, 접수 시점 1회",곡선,0.135,36.935,58.54,19.628,33.284,12.36,3398,1932
3 곡선(설정 전체),전체,"R3 모형, 접수 시점 1회",곡선,0.14,248.087,24.877,23.898,32.764,10.41,22824,30060
3 곡선(설정 전체),야간(20~01시),"R3 모형, 접수 시점 1회",곡선,0.14,34.685,56.056,19.626,33.939,12.222,3191,1932
3 곡선(설정 전체),전체,"R3 모형, 접수 시점 1회",곡선,0.145,229.674,23.613,23.904,33.592,10.246,21130,30060
3 곡선(설정 전체),야간(20~01시),"R3 모형, 접수 시점 1회",곡선,0.145,32.674,53.313,19.496,34.265,12.142,3006,1932
3 곡선(설정 전체),전체,"R3 모형, 접수 시점 1회",곡선,0.15,211.837,22.312,23.651,34.414,10.067,19489,30060
3 곡선(설정 전체),야간(20~01시),"R3 모형, 접수 시점 1회",곡선,0.15,30.467,51.087,19.628,35.212,12.094,2803,1932
3 곡선(설정 전체),전체,"R3 모형, 접수 시점 1회",곡선,0.155,196.935,21.214,23.585,35.197,9.907,18118,30060
3 곡선(설정 전체),야간(20~01시),"R3 모형, 접수 시점 1회",곡선,0.155,28.489,48.706,19.628,35.902,11.828,2621,1932
3 곡선(설정 전체),전체,"R3 모형, 접수 시점 1회",곡선,0.16,182.348,19.957,23.653,35.759,9.728,16776,30060
3 곡선(설정 전체),야간(20~01시),"R3 모형, 접수 시점 1회",곡선,0.16,26.674,46.377,19.627,36.512,11.328,2454,1932
3 곡선(설정 전체),전체,"R3 모형, 접수 시점 1회",곡선,0.165,169.38,18.925,23.698,36.508,9.613,15583,30060
3 곡선(설정 전체),야간(20~01시),"R3 모형, 접수 시점 1회",곡선,0.165,24.924,44.358,19.313,37.375,11.164,2293,1932
3 곡선(설정 전체),전체,"R3 모형, 접수 시점 1회",곡선,0.17,157.717,17.931,23.665,37.147,9.58,14510,30060
3 곡선(설정 전체),야간(20~01시),"R3 모형, 접수 시점 1회",곡선,0.17,23.315,41.977,19.022,37.809,11.049,2145,1932
3 곡선(설정 전체),전체,"R3 모형, 접수 시점 1회",곡선,0.175,147.5,17.083,23.633,37.841,9.403,13570,30060
3 곡선(설정 전체),야간(20~01시),"R3 모형, 접수 시점 1회",곡선,0.175,21.848,39.803,18.967,38.259,11.095,2010,1932
3 곡선(설정 전체),전체,"R3 모형, 접수 시점 1회",곡선,0.18,137.522,16.194,23.551,38.476,9.334,12652,30060
3 곡선(설정 전체),야간(20~01시),"R3 모형, 접수 시점 1회",곡선,0.18,20.478,37.888,19.154,38.854,10.881,1884,1932
3 곡선(설정 전체),전체,"R3 모형, 접수 시점 1회",곡선,0.185,127.978,15.323,23.406,39.12,9.207,11774,30060
3 곡선(설정 전체),야간(20~01시),"R3 모형, 접수 시점 1회",곡선,0.185,19.0,35.455,18.648,39.188,10.812,1748,1932
3 곡선(설정 전체),전체,"R3 모형, 접수 시점 1회",곡선,0.19,118.804,14.474,23.41,39.808,9.03,10930,30060
3 곡선(설정 전체),야간(20~01시),"R3 모형, 접수 시점 1회",곡선,0.19,17.663,33.126,18.807,39.385,10.769,1625,1932
3 곡선(설정 전체),전체,"R3 모형, 접수 시점 1회",곡선,0.195,111.098,13.792,23.195,40.564,9.03,10221,30060
3 곡선(설정 전체),야간(20~01시),"R3 모형, 접수 시점 1회",곡선,0.195,16.402,31.315,17.967,40.093,10.934,1509,1932
3 곡선(설정 전체),전체,"R3 모형, 접수 시점 1회",곡선,0.2,104.185,13.11,23.232,41.116,8.941,9585,30060
3 곡선(설정 전체),야간(20~01시),"R3 모형, 접수 시점 1회",곡선,0.2,15.554,30.228,17.543,40.811,10.971,1431,1932
3 곡선(설정 전체),전체,"R3 모형, 접수 시점 1회",곡선,0.205,97.098,12.482,23.115,42.002,8.81,8933,30060
3 곡선(설정 전체),야간(20~01시),"R3 모형, 접수 시점 1회",곡선,0.205,14.391,28.416,17.168,41.465,10.876,1324,1932
3 곡선(설정 전체),전체,"R3 모형, 접수 시점 1회",곡선,0.21,90.837,11.843,23.115,42.599,8.639,8357,30060
3 곡선(설정 전체),야간(20~01시),"R3 모형, 접수 시점 1회",곡선,0.21,13.359,26.501,17.626,41.66,10.659,1229,1932
3 곡선(설정 전체),전체,"R3 모형, 접수 시점 1회",곡선,0.215,84.935,11.244,23.071,43.256,8.574,7814,30060
3 곡선(설정 전체),야간(20~01시),"R3 모형, 접수 시점 1회",곡선,0.215,12.38,25.052,17.626,42.493,10.623,1139,1932
3 곡선(설정 전체),전체,"R3 모형, 접수 시점 1회",곡선,0.22,79.707,10.689,23.114,43.816,8.428,7333,30060
3 곡선(설정 전체),야간(20~01시),"R3 모형, 접수 시점 1회",곡선,0.22,11.5,23.551,17.546,43.006,10.397,1058,1932
3 곡선(설정 전체),전체,"R3 모형, 접수 시점 1회",곡선,0.225,75.065,10.196,23.083,44.382,8.384,6906,30060
3 곡선(설정 전체),야간(20~01시),"R3 모형, 접수 시점 1회",곡선,0.225,10.739,22.671,17.543,44.332,10.02,988,1932
3 곡선(설정 전체),전체,"R3 모형, 접수 시점 1회",곡선,0.23,70.728,9.737,23.032,44.982,8.253,6507,30060
3 곡선(설정 전체),야간(20~01시),"R3 모형, 접수 시점 1회",곡선,0.23,9.989,21.532,17.225,45.267,9.793,919,1932
3 곡선(설정 전체),전체,"R3 모형, 접수 시점 1회",곡선,0.235,66.391,9.225,22.841,45.399,8.153,6108,30060
3 곡선(설정 전체),야간(20~01시),"R3 모형, 접수 시점 1회",곡선,0.235,9.446,20.756,18.264,46.145,10.012,869,1932
3 곡선(설정 전체),전체,"R3 모형, 접수 시점 1회",곡선,0.24,61.957,8.699,22.687,45.877,8.018,5700,30060
3 곡선(설정 전체),야간(20~01시),"R3 모형, 접수 시점 1회",곡선,0.24,8.652,19.306,17.539,46.859,9.548,796,1932
3 곡선(설정 전체),전체,"R3 모형, 접수 시점 1회",곡선,0.245,58.076,8.244,22.585,46.378,7.936,5343,30060
3 곡선(설정 전체),야간(20~01시),"R3 모형, 접수 시점 1회",곡선,0.245,8.033,18.168,17.546,47.497,9.608,739,1932
3 곡선(설정 전체),전체,"R3 모형, 접수 시점 1회",곡선,0.25,54.75,7.821,22.368,46.675,8.08,5037,30060
3 곡선(설정 전체),야간(20~01시),"R3 모형, 접수 시점 1회",곡선,0.25,7.467,17.081,17.626,48.035,9.753,687,1932
3 곡선(설정 전체),전체,"R3 모형, 접수 시점 1회",곡선,0.255,51.315,7.425,21.993,47.278,7.922,4721,30060
3 곡선(설정 전체),야간(20~01시),"R3 모형, 접수 시점 1회",곡선,0.255,6.935,15.89,16.27,48.119,10.031,638,1932
3 곡선(설정 전체),전체,"R3 모형, 접수 시점 1회",곡선,0.26,48.283,7.013,21.953,47.456,7.924,4442,30060
3 곡선(설정 전체),야간(20~01시),"R3 모형, 접수 시점 1회",곡선,0.26,6.587,15.01,16.002,47.855,10.231,606,1932
3 곡선(설정 전체),전체,"R3 모형, 접수 시점 1회",곡선,0.265,45.543,6.623,21.9,47.518,7.733,4190,30060
3 곡선(설정 전체),야간(20~01시),"R3 모형, 접수 시점 1회",곡선,0.265,6.163,14.13,16.05,48.148,10.053,567,1932
3 곡선(설정 전체),전체,"R3 모형, 접수 시점 1회",곡선,0.27,43.283,6.307,21.993,47.614,7.785,3982,30060
3 곡선(설정 전체),야간(20~01시),"R3 모형, 접수 시점 1회",곡선,0.27,5.891,13.665,16.235,48.708,10.332,542,1932
3 곡선(설정 전체),전체,"R3 모형, 접수 시점 1회",곡선,0.275,40.75,6.008,22.133,48.173,7.602,3749,30060
3 곡선(설정 전체),야간(20~01시),"R3 모형, 접수 시점 1회",곡선,0.275,5.5,12.836,16.282,49.012,10.079,506,1932
3 곡선(설정 전체),전체,"R3 모형, 접수 시점 1회",곡선,0.28,38.543,5.695,22.524,48.28,7.699,3546,30060
3 곡선(설정 전체),야간(20~01시),"R3 모형, 접수 시점 1회",곡선,0.28,5.109,12.008,16.774,49.362,10.638,470,1932
3 곡선(설정 전체),전체,"R3 모형, 접수 시점 1회",곡선,0.285,36.152,5.416,22.254,48.948,7.637,3326,30060
3 곡선(설정 전체),야간(20~01시),"R3 모형, 접수 시점 1회",곡선,0.285,4.717,11.284,16.042,50.23,11.06,434,1932
3 곡선(설정 전체),전체,"R3 모형, 접수 시점 1회",곡선,0.29,34.315,5.18,22.141,49.319,7.412,3157,30060
3 곡선(설정 전체),야간(20~01시),"R3 모형, 접수 시점 1회",곡선,0.29,4.489,10.87,16.282,50.847,11.38,413,1932
3 곡선(설정 전체),전체,"R3 모형, 접수 시점 1회",곡선,0.295,32.239,4.95,22.133,50.169,7.181,2966,30060
3 곡선(설정 전체),야간(20~01시),"R3 모형, 접수 시점 1회",곡선,0.295,4.228,10.507,17.033,52.185,10.797,389,1932
3 곡선(설정 전체),전체,"R3 모형, 접수 시점 1회",곡선,0.3,30.065,4.624,21.748,50.253,7.122,2766,30060
3 곡선(설정 전체),야간(20~01시),"R3 모형, 접수 시점 1회",곡선,0.3,3.957,9.834,16.282,52.198,9.89,364,1932
3 곡선(설정 전체),전체,"R3 모형, 접수 시점 1회",곡선,0.305,28.207,4.381,22.141,50.751,6.898,2595,30060
3 곡선(설정 전체),야간(20~01시),"R3 모형, 접수 시점 1회",곡선,0.305,3.707,9.265,17.033,52.493,9.971,341,1932
3 곡선(설정 전체),전체,"R3 모형, 접수 시점 1회",곡선,0.31,26.707,4.148,22.557,50.753,6.919,2457,30060
3 곡선(설정 전체),야간(20~01시),"R3 모형, 접수 시점 1회",곡선,0.31,3.522,8.799,16.774,52.469,9.877,324,1932
3 곡선(설정 전체),전체,"R3 모형, 접수 시점 1회",곡선,0.315,25.152,3.922,22.758,50.951,7.044,2314,30060
3 곡선(설정 전체),야간(20~01시),"R3 모형, 접수 시점 1회",곡선,0.315,3.348,8.385,17.481,52.597,10.065,308,1932
3 곡선(설정 전체),전체,"R3 모형, 접수 시점 1회",곡선,0.32,23.87,3.736,22.557,51.138,7.013,2196,30060
3 곡선(설정 전체),야간(20~01시),"R3 모형, 접수 시점 1회",곡선,0.32,3.185,8.126,17.546,53.584,10.58,293,1932
3 곡선(설정 전체),전체,"R3 모형, 접수 시점 1회",곡선,0.325,22.533,3.573,21.953,51.809,7.043,2073,30060
3 곡선(설정 전체),야간(20~01시),"R3 모형, 접수 시점 1회",곡선,0.325,3.043,7.764,17.29,53.571,10.357,280,1932
3 곡선(설정 전체),전체,"R3 모형, 접수 시점 1회",곡선,0.33,21.457,3.417,22.494,52.026,7.092,1974,30060
3 곡선(설정 전체),야간(20~01시),"R3 모형, 접수 시점 1회",곡선,0.33,2.848,7.402,17.967,54.58,9.924,262,1932
3 곡선(설정 전체),전체,"R3 모형, 접수 시점 1회",곡선,0.335,20.228,3.21,21.947,51.854,6.824,1861,30060
3 곡선(설정 전체),야간(20~01시),"R3 모형, 접수 시점 1회",곡선,0.335,2.717,6.988,18.648,54.0,9.2,250,1932
3 곡선(설정 전체),전체,"R3 모형, 접수 시점 1회",곡선,0.34,19.109,3.054,21.426,52.218,6.655,1758,30060
3 곡선(설정 전체),야간(20~01시),"R3 모형, 접수 시점 1회",곡선,0.34,2.576,6.677,17.967,54.43,8.861,237,1932
3 곡선(설정 전체),전체,"R3 모형, 접수 시점 1회",곡선,0.345,17.957,2.878,21.341,52.361,6.538,1652,30060
3 곡선(설정 전체),야간(20~01시),"R3 모형, 접수 시점 1회",곡선,0.345,2.457,6.366,17.706,54.425,9.292,226,1932
3 곡선(설정 전체),전체,"R3 모형, 접수 시점 1회",곡선,0.35,16.739,2.705,20.948,52.792,6.234,1540,30060
3 곡선(설정 전체),야간(20~01시),"R3 모형, 접수 시점 1회",곡선,0.35,2.283,5.952,17.706,54.762,8.571,210,1932
3 곡선(설정 전체),전체,"R3 모형, 접수 시점 1회",곡선,0.355,15.957,2.588,20.292,52.997,6.335,1468,30060
3 곡선(설정 전체),야간(20~01시),"R3 모형, 접수 시점 1회",곡선,0.355,2.152,5.59,18.455,54.545,8.586,198,1932
3 곡선(설정 전체),전체,"R3 모형, 접수 시점 1회",곡선,0.36,14.924,2.448,19.958,53.605,6.409,1373,30060
3 곡선(설정 전체),야간(20~01시),"R3 모형, 접수 시점 1회",곡선,0.36,2.011,5.28,18.455,55.135,8.108,185,1932
3 곡선(설정 전체),전체,"R3 모형, 접수 시점 1회",곡선,0.365,13.978,2.289,19.802,53.499,6.221,1286,30060
3 곡선(설정 전체),야간(20~01시),"R3 모형, 접수 시점 1회",곡선,0.365,1.848,4.762,18.455,54.118,8.824,170,1932
3 곡선(설정 전체),전체,"R3 모형, 접수 시점 1회",곡선,0.37,13.239,2.166,19.804,53.448,6.158,1218,30060
3 곡선(설정 전체),야간(20~01시),"R3 모형, 접수 시점 1회",곡선,0.37,1.75,4.555,19.853,54.658,8.696,161,1932
3 곡선(설정 전체),전체,"R3 모형, 접수 시점 1회",곡선,0.375,12.446,2.016,19.633,52.926,6.288,1145,30060
3 곡선(설정 전체),야간(20~01시),"R3 모형, 접수 시점 1회",곡선,0.375,1.62,4.244,19.853,55.034,8.725,149,1932
3 곡선(설정 전체),전체,"R3 모형, 접수 시점 1회",곡선,0.38,11.772,1.929,19.762,53.555,6.279,1083,30060
3 곡선(설정 전체),야간(20~01시),"R3 모형, 접수 시점 1회",곡선,0.38,1.576,4.193,20.501,55.862,8.966,145,1932
3 곡선(설정 전체),전체,"R3 모형, 접수 시점 1회",곡선,0.385,11.0,1.82,19.8,54.051,6.423,1012,30060
3 곡선(설정 전체),야간(20~01시),"R3 모형, 접수 시점 1회",곡선,0.385,1.489,3.934,19.853,55.474,9.489,137,1932
3 곡선(설정 전체),전체,"R3 모형, 접수 시점 1회",곡선,0.39,10.467,1.753,19.804,54.725,6.231,963,30060
3 곡선(설정 전체),야간(20~01시),"R3 모형, 접수 시점 1회",곡선,0.39,1.435,3.882,20.501,56.818,9.091,132,1932
3 곡선(설정 전체),전체,"R3 모형, 접수 시점 1회",곡선,0.395,9.804,1.66,19.85,55.322,6.208,902,30060
3 곡선(설정 전체),야간(20~01시),"R3 모형, 접수 시점 1회",곡선,0.395,1.359,3.675,21.228,56.8,9.6,125,1932
3 곡선(설정 전체),전체,"R3 모형, 접수 시점 1회",곡선,0.4,9.196,1.57,19.938,55.792,6.383,846,30060
3 곡선(설정 전체),야간(20~01시),"R3 모형, 접수 시점 1회",곡선,0.4,1.283,3.468,21.228,56.78,10.169,118,1932
3 곡선(설정 전체),전체,"R3 모형, 접수 시점 1회",곡선,0.405,8.652,1.48,19.8,55.905,6.281,796,30060
3 곡선(설정 전체),야간(20~01시),"R3 모형, 접수 시점 1회",곡선,0.405,1.196,3.261,21.228,57.273,10.909,110,1932
3 곡선(설정 전체),전체,"R3 모형, 접수 시점 1회",곡선,0.41,8.12,1.397,19.604,56.225,6.426,747,30060
3 곡선(설정 전체),야간(20~01시),"R3 모형, 접수 시점 1회",곡선,0.41,1.152,3.157,20.501,57.547,11.321,106,1932
3 곡선(설정 전체),전체,"R3 모형, 접수 시점 1회",곡선,0.415,7.652,1.324,19.633,56.534,6.108,704,30060
3 곡선(설정 전체),야간(20~01시),"R3 모형, 접수 시점 1회",곡선,0.415,1.087,3.054,20.501,59.0,11.0,100,1932
3 곡선(설정 전체),전체,"R3 모형, 접수 시점 1회",곡선,0.42,7.12,1.254,19.974,57.557,5.496,655,30060
3 곡선(설정 전체),야간(20~01시),"R3 모형, 접수 시점 1회",곡선,0.42,1.0,2.847,21.228,59.783,11.957,92,1932
3 곡선(설정 전체),전체,"R3 모형, 접수 시점 1회",곡선,0.425,6.663,1.181,20.947,57.912,5.383,613,30060
3 곡선(설정 전체),야간(20~01시),"R3 모형, 접수 시점 1회",곡선,0.425,0.946,2.692,22.668,59.77,11.494,87,1932
3 곡선(설정 전체),전체,"R3 모형, 접수 시점 1회",곡선,0.43,6.217,1.104,21.412,58.042,4.72,572,30060
3 곡선(설정 전체),야간(20~01시),"R3 모형, 접수 시점 1회",곡선,0.43,0.891,2.536,23.739,59.756,10.976,82,1932
3 곡선(설정 전체),전체,"R3 모형, 접수 시점 1회",곡선,0.435,5.837,1.041,22.758,58.287,4.655,537,30060
3 곡선(설정 전체),야간(20~01시),"R3 모형, 접수 시점 1회",곡선,0.435,0.848,2.484,22.668,61.538,10.256,78,1932
3 곡선(설정 전체),전체,"R3 모형, 접수 시점 1회",곡선,0.44,5.457,0.985,23.27,58.964,4.781,502,30060
3 곡선(설정 전체),야간(20~01시),"R3 모형, 접수 시점 1회",곡선,0.44,0.793,2.226,21.597,58.904,10.959,73,1932
3 곡선(설정 전체),전체,"R3 모형, 접수 시점 1회",곡선,0.445,5.152,0.925,23.27,58.65,4.852,474,30060
3 곡선(설정 전체),야간(20~01시),"R3 모형, 접수 시점 1회",곡선,0.445,0.772,2.174,22.668,59.155,9.859,71,1932
3 곡선(설정 전체),전체,"R3 모형, 접수 시점 1회",곡선,0.45,4.957,0.882,23.508,58.114,4.825,456,30060
3 곡선(설정 전체),야간(20~01시),"R3 모형, 접수 시점 1회",곡선,0.45,0.75,2.122,23.739,59.42,10.145,69,1932
3 곡선(설정 전체),전체,"R3 모형, 접수 시점 1회",곡선,0.455,4.685,0.828,23.508,57.773,4.64,431,30060
3 곡선(설정 전체),야간(20~01시),"R3 모형, 접수 시점 1회",곡선,0.455,0.696,1.915,21.228,57.812,9.375,64,1932
3 곡선(설정 전체),전체,"R3 모형, 접수 시점 1회",곡선,0.46,4.543,0.815,23.032,58.612,4.545,418,30060
3 곡선(설정 전체),야간(20~01시),"R3 모형, 접수 시점 1회",곡선,0.46,0.674,1.863,21.412,58.065,9.677,62,1932
3 곡선(설정 전체),전체,"R3 모형, 접수 시점 1회",곡선,0.465,4.185,0.758,23.623,59.221,4.935,385,30060
3 곡선(설정 전체),야간(20~01시),"R3 모형, 접수 시점 1회",곡선,0.465,0.63,1.76,20.865,58.621,10.345,58,1932
3 곡선(설정 전체),전체,"R3 모형, 접수 시점 1회",곡선,0.47,3.924,0.719,23.623,59.834,5.263,361,30060
3 곡선(설정 전체),야간(20~01시),"R3 모형, 접수 시점 1회",곡선,0.47,0.576,1.708,21.228,62.264,11.321,53,1932
3 곡선(설정 전체),전체,"R3 모형, 접수 시점 1회",곡선,0.475,3.663,0.685,23.27,61.128,4.748,337,30060
3 곡선(설정 전체),야간(20~01시),"R3 모형, 접수 시점 1회",곡선,0.475,0.522,1.656,20.865,66.667,8.333,48,1932
3 곡선(설정 전체),전체,"R3 모형, 접수 시점 1회",곡선,0.48,3.467,0.649,23.739,61.129,4.702,319,30060
3 곡선(설정 전체),야간(20~01시),"R3 모형, 접수 시점 1회",곡선,0.48,0.478,1.449,21.412,63.636,9.091,44,1932
3 곡선(설정 전체),전체,"R3 모형, 접수 시점 1회",곡선,0.485,3.304,0.619,24.201,61.184,4.276,304,30060
3 곡선(설정 전체),야간(20~01시),"R3 모형, 접수 시점 1회",곡선,0.485,0.467,1.449,21.412,65.116,6.977,43,1932
3 곡선(설정 전체),전체,"R3 모형, 접수 시점 1회",곡선,0.49,3.043,0.572,23.623,61.429,4.286,280,30060
3 곡선(설정 전체),야간(20~01시),"R3 모형, 접수 시점 1회",곡선,0.49,0.457,1.398,21.228,64.286,7.143,42,1932
3 곡선(설정 전체),전체,"R3 모형, 접수 시점 1회",곡선,0.495,2.87,0.546,23.623,62.121,3.788,264,30060
3 곡선(설정 전체),야간(20~01시),"R3 모형, 접수 시점 1회",곡선,0.495,0.424,1.294,21.228,64.103,5.128,39,1932
3 곡선(설정 전체),전체,"R3 모형, 접수 시점 1회",곡선,0.5,2.696,0.512,23.623,62.097,4.032,248,30060
3 곡선(설정 전체),야간(20~01시),"R3 모형, 접수 시점 1회",곡선,0.5,0.38,1.139,20.865,62.857,5.714,35,1932
3 곡선(설정 전체),전체,"R3 모형, 접수 시점 1회",곡선,0.505,2.554,0.486,23.27,62.128,4.255,235,30060
3 곡선(설정 전체),야간(20~01시),"R3 모형, 접수 시점 1회",곡선,0.505,0.359,1.139,20.865,66.667,6.061,33,1932
3 곡선(설정 전체),전체,"R3 모형, 접수 시점 1회",곡선,0.51,2.413,0.462,25.876,62.613,4.054,222,30060
3 곡선(설정 전체),야간(20~01시),"R3 모형, 접수 시점 1회",곡선,0.51,0.337,1.035,21.412,64.516,6.452,31,1932
3 곡선(설정 전체),전체,"R3 모형, 접수 시점 1회",곡선,0.515,2.272,0.436,26.863,62.679,3.828,209,30060
3 곡선(설정 전체),야간(20~01시),"R3 모형, 접수 시점 1회",곡선,0.515,0.283,0.88,20.501,65.385,7.692,26,1932
3 곡선(설정 전체),전체,"R3 모형, 접수 시점 1회",곡선,0.52,2.163,0.416,25.876,62.814,4.02,199,30060
3 곡선(설정 전체),야간(20~01시),"R3 모형, 접수 시점 1회",곡선,0.52,0.272,0.828,20.865,64.0,8.0,25,1932
3 곡선(설정 전체),전체,"R3 모형, 접수 시점 1회",곡선,0.525,2.054,0.399,24.692,63.492,4.233,189,30060
3 곡선(설정 전체),야간(20~01시),"R3 모형, 접수 시점 1회",곡선,0.525,0.25,0.776,21.228,65.217,8.696,23,1932
3 곡선(설정 전체),전체,"R3 모형, 접수 시점 1회",곡선,0.53,1.989,0.383,25.876,62.842,4.372,183,30060
3 곡선(설정 전체),야간(20~01시),"R3 모형, 접수 시점 1회",곡선,0.53,0.239,0.725,27.872,63.636,9.091,22,1932
3 곡선(설정 전체),전체,"R3 모형, 접수 시점 1회",곡선,0.535,1.848,0.359,23.27,63.529,3.529,170,30060
3 곡선(설정 전체),야간(20~01시),"R3 모형, 접수 시점 1회",곡선,0.535,0.228,0.673,34.516,61.905,9.524,21,1932
3 곡선(설정 전체),전체,"R3 모형, 접수 시점 1회",곡선,0.54,1.761,0.343,25.876,63.58,2.469,162,30060
3 곡선(설정 전체),야간(20~01시),"R3 모형, 접수 시점 1회",곡선,0.54,0.217,0.673,34.516,65.0,5.0,20,1932
3 곡선(설정 전체),전체,"R3 모형, 접수 시점 1회",곡선,0.545,1.641,0.319,26.37,63.576,2.649,151,30060
3 곡선(설정 전체),야간(20~01시),"R3 모형, 접수 시점 1회",곡선,0.545,0.207,0.621,39.923,63.158,5.263,19,1932
3 곡선(설정 전체),전체,"R3 모형, 접수 시점 1회",곡선,0.55,1.522,0.299,26.37,64.286,2.857,140,30060
3 곡선(설정 전체),야간(20~01시),"R3 모형, 접수 시점 1회",곡선,0.55,0.196,0.621,39.923,66.667,5.556,18,1932
3 곡선(설정 전체),전체,"R3 모형, 접수 시점 1회",곡선,0.555,1.424,0.286,24.692,65.649,3.053,131,30060
3 곡선(설정 전체),야간(20~01시),"R3 모형, 접수 시점 1회",곡선,0.555,0.196,0.621,39.923,66.667,5.556,18,1932
3 곡선(설정 전체),전체,"R3 모형, 접수 시점 1회",곡선,0.56,1.359,0.276,23.032,66.4,3.2,125,30060
3 곡선(설정 전체),야간(20~01시),"R3 모형, 접수 시점 1회",곡선,0.56,0.185,0.621,39.923,70.588,5.882,17,1932
3 곡선(설정 전체),전체,"R3 모형, 접수 시점 1회",곡선,0.565,1.304,0.266,25.185,66.667,3.333,120,30060
3 곡선(설정 전체),야간(20~01시),"R3 모형, 접수 시점 1회",곡선,0.565,0.185,0.621,39.923,70.588,5.882,17,1932
3 곡선(설정 전체),전체,"R3 모형, 접수 시점 1회",곡선,0.57,1.283,0.263,26.863,66.949,3.39,118,30060
3 곡선(설정 전체),야간(20~01시),"R3 모형, 접수 시점 1회",곡선,0.57,0.174,0.569,45.33,68.75,6.25,16,1932
3 곡선(설정 전체),전체,"R3 모형, 접수 시점 1회",곡선,0.575,1.207,0.25,23.508,67.568,3.604,111,30060
3 곡선(설정 전체),야간(20~01시),"R3 모형, 접수 시점 1회",곡선,0.575,0.163,0.518,39.923,66.667,6.667,15,1932
3 곡선(설정 전체),전체,"R3 모형, 접수 시점 1회",곡선,0.58,1.13,0.233,23.27,67.308,3.846,104,30060
3 곡선(설정 전체),야간(20~01시),"R3 모형, 접수 시점 1회",곡선,0.58,0.163,0.518,39.923,66.667,6.667,15,1932
3 곡선(설정 전체),전체,"R3 모형, 접수 시점 1회",곡선,0.585,1.054,0.216,23.508,67.01,4.124,97,30060
3 곡선(설정 전체),야간(20~01시),"R3 모형, 접수 시점 1회",곡선,0.585,0.163,0.518,39.923,66.667,6.667,15,1932
3 곡선(설정 전체),전체,"R3 모형, 접수 시점 1회",곡선,0.59,0.967,0.203,26.863,68.539,2.247,89,30060
3 곡선(설정 전체),야간(20~01시),"R3 모형, 접수 시점 1회",곡선,0.59,0.163,0.518,39.923,66.667,6.667,15,1932
3 곡선(설정 전체),전체,"R3 모형, 접수 시점 1회",곡선,0.595,0.913,0.193,23.27,69.048,1.19,84,30060
3 곡선(설정 전체),야간(20~01시),"R3 모형, 접수 시점 1회",곡선,0.595,0.163,0.518,39.923,66.667,6.667,15,1932
3 곡선(설정 전체),전체,"R3 모형, 접수 시점 1회",곡선,0.6,0.87,0.186,25.185,70.0,1.25,80,30060
3 곡선(설정 전체),야간(20~01시),"R3 모형, 접수 시점 1회",곡선,0.6,0.152,0.518,39.923,71.429,7.143,14,1932
3 곡선(설정 전체),전체,"R3 모형, 접수 시점 1회",곡선,0.605,0.815,0.18,27.543,72.0,0.0,75,30060
3 곡선(설정 전체),야간(20~01시),"R3 모형, 접수 시점 1회",곡선,0.605,0.141,0.518,39.923,76.923,0.0,13,1932
3 곡선(설정 전체),전체,"R3 모형, 접수 시점 1회",곡선,0.61,0.804,0.18,27.543,72.973,0.0,74,30060
3 곡선(설정 전체),야간(20~01시),"R3 모형, 접수 시점 1회",곡선,0.61,0.141,0.518,39.923,76.923,0.0,13,1932
3 곡선(설정 전체),전체,"R3 모형, 접수 시점 1회",곡선,0.615,0.783,0.18,27.543,75.0,0.0,72,30060
3 곡선(설정 전체),야간(20~01시),"R3 모형, 접수 시점 1회",곡선,0.615,0.141,0.518,39.923,76.923,0.0,13,1932
3 곡선(설정 전체),전체,"R3 모형, 접수 시점 1회",곡선,0.62,0.75,0.176,28.222,76.812,0.0,69,30060
3 곡선(설정 전체),야간(20~01시),"R3 모형, 접수 시점 1회",곡선,0.62,0.13,0.518,39.923,83.333,0.0,12,1932
3 곡선(설정 전체),전체,"R3 모형, 접수 시점 1회",곡선,0.625,0.739,0.173,27.543,76.471,0.0,68,30060
3 곡선(설정 전체),야간(20~01시),"R3 모형, 접수 시점 1회",곡선,0.625,0.12,0.466,34.516,81.818,0.0,11,1932
3 곡선(설정 전체),전체,"R3 모형, 접수 시점 1회",곡선,0.63,0.728,0.17,28.222,76.119,0.0,67,30060
3 곡선(설정 전체),야간(20~01시),"R3 모형, 접수 시점 1회",곡선,0.63,0.12,0.466,34.516,81.818,0.0,11,1932
3 곡선(설정 전체),전체,"R3 모형, 접수 시점 1회",곡선,0.635,0.728,0.17,28.222,76.119,0.0,67,30060
3 곡선(설정 전체),야간(20~01시),"R3 모형, 접수 시점 1회",곡선,0.635,0.12,0.466,34.516,81.818,0.0,11,1932
3 곡선(설정 전체),전체,"R3 모형, 접수 시점 1회",곡선,0.64,0.685,0.156,26.863,74.603,0.0,63,30060
3 곡선(설정 전체),야간(20~01시),"R3 모형, 접수 시점 1회",곡선,0.64,0.098,0.362,48.841,77.778,0.0,9,1932
3 곡선(설정 전체),전체,"R3 모형, 접수 시점 1회",곡선,0.645,0.641,0.143,23.508,72.881,0.0,59,30060
3 곡선(설정 전체),야간(20~01시),"R3 모형, 접수 시점 1회",곡선,0.645,0.098,0.362,48.841,77.778,0.0,9,1932
3 곡선(설정 전체),전체,"R3 모형, 접수 시점 1회",곡선,0.65,0.609,0.133,23.27,71.429,0.0,56,30060
3 곡선(설정 전체),야간(20~01시),"R3 모형, 접수 시점 1회",곡선,0.65,0.098,0.362,48.841,77.778,0.0,9,1932
3 곡선(설정 전체),전체,"R3 모형, 접수 시점 1회",곡선,0.655,0.598,0.13,23.508,70.909,0.0,55,30060
3 곡선(설정 전체),야간(20~01시),"R3 모형, 접수 시점 1회",곡선,0.655,0.098,0.362,48.841,77.778,0.0,9,1932
3 곡선(설정 전체),전체,"R3 모형, 접수 시점 1회",곡선,0.66,0.576,0.126,23.27,71.698,0.0,53,30060
3 곡선(설정 전체),야간(20~01시),"R3 모형, 접수 시점 1회",곡선,0.66,0.098,0.362,48.841,77.778,0.0,9,1932
3 곡선(설정 전체),전체,"R3 모형, 접수 시점 1회",곡선,0.665,0.533,0.12,25.185,73.469,0.0,49,30060
3 곡선(설정 전체),야간(20~01시),"R3 모형, 접수 시점 1회",곡선,0.665,0.098,0.362,48.841,77.778,0.0,9,1932
3 곡선(설정 전체),전체,"R3 모형, 접수 시점 1회",곡선,0.67,0.522,0.12,25.185,75.0,0.0,48,30060
3 곡선(설정 전체),야간(20~01시),"R3 모형, 접수 시점 1회",곡선,0.67,0.098,0.362,48.841,77.778,0.0,9,1932
3 곡선(설정 전체),전체,"R3 모형, 접수 시점 1회",곡선,0.675,0.478,0.106,23.27,72.727,0.0,44,30060
3 곡선(설정 전체),야간(20~01시),"R3 모형, 접수 시점 1회",곡선,0.675,0.087,0.311,48.925,75.0,0.0,8,1932
3 곡선(설정 전체),전체,"R3 모형, 접수 시점 1회",곡선,0.68,0.467,0.103,23.032,72.093,0.0,43,30060
3 곡선(설정 전체),야간(20~01시),"R3 모형, 접수 시점 1회",곡선,0.68,0.087,0.311,48.925,75.0,0.0,8,1932
3 곡선(설정 전체),전체,"R3 모형, 접수 시점 1회",곡선,0.685,0.446,0.1,22.495,73.171,0.0,41,30060
3 곡선(설정 전체),야간(20~01시),"R3 모형, 접수 시점 1회",곡선,0.685,0.087,0.311,48.925,75.0,0.0,8,1932
3 곡선(설정 전체),전체,"R3 모형, 접수 시점 1회",곡선,0.69,0.413,0.093,23.27,73.684,0.0,38,30060
3 곡선(설정 전체),야간(20~01시),"R3 모형, 접수 시점 1회",곡선,0.69,0.076,0.259,49.008,71.429,0.0,7,1932
3 곡선(설정 전체),전체,"R3 모형, 접수 시점 1회",곡선,0.695,0.402,0.093,23.27,75.676,0.0,37,30060
3 곡선(설정 전체),야간(20~01시),"R3 모형, 접수 시점 1회",곡선,0.695,0.076,0.259,49.008,71.429,0.0,7,1932
3 곡선(설정 전체),전체,"R3 모형, 접수 시점 1회",곡선,0.7,0.38,0.086,22.733,74.286,0.0,35,30060
3 곡선(설정 전체),야간(20~01시),"R3 모형, 접수 시점 1회",곡선,0.7,0.076,0.259,49.008,71.429,0.0,7,1932
3 곡선(설정 전체),전체,"R3 모형, 접수 시점 1회",곡선,0.705,0.359,0.083,21.958,75.758,0.0,33,30060
3 곡선(설정 전체),야간(20~01시),"R3 모형, 접수 시점 1회",곡선,0.705,0.076,0.259,49.008,71.429,0.0,7,1932
3 곡선(설정 전체),전체,"R3 모형, 접수 시점 1회",곡선,0.71,0.304,0.073,22.733,78.571,0.0,28,30060
3 곡선(설정 전체),야간(20~01시),"R3 모형, 접수 시점 1회",곡선,0.71,0.054,0.207,48.925,80.0,0.0,5,1932
3 곡선(설정 전체),전체,"R3 모형, 접수 시점 1회",곡선,0.715,0.293,0.07,21.958,77.778,0.0,27,30060
3 곡선(설정 전체),야간(20~01시),"R3 모형, 접수 시점 1회",곡선,0.715,0.054,0.207,48.925,80.0,0.0,5,1932
3 곡선(설정 전체),전체,"R3 모형, 접수 시점 1회",곡선,0.72,0.272,0.067,22.733,80.0,0.0,25,30060
3 곡선(설정 전체),야간(20~01시),"R3 모형, 접수 시점 1회",곡선,0.72,0.043,0.155,49.008,75.0,0.0,4,1932
3 곡선(설정 전체),전체,"R3 모형, 접수 시점 1회",곡선,0.725,0.272,0.067,22.733,80.0,0.0,25,30060
3 곡선(설정 전체),야간(20~01시),"R3 모형, 접수 시점 1회",곡선,0.725,0.043,0.155,49.008,75.0,0.0,4,1932
3 곡선(설정 전체),전체,"R3 모형, 접수 시점 1회",곡선,0.73,0.272,0.067,22.733,80.0,0.0,25,30060
3 곡선(설정 전체),야간(20~01시),"R3 모형, 접수 시점 1회",곡선,0.73,0.043,0.155,49.008,75.0,0.0,4,1932
3 곡선(설정 전체),전체,"R3 모형, 접수 시점 1회",곡선,0.735,0.25,0.06,18.882,78.261,0.0,23,30060
3 곡선(설정 전체),야간(20~01시),"R3 모형, 접수 시점 1회",곡선,0.735,0.033,0.104,48.925,66.667,0.0,3,1932
3 곡선(설정 전체),전체,"R3 모형, 접수 시점 1회",곡선,0.74,0.25,0.06,18.882,78.261,0.0,23,30060
3 곡선(설정 전체),야간(20~01시),"R3 모형, 접수 시점 1회",곡선,0.74,0.033,0.104,48.925,66.667,0.0,3,1932
3 곡선(설정 전체),전체,"R3 모형, 접수 시점 1회",곡선,0.745,0.25,0.06,18.882,78.261,0.0,23,30060
3 곡선(설정 전체),야간(20~01시),"R3 모형, 접수 시점 1회",곡선,0.745,0.033,0.104,48.925,66.667,0.0,3,1932
3 곡선(설정 전체),전체,"R3 모형, 접수 시점 1회",곡선,0.75,0.239,0.057,21.958,77.273,0.0,22,30060
3 곡선(설정 전체),야간(20~01시),"R3 모형, 접수 시점 1회",곡선,0.75,0.033,0.104,48.925,66.667,0.0,3,1932
3 곡선(설정 전체),전체,"R3 모형, 접수 시점 1회",곡선,0.755,0.239,0.057,21.958,77.273,0.0,22,30060
3 곡선(설정 전체),야간(20~01시),"R3 모형, 접수 시점 1회",곡선,0.755,0.033,0.104,48.925,66.667,0.0,3,1932
3 곡선(설정 전체),전체,"R3 모형, 접수 시점 1회",곡선,0.76,0.228,0.053,18.882,76.19,0.0,21,30060
3 곡선(설정 전체),야간(20~01시),"R3 모형, 접수 시점 1회",곡선,0.76,0.033,0.104,48.925,66.667,0.0,3,1932
3 곡선(설정 전체),전체,"R3 모형, 접수 시점 1회",곡선,0.765,0.207,0.05,15.805,78.947,0.0,19,30060
3 곡선(설정 전체),야간(20~01시),"R3 모형, 접수 시점 1회",곡선,0.765,0.033,0.104,48.925,66.667,0.0,3,1932
3 곡선(설정 전체),전체,"R3 모형, 접수 시점 1회",곡선,0.77,0.196,0.05,15.805,83.333,0.0,18,30060
3 곡선(설정 전체),야간(20~01시),"R3 모형, 접수 시점 1회",곡선,0.77,0.033,0.104,48.925,66.667,0.0,3,1932
3 곡선(설정 전체),전체,"R3 모형, 접수 시점 1회",곡선,0.775,0.196,0.05,15.805,83.333,0.0,18,30060
3 곡선(설정 전체),야간(20~01시),"R3 모형, 접수 시점 1회",곡선,0.775,0.033,0.104,48.925,66.667,0.0,3,1932
3 곡선(설정 전체),전체,"R3 모형, 접수 시점 1회",곡선,0.78,0.196,0.05,15.805,83.333,0.0,18,30060
3 곡선(설정 전체),야간(20~01시),"R3 모형, 접수 시점 1회",곡선,0.78,0.033,0.104,48.925,66.667,0.0,3,1932
3 곡선(설정 전체),전체,"R3 모형, 접수 시점 1회",곡선,0.785,0.196,0.05,15.805,83.333,0.0,18,30060
3 곡선(설정 전체),야간(20~01시),"R3 모형, 접수 시점 1회",곡선,0.785,0.033,0.104,48.925,66.667,0.0,3,1932
3 곡선(설정 전체),전체,"R3 모형, 접수 시점 1회",곡선,0.79,0.196,0.05,15.805,83.333,0.0,18,30060
3 곡선(설정 전체),야간(20~01시),"R3 모형, 접수 시점 1회",곡선,0.79,0.033,0.104,48.925,66.667,0.0,3,1932
3 곡선(설정 전체),전체,"R3 모형, 접수 시점 1회",곡선,0.795,0.196,0.05,15.805,83.333,0.0,18,30060
3 곡선(설정 전체),야간(20~01시),"R3 모형, 접수 시점 1회",곡선,0.795,0.033,0.104,48.925,66.667,0.0,3,1932
3 곡선(설정 전체),전체,"R3 모형, 접수 시점 1회",곡선,0.8,0.163,0.047,13.432,93.333,0.0,15,30060
3 곡선(설정 전체),야간(20~01시),"R3 모형, 접수 시점 1회",곡선,0.8,0.011,0.052,49.008,100.0,0.0,1,1932
3 곡선(설정 전체),전체,"R3 모형, 접수 시점 1회",곡선,0.805,0.163,0.047,13.432,93.333,0.0,15,30060
3 곡선(설정 전체),야간(20~01시),"R3 모형, 접수 시점 1회",곡선,0.805,0.011,0.052,49.008,100.0,0.0,1,1932
3 곡선(설정 전체),전체,"R3 모형, 접수 시점 1회",곡선,0.81,0.152,0.043,11.059,92.857,0.0,14,30060
3 곡선(설정 전체),야간(20~01시),"R3 모형, 접수 시점 1회",곡선,0.81,0.011,0.052,49.008,100.0,0.0,1,1932
3 곡선(설정 전체),전체,"R3 모형, 접수 시점 1회",곡선,0.815,0.13,0.037,11.059,91.667,0.0,12,30060
3 곡선(설정 전체),야간(20~01시),"R3 모형, 접수 시점 1회",곡선,0.815,0.0,0.0,,0.0,0.0,0,1932
3 곡선(설정 전체),전체,"R3 모형, 접수 시점 1회",곡선,0.82,0.12,0.033,12.591,90.909,0.0,11,30060
3 곡선(설정 전체),야간(20~01시),"R3 모형, 접수 시점 1회",곡선,0.82,0.0,0.0,,0.0,0.0,0,1932
3 곡선(설정 전체),전체,"R3 모형, 접수 시점 1회",곡선,0.825,0.109,0.03,9.377,90.0,0.0,10,30060
3 곡선(설정 전체),야간(20~01시),"R3 모형, 접수 시점 1회",곡선,0.825,0.0,0.0,,0.0,0.0,0,1932
3 곡선(설정 전체),전체,"R3 모형, 접수 시점 1회",곡선,0.83,0.109,0.03,9.377,90.0,0.0,10,30060
3 곡선(설정 전체),야간(20~01시),"R3 모형, 접수 시점 1회",곡선,0.83,0.0,0.0,,0.0,0.0,0,1932
3 곡선(설정 전체),전체,"R3 모형, 접수 시점 1회",곡선,0.835,0.098,0.027,9.159,88.889,0.0,9,30060
3 곡선(설정 전체),야간(20~01시),"R3 모형, 접수 시점 1회",곡선,0.835,0.0,0.0,,0.0,0.0,0,1932
3 곡선(설정 전체),전체,"R3 모형, 접수 시점 1회",곡선,0.84,0.098,0.027,9.159,88.889,0.0,9,30060
3 곡선(설정 전체),야간(20~01시),"R3 모형, 접수 시점 1회",곡선,0.84,0.0,0.0,,0.0,0.0,0,1932
3 곡선(설정 전체),전체,"R3 모형, 접수 시점 1회",곡선,0.845,0.087,0.023,8.941,87.5,0.0,8,30060
3 곡선(설정 전체),야간(20~01시),"R3 모형, 접수 시점 1회",곡선,0.845,0.0,0.0,,0.0,0.0,0,1932
3 곡선(설정 전체),전체,"R3 모형, 접수 시점 1회",곡선,0.85,0.076,0.02,12.373,85.714,0.0,7,30060
3 곡선(설정 전체),야간(20~01시),"R3 모형, 접수 시점 1회",곡선,0.85,0.0,0.0,,0.0,0.0,0,1932
3 곡선(설정 전체),전체,"R3 모형, 접수 시점 1회",곡선,0.855,0.076,0.02,12.373,85.714,0.0,7,30060
3 곡선(설정 전체),야간(20~01시),"R3 모형, 접수 시점 1회",곡선,0.855,0.0,0.0,,0.0,0.0,0,1932
3 곡선(설정 전체),전체,"R3 모형, 접수 시점 1회",곡선,0.86,0.076,0.02,12.373,85.714,0.0,7,30060
3 곡선(설정 전체),야간(20~01시),"R3 모형, 접수 시점 1회",곡선,0.86,0.0,0.0,,0.0,0.0,0,1932
3 곡선(설정 전체),전체,"R3 모형, 접수 시점 1회",곡선,0.865,0.065,0.017,8.941,83.333,0.0,6,30060
3 곡선(설정 전체),야간(20~01시),"R3 모형, 접수 시점 1회",곡선,0.865,0.0,0.0,,0.0,0.0,0,1932
3 곡선(설정 전체),전체,"R3 모형, 접수 시점 1회",곡선,0.87,0.065,0.017,8.941,83.333,0.0,6,30060
3 곡선(설정 전체),야간(20~01시),"R3 모형, 접수 시점 1회",곡선,0.87,0.0,0.0,,0.0,0.0,0,1932
3 곡선(설정 전체),전체,"R3 모형, 접수 시점 1회",곡선,0.875,0.065,0.017,8.941,83.333,0.0,6,30060
3 곡선(설정 전체),야간(20~01시),"R3 모형, 접수 시점 1회",곡선,0.875,0.0,0.0,,0.0,0.0,0,1932
3 곡선(설정 전체),전체,"R3 모형, 접수 시점 1회",곡선,0.88,0.065,0.017,8.941,83.333,0.0,6,30060
3 곡선(설정 전체),야간(20~01시),"R3 모형, 접수 시점 1회",곡선,0.88,0.0,0.0,,0.0,0.0,0,1932
3 곡선(설정 전체),전체,"R3 모형, 접수 시점 1회",곡선,0.885,0.065,0.017,8.941,83.333,0.0,6,30060
3 곡선(설정 전체),야간(20~01시),"R3 모형, 접수 시점 1회",곡선,0.885,0.0,0.0,,0.0,0.0,0,1932
3 곡선(설정 전체),전체,"R3 모형, 접수 시점 1회",곡선,0.89,0.054,0.013,9.901,80.0,0.0,5,30060
3 곡선(설정 전체),야간(20~01시),"R3 모형, 접수 시점 1회",곡선,0.89,0.0,0.0,,0.0,0.0,0,1932
3 곡선(설정 전체),전체,"R3 모형, 접수 시점 1회",곡선,0.895,0.054,0.013,9.901,80.0,0.0,5,30060
3 곡선(설정 전체),야간(20~01시),"R3 모형, 접수 시점 1회",곡선,0.895,0.0,0.0,,0.0,0.0,0,1932
3 곡선(설정 전체),전체,"R3 모형, 접수 시점 1회",곡선,0.9,0.043,0.01,3.997,75.0,0.0,4,30060
3 곡선(설정 전체),야간(20~01시),"R3 모형, 접수 시점 1회",곡선,0.9,0.0,0.0,,0.0,0.0,0,1932
3 곡선(설정 전체),전체,B 동적 규칙(5분 재점검),곡선,0.02,3001.402,94.75,20.467,10.315,27.528,276129,30060
3 곡선(설정 전체),야간(20~01시),B 동적 규칙(5분 재점검),곡선,0.02,113.62,100.0,16.031,18.483,29.293,10453,1932
3 곡선(설정 전체),전체,B 동적 규칙(5분 재점검),곡선,0.025,2677.783,91.85,20.981,11.207,24.626,246356,30060
3 곡선(설정 전체),야간(20~01시),B 동적 규칙(5분 재점검),곡선,0.025,112.63,99.948,16.034,18.635,28.884,10362,1932
3 곡선(설정 전체),전체,B 동적 규칙(5분 재점검),곡선,0.03,2396.989,88.952,21.283,12.125,22.335,220523,30060
3 곡선(설정 전체),야간(20~01시),B 동적 규칙(5분 재점검),곡선,0.03,110.783,99.845,16.05,18.927,28.169,10192,1932
3 곡선(설정 전체),전체,B 동적 규칙(5분 재점검),곡선,0.035,2153.543,85.825,21.632,13.022,20.554,198126,30060
3 곡선(설정 전체),야간(20~01시),B 동적 규칙(5분 재점검),곡선,0.035,108.185,99.586,16.058,19.331,27.127,9953,1932
3 곡선(설정 전체),전체,B 동적 규칙(5분 재점검),곡선,0.04,1932.772,82.568,22.034,13.958,19.166,177815,30060
3 곡선(설정 전체),야간(20~01시),B 동적 규칙(5분 재점검),곡선,0.04,105.011,98.913,16.2,19.781,26.053,9661,1932
3 곡선(설정 전체),전체,B 동적 규칙(5분 재점검),곡선,0.045,1746.446,79.418,22.292,14.858,18.083,160673,30060
3 곡선(설정 전체),야간(20~01시),B 동적 규칙(5분 재점검),곡선,0.045,101.978,98.033,16.326,20.188,25.293,9382,1932
3 곡선(설정 전체),전체,B 동적 규칙(5분 재점검),곡선,0.05,1579.011,76.038,22.583,15.734,17.085,145269,30060
3 곡선(설정 전체),야간(20~01시),B 동적 규칙(5분 재점검),곡선,0.05,98.196,97.308,16.432,20.81,24.275,9034,1932
3 곡선(설정 전체),전체,B 동적 규칙(5분 재점검),곡선,0.055,1429.38,72.745,22.75,16.629,16.22,131503,30060
3 곡선(설정 전체),야간(20~01시),B 동적 규칙(5분 재점검),곡선,0.055,94.543,96.17,16.756,21.361,23.293,8698,1932
3 곡선(설정 전체),전체,B 동적 규칙(5분 재점검),곡선,0.06,1297.75,69.877,22.717,17.593,15.509,119393,30060
3 곡선(설정 전체),야간(20~01시),B 동적 규칙(5분 재점검),곡선,0.06,91.087,95.031,16.973,21.909,22.255,8380,1932
3 곡선(설정 전체),전체,B 동적 규칙(5분 재점검),곡선,0.065,1179.957,66.663,22.884,18.46,14.903,108556,30060
3 곡선(설정 전체),야간(20~01시),B 동적 규칙(5분 재점검),곡선,0.065,87.37,93.478,17.282,22.468,21.075,8038,1932
3 곡선(설정 전체),전체,B 동적 규칙(5분 재점검),곡선,0.07,1074.989,63.719,22.998,19.367,14.436,98899,30060
3 곡선(설정 전체),야간(20~01시),B 동적 규칙(5분 재점검),곡선,0.07,83.717,92.391,17.496,23.176,20.138,7702,1932
3 곡선(설정 전체),전체,B 동적 규칙(5분 재점검),곡선,0.075,980.793,60.875,23.165,20.28,14.047,90233,30060
3 곡선(설정 전체),야간(20~01시),B 동적 규칙(5분 재점검),곡선,0.075,80.207,91.253,17.539,23.892,19.19,7379,1932
3 곡선(설정 전체),전체,B 동적 규칙(5분 재점검),곡선,0.08,895.75,57.881,23.306,21.113,13.649,82409,30060
3 곡선(설정 전체),야간(20~01시),B 동적 규칙(5분 재점검),곡선,0.08,76.674,89.337,17.701,24.468,18.472,7054,1932
3 곡선(설정 전체),전체,B 동적 규칙(5분 재점검),곡선,0.085,821.641,55.306,23.207,21.993,13.29,75591,30060
3 곡선(설정 전체),야간(20~01시),B 동적 규칙(5분 재점검),곡선,0.085,73.435,87.888,17.887,25.133,17.496,6756,1932
3 곡선(설정 전체),전체,B 동적 규칙(5분 재점검),곡선,0.09,754.054,52.641,23.417,22.81,12.945,69373,30060
3 곡선(설정 전체),야간(20~01시),B 동적 규칙(5분 재점검),곡선,0.09,70.283,86.491,17.72,25.843,16.703,6466,1932
3 곡선(설정 전체),전체,B 동적 규칙(5분 재점검),곡선,0.095,692.239,50.053,23.652,23.625,12.717,63686,30060
3 곡선(설정 전체),야간(20~01시),B 동적 규칙(5분 재점검),곡선,0.095,67.087,84.265,17.989,26.377,16.348,6172,1932
3 곡선(설정 전체),전체,B 동적 규칙(5분 재점검),곡선,0.1,638.598,47.688,23.708,24.4,12.517,58751,30060
3 곡선(설정 전체),야간(20~01시),B 동적 규칙(5분 재점검),곡선,0.1,64.337,82.919,18.166,27.065,16.016,5919,1932
3 곡선(설정 전체),전체,B 동적 규칙(5분 재점검),곡선,0.105,587.543,45.442,23.652,25.271,12.352,54054,30060
3 곡선(설정 전체),야간(20~01시),B 동적 규칙(5분 재점검),곡선,0.105,61.326,80.538,18.621,27.579,15.721,5642,1932
3 곡선(설정 전체),전체,B 동적 규칙(5분 재점검),곡선,0.11,541.489,43.25,23.617,26.098,12.201,49817,30060
3 곡선(설정 전체),야간(20~01시),B 동적 규칙(5분 재점검),곡선,0.11,58.467,78.416,18.594,28.165,15.096,5379,1932
3 곡선(설정 전체),전체,B 동적 규칙(5분 재점검),곡선,0.115,499.326,41.091,23.491,26.891,12.077,45938,30060
3 곡선(설정 전체),야간(20~01시),B 동적 규칙(5분 재점검),곡선,0.115,55.283,75.776,18.512,28.785,14.727,5086,1932
3 곡선(설정 전체),전체,B 동적 규칙(5분 재점검),곡선,0.12,461.033,38.979,23.62,27.625,11.901,42415,30060
3 곡선(설정 전체),야간(20~01시),B 동적 규칙(5분 재점검),곡선,0.12,52.185,72.567,19.044,29.202,14.351,4801,1932
3 곡선(설정 전체),전체,B 동적 규칙(5분 재점검),곡선,0.125,427.587,37.102,23.55,28.352,11.838,39338,30060
3 곡선(설정 전체),야간(20~01시),B 동적 규칙(5분 재점검),곡선,0.125,49.217,70.135,19.1,29.925,13.626,4528,1932
3 곡선(설정 전체),전체,B 동적 규칙(5분 재점검),곡선,0.13,396.793,35.319,23.594,29.084,11.87,36505,30060
3 곡선(설정 전체),야간(20~01시),B 동적 규칙(5분 재점검),곡선,0.13,46.207,66.667,19.558,30.299,13.479,4251,1932
3 곡선(설정 전체),전체,B 동적 규칙(5분 재점검),곡선,0.135,368.12,33.789,23.338,29.991,11.702,33867,30060
3 곡선(설정 전체),야간(20~01시),B 동적 규칙(5분 재점검),곡선,0.135,43.446,64.7,19.467,31.273,13.06,3997,1932
3 곡선(설정 전체),전체,B 동적 규칙(5분 재점검),곡선,0.14,342.326,32.099,23.311,30.638,11.726,31494,30060
3 곡선(설정 전체),야간(20~01시),B 동적 규칙(5분 재점검),곡선,0.14,41.141,62.474,19.313,31.889,13.131,3785,1932
3 곡선(설정 전체),전체,B 동적 규칙(5분 재점검),곡선,0.145,319.957,30.772,23.336,31.424,11.642,29436,30060
3 곡선(설정 전체),야간(20~01시),B 동적 규칙(5분 재점검),곡선,0.145,38.924,60.041,19.627,32.393,12.929,3581,1932
3 곡선(설정 전체),전체,B 동적 규칙(5분 재점검),곡선,0.15,297.728,29.355,23.156,32.215,11.475,27391,30060
3 곡선(설정 전체),야간(20~01시),B 동적 규칙(5분 재점검),곡선,0.15,36.402,57.867,19.686,33.383,12.631,3349,1932
3 곡선(설정 전체),전체,B 동적 규칙(5분 재점검),곡선,0.155,278.902,28.044,22.918,32.854,11.403,25659,30060
3 곡선(설정 전체),야간(20~01시),B 동적 규칙(5분 재점검),곡선,0.155,34.293,55.435,20.323,33.946,12.393,3155,1932
3 곡선(설정 전체),전체,B 동적 규칙(5분 재점검),곡선,0.16,261.587,26.79,22.882,33.462,11.194,24066,30060
3 곡선(설정 전체),야간(20~01시),B 동적 규칙(5분 재점검),곡선,0.16,32.293,52.95,19.635,34.433,11.848,2971,1932
3 곡선(설정 전체),전체,B 동적 규칙(5분 재점검),곡선,0.165,245.207,25.679,22.841,34.217,11.1,22559,30060
3 곡선(설정 전체),야간(20~01시),B 동적 규칙(5분 재점검),곡선,0.165,30.38,51.346,19.364,35.492,11.664,2795,1932
3 곡선(설정 전체),전체,B 동적 규칙(5분 재점검),곡선,0.17,230.522,24.564,22.859,34.817,11.01,21208,30060
3 곡선(설정 전체),야간(20~01시),B 동적 규칙(5분 재점검),곡선,0.17,28.5,48.965,19.364,36.079,11.442,2622,1932
3 곡선(설정 전체),전체,B 동적 규칙(5분 재점검),곡선,0.175,217.011,23.566,22.832,35.482,10.829,19965,30060
3 곡선(설정 전체),야간(20~01시),B 동적 규칙(5분 재점검),곡선,0.175,26.815,46.584,19.206,36.482,11.593,2467,1932
3 곡선(설정 전체),전체,B 동적 규칙(5분 재점검),곡선,0.18,204.5,22.625,22.733,36.149,10.705,18814,30060
3 곡선(설정 전체),야간(20~01시),B 동적 규칙(5분 재점검),곡선,0.18,25.12,44.306,19.154,37.04,11.38,2311,1932
3 곡선(설정 전체),전체,B 동적 규칙(5분 재점검),곡선,0.185,193.152,21.733,22.674,36.764,10.557,17770,30060
3 곡선(설정 전체),야간(20~01시),B 동적 규칙(5분 재점검),곡선,0.185,23.413,41.822,18.994,37.512,11.235,2154,1932
3 곡선(설정 전체),전체,B 동적 규칙(5분 재점검),곡선,0.19,182.293,20.868,22.494,37.404,10.542,16771,30060
3 곡선(설정 전체),야간(20~01시),B 동적 규칙(5분 재점검),곡선,0.19,22.022,39.907,19.1,38.055,11.056,2026,1932
3 곡선(설정 전체),전체,B 동적 규칙(5분 재점검),곡선,0.195,173.109,20.063,22.508,37.869,10.561,15926,30060
3 곡선(설정 전체),야간(20~01시),B 동적 규칙(5분 재점검),곡선,0.195,20.772,38.354,18.967,38.776,11.355,1911,1932
3 곡선(설정 전체),전체,B 동적 규칙(5분 재점검),곡선,0.2,164.12,19.285,22.517,38.393,10.484,15099,30060
3 곡선(설정 전체),야간(20~01시),B 동적 규칙(5분 재점검),곡선,0.2,19.63,36.542,18.9,39.092,11.24,1806,1932
3 곡선(설정 전체),전체,B 동적 규칙(5분 재점검),곡선,0.205,155.587,18.606,22.209,39.074,10.298,14314,30060
3 곡선(설정 전체),야간(20~01시),B 동적 규칙(5분 재점검),곡선,0.205,18.283,34.834,18.648,40.012,10.939,1682,1932
3 곡선(설정 전체),전체,B 동적 규칙(5분 재점검),곡선,0.21,147.609,17.884,22.301,39.588,10.228,13580,30060
3 곡선(설정 전체),야간(20~01시),B 동적 규칙(5분 재점검),곡선,0.21,17.13,32.764,19.626,40.165,10.787,1576,1932
3 곡선(설정 전체),전체,B 동적 규칙(5분 재점검),곡선,0.215,140.739,17.272,22.138,40.099,10.349,12948,30060
3 곡선(설정 전체),야간(20~01시),B 동적 규칙(5분 재점검),곡선,0.215,16.022,30.849,19.63,40.434,10.855,1474,1932
3 곡선(설정 전체),전체,B 동적 규칙(5분 재점검),곡선,0.22,134.196,16.673,22.384,40.596,10.198,12346,30060
3 곡선(설정 전체),야간(20~01시),B 동적 규칙(5분 재점검),곡선,0.22,15.13,29.037,19.313,40.302,10.632,1392,1932
3 곡선(설정 전체),전체,B 동적 규칙(5분 재점검),곡선,0.225,127.696,16.068,22.084,41.113,10.18,11748,30060
3 곡선(설정 전체),야간(20~01시),B 동적 규칙(5분 재점검),곡선,0.225,14.109,28.002,18.299,41.68,10.169,1298,1932
3 곡선(설정 전체),전체,B 동적 규칙(5분 재점검),곡선,0.23,122.065,15.589,21.892,41.728,10.098,11230,30060
3 곡선(설정 전체),야간(20~01시),B 동적 규칙(5분 재점검),곡선,0.23,13.022,26.656,18.038,42.988,10.184,1198,1932
3 곡선(설정 전체),전체,B 동적 규칙(5분 재점검),곡선,0.235,116.62,15.067,21.581,42.213,10.001,10729,30060
3 곡선(설정 전체),야간(20~01시),B 동적 규칙(5분 재점검),곡선,0.235,12.163,25.207,19.204,43.521,10.634,1119,1932
3 곡선(설정 전체),전체,B 동적 규칙(5분 재점검),곡선,0.24,110.891,14.504,21.333,42.737,9.831,10202,30060
3 곡선(설정 전체),야간(20~01시),B 동적 규칙(5분 재점검),곡선,0.24,11.196,23.81,18.752,44.66,10.097,1030,1932
3 곡선(설정 전체),전체,B 동적 규칙(5분 재점검),곡선,0.245,106.196,14.108,21.15,43.408,9.785,9770,30060
3 곡선(설정 전체),야간(20~01시),B 동적 규칙(5분 재점검),곡선,0.245,10.435,22.567,18.31,45.417,10.0,960,1932
3 곡선(설정 전체),전체,B 동적 규칙(5분 재점검),곡선,0.25,101.533,13.639,21.201,43.893,9.828,9341,30060
3 곡선(설정 전체),야간(20~01시),B 동적 규칙(5분 재점검),곡선,0.25,9.739,21.325,18.31,45.982,10.156,896,1932
3 곡선(설정 전체),전체,B 동적 규칙(5분 재점검),곡선,0.255,96.859,13.177,20.859,44.451,9.898,8911,30060
3 곡선(설정 전체),야간(20~01시),B 동적 규칙(5분 재점검),곡선,0.255,9.109,20.186,17.609,46.539,10.382,838,1932
3 곡선(설정 전체),전체,B 동적 규칙(5분 재점검),곡선,0.26,92.707,12.711,20.727,44.8,9.708,8529,30060
3 곡선(설정 전체),야간(20~01시),B 동적 규칙(5분 재점검),곡선,0.26,8.5,18.737,17.837,46.292,10.614,782,1932
3 곡선(설정 전체),전체,B 동적 규칙(5분 재점검),곡선,0.265,89.033,12.332,20.573,45.257,9.816,8191,30060
3 곡선(설정 전체),야간(20~01시),B 동적 규칙(5분 재점검),곡선,0.265,8.0,17.961,18.356,47.147,10.87,736,1932
3 곡선(설정 전체),전체,B 동적 규칙(5분 재점검),곡선,0.27,85.543,11.9,20.617,45.451,9.848,7870,30060
3 곡선(설정 전체),야간(20~01시),B 동적 규칙(5분 재점검),곡선,0.27,7.63,17.288,18.31,47.578,11.538,702,1932
3 곡선(설정 전체),전체,B 동적 규칙(5분 재점검),곡선,0.275,82.141,11.534,20.472,45.878,9.739,7557,30060
3 곡선(설정 전체),야간(20~01시),B 동적 규칙(5분 재점검),곡선,0.275,7.207,16.46,18.752,47.964,11.011,663,1932
3 곡선(설정 전체),전체,B 동적 규칙(5분 재점검),곡선,0.28,78.783,11.138,20.392,46.192,9.672,7248,30060
3 곡선(설정 전체),야간(20~01시),B 동적 규칙(5분 재점검),곡선,0.28,6.772,15.58,18.648,48.315,11.717,623,1932
3 곡선(설정 전체),전체,B 동적 규칙(5분 재점검),곡선,0.285,75.348,10.765,20.3,46.682,9.694,6932,30060
3 곡선(설정 전체),야간(20~01시),B 동적 규칙(5분 재점검),곡선,0.285,6.272,14.596,17.646,48.873,12.132,577,1932
3 곡선(설정 전체),전체,B 동적 규칙(5분 재점검),곡선,0.29,72.185,10.366,20.281,46.921,9.577,6641,30060
3 곡선(설정 전체),야간(20~01시),B 동적 규칙(5분 재점검),곡선,0.29,5.891,13.923,17.546,49.631,12.362,542,1932
3 곡선(설정 전체),전체,B 동적 규칙(5분 재점검),곡선,0.295,69.087,10.08,20.161,47.671,9.283,6356,30060
3 곡선(설정 전체),야간(20~01시),B 동적 규칙(5분 재점검),곡선,0.295,5.576,13.406,17.585,50.487,11.501,513,1932
3 곡선(설정 전체),전체,B 동적 규칙(5분 재점검),곡선,0.3,66.38,9.734,19.926,47.912,9.481,6107,30060
3 곡선(설정 전체),야간(20~01시),B 동적 규칙(5분 재점검),곡선,0.3,5.25,12.681,17.546,50.725,10.766,483,1932
3 곡선(설정 전체),전체,B 동적 규칙(5분 재점검),곡선,0.305,63.424,9.408,20.046,48.466,9.392,5835,30060
3 곡선(설정 전체),야간(20~01시),B 동적 규칙(5분 재점검),곡선,0.305,5.011,12.164,17.546,50.976,10.629,461,1932
3 곡선(설정 전체),전체,B 동적 규칙(5분 재점검),곡선,0.31,60.88,9.075,20.118,48.706,9.159,5601,30060
3 곡선(설정 전체),야간(20~01시),B 동적 규칙(5분 재점검),곡선,0.31,4.728,11.594,17.481,51.494,10.345,435,1932
3 곡선(설정 전체),전체,B 동적 규칙(5분 재점검),곡선,0.315,58.337,8.749,19.896,49.003,9.111,5367,30060
3 곡선(설정 전체),야간(20~01시),B 동적 규칙(5분 재점검),곡선,0.315,4.478,10.921,17.546,51.214,10.194,412,1932
3 곡선(설정 전체),전체,B 동적 규칙(5분 재점검),곡선,0.32,56.163,8.417,20.014,48.965,9.29,5167,30060
3 곡선(설정 전체),야간(20~01시),B 동적 규칙(5분 재점검),곡선,0.32,4.261,10.455,17.646,51.531,10.714,392,1932
3 곡선(설정 전체),전체,B 동적 규칙(5분 재점검),곡선,0.325,54.098,8.207,20.033,49.568,9.464,4977,30060
3 곡선(설정 전체),야간(20~01시),B 동적 규칙(5분 재점검),곡선,0.325,4.12,10.093,17.585,51.451,10.554,379,1932
3 곡선(설정 전체),전체,B 동적 규칙(5분 재점검),곡선,0.33,52.0,7.967,19.974,50.063,9.615,4784,30060
3 곡선(설정 전체),야간(20~01시),B 동적 규칙(5분 재점검),곡선,0.33,3.837,9.627,17.646,52.691,9.915,353,1932
3 곡선(설정 전체),전체,B 동적 규칙(5분 재점검),곡선,0.335,49.946,7.691,19.822,50.316,9.423,4595,30060
3 곡선(설정 전체),야간(20~01시),B 동적 규칙(5분 재점검),곡선,0.335,3.728,9.317,17.646,52.478,9.329,343,1932
3 곡선(설정 전체),전체,B 동적 규칙(5분 재점검),곡선,0.34,47.989,7.468,19.633,50.849,9.241,4415,30060
3 곡선(설정 전체),야간(20~01시),B 동적 규칙(5분 재점검),곡선,0.34,3.554,9.006,17.646,53.211,7.951,327,1932
3 곡선(설정 전체),전체,B 동적 규칙(5분 재점검),곡선,0.345,46.011,7.212,19.564,51.217,9.048,4233,30060
3 곡선(설정 전체),야간(20~01시),B 동적 규칙(5분 재점검),곡선,0.345,3.446,8.747,17.585,53.312,8.202,317,1932
3 곡선(설정 전체),전체,B 동적 규칙(5분 재점검),곡선,0.35,44.0,6.959,19.406,51.68,8.869,4048,30060
3 곡선(설정 전체),야간(20~01시),B 동적 규칙(5분 재점검),곡선,0.35,3.25,8.437,17.706,54.515,7.358,299,1932
3 곡선(설정 전체),전체,B 동적 규칙(5분 재점검),곡선,0.355,42.293,6.737,19.033,52.043,8.867,3891,30060
3 곡선(설정 전체),야간(20~01시),B 동적 규칙(5분 재점검),곡선,0.355,3.011,7.764,18.513,54.152,7.22,277,1932
3 곡선(설정 전체),전체,B 동적 규칙(5분 재점검),곡선,0.36,40.652,6.53,19.024,52.487,8.85,3740,30060
3 곡선(설정 전체),야간(20~01시),B 동적 규칙(5분 재점검),곡선,0.36,2.87,7.505,19.204,54.924,7.197,264,1932
3 곡선(설정 전체),전체,B 동적 규칙(5분 재점검),곡선,0.365,38.913,6.294,18.996,52.849,8.855,3580,30060
3 곡선(설정 전체),야간(20~01시),B 동적 규칙(5분 재점검),곡선,0.365,2.717,7.039,20.184,54.4,7.6,250,1932
3 곡선(설정 전체),전체,B 동적 규칙(5분 재점검),곡선,0.37,37.185,6.075,18.936,53.376,8.74,3421,30060
3 곡선(설정 전체),야간(20~01시),B 동적 규칙(5분 재점검),곡선,0.37,2.587,6.781,19.867,55.042,7.143,238,1932
3 곡선(설정 전체),전체,B 동적 규칙(5분 재점검),곡선,0.375,35.761,5.848,18.842,53.435,8.663,3290,30060
3 곡선(설정 전체),야간(20~01시),B 동적 규칙(5분 재점검),곡선,0.375,2.435,6.47,19.548,55.804,8.036,224,1932
3 곡선(설정 전체),전체,B 동적 규칙(5분 재점검),곡선,0.38,34.315,5.655,18.631,53.849,8.806,3157,30060
3 곡선(설정 전체),야간(20~01시),B 동적 규칙(5분 재점검),곡선,0.38,2.37,6.366,19.867,56.422,8.257,218,1932
3 곡선(설정 전체),전체,B 동적 규칙(5분 재점검),곡선,0.385,32.989,5.479,18.656,54.267,8.83,3035,30060
3 곡선(설정 전체),야간(20~01시),B 동적 규칙(5분 재점검),곡선,0.385,2.228,6.159,19.344,58.049,7.805,205,1932
3 곡선(설정 전체),전체,B 동적 규칙(5분 재점검),곡선,0.39,31.902,5.319,18.314,54.48,8.893,2935,30060
3 곡선(설정 전체),야간(20~01시),B 동적 규칙(5분 재점검),곡선,0.39,2.109,6.004,19.446,59.794,7.216,194,1932
3 곡선(설정 전체),전체,B 동적 규칙(5분 재점검),곡선,0.395,30.5,5.113,18.236,54.775,8.945,2806,30060
3 곡선(설정 전체),야간(20~01시),B 동적 규칙(5분 재점검),곡선,0.395,1.978,5.745,19.548,60.989,7.143,182,1932
3 곡선(설정 전체),전체,B 동적 규칙(5분 재점검),곡선,0.4,29.293,4.92,18.314,54.879,8.831,2695,30060
3 곡선(설정 전체),야간(20~01시),B 동적 규칙(5분 재점검),곡선,0.4,1.891,5.538,19.548,61.494,6.897,174,1932
3 곡선(설정 전체),전체,B 동적 규칙(5분 재점검),곡선,0.405,28.25,4.767,18.133,55.137,8.965,2599,30060
3 곡선(설정 전체),야간(20~01시),B 동적 규칙(5분 재점검),곡선,0.405,1.793,5.331,19.548,62.424,7.273,165,1932
3 곡선(설정 전체),전체,B 동적 규칙(5분 재점검),곡선,0.41,27.163,4.621,17.903,55.582,8.924,2499,30060
3 곡선(설정 전체),야간(20~01시),B 동적 규칙(5분 재점검),곡선,0.41,1.739,5.28,19.012,63.75,7.5,160,1932
3 곡선(설정 전체),전체,B 동적 규칙(5분 재점검),곡선,0.415,25.913,4.408,17.9,55.579,8.851,2384,30060
3 곡선(설정 전체),야간(20~01시),B 동적 규칙(5분 재점검),곡선,0.415,1.652,5.021,19.548,63.816,7.895,152,1932
3 곡선(설정 전체),전체,B 동적 규칙(5분 재점검),곡선,0.42,24.739,4.258,17.538,56.239,8.436,2276,30060
3 곡선(설정 전체),야간(20~01시),B 동적 규칙(5분 재점검),곡선,0.42,1.576,4.762,20.865,63.448,8.276,145,1932
3 곡선(설정 전체),전체,B 동적 규칙(5분 재점검),곡선,0.425,23.804,4.112,16.962,56.438,8.082,2190,30060
3 곡선(설정 전체),야간(20~01시),B 동적 규칙(5분 재점검),곡선,0.425,1.522,4.607,21.228,63.571,7.857,140,1932
3 곡선(설정 전체),전체,B 동적 규칙(5분 재점검),곡선,0.43,22.685,3.932,17.213,56.636,8.337,2087,30060
3 곡선(설정 전체),야간(20~01시),B 동적 규칙(5분 재점검),곡선,0.43,1.467,4.451,21.412,63.704,7.407,135,1932
3 곡선(설정 전체),전체,B 동적 규칙(5분 재점검),곡선,0.435,21.554,3.736,17.388,56.631,8.422,1983,30060
3 곡선(설정 전체),야간(20~01시),B 동적 규칙(5분 재점검),곡선,0.435,1.391,4.193,21.228,63.281,7.812,128,1932
3 곡선(설정 전체),전체,B 동적 규칙(5분 재점검),곡선,0.44,20.663,3.586,17.802,56.707,8.417,1901,30060
3 곡선(설정 전체),야간(20~01시),B 동적 규칙(5분 재점검),곡선,0.44,1.337,4.037,21.197,63.415,6.504,123,1932
3 곡선(설정 전체),전체,B 동적 규칙(5분 재점검),곡선,0.445,19.859,3.453,17.768,56.814,8.484,1827,30060
3 곡선(설정 전체),야간(20~01시),B 동적 규칙(5분 재점검),곡선,0.445,1.283,3.882,21.597,63.559,5.932,118,1932
3 곡선(설정 전체),전체,B 동적 규칙(5분 재점검),곡선,0.45,19.152,3.323,17.329,56.697,8.683,1762,30060
3 곡선(설정 전체),야간(20~01시),B 동적 규칙(5분 재점검),곡선,0.45,1.261,3.83,21.954,63.793,6.034,116,1932
3 곡선(설정 전체),전체,B 동적 규칙(5분 재점검),곡선,0.455,18.402,3.18,17.043,56.468,8.565,1693,30060
3 곡선(설정 전체),야간(20~01시),B 동적 규칙(5분 재점검),곡선,0.455,1.174,3.571,21.597,63.889,6.481,108,1932
3 곡선(설정 전체),전체,B 동적 규칙(5분 재점검),곡선,0.46,17.739,3.081,16.576,56.74,8.333,1632,30060
3 곡선(설정 전체),야간(20~01시),B 동적 규칙(5분 재점검),곡선,0.46,1.109,3.313,21.197,62.745,6.863,102,1932
3 곡선(설정 전체),전체,B 동적 규칙(5분 재점검),곡선,0.465,16.837,2.921,16.732,56.682,9.038,1549,30060
3 곡선(설정 전체),야간(20~01시),B 동적 규칙(5분 재점검),곡선,0.465,1.043,3.157,21.167,63.542,7.292,96,1932
3 곡선(설정 전체),전체,B 동적 규칙(5분 재점검),곡선,0.47,16.228,2.844,16.667,57.267,9.109,1493,30060
3 곡선(설정 전체),야간(20~01시),B 동적 규칙(5분 재점검),곡선,0.47,0.989,3.054,21.228,64.835,7.692,91,1932
3 곡선(설정 전체),전체,B 동적 규칙(5분 재점검),곡선,0.475,15.511,2.741,16.576,57.744,8.76,1427,30060
3 곡선(설정 전체),야간(20~01시),B 동적 규칙(5분 재점검),곡선,0.475,0.946,2.95,20.501,65.517,6.897,87,1932
3 곡선(설정 전체),전체,B 동적 규칙(5분 재점검),곡선,0.48,14.815,2.638,16.667,58.18,8.951,1363,30060
3 곡선(설정 전체),야간(20~01시),B 동적 규칙(5분 재점검),곡선,0.48,0.902,2.795,21.412,65.06,7.229,83,1932
3 곡선(설정 전체),전체,B 동적 규칙(5분 재점검),곡선,0.485,14.337,2.562,16.466,58.378,8.795,1319,30060
3 곡선(설정 전체),야간(20~01시),B 동적 규칙(5분 재점검),곡선,0.485,0.88,2.743,21.228,65.432,6.173,81,1932
3 곡선(설정 전체),전체,B 동적 규칙(5분 재점검),곡선,0.49,13.641,2.465,16.283,59.044,8.526,1255,30060
3 곡선(설정 전체),야간(20~01시),B 동적 규칙(5분 재점검),곡선,0.49,0.848,2.64,21.228,65.385,5.128,78,1932
3 곡선(설정 전체),전체,B 동적 규칙(5분 재점검),곡선,0.495,12.957,2.362,16.167,59.564,8.557,1192,30060
3 곡선(설정 전체),야간(20~01시),B 동적 규칙(5분 재점검),곡선,0.495,0.804,2.484,21.491,64.865,4.054,74,1932
3 곡선(설정 전체),전체,B 동적 규칙(5분 재점검),곡선,0.5,12.457,2.279,15.897,59.773,8.639,1146,30060
3 곡선(설정 전체),야간(20~01시),B 동적 규칙(5분 재점검),곡선,0.5,0.728,2.277,22.089,65.672,4.478,67,1932
3 곡선(설정 전체),전체,B 동적 규칙(5분 재점검),곡선,0.505,11.891,2.202,15.838,60.512,8.318,1094,30060
3 곡선(설정 전체),야간(20~01시),B 동적 규칙(5분 재점검),곡선,0.505,0.685,2.277,21.491,69.841,4.762,63,1932
3 곡선(설정 전체),전체,B 동적 규칙(5분 재점검),곡선,0.51,11.304,2.132,15.87,61.635,7.788,1040,30060
3 곡선(설정 전체),야간(20~01시),B 동적 규칙(5분 재점검),곡선,0.51,0.663,2.174,21.491,68.852,4.918,61,1932
3 곡선(설정 전체),전체,B 동적 규칙(5분 재점검),곡선,0.515,10.804,2.043,14.968,61.771,8.35,994,30060
3 곡선(설정 전체),야간(20~01시),B 동적 규칙(5분 재점검),곡선,0.515,0.598,2.019,21.228,70.909,5.455,55,1932
3 곡선(설정 전체),전체,B 동적 규칙(5분 재점검),곡선,0.52,10.272,1.946,15.236,61.905,8.254,945,30060
3 곡선(설정 전체),야간(20~01시),B 동적 규칙(5분 재점검),곡선,0.52,0.554,1.812,22.581,68.627,5.882,51,1932
3 곡선(설정 전체),전체,B 동적 규칙(5분 재점검),곡선,0.525,9.848,1.873,15.236,62.141,8.278,906,30060
3 곡선(설정 전체),야간(20~01시),B 동적 규칙(5분 재점검),곡선,0.525,0.5,1.656,24.829,69.565,6.522,46,1932
3 곡선(설정 전체),전체,B 동적 규칙(5분 재점검),곡선,0.53,9.283,1.766,15.384,62.178,8.548,854,30060
3 곡선(설정 전체),야간(20~01시),B 동적 규칙(5분 재점검),곡선,0.53,0.478,1.553,24.829,68.182,6.818,44,1932
3 곡선(설정 전체),전체,B 동적 규칙(5분 재점검),곡선,0.535,8.924,1.707,15.277,62.485,8.404,821,30060
3 곡선(설정 전체),야간(20~01시),B 동적 규칙(5분 재점검),곡선,0.535,0.467,1.501,25.643,67.442,6.977,43,1932
3 곡선(설정 전체),전체,B 동적 규칙(5분 재점검),곡선,0.54,8.641,1.66,15.254,62.767,8.176,795,30060
3 곡선(설정 전체),야간(20~01시),B 동적 규칙(5분 재점검),곡선,0.54,0.435,1.501,25.643,72.5,5.0,40,1932
3 곡선(설정 전체),전체,B 동적 규칙(5분 재점검),곡선,0.545,8.239,1.59,14.882,63.061,8.311,758,30060
3 곡선(설정 전체),야간(20~01시),B 동적 규칙(5분 재점검),곡선,0.545,0.424,1.449,25.79,71.795,5.128,39,1932
3 곡선(설정 전체),전체,B 동적 규칙(5분 재점검),곡선,0.55,7.859,1.517,14.732,63.071,8.714,723,30060
3 곡선(설정 전체),야간(20~01시),B 동적 규칙(5분 재점검),곡선,0.55,0.391,1.346,25.79,72.222,5.556,36,1932
3 곡선(설정 전체),전체,B 동적 규칙(5분 재점검),곡선,0.555,7.511,1.457,14.546,63.386,8.538,691,30060
3 곡선(설정 전체),야간(20~01시),B 동적 규칙(5분 재점검),곡선,0.555,0.359,1.242,24.975,72.727,3.03,33,1932
3 곡선(설정 전체),전체,B 동적 규칙(5분 재점검),곡선,0.56,7.033,1.374,14.824,63.833,8.501,647,30060
3 곡선(설정 전체),야간(20~01시),B 동적 규칙(5분 재점검),곡선,0.56,0.326,1.19,25.936,76.667,3.333,30,1932
3 곡선(설정 전체),전체,B 동적 규칙(5분 재점검),곡선,0.565,6.685,1.294,15.47,63.252,8.293,615,30060
3 곡선(설정 전체),야간(20~01시),B 동적 규칙(5분 재점검),곡선,0.565,0.315,1.139,26.961,75.862,3.448,29,1932
3 곡선(설정 전체),전체,B 동적 규칙(5분 재점검),곡선,0.57,6.457,1.244,15.633,62.963,8.418,594,30060
3 곡선(설정 전체),야간(20~01시),B 동적 규칙(5분 재점검),곡선,0.57,0.293,1.035,25.337,74.074,3.704,27,1932
3 곡선(설정 전체),전체,B 동적 규칙(5분 재점검),곡선,0.575,6.152,1.198,15.373,63.604,8.304,566,30060
3 곡선(설정 전체),야간(20~01시),B 동적 규칙(5분 재점검),곡선,0.575,0.283,1.035,25.337,76.923,3.846,26,1932
3 곡선(설정 전체),전체,B 동적 규칙(5분 재점검),곡선,0.58,5.902,1.154,15.617,63.904,8.471,543,30060
3 곡선(설정 전체),야간(20~01시),B 동적 규칙(5분 재점검),곡선,0.58,0.283,1.035,25.337,76.923,3.846,26,1932
3 곡선(설정 전체),전체,B 동적 규칙(5분 재점검),곡선,0.585,5.641,1.114,15.277,64.547,8.285,519,30060
3 곡선(설정 전체),야간(20~01시),B 동적 규칙(5분 재점검),곡선,0.585,0.272,0.983,25.936,76.0,4.0,25,1932
3 곡선(설정 전체),전체,B 동적 규칙(5분 재점검),곡선,0.59,5.283,1.041,15.617,64.403,7.407,486,30060
3 곡선(설정 전체),야간(20~01시),B 동적 규칙(5분 재점검),곡선,0.59,0.261,0.932,24.975,75.0,4.167,24,1932
3 곡선(설정 전체),전체,B 동적 규칙(5분 재점검),곡선,0.595,5.033,0.985,15.633,63.931,7.343,463,30060
3 곡선(설정 전체),야간(20~01시),B 동적 규칙(5분 재점검),곡선,0.595,0.239,0.828,23.582,72.727,4.545,22,1932
3 곡선(설정 전체),전체,B 동적 규칙(5분 재점검),곡선,0.6,4.804,0.941,15.65,64.027,7.466,442,30060
3 곡선(설정 전체),야간(20~01시),B 동적 규칙(5분 재점검),곡선,0.6,0.228,0.828,23.582,76.19,4.762,21,1932
